qid,in_p17,in_p131,relation_group,has_kkwiki
Q16432981,1,0,P17_only,1
Q27430700,1,0,P17_only,0
Q16433272,1,0,P17_only,1
Q16713696,1,1,P17+P131,1
Q13645598,1,1,P17+P131,1
Q16710222,1,1,P17+P131,0
Q18405135,1,1,P17+P131,1
Q16431557,1,0,P17_only,1
Q1047741,1,1,P17+P131,1
Q16721244,1,1,P17+P131,1
Q97214739,1,0,P17_only,1
Q32183218,1,0,P17_only,0
Q18409295,1,1,P17+P131,1
Q16700969,1,1,P17+P131,1
Q112113718,1,0,P17_only,0
Q740666,1,0,P17_only,1
Q2466404,1,1,P17+P131,1
Q16685601,1,1,P17+P131,1
Q25506914,1,0,P17_only,1
Q32204451,1,0,P17_only,0
Q13641678,1,1,P17+P131,1
Q16672297,1,1,P17+P131,0
Q27357185,1,0,P17_only,0
Q16689892,1,1,P17+P131,1
Q27354944,1,0,P17_only,0
Q135829284,1,0,P17_only,0
Q112113769,1,0,P17_only,0
Q86754120,1,0,P17_only,0
Q25395442,1,1,P17+P131,1
Q140001284,1,1,P17+P131,0
Q12576478,1,1,P17+P131,1
Q14954503,1,1,P17+P131,0
Q12554244,1,0,P17_only,1
Q129880638,1,0,P17_only,1
Q111297057,1,0,P17_only,0
Q32194500,1,0,P17_only,0
Q32219478,1,0,P17_only,0
Q32194788,1,1,P17+P131,0
Q32212208,1,0,P17_only,0
Q16432195,1,0,P17_only,1
Q10896619,1,1,P17+P131,1
Q12527245,1,1,P17+P131,1
Q112003964,1,1,P17+P131,0
Q21659282,1,0,P17_only,1
Q48947440,1,0,P17_only,1
Q12564088,1,1,P17+P131,1
Q65253200,1,0,P17_only,1
Q12533832,1,1,P17+P131,1
Q13643451,1,1,P17+P131,1
Q32196278,1,0,P17_only,0
Q13643428,1,1,P17+P131,1
Q32187505,1,0,P17_only,0
Q32190583,1,0,P17_only,0
Q118352566,1,0,P17_only,0
Q16433606,1,0,P17_only,1
Q17125108,1,1,P17+P131,1
Q12535351,1,0,P17_only,1
Q65256504,1,0,P17_only,0
Q12550501,1,0,P17_only,1
Q16701797,1,1,P17+P131,0
Q13647353,1,1,P17+P131,1
Q112003986,1,0,P17_only,0
Q32204527,1,0,P17_only,0
Q108533883,1,0,P17_only,0
Q2102630,1,0,P17_only,0
Q85735543,1,0,P17_only,0
Q18405635,1,1,P17+P131,1
Q410219,1,0,P17_only,1
Q16701170,1,1,P17+P131,1
Q4078812,1,1,P17+P131,1
Q20486057,1,0,P17_only,1
Q123363444,1,0,P17_only,0
Q13643513,1,1,P17+P131,0
Q13640757,1,1,P17+P131,1
Q16694906,1,1,P17+P131,1
Q32217957,1,0,P17_only,1
Q12544248,0,1,P131_only,1
Q12973952,1,0,P17_only,0
Q135828566,1,0,P17_only,0
Q15617582,1,1,P17+P131,1
Q16433381,1,0,P17_only,1
Q12568632,1,0,P17_only,1
Q27358033,1,0,P17_only,0
Q18398704,1,1,P17+P131,0
Q12572580,1,1,P17+P131,1
Q135829190,1,0,P17_only,0
Q16663185,1,1,P17+P131,1
Q137527290,1,0,P17_only,0
Q16434254,1,0,P17_only,1
Q804210,1,1,P17+P131,1
Q112537643,1,0,P17_only,0
Q4736523,1,0,P17_only,1
Q4345459,1,0,P17_only,1
Q27357937,1,0,P17_only,0
Q27348107,1,0,P17_only,0
Q2288994,1,0,P17_only,0
Q6353996,1,1,P17+P131,1
Q135829875,1,0,P17_only,0
Q135828672,1,0,P17_only,0
Q3358037,1,1,P17+P131,1
Q13648509,1,1,P17+P131,1
Q4474901,1,1,P17+P131,1
Q123363597,1,0,P17_only,0
Q27357574,1,0,P17_only,0
Q125122531,1,0,P17_only,0
Q131679338,1,1,P17+P131,0
Q123363476,1,0,P17_only,0
Q112113714,1,0,P17_only,0
Q12071060,1,0,P17_only,0
Q486913,1,1,P17+P131,1
Q12574683,1,1,P17+P131,1
Q12550744,1,1,P17+P131,1
Q12567581,1,0,P17_only,1
Q13646506,1,1,P17+P131,1
Q12578511,1,0,P17_only,1
Q64642647,1,0,P17_only,0
Q65007106,1,0,P17_only,0
Q32178754,1,0,P17_only,0
Q16661527,1,1,P17+P131,1
Q16431999,1,1,P17+P131,1
Q32170886,1,0,P17_only,0
Q138746222,1,1,P17+P131,0
Q27352180,1,0,P17_only,0
Q13652409,0,1,P131_only,1
Q12549152,1,0,P17_only,1
Q12574467,1,0,P17_only,1
Q12527636,1,0,P17_only,1
Q111516061,1,0,P17_only,0
Q65263805,1,0,P17_only,0
Q129880746,1,0,P17_only,1
Q13641891,1,1,P17+P131,1
Q4341874,1,0,P17_only,1
Q4506029,1,1,P17+P131,1
Q4258169,1,1,P17+P131,1
Q12570844,1,0,P17_only,1
Q13665038,1,1,P17+P131,1
Q27351789,1,0,P17_only,1
Q7683129,1,1,P17+P131,1
Q55564853,1,0,P17_only,0
Q111862463,1,0,P17_only,0
Q16720725,1,1,P17+P131,0
Q20098114,1,1,P17+P131,1
Q15617681,1,1,P17+P131,1
Q12536823,1,0,P17_only,1
Q42801377,1,0,P17_only,0
Q43094028,1,0,P17_only,0
Q135828563,1,0,P17_only,0
Q32188369,1,0,P17_only,0
Q27357482,1,0,P17_only,0
Q55659084,1,0,P17_only,0
Q16664815,1,1,P17+P131,0
Q16664763,1,1,P17+P131,1
Q12532723,1,0,P17_only,1
Q135828625,1,0,P17_only,0
Q4158981,1,1,P17+P131,1
Q2321974,1,1,P17+P131,1
Q16431554,1,1,P17+P131,1
Q12576101,1,1,P17+P131,1
Q12543300,1,1,P17+P131,1
Q12526239,1,1,P17+P131,1
Q1046084,1,0,P17_only,1
Q120535468,1,0,P17_only,0
Q32213808,1,0,P17_only,0
Q86989115,1,0,P17_only,0
Q12540118,0,1,P131_only,1
Q108789721,1,1,P17+P131,0
Q27355099,1,0,P17_only,0
Q32216641,1,1,P17+P131,0
Q135828547,1,0,P17_only,0
Q137527266,1,0,P17_only,0
Q12554272,1,0,P17_only,1
Q27358059,1,0,P17_only,0
Q55658181,1,0,P17_only,0
Q67893173,1,0,P17_only,0
Q13643748,1,1,P17+P131,1
Q20098170,1,1,P17+P131,1
Q12574997,1,0,P17_only,1
Q25492969,1,0,P17_only,1
Q12532171,1,0,P17_only,1
Q16631101,0,1,P131_only,1
Q25396986,1,1,P17+P131,1
Q12556432,1,0,P17_only,1
Q12538300,1,0,P17_only,1
Q125869114,1,1,P17+P131,0
Q27351938,1,0,P17_only,0
Q133286070,1,1,P17+P131,1
Q13652588,0,1,P131_only,1
Q20098493,1,1,P17+P131,1
Q25510701,1,1,P17+P131,1
Q16688515,1,1,P17+P131,1
Q70499100,1,0,P17_only,0
Q27357055,1,0,P17_only,0
Q27357687,1,0,P17_only,0
Q12531740,1,0,P17_only,1
Q16683473,1,1,P17+P131,1
Q13653142,0,1,P131_only,1
Q12531853,1,1,P17+P131,1
Q27354996,1,0,P17_only,0
Q32202925,1,0,P17_only,0
Q20484476,1,0,P17_only,1
Q2814613,1,0,P17_only,1
Q12570240,1,0,P17_only,1
Q27430791,1,0,P17_only,0
Q1620994,1,0,P17_only,1
Q27354909,1,0,P17_only,0
Q138647511,1,1,P17+P131,0
Q30594903,1,0,P17_only,0
Q12533402,1,1,P17+P131,1
Q18399829,1,1,P17+P131,1
Q16652535,1,1,P17+P131,1
Q16431428,1,0,P17_only,1
Q110114312,1,0,P17_only,1
Q27350590,1,1,P17+P131,0
Q12530031,1,1,P17+P131,1
Q7500005,0,1,P131_only,1
Q32201423,1,0,P17_only,0
Q73109098,1,0,P17_only,0
Q22205241,1,1,P17+P131,1
Q16669426,1,1,P17+P131,1
Q27356902,1,0,P17_only,0
Q12566591,1,1,P17+P131,1
Q27358064,1,0,P17_only,0
Q130081292,1,1,P17+P131,0
Q12538364,1,1,P17+P131,1
Q13646954,1,1,P17+P131,1
Q45728547,1,0,P17_only,0
Q13359477,0,1,P131_only,1
Q2426779,1,0,P17_only,1
Q12565005,1,1,P17+P131,1
Q20098164,1,1,P17+P131,1
Q16720764,1,1,P17+P131,1
Q64152567,1,0,P17_only,1
Q27351873,1,1,P17+P131,0
Q4880422,1,1,P17+P131,0
Q12536803,1,0,P17_only,1
Q16662726,1,1,P17+P131,1
Q4077051,1,1,P17+P131,1
Q27357438,1,0,P17_only,0
Q12528108,1,1,P17+P131,1
Q16431895,1,0,P17_only,1
Q110114206,1,0,P17_only,1
Q135829139,1,0,P17_only,0
Q4059618,1,0,P17_only,1
Q32219120,1,0,P17_only,0
Q110259350,1,0,P17_only,0
Q16689593,1,1,P17+P131,1
Q4431320,1,1,P17+P131,0
Q61368934,1,1,P17+P131,1
Q16684777,1,1,P17+P131,0
Q4525024,1,1,P17+P131,0
Q113675887,0,1,P131_only,1
Q20455247,1,0,P17_only,0
Q32185455,1,0,P17_only,0
Q15617721,1,1,P17+P131,1
Q13365424,0,1,P131_only,1
Q27356972,1,0,P17_only,0
Q27430976,1,0,P17_only,0
Q13640788,1,1,P17+P131,1
Q12532094,1,1,P17+P131,1
Q12537757,1,1,P17+P131,1
Q4068489,1,0,P17_only,1
Q27348173,1,0,P17_only,0
Q64176885,1,0,P17_only,1
Q16273492,1,1,P17+P131,1
Q16718977,1,1,P17+P131,1
Q18398892,1,1,P17+P131,0
Q12533839,1,0,P17_only,1
Q32216205,1,1,P17+P131,0
Q4437635,1,0,P17_only,1
Q12574499,1,0,P17_only,1
Q13647300,1,1,P17+P131,1
Q16700838,1,1,P17+P131,1
Q2622157,1,1,P17+P131,1
Q12573945,1,0,P17_only,1
Q32210998,1,1,P17+P131,0
Q27348160,1,0,P17_only,1
Q60851926,1,1,P17+P131,0
Q12540290,0,1,P131_only,1
Q12549159,1,1,P17+P131,1
Q20098240,1,1,P17+P131,1
Q32199386,1,0,P17_only,0
Q61085384,1,0,P17_only,0
Q55659547,1,0,P17_only,0
Q123363790,1,0,P17_only,0
Q12569874,1,0,P17_only,1
Q56367397,1,1,P17+P131,1
Q13640726,1,1,P17+P131,1
Q2068488,1,0,P17_only,0
Q125555769,1,0,P17_only,1
Q16273419,1,1,P17+P131,1
Q16710365,1,1,P17+P131,0
Q27355122,1,0,P17_only,0
Q13666729,1,1,P17+P131,1
Q56368952,1,1,P17+P131,1
Q135830007,1,0,P17_only,0
Q27355096,1,0,P17_only,0
Q1519806,1,0,P17_only,1
Q111862446,1,0,P17_only,0
Q20098386,1,1,P17+P131,1
Q27352858,1,0,P17_only,0
Q13653335,0,1,P131_only,1
Q17494831,1,1,P17+P131,1
Q123363763,1,0,P17_only,0
Q27352555,0,1,P131_only,0
Q16434495,1,0,P17_only,1
Q20484518,1,0,P17_only,1
Q4843003,1,0,P17_only,0
Q18408873,1,1,P17+P131,1
Q30973141,1,1,P17+P131,1
Q97910246,1,0,P17_only,0
Q12577622,1,0,P17_only,1
Q123225212,1,0,P17_only,0
Q16650934,1,1,P17+P131,1
Q25504799,1,0,P17_only,1
Q12565876,1,0,P17_only,1
Q211011,1,0,P17_only,0
Q12528031,1,1,P17+P131,1
Q13651903,1,1,P17+P131,1
Q16720152,1,1,P17+P131,1
Q141159337,1,0,P17_only,0
Q16656960,1,0,P17_only,0
Q18402012,1,1,P17+P131,1
Q48436826,1,0,P17_only,0
Q15313933,1,0,P17_only,1
Q106458068,1,0,P17_only,0
Q28671098,1,1,P17+P131,1
Q104049494,1,0,P17_only,0
Q16274602,1,1,P17+P131,1
Q30972330,1,1,P17+P131,1
Q12573355,1,0,P17_only,1
Q66028748,1,0,P17_only,0
Q13645590,1,1,P17+P131,1
Q12545322,1,1,P17+P131,1
Q16432804,1,1,P17+P131,1
Q12566988,1,0,P17_only,1
Q4208128,1,0,P17_only,1
Q12528274,1,1,P17+P131,1
Q123363446,1,0,P17_only,0
Q65926214,1,1,P17+P131,0
Q135829594,1,0,P17_only,0
Q16720751,1,1,P17+P131,1
Q32212890,1,0,P17_only,0
Q110114344,1,0,P17_only,1
Q12570538,1,0,P17_only,1
Q2116942,1,1,P17+P131,1
Q4062773,1,1,P17+P131,0
Q3362137,1,1,P17+P131,1
Q108533902,1,0,P17_only,0
Q16661550,1,1,P17+P131,0
Q123363769,1,0,P17_only,0
Q16648888,1,1,P17+P131,1
Q2565654,1,1,P17+P131,1
Q27430593,1,0,P17_only,0
Q27357169,1,0,P17_only,0
Q32188636,1,1,P17+P131,0
Q16690766,1,1,P17+P131,1
Q27356923,1,0,P17_only,0
Q13663142,1,1,P17+P131,1
Q15617618,1,1,P17+P131,1
Q12539626,1,0,P17_only,1
Q32216631,1,0,P17_only,0
Q126365423,1,0,P17_only,0
Q135828570,1,0,P17_only,0
Q12573880,1,0,P17_only,1
Q16704852,1,1,P17+P131,1
Q16682663,1,1,P17+P131,0
Q22083509,1,0,P17_only,0
Q114976707,1,0,P17_only,1
Q65253812,1,0,P17_only,0
Q4165521,1,1,P17+P131,1
Q16431237,1,0,P17_only,1
Q123363483,1,0,P17_only,0
Q4693762,1,0,P17_only,0
Q13646089,1,1,P17+P131,1
Q12577881,1,1,P17+P131,1
Q20486061,1,0,P17_only,1
Q4408837,1,1,P17+P131,1
Q32215637,1,0,P17_only,0
Q13648499,1,1,P17+P131,1
Q21660508,1,0,P17_only,0
Q135295328,1,0,P17_only,0
Q13664212,1,1,P17+P131,1
Q32217196,1,0,P17_only,1
Q135829592,1,0,P17_only,0
Q16434616,1,0,P17_only,1
Q16721246,1,1,P17+P131,1
Q12532230,1,1,P17+P131,1
Q27355154,1,0,P17_only,1
Q27357527,1,0,P17_only,0
Q20098567,1,1,P17+P131,1
Q30975233,1,1,P17+P131,1
Q65261431,1,0,P17_only,0
Q12554318,1,0,P17_only,1
Q6380798,1,0,P17_only,0
Q4181136,1,0,P17_only,1
Q2739105,1,1,P17+P131,1
Q85811790,1,0,P17_only,0
Q20098362,1,1,P17+P131,1
Q12548728,1,1,P17+P131,1
Q15918859,1,1,P17+P131,1
Q32193392,1,0,P17_only,0
Q60289793,1,0,P17_only,0
Q135828610,1,0,P17_only,0
Q122583497,1,1,P17+P131,0
Q135829215,1,0,P17_only,0
Q56367374,1,1,P17+P131,1
Q31230,1,0,P17_only,1
Q86671919,1,0,P17_only,0
Q123532594,1,0,P17_only,0
Q12526379,1,1,P17+P131,1
Q65925580,1,1,P17+P131,1
Q13641629,1,1,P17+P131,1
Q32212468,1,0,P17_only,0
Q105978796,1,1,P17+P131,1
Q5601652,1,0,P17_only,1
Q16706771,1,1,P17+P131,1
Q27354246,1,0,P17_only,1
Q4509440,1,1,P17+P131,0
Q25447926,1,1,P17+P131,0
Q32183532,1,0,P17_only,0
Q124335719,1,0,P17_only,1
Q20515622,1,0,P17_only,0
Q649715,1,0,P17_only,1
Q3412428,1,1,P17+P131,1
Q3078942,1,0,P17_only,0
Q27352872,1,0,P17_only,0
Q27358223,1,0,P17_only,0
Q16650888,1,1,P17+P131,1
Q16684609,1,0,P17_only,0
Q12550547,1,0,P17_only,1
Q12565790,1,1,P17+P131,1
Q32194547,1,0,P17_only,0
Q135828886,1,0,P17_only,0
Q13664417,1,1,P17+P131,1
Q30592459,1,0,P17_only,0
Q13648625,1,1,P17+P131,1
Q12532399,1,0,P17_only,1
Q2255563,1,0,P17_only,0
Q13641784,1,1,P17+P131,1
Q12577067,1,1,P17+P131,1
Q13642384,0,1,P131_only,1
Q43304683,1,0,P17_only,0
Q2566784,1,0,P17_only,0
Q19952655,0,1,P131_only,0
Q12554247,1,1,P17+P131,1
Q4225063,1,1,P17+P131,1
Q13641756,1,1,P17+P131,1
Q16434357,1,0,P17_only,1
Q65153743,1,0,P17_only,0
Q12569517,1,1,P17+P131,1
Q16434767,1,1,P17+P131,1
Q16679626,1,1,P17+P131,1
Q13640728,1,1,P17+P131,0
Q10729158,1,1,P17+P131,1
Q12074569,1,1,P17+P131,1
Q7284283,1,0,P17_only,1
Q27353832,1,0,P17_only,0
Q4227527,1,1,P17+P131,1
Q16690616,1,1,P17+P131,1
Q32192691,1,0,P17_only,0
Q16672062,1,1,P17+P131,1
Q2212741,1,0,P17_only,0
Q2982888,1,0,P17_only,1
Q12570798,1,0,P17_only,1
Q4284311,1,0,P17_only,1
Q4126424,1,1,P17+P131,1
Q4167209,1,1,P17+P131,1
Q18401163,1,1,P17+P131,1
Q12550390,1,0,P17_only,1
Q97213320,1,0,P17_only,1
Q27042499,1,0,P17_only,0
Q12530678,1,1,P17+P131,1
Q15617648,1,1,P17+P131,1
Q32204394,1,0,P17_only,0
Q65263916,1,0,P17_only,0
Q32207821,0,1,P131_only,0
Q4085885,1,0,P17_only,1
Q56366793,1,1,P17+P131,1
Q27357437,1,0,P17_only,0
Q2302382,1,0,P17_only,1
Q22202584,1,1,P17+P131,1
Q27357856,1,0,P17_only,0
Q12526013,1,1,P17+P131,1
Q16273291,1,1,P17+P131,1
Q32215248,1,0,P17_only,0
Q13219118,1,1,P17+P131,1
Q135828987,1,0,P17_only,0
Q12529599,1,0,P17_only,1
Q21655443,1,0,P17_only,0
Q97659306,1,0,P17_only,0
Q27354961,1,0,P17_only,0
Q25494461,1,0,P17_only,1
Q13640818,1,1,P17+P131,1
Q12575498,1,1,P17+P131,1
Q2476575,1,1,P17+P131,1
Q13643090,0,1,P131_only,1
Q30972516,1,1,P17+P131,1
Q16664384,1,1,P17+P131,1
Q27430996,1,1,P17+P131,1
Q4229932,1,0,P17_only,1
Q32197607,1,0,P17_only,0
Q16717966,1,1,P17+P131,1
Q16432844,1,0,P17_only,1
Q4181636,1,1,P17+P131,1
Q12575471,1,0,P17_only,1
Q135828656,1,0,P17_only,0
Q32214053,1,0,P17_only,0
Q18400626,1,1,P17+P131,1
Q32192573,1,0,P17_only,0
Q137527252,1,0,P17_only,0
Q136268967,1,0,P17_only,0
Q130564411,1,0,P17_only,1
Q23958970,1,0,P17_only,1
Q127414728,1,0,P17_only,0
Q67892958,1,0,P17_only,0
Q27350674,1,0,P17_only,0
Q4186447,1,0,P17_only,0
Q111125778,1,0,P17_only,0
Q3981088,1,0,P17_only,0
Q135922393,1,0,P17_only,0
Q27356844,1,0,P17_only,0
Q60772008,1,0,P17_only,0
Q16708301,1,1,P17+P131,0
Q135828493,1,0,P17_only,0
Q27357163,1,0,P17_only,0
Q124249389,1,0,P17_only,0
Q12540269,0,1,P131_only,1
Q12544173,0,1,P131_only,1
Q16431147,1,1,P17+P131,1
Q16434780,1,0,P17_only,1
Q16433002,1,0,P17_only,1
Q13646415,1,1,P17+P131,1
Q13646992,1,1,P17+P131,1
Q138335382,1,1,P17+P131,0
Q114976706,1,0,P17_only,1
Q12660591,1,0,P17_only,0
Q13649099,1,1,P17+P131,1
Q12571136,1,1,P17+P131,1
Q18400793,1,1,P17+P131,1
Q123363490,1,0,P17_only,0
Q12562795,1,0,P17_only,1
Q32216715,1,0,P17_only,0
Q32171729,1,0,P17_only,0
Q32203322,1,1,P17+P131,0
Q16272573,1,1,P17+P131,0
Q112003975,1,0,P17_only,0
Q12531781,1,0,P17_only,1
Q65261853,1,0,P17_only,0
Q16654864,1,1,P17+P131,1
Q13641884,1,1,P17+P131,1
Q12549659,1,0,P17_only,1
Q19614079,0,1,P131_only,1
Q32202059,1,0,P17_only,0
Q16710832,1,1,P17+P131,1
Q15617542,1,1,P17+P131,1
Q27357080,1,0,P17_only,0
Q20462543,1,0,P17_only,0
Q4468798,1,1,P17+P131,1
Q97165767,1,1,P17+P131,0
Q16651497,1,1,P17+P131,1
Q15918940,1,1,P17+P131,1
Q1355704,1,0,P17_only,0
Q13646339,1,1,P17+P131,1
Q12572825,1,0,P17_only,1
Q27356865,1,0,P17_only,0
Q13643057,0,1,P131_only,1
Q115161884,1,0,P17_only,0
Q16673341,1,1,P17+P131,1
Q32186067,1,0,P17_only,0
Q488379,1,1,P17+P131,1
Q13641565,1,1,P17+P131,1
Q27354995,1,0,P17_only,0
Q3920366,1,1,P17+P131,1
Q16686659,1,1,P17+P131,1
Q16669434,1,1,P17+P131,1
Q101435483,1,1,P17+P131,0
Q13375043,0,1,P131_only,1
Q15617580,1,1,P17+P131,1
Q110248520,1,1,P17+P131,0
Q7499227,0,1,P131_only,1
Q16710892,1,1,P17+P131,1
Q61368562,1,1,P17+P131,1
Q12104411,1,0,P17_only,1
Q27351944,1,0,P17_only,0
Q757348,1,0,P17_only,1
Q18399973,1,1,P17+P131,1
Q16431832,1,1,P17+P131,1
Q12560060,1,0,P17_only,1
Q27430895,1,0,P17_only,0
Q13653338,0,1,P131_only,1
Q16434724,1,0,P17_only,1
Q15918873,1,1,P17+P131,1
Q127687841,1,0,P17_only,0
Q123363481,1,0,P17_only,0
Q16432707,1,0,P17_only,1
Q55659545,1,0,P17_only,0
Q16434433,1,0,P17_only,1
Q12533264,1,1,P17+P131,1
Q16669256,1,1,P17+P131,1
Q27351619,1,0,P17_only,0
Q13652378,0,1,P131_only,1
Q18401641,1,1,P17+P131,0
Q21843260,1,1,P17+P131,0
Q20486062,1,0,P17_only,1
Q32211978,1,0,P17_only,0
Q45728447,1,0,P17_only,0
Q6362301,1,1,P17+P131,1
Q20643153,1,1,P17+P131,0
Q32203560,1,0,P17_only,1
Q4843261,1,0,P17_only,0
Q55659371,1,0,P17_only,0
Q12557826,1,1,P17+P131,1
Q18405670,1,1,P17+P131,1
Q68036941,1,0,P17_only,0
Q12528702,1,0,P17_only,1
Q20098443,1,1,P17+P131,1
Q16432120,1,1,P17+P131,1
Q12566167,1,0,P17_only,1
Q12574677,1,1,P17+P131,1
Q12537338,1,1,P17+P131,1
Q124479558,1,0,P17_only,0
Q7602091,1,0,P17_only,0
Q16702919,1,1,P17+P131,1
Q18400461,1,1,P17+P131,1
Q12530114,1,1,P17+P131,1
Q20077506,1,1,P17+P131,1
Q32176526,1,0,P17_only,1
Q12551692,0,1,P131_only,1
Q12688811,1,0,P17_only,0
Q60974929,1,0,P17_only,1
Q85845387,1,1,P17+P131,1
Q13645822,1,1,P17+P131,1
Q32205882,1,0,P17_only,0
Q12525704,1,1,P17+P131,1
Q30975089,1,1,P17+P131,1
Q65254936,1,0,P17_only,0
Q22201873,1,1,P17+P131,1
Q13664406,1,1,P17+P131,1
Q13643521,1,1,P17+P131,1
Q12546246,1,0,P17_only,1
Q12557317,1,1,P17+P131,1
Q20098111,1,1,P17+P131,1
Q16431684,1,1,P17+P131,1
Q27347341,1,0,P17_only,0
Q123671092,1,1,P17+P131,0
Q16704858,1,1,P17+P131,1
Q15918863,1,1,P17+P131,1
Q12549331,1,0,P17_only,1
Q2758413,1,0,P17_only,0
Q127788676,1,0,P17_only,0
Q16433512,1,0,P17_only,1
Q12543564,1,0,P17_only,1
Q25507554,1,0,P17_only,1
Q4505582,1,1,P17+P131,1
Q32189134,1,0,P17_only,1
Q11495499,1,1,P17+P131,1
Q12533829,1,1,P17+P131,1
Q12556954,1,1,P17+P131,1
Q12573113,1,1,P17+P131,1
Q3259173,1,0,P17_only,0
Q16635825,0,1,P131_only,1
Q12537849,1,0,P17_only,1
Q16719090,1,0,P17_only,0
Q111125783,1,0,P17_only,0
Q32196087,1,0,P17_only,0
Q13646898,1,1,P17+P131,1
Q6380791,1,1,P17+P131,0
Q21019579,1,0,P17_only,0
Q11549896,1,1,P17+P131,1
Q16690871,1,1,P17+P131,1
Q20098609,1,1,P17+P131,1
Q13642435,0,1,P131_only,0
Q124606447,1,1,P17+P131,1
Q136268959,1,0,P17_only,0
Q115906689,1,0,P17_only,0
Q13642407,0,1,P131_only,1
Q65153730,1,0,P17_only,0
Q20486278,1,0,P17_only,1
Q16433772,1,1,P17+P131,1
Q15617677,1,1,P17+P131,1
Q12567498,1,1,P17+P131,1
Q12574918,1,1,P17+P131,1
Q12576180,1,1,P17+P131,1
Q13645991,1,1,P17+P131,1
Q20484941,1,0,P17_only,1
Q32212748,1,1,P17+P131,0
Q12531856,1,0,P17_only,1
Q16433770,1,0,P17_only,1
Q27357617,1,0,P17_only,0
Q32177317,1,0,P17_only,0
Q35016617,1,0,P17_only,0
Q32211331,1,0,P17_only,0
Q138654963,1,0,P17_only,0
Q27127026,1,0,P17_only,0
Q18401835,1,1,P17+P131,1
Q13648212,1,1,P17+P131,1
Q312309,1,0,P17_only,1
Q12294281,1,1,P17+P131,1
Q16272829,1,1,P17+P131,1
Q123253377,1,0,P17_only,1
Q20486147,1,0,P17_only,1
Q27348431,1,1,P17+P131,0
Q21041030,1,0,P17_only,0
Q7514767,1,1,P17+P131,1
Q16677749,1,1,P17+P131,1
Q18400733,1,1,P17+P131,1
Q12535223,1,1,P17+P131,1
Q61369147,1,1,P17+P131,1
Q16510517,0,1,P131_only,0
Q60852550,1,0,P17_only,0
Q32171829,1,0,P17_only,0
Q120277897,1,0,P17_only,1
Q56368499,1,1,P17+P131,1
Q17070951,1,0,P17_only,1
Q123363731,1,0,P17_only,0
Q27357187,1,0,P17_only,0
Q65007288,1,1,P17+P131,0
Q4090618,1,1,P17+P131,1
Q112004048,1,0,P17_only,0
Q13664458,1,1,P17+P131,1
Q12557067,1,0,P17_only,1
Q12548784,1,0,P17_only,1
Q12542856,1,0,P17_only,1
Q20076766,1,1,P17+P131,1
Q12534079,1,0,P17_only,1
Q20098257,1,1,P17+P131,1
Q16434026,1,0,P17_only,1
Q20098572,1,1,P17+P131,1
Q2616191,1,1,P17+P131,1
Q65172439,1,1,P17+P131,0
Q12565160,1,0,P17_only,1
Q32181719,1,1,P17+P131,0
Q120868826,1,1,P17+P131,1
Q129758816,1,1,P17+P131,0
Q32193211,1,1,P17+P131,0
Q16433334,1,0,P17_only,1
Q32182319,1,0,P17_only,0
Q7497888,0,1,P131_only,1
Q12534563,1,1,P17+P131,1
Q22201229,1,1,P17+P131,1
Q61367348,1,1,P17+P131,1
Q27430823,1,1,P17+P131,0
Q16273691,1,1,P17+P131,1
Q12558090,1,1,P17+P131,1
Q13661790,1,1,P17+P131,1
Q27430629,1,0,P17_only,0
Q16669502,1,1,P17+P131,1
Q12552725,1,0,P17_only,1
Q13645722,1,1,P17+P131,1
Q32217578,1,0,P17_only,0
Q135829610,1,0,P17_only,0
Q13359441,0,1,P131_only,1
Q4178342,1,0,P17_only,1
Q13649001,1,1,P17+P131,1
Q111297061,1,0,P17_only,0
Q27354994,1,0,P17_only,0
Q13641568,1,1,P17+P131,1
Q2360606,1,1,P17+P131,1
Q2855635,1,0,P17_only,0
Q16433791,1,0,P17_only,1
Q16432382,1,1,P17+P131,1
Q27354774,1,0,P17_only,0
Q135829550,1,0,P17_only,0
Q20081882,1,0,P17_only,0
Q13664422,1,1,P17+P131,1
Q32199671,1,0,P17_only,0
Q12545573,1,0,P17_only,1
Q16664926,1,1,P17+P131,1
Q16273619,1,1,P17+P131,1
Q55658130,1,0,P17_only,0
Q27348262,1,0,P17_only,0
Q55633693,1,0,P17_only,0
Q4050660,1,0,P17_only,0
Q16661666,1,1,P17+P131,1
Q98073081,0,1,P131_only,1
Q4099914,1,0,P17_only,0
Q20093871,1,1,P17+P131,1
Q18405227,1,1,P17+P131,1
Q12565258,1,1,P17+P131,1
Q32169051,0,1,P131_only,0
Q123363559,1,0,P17_only,0
Q16273236,1,1,P17+P131,1
Q135829907,1,0,P17_only,0
Q16719261,1,1,P17+P131,1
Q18409456,1,1,P17+P131,1
Q16432836,1,0,P17_only,1
Q111297022,1,0,P17_only,0
Q16653142,1,1,P17+P131,1
Q18401354,1,1,P17+P131,1
Q104638842,1,1,P17+P131,0
Q2119741,1,1,P17+P131,1
Q13641870,1,1,P17+P131,1
Q30975165,1,1,P17+P131,1
Q27431033,1,0,P17_only,0
Q135829842,1,0,P17_only,0
Q2393058,1,1,P17+P131,1
Q16434262,1,0,P17_only,1
Q30972360,1,1,P17+P131,1
Q12530508,1,0,P17_only,1
Q32171270,1,0,P17_only,0
Q16274460,1,1,P17+P131,1
Q27430530,1,0,P17_only,0
Q12527757,1,0,P17_only,1
Q123363764,1,0,P17_only,0
Q30973841,1,1,P17+P131,1
Q1734811,1,0,P17_only,0
Q15617545,1,1,P17+P131,1
Q12550472,1,0,P17_only,1
Q55239334,1,0,P17_only,0
Q27357544,1,0,P17_only,0
Q27348290,1,0,P17_only,0
Q65252238,1,0,P17_only,1
Q12548890,1,0,P17_only,1
Q27354839,1,0,P17_only,0
Q12535805,1,1,P17+P131,1
Q64199365,1,0,P17_only,1
Q16701004,1,1,P17+P131,1
Q16431857,1,1,P17+P131,1
Q83643905,1,1,P17+P131,0
Q111862476,1,0,P17_only,0
Q12579274,1,0,P17_only,1
Q15918921,1,1,P17+P131,1
Q27357157,1,0,P17_only,0
Q32197417,1,1,P17+P131,0
Q12575759,1,0,P17_only,1
Q12701133,1,0,P17_only,0
Q13653399,1,1,P17+P131,1
Q12555542,1,0,P17_only,1
Q20098103,1,1,P17+P131,1
Q13641959,1,1,P17+P131,1
Q13359461,0,1,P131_only,1
Q22680803,1,0,P17_only,0
Q18399678,1,1,P17+P131,1
Q15617678,1,1,P17+P131,1
Q10858614,1,1,P17+P131,1
Q65172428,1,1,P17+P131,0
Q12532246,1,0,P17_only,1
Q12547434,1,0,P17_only,1
Q27354800,1,0,P17_only,0
Q16666789,1,1,P17+P131,0
Q13642350,0,1,P131_only,1
Q2448764,1,0,P17_only,0
Q16699206,1,1,P17+P131,1
Q137527449,1,0,P17_only,0
Q16431717,1,0,P17_only,1
Q97496700,1,0,P17_only,0
Q123363806,1,0,P17_only,0
Q32216852,1,0,P17_only,0
Q118352574,1,0,P17_only,0
Q12576023,1,0,P17_only,1
Q97316136,1,0,P17_only,0
Q12555954,1,0,P17_only,1
Q18407782,1,1,P17+P131,1
Q13652569,0,1,P131_only,1
Q27354899,1,0,P17_only,0
Q12571223,1,0,P17_only,1
Q128102,1,0,P17_only,1
Q12533657,1,1,P17+P131,1
Q17562693,1,1,P17+P131,1
Q13643391,1,1,P17+P131,0
Q20484960,1,0,P17_only,1
Q16431697,1,1,P17+P131,1
Q4408317,1,1,P17+P131,1
Q18409823,1,1,P17+P131,1
Q5500779,1,0,P17_only,0
Q55833356,1,0,P17_only,0
Q12571254,1,1,P17+P131,1
Q12557567,1,0,P17_only,1
Q13653369,1,1,P17+P131,1
Q32200532,1,0,P17_only,0
Q56367111,1,0,P17_only,0
Q13647417,1,1,P17+P131,1
Q12532281,1,0,P17_only,1
Q135631896,1,1,P17+P131,0
Q111988043,1,1,P17+P131,0
Q12550606,1,0,P17_only,1
Q12531060,1,1,P17+P131,1
Q16704344,1,1,P17+P131,1
Q4454821,1,0,P17_only,1
Q15918916,1,1,P17+P131,1
Q16721553,1,1,P17+P131,1
Q622780,1,1,P17+P131,1
Q135828877,1,0,P17_only,0
Q13651654,1,1,P17+P131,1
Q124216593,1,0,P17_only,0
Q12559218,1,1,P17+P131,1
Q20484220,1,1,P17+P131,1
Q27352415,1,0,P17_only,0
Q61369177,1,1,P17+P131,1
Q20078405,1,1,P17+P131,1
Q1370228,1,1,P17+P131,1
Q108533891,1,0,P17_only,0
Q2231787,1,0,P17_only,1
Q627207,1,1,P17+P131,1
Q123363668,1,0,P17_only,0
Q18396403,1,1,P17+P131,1
Q12579814,1,1,P17+P131,1
Q32360825,1,1,P17+P131,0
Q56368561,1,1,P17+P131,1
Q12574013,1,1,P17+P131,1
Q27358124,1,1,P17+P131,0
Q12576783,1,1,P17+P131,1
Q45906,1,0,P17_only,1
Q2472338,0,1,P131_only,1
Q27358039,1,1,P17+P131,0
Q12557563,1,0,P17_only,1
Q16690836,1,1,P17+P131,0
Q133408419,1,0,P17_only,0
Q4309401,1,1,P17+P131,1
Q65268916,1,0,P17_only,0
Q12577430,1,0,P17_only,1
Q12533775,1,0,P17_only,1
Q2283566,1,1,P17+P131,1
Q123363849,1,0,P17_only,0
Q12529657,1,0,P17_only,1
Q16661950,1,1,P17+P131,1
Q1417227,1,1,P17+P131,1
Q32193474,1,1,P17+P131,0
Q27352870,1,0,P17_only,0
Q12544183,0,1,P131_only,1
Q12557922,1,1,P17+P131,1
Q12647279,1,0,P17_only,0
Q12709182,1,0,P17_only,0
Q27358283,1,0,P17_only,0
Q12534148,1,1,P17+P131,1
Q111115619,1,0,P17_only,0
Q12530234,1,1,P17+P131,1
Q61368963,1,1,P17+P131,1
Q112003947,1,0,P17_only,0
Q16433612,1,1,P17+P131,1
Q4217452,1,1,P17+P131,1
Q32177724,1,0,P17_only,0
Q13365438,0,1,P131_only,1
Q123363744,1,0,P17_only,0
Q27431011,1,1,P17+P131,0
Q31866853,1,0,P17_only,0
Q123363825,1,0,P17_only,0
Q16273883,1,1,P17+P131,0
Q111297000,1,0,P17_only,0
Q27348090,1,0,P17_only,0
Q125179572,1,0,P17_only,0
Q65252902,1,1,P17+P131,1
Q32198162,1,0,P17_only,0
Q27351945,1,1,P17+P131,0
Q12529928,1,1,P17+P131,1
Q13663177,1,1,P17+P131,1
Q13648554,1,1,P17+P131,1
Q16433892,1,1,P17+P131,1
Q27352766,0,1,P131_only,0
Q13649106,1,1,P17+P131,1
Q118352579,1,0,P17_only,0
Q963258,1,1,P17+P131,1
Q32200834,1,1,P17+P131,0
Q135829733,1,0,P17_only,0
Q12576106,1,1,P17+P131,1
Q79315822,1,0,P17_only,0
Q32203055,1,0,P17_only,1
Q4178346,1,1,P17+P131,1
Q12566091,1,0,P17_only,1
Q30975259,1,1,P17+P131,1
Q13056358,1,1,P17+P131,0
Q18435892,1,1,P17+P131,1
Q97662173,1,0,P17_only,0
Q16432366,1,1,P17+P131,1
Q61367475,1,1,P17+P131,1
Q135829552,1,0,P17_only,0
Q19908136,0,1,P131_only,0
Q62024650,1,0,P17_only,1
Q16663070,1,1,P17+P131,1
Q2509316,1,1,P17+P131,1
Q4059689,1,0,P17_only,1
Q20098393,1,1,P17+P131,1
Q27347351,1,0,P17_only,0
Q34971346,1,0,P17_only,1
Q135830039,1,0,P17_only,0
Q27358245,1,0,P17_only,0
Q13643817,1,1,P17+P131,1
Q16433531,1,1,P17+P131,1
Q115936870,1,0,P17_only,1
Q16710928,1,1,P17+P131,1
Q32205865,1,0,P17_only,0
Q27354797,1,0,P17_only,0
Q56367039,1,1,P17+P131,1
Q20484458,1,0,P17_only,1
Q13641584,1,1,P17+P131,1
Q12577631,1,0,P17_only,1
Q16629751,0,1,P131_only,0
Q12561893,1,1,P17+P131,1
Q65208017,1,0,P17_only,0
Q32183965,1,1,P17+P131,0
Q64168554,1,0,P17_only,1
Q1074493,1,1,P17+P131,1
Q135829514,1,0,P17_only,0
Q1992447,1,0,P17_only,0
Q12559384,1,0,P17_only,1
Q124633482,1,0,P17_only,0
Q48950793,1,1,P17+P131,0
Q131214900,1,0,P17_only,0
Q18408828,1,1,P17+P131,1
Q13643495,1,1,P17+P131,1
Q6380804,1,0,P17_only,0
Q32181844,1,0,P17_only,1
Q13642370,0,1,P131_only,0
Q18405567,1,1,P17+P131,1
Q55602002,1,0,P17_only,0
Q13652565,0,1,P131_only,1
Q2631995,1,1,P17+P131,0
Q20098463,1,1,P17+P131,1
Q18405618,1,1,P17+P131,1
Q16432431,1,0,P17_only,1
Q16434749,1,0,P17_only,1
Q20484848,1,0,P17_only,1
Q120985652,1,1,P17+P131,0
Q13664469,1,1,P17+P131,1
Q12294288,1,1,P17+P131,1
Q10813744,1,1,P17+P131,1
Q27354981,1,0,P17_only,0
Q13662887,1,1,P17+P131,1
Q27357760,1,0,P17_only,0
Q140309670,1,0,P17_only,0
Q12565286,1,0,P17_only,1
Q27354638,1,1,P17+P131,0
Q20483844,1,0,P17_only,1
Q118352586,1,0,P17_only,1
Q123225288,1,0,P17_only,0
Q19617647,0,1,P131_only,0
Q32198606,1,1,P17+P131,0
Q25510162,1,0,P17_only,1
Q12543130,1,0,P17_only,1
Q32168573,0,1,P131_only,0
Q12574851,1,0,P17_only,0
Q48948620,1,0,P17_only,0
Q135829833,1,0,P17_only,0
Q16432950,1,0,P17_only,1
Q779877,1,0,P17_only,1
Q12575513,1,1,P17+P131,1
Q53845627,0,1,P131_only,0
Q13645625,1,1,P17+P131,1
Q32218992,1,0,P17_only,1
Q4481855,1,0,P17_only,0
Q12576407,1,0,P17_only,1
Q20077493,1,0,P17_only,0
Q15617652,1,1,P17+P131,1
Q1354651,1,0,P17_only,0
Q140771477,1,1,P17+P131,0
Q13553812,0,1,P131_only,1
Q32187636,1,1,P17+P131,0
Q32187690,1,0,P17_only,0
Q116177126,1,0,P17_only,0
Q32195507,1,0,P17_only,0
Q12570981,1,1,P17+P131,1
Q1046471,1,1,P17+P131,1
Q4056540,1,1,P17+P131,1
Q981069,1,1,P17+P131,0
Q12535236,1,0,P17_only,1
Q30897605,1,1,P17+P131,0
Q112635509,0,1,P131_only,0
Q12533678,1,0,P17_only,1
Q13653511,1,1,P17+P131,1
Q27358161,1,0,P17_only,0
Q3853560,1,0,P17_only,1
Q27358076,1,0,P17_only,0
Q1046477,1,0,P17_only,1
Q12574561,1,0,P17_only,1
Q12544787,1,1,P17+P131,1
Q30975162,1,1,P17+P131,1
Q32216736,1,0,P17_only,1
Q27430843,1,0,P17_only,0
Q32172470,1,0,P17_only,0
Q13643315,1,1,P17+P131,1
Q13641619,1,1,P17+P131,1
Q16663231,1,1,P17+P131,1
Q16272611,1,1,P17+P131,1
Q32217906,1,0,P17_only,0
Q28665093,1,0,P17_only,0
Q97480087,1,0,P17_only,0
Q19951889,0,1,P131_only,0
Q32171116,1,0,P17_only,0
Q13645999,1,1,P17+P131,1
Q20076754,1,1,P17+P131,1
Q19560456,0,1,P131_only,1
Q12556863,1,0,P17_only,1
Q16694543,1,1,P17+P131,1
Q12560834,1,1,P17+P131,1
Q55687030,1,0,P17_only,0
Q13641733,1,1,P17+P131,1
Q27354849,1,0,P17_only,0
Q27430939,1,0,P17_only,0
Q136090688,1,0,P17_only,0
Q32172961,1,1,P17+P131,0
Q13646879,1,1,P17+P131,1
Q12548780,1,0,P17_only,1
Q117039299,1,0,P17_only,0
Q13653544,1,1,P17+P131,1
Q31529845,1,0,P17_only,0
Q13645637,1,1,P17+P131,1
Q138300275,1,0,P17_only,0
Q20484735,1,0,P17_only,1
Q112004031,1,0,P17_only,0
Q135830033,1,0,P17_only,0
Q30975134,1,1,P17+P131,1
Q56367353,1,1,P17+P131,1
Q27348097,1,0,P17_only,0
Q32198108,1,0,P17_only,0
Q12546123,1,1,P17+P131,1
Q27357356,1,0,P17_only,0
Q8765402,1,1,P17+P131,0
Q12553146,1,0,P17_only,1
Q12252344,1,1,P17+P131,1
Q4089507,1,1,P17+P131,1
Q32184943,1,0,P17_only,0
Q7578317,1,1,P17+P131,1
Q27355069,1,0,P17_only,0
Q123363856,1,0,P17_only,0
Q27357623,1,0,P17_only,0
Q129880669,1,1,P17+P131,1
Q12555407,1,1,P17+P131,1
Q3312321,1,1,P17+P131,1
Q12545110,1,1,P17+P131,1
Q12574007,1,0,P17_only,1
Q12531188,1,1,P17+P131,1
Q1112939,1,1,P17+P131,0
Q55658663,1,0,P17_only,0
Q12533037,1,1,P17+P131,1
Q12552101,1,1,P17+P131,1
Q112004035,1,0,P17_only,0
Q16720232,1,1,P17+P131,1
Q127694533,1,0,P17_only,1
Q137943178,1,0,P17_only,0
Q27354754,1,0,P17_only,0
Q29842699,0,1,P131_only,0
Q16273043,1,1,P17+P131,1
Q16700049,1,1,P17+P131,1
Q18400861,1,1,P17+P131,1
Q16651956,1,1,P17+P131,1
Q27357569,1,0,P17_only,0
Q135829852,1,0,P17_only,0
Q16669408,1,1,P17+P131,1
Q13646952,1,1,P17+P131,1
Q4140125,1,1,P17+P131,1
Q12574506,1,0,P17_only,1
Q20074160,1,1,P17+P131,1
Q32203040,1,0,P17_only,0
Q135828630,1,0,P17_only,0
Q30513,1,1,P17+P131,1
Q108533911,1,0,P17_only,0
Q13649003,1,1,P17+P131,1
Q133294497,1,0,P17_only,1
Q20098381,1,1,P17+P131,1
Q17494813,1,1,P17+P131,1
Q25930688,1,0,P17_only,0
Q12574466,1,0,P17_only,1
Q13648551,1,1,P17+P131,1
Q2752954,1,1,P17+P131,1
Q32202371,1,0,P17_only,0
Q135829787,1,0,P17_only,0
Q27348148,1,0,P17_only,0
Q16657262,1,1,P17+P131,1
Q20098610,1,1,P17+P131,1
Q27430942,1,0,P17_only,0
Q137551663,1,1,P17+P131,0
Q32214606,1,0,P17_only,0
Q65256753,1,0,P17_only,0
Q32204151,1,0,P17_only,0
Q16699101,1,1,P17+P131,1
Q12528621,1,1,P17+P131,1
Q56367041,1,1,P17+P131,1
Q31866854,1,0,P17_only,0
Q27355094,1,0,P17_only,0
Q12577724,1,1,P17+P131,1
Q13645879,1,1,P17+P131,1
Q136650275,1,0,P17_only,0
Q13652603,0,1,P131_only,1
Q12531236,1,0,P17_only,1
Q27358211,1,1,P17+P131,0
Q18407087,1,1,P17+P131,0
Q23958919,1,0,P17_only,1
Q135767366,1,1,P17+P131,1
Q12532341,1,1,P17+P131,1
Q18408448,1,1,P17+P131,1
Q30972485,1,1,P17+P131,1
Q17562675,1,1,P17+P131,1
Q135829913,1,0,P17_only,0
Q139695485,1,0,P17_only,0
Q32195860,1,0,P17_only,0
Q32193917,1,1,P17+P131,0
Q32211274,1,0,P17_only,0
Q123363737,1,0,P17_only,0
Q16669410,1,1,P17+P131,1
Q74543224,1,0,P17_only,0
Q13651794,1,1,P17+P131,1
Q27351176,1,1,P17+P131,1
Q30974451,1,1,P17+P131,1
Q139898786,1,1,P17+P131,0
Q13664533,1,1,P17+P131,1
Q16432732,1,0,P17_only,1
Q122508255,1,1,P17+P131,1
Q12569983,1,0,P17_only,1
Q13645780,1,1,P17+P131,1
Q18407561,1,1,P17+P131,1
Q112004027,1,0,P17_only,0
Q13649083,1,1,P17+P131,1
Q12684130,1,1,P17+P131,1
Q27358191,1,1,P17+P131,0
Q32171749,1,0,P17_only,0
Q16431266,1,1,P17+P131,1
Q27430812,1,0,P17_only,0
Q30972142,1,1,P17+P131,0
Q27430866,1,0,P17_only,0
Q4214373,1,0,P17_only,1
Q32198145,1,0,P17_only,0
Q60289834,1,0,P17_only,0
Q12528560,1,1,P17+P131,1
Q12574777,1,0,P17_only,1
Q12551053,0,1,P131_only,1
Q27354886,1,0,P17_only,0
Q13651781,1,1,P17+P131,1
Q8001392,1,0,P17_only,1
Q21187686,1,0,P17_only,0
Q2380922,1,1,P17+P131,1
Q32188421,1,0,P17_only,0
Q12561154,1,1,P17+P131,1
Q4287636,1,1,P17+P131,1
Q18399837,1,1,P17+P131,1
Q13641852,1,1,P17+P131,1
Q13653609,1,1,P17+P131,1
Q16648575,1,1,P17+P131,1
Q27352138,1,0,P17_only,0
Q19360416,1,0,P17_only,1
Q18125216,1,0,P17_only,0
Q27354932,1,0,P17_only,0
Q16688440,1,1,P17+P131,0
Q31195546,1,1,P17+P131,1
Q74086,1,0,P17_only,1
Q12576305,1,1,P17+P131,1
Q16696093,1,1,P17+P131,1
Q27350750,1,0,P17_only,1
Q25397264,1,1,P17+P131,0
Q56706581,1,0,P17_only,0
Q114564505,1,0,P17_only,0
Q23958897,1,0,P17_only,1
Q13645606,1,1,P17+P131,1
Q16666685,1,1,P17+P131,1
Q131152200,1,1,P17+P131,1
Q32216725,1,0,P17_only,1
Q32204317,1,0,P17_only,0
Q22205043,1,1,P17+P131,1
Q18400913,1,1,P17+P131,1
Q61368779,1,1,P17+P131,1
Q97274601,1,0,P17_only,0
Q16431271,1,1,P17+P131,1
Q20098647,1,1,P17+P131,1
Q7112321,1,0,P17_only,0
Q16694633,1,1,P17+P131,1
Q32203619,1,0,P17_only,0
Q134484508,1,0,P17_only,0
Q25513094,1,0,P17_only,1
Q32183699,1,0,P17_only,0
Q12163678,1,1,P17+P131,1
Q16669432,1,1,P17+P131,1
Q12528546,1,0,P17_only,1
Q12533226,1,0,P17_only,1
Q16704268,1,1,P17+P131,1
Q27358020,1,0,P17_only,0
Q13664313,1,1,P17+P131,1
Q25504633,1,0,P17_only,1
Q110768896,1,0,P17_only,0
Q27348279,1,0,P17_only,0
Q32174855,1,0,P17_only,0
Q4060457,1,0,P17_only,1
Q135829989,1,0,P17_only,0
Q135830021,1,0,P17_only,0
Q13646997,1,1,P17+P131,1
Q64142643,1,1,P17+P131,0
Q12688780,1,0,P17_only,0
Q13651918,1,1,P17+P131,1
Q28669309,1,0,P17_only,0
Q13663030,1,1,P17+P131,1
Q4806487,1,0,P17_only,0
Q16706383,1,1,P17+P131,1
Q30294517,1,1,P17+P131,0
Q16272152,0,1,P131_only,1
Q12573942,1,1,P17+P131,1
Q21146108,1,0,P17_only,0
Q24907638,1,0,P17_only,0
Q27357209,1,0,P17_only,0
Q135828623,1,0,P17_only,0
Q27354971,1,0,P17_only,0
Q32179241,1,0,P17_only,0
Q13641754,1,1,P17+P131,1
Q20486167,1,0,P17_only,1
Q16721555,1,1,P17+P131,1
Q27355054,1,0,P17_only,0
Q13645846,1,1,P17+P131,1
Q135828617,1,0,P17_only,0
Q25507181,1,0,P17_only,1
Q18399702,1,1,P17+P131,1
Q32196562,1,0,P17_only,0
Q32190320,1,0,P17_only,0
Q12574862,1,0,P17_only,1
Q16431772,1,0,P17_only,1
Q12554908,1,1,P17+P131,1
Q16432032,1,1,P17+P131,1
Q13359497,0,1,P131_only,1
Q12535091,1,1,P17+P131,1
Q65304819,1,0,P17_only,0
Q12548707,1,0,P17_only,1
Q12532421,1,1,P17+P131,1
Q4479285,1,0,P17_only,0
Q13667200,1,1,P17+P131,1
Q16433865,1,0,P17_only,1
Q122531407,1,1,P17+P131,0
Q16272772,1,1,P17+P131,1
Q81432568,1,0,P17_only,0
Q16272233,0,1,P131_only,1
Q13642152,1,1,P17+P131,1
Q13662884,1,1,P17+P131,1
Q27430670,1,1,P17+P131,1
Q55354048,1,0,P17_only,1
Q18702281,1,0,P17_only,0
Q109452575,1,0,P17_only,0
Q13648532,1,1,P17+P131,1
Q32178931,1,0,P17_only,0
Q16721539,1,1,P17+P131,1
Q32188231,1,0,P17_only,0
Q20092729,1,1,P17+P131,1
Q39056676,1,0,P17_only,1
Q32204556,1,1,P17+P131,0
Q136192011,1,1,P17+P131,0
Q27430705,1,0,P17_only,0
Q491123,1,1,P17+P131,1
Q16721233,1,1,P17+P131,1
Q12574977,1,1,P17+P131,1
Q135828660,1,0,P17_only,0
Q27430865,1,0,P17_only,0
Q16714088,1,1,P17+P131,1
Q114976767,1,0,P17_only,1
Q13646681,1,1,P17+P131,1
Q123363797,1,0,P17_only,0
Q136195915,1,0,P17_only,0
Q12549339,1,0,P17_only,1
Q6353562,1,1,P17+P131,1
Q11977463,1,0,P17_only,1
Q4250897,1,0,P17_only,1
Q18400633,1,1,P17+P131,1
Q13655911,1,1,P17+P131,1
Q16669500,1,1,P17+P131,1
Q12574788,1,0,P17_only,1
Q1273266,1,0,P17_only,0
Q20098625,1,1,P17+P131,1
Q937655,1,0,P17_only,1
Q17494840,1,1,P17+P131,1
Q1538206,1,1,P17+P131,1
Q123363713,1,0,P17_only,0
Q4425595,1,0,P17_only,1
Q108783929,1,1,P17+P131,0
Q13664034,1,1,P17+P131,1
Q20485680,0,1,P131_only,1
Q111297008,1,0,P17_only,0
Q16644622,0,1,P131_only,1
Q12570063,1,1,P17+P131,1
Q135828867,1,0,P17_only,0
Q12541032,0,1,P131_only,1
Q16272940,1,1,P17+P131,1
Q13651733,1,1,P17+P131,1
Q12698921,1,0,P17_only,0
Q3512908,1,1,P17+P131,1
Q32184534,1,1,P17+P131,0
Q16431919,1,1,P17+P131,1
Q1047734,1,1,P17+P131,1
Q16432422,1,0,P17_only,1
Q32175824,1,0,P17_only,0
Q4506285,1,1,P17+P131,1
Q13642213,1,1,P17+P131,1
Q12563840,1,1,P17+P131,1
Q27348291,1,0,P17_only,0
Q13663464,1,1,P17+P131,1
Q12543541,1,1,P17+P131,1
Q12541949,1,0,P17_only,1
Q24957733,1,0,P17_only,1
Q55833227,1,0,P17_only,0
Q64610701,1,0,P17_only,0
Q12551052,0,1,P131_only,1
Q13663966,1,1,P17+P131,1
Q55833142,1,0,P17_only,0
Q4476775,1,0,P17_only,0
Q65357777,1,0,P17_only,0
Q35902,1,1,P17+P131,1
Q27358146,1,1,P17+P131,0
Q1346305,1,1,P17+P131,1
Q16434755,1,1,P17+P131,1
Q27350672,1,1,P17+P131,0
Q16702578,1,1,P17+P131,1
Q85971423,1,0,P17_only,0
Q27354779,1,0,P17_only,0
Q16274666,1,1,P17+P131,1
Q12526211,1,1,P17+P131,1
Q13649286,1,1,P17+P131,1
Q15845902,1,1,P17+P131,1
Q56367200,1,1,P17+P131,1
Q20098359,1,1,P17+P131,1
Q13664207,1,1,P17+P131,1
Q12548779,1,0,P17_only,1
Q16648862,1,1,P17+P131,1
Q59536936,1,0,P17_only,0
Q12542412,1,1,P17+P131,1
Q23958858,1,0,P17_only,1
Q17458237,1,1,P17+P131,1
Q115935994,1,0,P17_only,0
Q13640853,1,1,P17+P131,0
Q30972517,1,1,P17+P131,1
Q13645575,1,1,P17+P131,1
Q27354865,1,1,P17+P131,0
Q12564756,1,0,P17_only,1
Q56366804,1,1,P17+P131,1
Q32202454,1,0,P17_only,0
Q48952082,1,0,P17_only,1
Q61085374,1,0,P17_only,0
Q12542999,1,0,P17_only,1
Q13643231,0,1,P131_only,1
Q112654950,0,1,P131_only,0
Q16673214,1,1,P17+P131,1
Q12550373,1,0,P17_only,1
Q12526214,1,1,P17+P131,1
Q120868807,1,1,P17+P131,0
Q3723418,1,0,P17_only,1
Q13648411,1,1,P17+P131,1
Q4177879,1,1,P17+P131,0
Q20078173,1,1,P17+P131,1
Q55833173,1,0,P17_only,0
Q27356845,1,0,P17_only,0
Q13365257,0,1,P131_only,1
Q16652433,1,1,P17+P131,1
Q12647098,1,0,P17_only,0
Q25482631,1,1,P17+P131,1
Q15845919,1,1,P17+P131,1
Q12532129,1,0,P17_only,1
Q16692233,1,1,P17+P131,1
Q25383144,1,0,P17_only,1
Q135828793,1,0,P17_only,0
Q15617659,1,1,P17+P131,1
Q16433022,1,1,P17+P131,1
Q12527299,1,0,P17_only,1
Q16432122,1,0,P17_only,1
Q1388078,1,0,P17_only,1
Q13642420,0,1,P131_only,1
Q16721305,1,1,P17+P131,1
Q104330879,1,0,P17_only,0
Q65264084,1,0,P17_only,0
Q50021306,1,1,P17+P131,0
Q27354775,1,0,P17_only,0
Q12557800,1,1,P17+P131,1
Q12570280,1,1,P17+P131,1
Q16431985,1,1,P17+P131,1
Q112654961,0,1,P131_only,0
Q12531090,1,1,P17+P131,1
Q12528882,1,0,P17_only,1
Q32218602,1,0,P17_only,0
Q18396319,1,1,P17+P131,1
Q27357768,1,0,P17_only,0
Q32211723,1,0,P17_only,1
Q12526282,1,1,P17+P131,1
Q55658085,1,0,P17_only,1
Q27354780,1,0,P17_only,0
Q4523462,1,1,P17+P131,1
Q12536918,1,0,P17_only,1
Q102423313,1,1,P17+P131,0
Q135829725,1,0,P17_only,0
Q32198288,1,0,P17_only,0
Q13648973,1,1,P17+P131,1
Q12565434,1,1,P17+P131,1
Q55658416,1,0,P17_only,0
Q27356916,1,0,P17_only,0
Q32199780,1,0,P17_only,0
Q12573666,1,0,P17_only,1
Q13645968,1,1,P17+P131,1
Q25504648,1,1,P17+P131,1
Q16433588,1,1,P17+P131,1
Q16274591,1,1,P17+P131,1
Q135828557,1,0,P17_only,0
Q27352859,1,0,P17_only,0
Q30974410,1,1,P17+P131,0
Q16334597,1,1,P17+P131,1
Q373686,1,0,P17_only,1
Q21652072,1,0,P17_only,0
Q13651757,1,1,P17+P131,1
Q16431357,1,0,P17_only,1
Q20098453,1,1,P17+P131,1
Q12712771,1,1,P17+P131,1
Q27354927,1,0,P17_only,0
Q13655909,1,1,P17+P131,1
Q27355131,1,0,P17_only,0
Q12568599,1,0,P17_only,1
Q1001104,1,1,P17+P131,1
Q32192822,1,0,P17_only,0
Q13655880,1,1,P17+P131,1
Q13646131,0,1,P131_only,1
Q27350608,1,1,P17+P131,0
Q28403624,1,0,P17_only,0
Q32175406,1,1,P17+P131,0
Q12529920,1,1,P17+P131,1
Q12029250,1,0,P17_only,1
Q112003998,1,0,P17_only,0
Q16532237,0,1,P131_only,1
Q28671109,1,0,P17_only,0
Q32168504,0,1,P131_only,0
Q32177921,1,1,P17+P131,0
Q32193661,1,0,P17_only,0
Q35495533,1,0,P17_only,0
Q30973134,1,1,P17+P131,1
Q135828483,1,0,P17_only,0
Q27355041,1,0,P17_only,0
Q279835,1,1,P17+P131,1
Q4227185,1,1,P17+P131,1
Q135828980,1,0,P17_only,0
Q13640652,0,1,P131_only,1
Q16434559,1,0,P17_only,1
Q12545070,1,0,P17_only,1
Q123363526,1,0,P17_only,0
Q13646651,1,1,P17+P131,1
Q20098268,1,1,P17+P131,1
Q16704315,1,1,P17+P131,1
Q27430703,1,0,P17_only,0
Q18409334,1,1,P17+P131,1
Q27348255,1,1,P17+P131,0
Q12530692,1,0,P17_only,1
Q1125989,1,1,P17+P131,1
Q4332337,1,1,P17+P131,1
Q7498637,0,1,P131_only,1
Q13359456,0,1,P131_only,1
Q12531609,1,0,P17_only,1
Q13640625,0,1,P131_only,0
Q13666976,1,1,P17+P131,1
Q109453217,1,0,P17_only,0
Q17494744,1,1,P17+P131,1
Q12087936,1,1,P17+P131,1
Q27357295,1,0,P17_only,0
Q27354773,1,0,P17_only,0
Q32189763,1,0,P17_only,0
Q4213693,1,1,P17+P131,1
Q13649034,1,1,P17+P131,1
Q12532668,1,0,P17_only,1
Q21076218,1,0,P17_only,1
Q123363544,1,0,P17_only,0
Q20485941,1,0,P17_only,1
Q18408368,1,1,P17+P131,0
Q16663164,1,1,P17+P131,1
Q13650458,1,1,P17+P131,1
Q32217989,1,1,P17+P131,0
Q13666859,1,1,P17+P131,1
Q81268326,1,1,P17+P131,0
Q111297063,1,0,P17_only,0
Q61368142,1,1,P17+P131,1
Q135829816,1,0,P17_only,0
Q27357597,1,1,P17+P131,0
Q120705595,1,0,P17_only,0
Q32176377,1,1,P17+P131,1
Q12560468,1,1,P17+P131,1
Q12527360,1,1,P17+P131,1
Q18404540,1,1,P17+P131,1
Q20485868,1,0,P17_only,1
Q16434014,1,0,P17_only,1
Q13642418,0,1,P131_only,1
Q27357657,1,0,P17_only,0
Q7499512,0,1,P131_only,1
Q13220054,1,1,P17+P131,1
Q16700988,1,1,P17+P131,1
Q16432128,1,0,P17_only,1
Q27348430,1,0,P17_only,1
Q13652518,0,1,P131_only,1
Q12579602,1,1,P17+P131,1
Q16434560,1,0,P17_only,1
Q16682104,1,1,P17+P131,1
Q32193932,1,0,P17_only,1
Q112004026,1,0,P17_only,0
Q7601464,1,1,P17+P131,0
Q139713797,1,1,P17+P131,0
Q12543549,1,0,P17_only,1
Q7498407,0,1,P131_only,1
Q13652390,0,1,P131_only,1
Q27352583,0,1,P131_only,1
Q13511847,0,1,P131_only,1
Q12555957,1,1,P17+P131,1
Q20098287,1,0,P17_only,1
Q12552085,0,1,P131_only,1
Q12529710,1,1,P17+P131,1
Q16273700,1,1,P17+P131,1
Q30974415,1,1,P17+P131,1
Q7498778,0,1,P131_only,1
Q23898745,0,1,P131_only,0
Q137527268,1,0,P17_only,0
Q124155948,0,1,P131_only,0
Q110319205,1,0,P17_only,0
Q30975122,1,1,P17+P131,1
Q112654958,0,1,P131_only,0
Q16700927,1,1,P17+P131,1
Q20486030,1,0,P17_only,1
Q27354802,1,0,P17_only,0
Q32197621,1,0,P17_only,0
Q110319203,1,1,P17+P131,0
Q12531279,1,0,P17_only,1
Q32191272,1,1,P17+P131,0
Q137908539,1,0,P17_only,0
Q16272691,1,1,P17+P131,1
Q27430736,1,0,P17_only,0
Q32181472,1,0,P17_only,0
Q30972358,1,1,P17+P131,1
Q13792807,1,1,P17+P131,1
Q12561116,1,0,P17_only,1
Q27354791,1,0,P17_only,0
Q12532245,1,0,P17_only,1
Q13641721,1,1,P17+P131,1
Q20484917,1,0,P17_only,1
Q4060347,1,1,P17+P131,1
Q27042490,1,0,P17_only,0
Q6363406,1,1,P17+P131,1
Q15617687,1,1,P17+P131,1
Q105409731,1,0,P17_only,0
Q56367035,1,1,P17+P131,1
Q27348082,1,0,P17_only,1
Q12682651,1,0,P17_only,0
Q20486312,1,0,P17_only,1
Q27354841,1,0,P17_only,0
Q13651746,1,1,P17+P131,1
Q32190700,1,0,P17_only,0
Q12543099,1,0,P17_only,1
Q32183279,1,1,P17+P131,0
Q16635369,0,1,P131_only,1
Q13646672,1,1,P17+P131,1
Q13645667,1,1,P17+P131,1
Q64160718,1,0,P17_only,1
Q4059468,1,1,P17+P131,1
Q13648436,1,1,P17+P131,1
Q12535691,1,0,P17_only,1
Q110786752,1,0,P17_only,0
Q12534103,1,0,P17_only,1
Q16694802,1,1,P17+P131,1
Q59661934,1,0,P17_only,0
Q27348424,1,0,P17_only,0
Q12528317,1,0,P17_only,1
Q21843686,1,1,P17+P131,0
Q13664732,1,1,P17+P131,1
Q111296973,1,0,P17_only,0
Q18413435,1,0,P17_only,0
Q13648061,1,1,P17+P131,1
Q126977051,1,0,P17_only,0
Q22328547,1,0,P17_only,0
Q16662211,1,1,P17+P131,1
Q12554708,1,0,P17_only,1
Q65253894,1,0,P17_only,0
Q124308390,1,0,P17_only,0
Q82296908,1,0,P17_only,0
Q16272436,1,1,P17+P131,1
Q27348196,1,0,P17_only,0
Q16532249,0,1,P131_only,1
Q16432532,1,1,P17+P131,1
Q2367417,1,0,P17_only,0
Q123363683,1,0,P17_only,0
Q65267845,1,0,P17_only,0
Q123363554,1,0,P17_only,0
Q55659934,1,0,P17_only,0
Q135828598,1,0,P17_only,0
Q18399173,1,1,P17+P131,1
Q5391305,1,0,P17_only,0
Q20486301,1,1,P17+P131,1
Q131412036,1,0,P17_only,0
Q32198963,1,0,P17_only,0
Q13642404,0,1,P131_only,1
Q32200947,1,0,P17_only,0
Q12538444,1,1,P17+P131,1
Q31195561,1,1,P17+P131,1
Q23014876,1,0,P17_only,1
Q18407609,1,1,P17+P131,0
Q56367113,1,1,P17+P131,1
Q12543083,1,0,P17_only,1
Q20485722,1,0,P17_only,1
Q13647863,1,1,P17+P131,1
Q55833134,1,0,P17_only,0
Q32175338,1,1,P17+P131,0
Q12562612,1,0,P17_only,1
Q18396356,1,1,P17+P131,0
Q32196665,1,0,P17_only,0
Q140650921,1,0,P17_only,0
Q16692225,1,1,P17+P131,1
Q114899129,1,0,P17_only,1
Q140456070,1,0,P17_only,0
Q4063922,1,1,P17+P131,1
Q130316349,1,0,P17_only,0
Q18401840,1,1,P17+P131,0
Q32171570,1,0,P17_only,0
Q25058349,1,0,P17_only,1
Q2556235,1,1,P17+P131,1
Q12555955,1,1,P17+P131,1
Q12574012,1,0,P17_only,1
Q16722555,1,1,P17+P131,1
Q19380573,1,0,P17_only,0
Q30972194,1,1,P17+P131,1
Q12549820,1,0,P17_only,1
Q27353803,1,0,P17_only,1
Q27358132,1,0,P17_only,0
Q110113997,1,0,P17_only,1
Q17494749,1,1,P17+P131,1
Q32196774,1,0,P17_only,0
Q4177965,1,1,P17+P131,1
Q12686904,1,0,P17_only,0
Q16433971,1,1,P17+P131,1
Q1046342,1,0,P17_only,1
Q12534771,1,0,P17_only,1
Q20485945,1,0,P17_only,1
Q27353846,1,0,P17_only,0
Q139857277,1,1,P17+P131,0
Q15617570,1,1,P17+P131,1
Q4200764,1,0,P17_only,1
Q16670964,1,1,P17+P131,1
Q109452602,1,0,P17_only,0
Q12528694,1,0,P17_only,1
Q25487895,1,0,P17_only,1
Q32219110,1,0,P17_only,0
Q12532843,1,1,P17+P131,1
Q65258678,1,0,P17_only,0
Q12550203,1,1,P17+P131,1
Q13650106,1,1,P17+P131,1
Q32175390,1,0,P17_only,0
Q22202034,1,1,P17+P131,1
Q4248945,1,1,P17+P131,1
Q12573373,1,0,P17_only,1
Q13640674,0,1,P131_only,1
Q32209999,0,1,P131_only,0
Q65254564,1,0,P17_only,0
Q27354758,1,0,P17_only,0
Q12558991,1,1,P17+P131,1
Q13649951,1,1,P17+P131,1
Q32178736,1,1,P17+P131,0
Q140472251,1,0,P17_only,0
Q12555231,1,0,P17_only,1
Q12527350,1,0,P17_only,1
Q16677137,1,1,P17+P131,0
Q23958894,1,0,P17_only,1
Q13056399,1,1,P17+P131,0
Q13643122,0,1,P131_only,1
Q58325266,1,0,P17_only,0
Q31195455,1,0,P17_only,1
Q12543106,1,0,P17_only,1
Q4403236,1,0,P17_only,1
Q12564410,1,0,P17_only,1
Q104870350,1,1,P17+P131,0
Q25530830,1,0,P17_only,1
Q27357504,1,0,P17_only,0
Q13640648,0,1,P131_only,1
Q13664047,1,1,P17+P131,1
Q15617550,1,1,P17+P131,1
Q135647371,1,1,P17+P131,1
Q65255173,1,0,P17_only,0
Q4806273,1,0,P17_only,0
Q16431954,1,0,P17_only,1
Q18396326,1,1,P17+P131,1
Q16682690,1,0,P17_only,1
Q111862451,1,0,P17_only,0
Q4250725,1,0,P17_only,0
Q75810736,1,0,P17_only,0
Q12548866,1,0,P17_only,1
Q25504595,1,1,P17+P131,1
Q60289833,1,0,P17_only,0
Q12556218,1,1,P17+P131,1
Q18408997,1,1,P17+P131,1
Q27354407,1,0,P17_only,1
Q2554567,1,1,P17+P131,1
Q12577476,1,0,P17_only,1
Q13664279,1,1,P17+P131,1
Q55833166,1,0,P17_only,1
Q4229131,1,0,P17_only,0
Q12542880,1,0,P17_only,1
Q97316822,1,0,P17_only,0
Q16911291,1,0,P17_only,0
Q27358050,1,0,P17_only,0
Q13419755,0,1,P131_only,1
Q115148093,1,1,P17+P131,1
Q16643154,0,1,P131_only,1
Q32206282,1,0,P17_only,0
Q27352817,1,0,P17_only,1
Q138746155,1,1,P17+P131,0
Q135828554,1,0,P17_only,0
Q27351876,1,1,P17+P131,0
Q112544042,1,1,P17+P131,0
Q77033148,1,1,P17+P131,0
Q32201698,1,0,P17_only,0
Q7429293,1,0,P17_only,1
Q65154029,1,1,P17+P131,0
Q16702203,1,1,P17+P131,1
Q135922335,1,0,P17_only,0
Q12577507,1,0,P17_only,1
Q55833119,1,0,P17_only,0
Q12569025,1,1,P17+P131,1
Q32212573,1,0,P17_only,0
Q19977383,0,1,P131_only,0
Q135829802,1,0,P17_only,0
Q20485823,1,1,P17+P131,1
Q13649977,1,1,P17+P131,1
Q18396396,1,1,P17+P131,1
Q32191175,1,0,P17_only,0
Q138746152,1,1,P17+P131,0
Q133721841,1,1,P17+P131,1
Q135829854,1,0,P17_only,0
Q800371,1,1,P17+P131,1
Q3725322,1,1,P17+P131,1
Q13643814,1,1,P17+P131,1
Q2556291,1,1,P17+P131,1
Q32212135,1,0,P17_only,0
Q13643267,1,1,P17+P131,1
Q61421541,1,1,P17+P131,1
Q12549044,1,0,P17_only,1
Q17003630,1,0,P17_only,0
Q111297032,1,0,P17_only,0
Q13648259,1,1,P17+P131,1
Q12536818,1,0,P17_only,1
Q12576887,1,1,P17+P131,1
Q135829072,1,0,P17_only,0
Q12530520,1,0,P17_only,1
Q12544853,1,0,P17_only,1
Q27351924,1,1,P17+P131,0
Q16434449,1,1,P17+P131,1
Q1234917,1,1,P17+P131,1
Q16654862,1,1,P17+P131,1
Q12575205,1,1,P17+P131,1
Q13643375,1,1,P17+P131,1
Q25501007,1,0,P17_only,1
Q124221981,1,1,P17+P131,1
Q65170339,1,0,P17_only,1
Q32214655,1,0,P17_only,0
Q2550754,1,1,P17+P131,1
Q30969313,1,1,P17+P131,1
Q97163743,1,0,P17_only,0
Q16706063,1,1,P17+P131,1
Q12530555,1,0,P17_only,1
Q32211897,1,0,P17_only,0
Q56367646,1,1,P17+P131,1
Q97215770,1,0,P17_only,1
Q13642947,0,1,P131_only,0
Q16653382,1,1,P17+P131,1
Q1862291,1,0,P17_only,1
Q20098531,1,1,P17+P131,1
Q4530219,1,0,P17_only,1
Q12546336,1,0,P17_only,1
Q20486243,1,0,P17_only,1
Q25493346,1,0,P17_only,1
Q20098207,1,1,P17+P131,1
Q4504258,1,0,P17_only,1
Q16272674,1,1,P17+P131,1
Q12561224,1,1,P17+P131,1
Q65252670,1,0,P17_only,1
Q27430688,1,1,P17+P131,1
Q4258296,1,1,P17+P131,1
Q32176297,1,0,P17_only,0
Q12548588,1,0,P17_only,1
Q12574497,1,0,P17_only,1
Q28361452,1,0,P17_only,1
Q20486184,1,0,P17_only,1
Q129880797,1,1,P17+P131,1
Q108861989,1,0,P17_only,0
Q13662501,1,1,P17+P131,1
Q32171705,1,0,P17_only,0
Q16720532,1,1,P17+P131,1
Q12682550,1,0,P17_only,0
Q13647965,1,1,P17+P131,1
Q12100756,1,0,P17_only,0
Q12574852,1,0,P17_only,1
Q20098448,1,0,P17_only,0
Q16666626,1,1,P17+P131,1
Q16696113,1,1,P17+P131,1
Q4503778,1,0,P17_only,0
Q16431548,1,1,P17+P131,1
Q135828650,1,0,P17_only,0
Q16669520,1,1,P17+P131,1
Q13641898,1,1,P17+P131,1
Q137527256,1,0,P17_only,0
Q1046127,1,1,P17+P131,1
Q16651838,1,1,P17+P131,1
Q89276919,1,0,P17_only,0
Q12545456,1,1,P17+P131,1
Q13646400,1,1,P17+P131,1
Q20650538,1,0,P17_only,1
Q32199131,1,0,P17_only,0
Q129880699,1,1,P17+P131,1
Q48954442,1,1,P17+P131,0
Q27357795,1,0,P17_only,0
Q27350660,1,1,P17+P131,0
Q12550358,1,0,P17_only,1
Q4071819,1,1,P17+P131,1
Q1316072,1,0,P17_only,0
Q12560215,1,1,P17+P131,1
Q32169717,0,1,P131_only,0
Q12531259,1,1,P17+P131,1
Q13647307,1,1,P17+P131,1
Q15918882,1,1,P17+P131,1
Q16692284,1,1,P17+P131,1
Q20486065,1,0,P17_only,1
Q139925585,1,1,P17+P131,0
Q12548205,1,0,P17_only,1
Q12558023,1,1,P17+P131,1
Q27315,1,1,P17+P131,1
Q1916398,1,0,P17_only,0
Q4256121,1,0,P17_only,0
Q13643514,1,1,P17+P131,1
Q47045253,1,1,P17+P131,0
Q27348170,1,0,P17_only,1
Q135828827,1,0,P17_only,0
Q25482733,1,0,P17_only,1
Q27430542,1,0,P17_only,0
Q123363545,1,0,P17_only,0
Q32202701,1,0,P17_only,0
Q12546494,1,0,P17_only,1
Q27352842,1,0,P17_only,0
Q136090684,1,0,P17_only,0
Q27355158,1,0,P17_only,0
Q12709596,1,0,P17_only,0
Q16274024,1,1,P17+P131,1
Q12528520,1,0,P17_only,1
Q16709481,1,1,P17+P131,1
Q32200098,1,0,P17_only,0
Q32215785,1,0,P17_only,0
Q16432018,1,0,P17_only,1
Q16433822,1,0,P17_only,1
Q16431702,1,0,P17_only,1
Q111297012,1,0,P17_only,0
Q12537100,1,0,P17_only,1
Q12550617,1,0,P17_only,1
Q12564411,1,0,P17_only,1
Q115699819,1,0,P17_only,0
Q65253010,1,0,P17_only,0
Q112654955,0,1,P131_only,0
Q4179405,1,0,P17_only,0
Q112003997,1,0,P17_only,0
Q12573957,1,0,P17_only,1
Q55239181,1,0,P17_only,0
Q20724774,1,0,P17_only,0
Q20081467,1,0,P17_only,0
Q13643532,1,1,P17+P131,1
Q16719135,1,1,P17+P131,1
Q136543415,1,0,P17_only,0
Q13653517,1,1,P17+P131,1
Q18400128,1,1,P17+P131,1
Q27355059,1,0,P17_only,0
Q120081555,1,0,P17_only,1
Q1276472,1,0,P17_only,0
Q55659730,1,0,P17_only,0
Q60852061,1,1,P17+P131,1
Q32205899,1,0,P17_only,0
Q13656165,1,1,P17+P131,1
Q21187684,1,0,P17_only,0
Q135829828,1,0,P17_only,0
Q13642154,1,1,P17+P131,1
Q20098313,1,1,P17+P131,1
Q65082913,1,0,P17_only,0
Q139926967,1,1,P17+P131,0
Q27356966,1,0,P17_only,0
Q2391391,1,1,P17+P131,1
Q18407534,1,1,P17+P131,1
Q2037116,1,1,P17+P131,1
Q12532079,1,0,P17_only,1
Q12547609,1,0,P17_only,1
Q12981710,1,1,P17+P131,1
Q129880791,1,1,P17+P131,1
Q13643172,0,1,P131_only,0
Q12831244,1,0,P17_only,0
Q12530498,1,1,P17+P131,1
Q16433290,1,0,P17_only,1
Q15918899,1,1,P17+P131,1
Q13662920,1,1,P17+P131,1
Q27357713,1,0,P17_only,0
Q16431774,1,1,P17+P131,1
Q32191037,1,0,P17_only,1
Q12547309,1,1,P17+P131,1
Q16274494,1,1,P17+P131,1
Q16651135,1,1,P17+P131,1
Q131884187,1,1,P17+P131,1
Q27350678,1,0,P17_only,0
Q16651263,1,1,P17+P131,1
Q32186421,1,0,P17_only,0
Q32189459,1,1,P17+P131,0
Q32179461,1,1,P17+P131,0
Q1046261,1,1,P17+P131,1
Q65256577,1,0,P17_only,0
Q12535344,1,0,P17_only,1
Q27354633,1,0,P17_only,0
Q27355084,1,0,P17_only,0
Q12574622,1,0,P17_only,1
Q16272982,1,1,P17+P131,1
Q18401838,1,1,P17+P131,1
Q13649799,1,1,P17+P131,1
Q112654973,0,1,P131_only,0
Q17562754,1,1,P17+P131,1
Q30969519,1,1,P17+P131,1
Q12571142,1,1,P17+P131,1
Q12531255,1,0,P17_only,1
Q12701531,1,0,P17_only,0
Q13649814,1,1,P17+P131,1
Q12545900,1,1,P17+P131,1
Q19614348,0,1,P131_only,1
Q27354820,1,0,P17_only,0
Q12543364,1,0,P17_only,1
Q16433123,1,1,P17+P131,1
Q12546558,1,0,P17_only,1
Q12579678,1,1,P17+P131,1
Q12559374,1,1,P17+P131,1
Q13662708,1,1,P17+P131,1
Q16654902,1,1,P17+P131,1
Q61369170,1,1,P17+P131,1
Q96419330,1,0,P17_only,0
Q13652350,0,1,P131_only,1
Q135829579,1,0,P17_only,0
Q65263384,1,0,P17_only,0
Q12533653,1,1,P17+P131,1
Q16681871,1,1,P17+P131,1
Q16701364,1,1,P17+P131,1
Q12552954,1,0,P17_only,1
Q13649135,1,1,P17+P131,1
Q12574881,1,0,P17_only,1
Q27354970,1,0,P17_only,0
Q135829507,1,0,P17_only,0
Q12547922,1,1,P17+P131,1
Q30972140,1,1,P17+P131,1
Q20486162,1,0,P17_only,1
Q49221852,1,1,P17+P131,1
Q27357479,1,0,P17_only,0
Q13642281,1,1,P17+P131,1
Q20098457,1,1,P17+P131,1
Q110654952,1,0,P17_only,0
Q12565067,1,1,P17+P131,1
Q27357175,1,0,P17_only,0
Q56367375,1,1,P17+P131,1
Q13646982,1,1,P17+P131,1
Q27357577,1,0,P17_only,0
Q12548888,1,0,P17_only,1
Q32201004,1,0,P17_only,0
Q25514728,1,1,P17+P131,1
Q97905537,1,0,P17_only,0
Q16431180,1,1,P17+P131,1
Q32211506,1,0,P17_only,0
Q15617676,1,1,P17+P131,1
Q20093714,1,1,P17+P131,1
Q16431045,1,0,P17_only,1
Q13646886,1,1,P17+P131,1
Q27356987,1,0,P17_only,0
Q13643823,1,1,P17+P131,1
Q4026735,1,0,P17_only,0
Q25055809,1,0,P17_only,1
Q20486207,1,1,P17+P131,1
Q18508934,1,0,P17_only,1
Q65254213,1,0,P17_only,0
Q3722931,1,1,P17+P131,1
Q4127576,1,0,P17_only,1
Q27430950,1,0,P17_only,0
Q79326946,1,1,P17+P131,0
Q27354765,1,0,P17_only,0
Q16432583,1,0,P17_only,1
Q16432627,1,0,P17_only,1
Q4059229,1,1,P17+P131,1
Q16701362,1,1,P17+P131,1
Q15063050,1,1,P17+P131,1
Q135828789,1,0,P17_only,0
Q27351915,1,1,P17+P131,0
Q32169607,0,1,P131_only,1
Q135829323,1,0,P17_only,0
Q13640666,0,1,P131_only,1
Q3723233,1,1,P17+P131,1
Q12577187,1,0,P17_only,1
Q20484536,1,0,P17_only,1
Q1548349,1,0,P17_only,1
Q13653135,0,1,P131_only,1
Q4505991,1,1,P17+P131,0
Q2016666,1,0,P17_only,0
Q27358057,1,0,P17_only,0
Q12531712,1,1,P17+P131,1
Q27348121,1,0,P17_only,0
Q16434766,1,0,P17_only,1
Q13664062,1,1,P17+P131,1
Q114829364,1,1,P17+P131,0
Q671139,1,0,P17_only,1
Q13653573,1,1,P17+P131,1
Q16433271,1,0,P17_only,1
Q4415112,1,1,P17+P131,1
Q13668141,1,1,P17+P131,0
Q12554293,1,1,P17+P131,1
Q32216429,1,0,P17_only,0
Q12532197,1,0,P17_only,1
Q27430810,1,0,P17_only,0
Q3274296,1,1,P17+P131,1
Q13649037,1,1,P17+P131,1
Q16694825,1,1,P17+P131,1
Q16272217,0,1,P131_only,1
Q61368659,1,1,P17+P131,1
Q13641569,1,1,P17+P131,1
Q16706449,1,1,P17+P131,1
Q27430711,1,0,P17_only,0
Q27354835,1,0,P17_only,0
Q32218973,1,0,P17_only,0
Q13365435,0,1,P131_only,1
Q3433599,1,1,P17+P131,1
Q22204003,1,1,P17+P131,1
Q32188671,1,0,P17_only,0
Q4273751,1,1,P17+P131,1
Q18407431,1,1,P17+P131,1
Q27354919,1,0,P17_only,0
Q112392850,1,0,P17_only,0
Q20072637,0,1,P131_only,1
P10130,1,0,P17_only,0
Q18400670,1,1,P17+P131,1
Q12575509,1,1,P17+P131,1
Q16697758,1,1,P17+P131,1
Q12529613,1,0,P17_only,1
Q27351116,1,0,P17_only,0
Q135828552,1,0,P17_only,0
Q12543141,1,0,P17_only,1
Q13652690,0,1,P131_only,1
Q3739702,1,1,P17+P131,1
Q13665089,1,1,P17+P131,0
Q16432854,1,0,P17_only,1
Q32183604,1,0,P17_only,0
Q32200222,1,0,P17_only,0
Q12577624,1,1,P17+P131,1
Q27275,1,0,P17_only,1
Q20486155,1,0,P17_only,1
Q30973184,1,1,P17+P131,1
Q13641612,1,1,P17+P131,1
Q32170065,0,1,P131_only,0
Q21190903,1,0,P17_only,0
Q20098332,1,1,P17+P131,1
Q49754930,1,0,P17_only,0
Q32188726,1,0,P17_only,0
Q32202193,1,0,P17_only,0
Q3853597,1,0,P17_only,1
Q30969633,1,1,P17+P131,1
Q17562703,1,1,P17+P131,0
Q16663135,1,1,P17+P131,1
Q106960433,1,0,P17_only,0
Q27357083,1,0,P17_only,0
Q2369135,1,0,P17_only,1
Q17749596,1,1,P17+P131,1
Q27354889,1,0,P17_only,0
Q32199552,1,0,P17_only,0
Q16431750,1,1,P17+P131,1
Q12574573,1,1,P17+P131,1
Q30974947,1,1,P17+P131,1
Q32203524,1,1,P17+P131,0
Q16666659,1,1,P17+P131,1
Q2253476,1,0,P17_only,0
Q16682661,1,1,P17+P131,1
Q16723234,1,1,P17+P131,1
Q27351779,1,1,P17+P131,1
Q137165176,1,0,P17_only,0
Q97166244,1,0,P17_only,0
Q4062778,1,1,P17+P131,1
Q13652068,1,1,P17+P131,1
Q23021659,1,0,P17_only,1
Q13652596,0,1,P131_only,1
Q20098343,1,1,P17+P131,1
Q20486058,1,0,P17_only,1
Q13640733,1,1,P17+P131,1
Q16432181,1,0,P17_only,1
Q130062654,1,0,P17_only,0
Q13651641,1,1,P17+P131,1
Q27357829,1,0,P17_only,0
Q16432149,1,0,P17_only,1
Q12534762,1,1,P17+P131,1
Q16434656,1,0,P17_only,1
Q12550417,1,0,P17_only,1
Q64697122,1,0,P17_only,0
Q27352688,0,1,P131_only,0
Q13643511,1,1,P17+P131,1
Q17749574,1,1,P17+P131,1
Q112544047,0,1,P131_only,0
Q20485728,1,0,P17_only,1
Q20098377,1,1,P17+P131,1
Q20214771,1,0,P17_only,0
Q19819936,0,1,P131_only,1
Q27348083,1,0,P17_only,1
Q32219234,1,1,P17+P131,0
Q135830068,1,0,P17_only,0
Q25493384,1,0,P17_only,1
Q140673257,1,0,P17_only,0
Q4381341,1,1,P17+P131,1
Q13649584,1,1,P17+P131,1
Q16434211,1,0,P17_only,1
Q13649039,1,1,P17+P131,1
Q16432533,1,0,P17_only,1
Q30969868,1,1,P17+P131,1
Q12537197,1,1,P17+P131,1
Q16676260,1,1,P17+P131,0
Q13650548,1,1,P17+P131,1
Q20486260,1,0,P17_only,1
Q32190087,1,0,P17_only,0
Q134100663,1,0,P17_only,0
Q19916298,0,1,P131_only,1
Q27350736,1,0,P17_only,1
Q895797,0,1,P131_only,1
Q13664415,1,1,P17+P131,1
Q12575187,1,0,P17_only,1
Q135829945,1,0,P17_only,0
Q16638930,0,1,P131_only,0
Q108363284,1,0,P17_only,0
Q18407409,1,1,P17+P131,1
Q20484889,1,1,P17+P131,1
Q27352885,1,1,P17+P131,1
Q16696067,1,1,P17+P131,1
Q13642165,1,1,P17+P131,1
Q135829531,1,0,P17_only,0
Q32215751,1,1,P17+P131,0
Q13653180,0,1,P131_only,1
Q56367348,1,1,P17+P131,1
Q16431411,1,1,P17+P131,1
Q17749594,1,1,P17+P131,1
Q27354948,1,0,P17_only,0
Q136825769,1,0,P17_only,0
Q136656449,1,0,P17_only,0
Q12551348,0,1,P131_only,1
Q13643467,1,1,P17+P131,1
Q12543555,1,0,P17_only,1
Q27348237,1,0,P17_only,0
Q18408960,1,1,P17+P131,1
Q12531630,1,1,P17+P131,1
Q12569483,1,1,P17+P131,1
Q27430533,1,0,P17_only,0
Q1046027,1,1,P17+P131,1
Q136090667,1,0,P17_only,0
Q12536361,1,1,P17+P131,1
Q1131855,1,0,P17_only,1
Q32188618,1,1,P17+P131,0
Q17562740,1,1,P17+P131,1
Q2625376,1,0,P17_only,0
Q16666594,1,1,P17+P131,1
Q12015006,1,1,P17+P131,1
Q15617549,1,1,P17+P131,1
Q138860178,1,0,P17_only,0
Q12557613,1,0,P17_only,1
Q114963136,1,0,P17_only,1
Q130289449,1,0,P17_only,0
Q32199701,1,0,P17_only,0
Q10697030,1,1,P17+P131,1
Q27352893,1,0,P17_only,0
Q16273774,1,1,P17+P131,0
Q16432009,1,0,P17_only,1
Q13641802,1,1,P17+P131,1
Q56366900,1,1,P17+P131,1
Q32191834,1,0,P17_only,0
Q16433200,1,0,P17_only,1
Q125611798,1,0,P17_only,0
Q12224210,1,1,P17+P131,1
Q17494779,1,1,P17+P131,1
Q4416973,1,1,P17+P131,1
Q57065659,1,0,P17_only,0
Q118149812,1,0,P17_only,0
Q123225297,1,0,P17_only,0
Q13647989,1,1,P17+P131,1
Q21072379,1,1,P17+P131,1
Q27352691,0,1,P131_only,0
Q12565187,1,0,P17_only,1
Q61368869,1,1,P17+P131,1
Q32193958,1,0,P17_only,0
Q13218997,1,0,P17_only,0
Q111460652,1,1,P17+P131,0
Q12574724,1,1,P17+P131,1
Q12568183,1,1,P17+P131,1
Q12561200,1,1,P17+P131,1
Q16273032,1,1,P17+P131,1
Q16696109,1,1,P17+P131,1
Q54828086,1,0,P17_only,0
Q127606283,1,0,P17_only,1
Q13642047,1,1,P17+P131,1
Q12574531,1,0,P17_only,1
Q2506627,1,0,P17_only,0
Q16686709,1,1,P17+P131,1
Q25505124,1,0,P17_only,1
Q13663140,1,1,P17+P131,1
Q55239194,1,0,P17_only,0
Q62575894,1,1,P17+P131,0
Q16259639,0,1,P131_only,0
Q619361,1,1,P17+P131,1
Q12574095,1,0,P17_only,1
Q16433295,1,0,P17_only,1
Q32177117,1,0,P17_only,0
Q56368778,1,1,P17+P131,1
Q27430922,1,0,P17_only,0
Q16665774,1,1,P17+P131,1
Q32189952,1,1,P17+P131,0
Q12552798,1,0,P17_only,1
Q30975181,1,1,P17+P131,1
Q16655613,1,1,P17+P131,1
Q111987792,1,0,P17_only,1
Q16433466,1,0,P17_only,1
Q2154191,1,0,P17_only,1
Q97274611,1,0,P17_only,0
Q13652433,0,1,P131_only,1
Q16272465,1,1,P17+P131,1
Q61369000,1,1,P17+P131,1
Q16432075,1,0,P17_only,1
Q32193525,1,0,P17_only,0
Q13641795,1,1,P17+P131,1
Q32184318,1,0,P17_only,0
Q27348294,1,0,P17_only,0
Q32212405,1,0,P17_only,0
Q25520903,1,0,P17_only,1
Q12552185,1,0,P17_only,1
Q13655773,1,1,P17+P131,1
Q12566190,1,0,P17_only,1
Q16434396,1,0,P17_only,1
Q13651802,1,1,P17+P131,1
Q27357737,1,0,P17_only,0
Q112544050,0,1,P131_only,0
Q55833295,1,0,P17_only,0
Q32206965,1,0,P17_only,1
Q61367342,1,1,P17+P131,1
Q27355169,1,0,P17_only,0
Q25506809,1,0,P17_only,1
Q16680863,1,1,P17+P131,1
Q32177444,1,1,P17+P131,0
Q110872243,1,0,P17_only,0
Q12527248,1,0,P17_only,1
Q16431238,1,0,P17_only,1
Q20484499,1,0,P17_only,1
Q106363479,1,1,P17+P131,0
Q97164388,1,0,P17_only,0
Q131723744,1,0,P17_only,0
Q65176866,1,1,P17+P131,0
Q16709711,1,1,P17+P131,1
Q32214210,1,0,P17_only,0
Q13641823,1,1,P17+P131,1
Q13646091,1,1,P17+P131,1
Q32215583,1,0,P17_only,0
Q16432019,1,1,P17+P131,1
Q22205182,1,1,P17+P131,1
Q27354873,1,0,P17_only,0
Q13661782,1,1,P17+P131,1
Q13664728,1,1,P17+P131,1
Q32202385,1,0,P17_only,0
Q65266382,1,0,P17_only,0
Q109255001,1,0,P17_only,1
Q3885324,1,0,P17_only,1
Q27358051,1,0,P17_only,0
Q12569477,1,1,P17+P131,1
Q32214760,1,0,P17_only,0
Q32213475,1,0,P17_only,0
Q13641591,1,1,P17+P131,1
Q12572261,1,1,P17+P131,1
Q13652447,0,1,P131_only,1
Q16432446,1,1,P17+P131,1
Q32175844,1,0,P17_only,0
Q32178994,1,0,P17_only,0
Q11807180,1,0,P17_only,0
Q56366852,1,1,P17+P131,1
Q85787940,1,0,P17_only,0
Q12709189,1,0,P17_only,0
Q56309356,1,1,P17+P131,1
Q32206857,1,0,P17_only,0
Q20486165,1,0,P17_only,1
Q13551311,0,1,P131_only,1
Q13359458,0,1,P131_only,1
Q16273770,1,1,P17+P131,1
Q15617731,1,1,P17+P131,1
Q27348218,1,0,P17_only,0
Q68523331,1,0,P17_only,0
Q61366283,1,1,P17+P131,1
Q12558882,1,1,P17+P131,1
Q12574193,1,1,P17+P131,1
Q12554888,1,0,P17_only,1
Q32171850,1,0,P17_only,0
Q86521237,1,0,P17_only,0
Q13643685,1,1,P17+P131,1
Q27352080,1,0,P17_only,1
Q97274875,1,0,P17_only,0
Q16434613,1,1,P17+P131,1
Q12532478,1,1,P17+P131,1
Q138746141,1,1,P17+P131,0
Q13359453,0,1,P131_only,1
Q64197013,1,0,P17_only,1
Q12561248,1,1,P17+P131,1
Q77041637,1,0,P17_only,0
Q55657883,1,0,P17_only,0
Q134691832,1,1,P17+P131,1
Q16431768,1,0,P17_only,1
Q136762124,1,0,P17_only,1
Q92762349,1,1,P17+P131,0
Q16431639,1,1,P17+P131,1
Q16434328,1,0,P17_only,1
Q20486294,1,1,P17+P131,1
Q135829917,1,0,P17_only,0
Q16669162,1,1,P17+P131,1
Q4179783,1,0,P17_only,1
Q61085379,1,0,P17_only,0
Q27348105,1,0,P17_only,0
Q16651860,1,1,P17+P131,1
Q12578294,1,0,P17_only,1
Q12556438,1,1,P17+P131,1
Q12532661,1,1,P17+P131,1
Q4516043,1,0,P17_only,1
Q97480072,1,0,P17_only,0
Q12562236,1,1,P17+P131,1
Q123363865,1,0,P17_only,0
Q56367243,1,1,P17+P131,1
Q12682646,1,1,P17+P131,1
Q32179182,1,0,P17_only,1
Q111862438,1,0,P17_only,0
Q16720756,1,1,P17+P131,1
Q65266894,1,0,P17_only,0
Q12534354,1,0,P17_only,1
Q18409529,1,1,P17+P131,1
Q486144,1,1,P17+P131,1
Q21103751,1,1,P17+P131,0
Q485348,1,0,P17_only,1
Q4173988,1,0,P17_only,1
Q27430936,1,0,P17_only,0
Q13359485,0,1,P131_only,1
Q111842095,1,0,P17_only,0
Q12532098,1,0,P17_only,1
Q27354912,1,0,P17_only,0
Q135829801,1,0,P17_only,0
Q4314585,1,1,P17+P131,1
Q6380806,1,0,P17_only,0
Q111862480,1,0,P17_only,0
Q16948307,1,0,P17_only,0
Q65980283,1,0,P17_only,0
Q4062766,1,1,P17+P131,0
Q60851807,1,0,P17_only,0
Q16431245,1,0,P17_only,1
Q27348072,1,0,P17_only,1
Q12549170,1,0,P17_only,1
Q13651712,1,1,P17+P131,1
Q13648026,1,1,P17+P131,1
Q12566146,1,1,P17+P131,1
Q12545334,1,0,P17_only,1
Q2630507,1,0,P17_only,0
Q22203492,1,1,P17+P131,1
Q12647311,1,0,P17_only,0
Q12548528,1,0,P17_only,1
Q27430761,1,0,P17_only,0
Q32178097,1,0,P17_only,0
Q27358045,1,0,P17_only,0
Q123225294,1,0,P17_only,0
Q65172432,1,1,P17+P131,0
Q12550833,1,1,P17+P131,1
Q138020507,1,1,P17+P131,1
Q30973843,1,1,P17+P131,1
Q12574333,1,0,P17_only,1
Q12555876,1,0,P17_only,1
Q12578920,1,0,P17_only,1
Q16652322,1,1,P17+P131,1
Q47045418,1,1,P17+P131,0
Q27348135,1,0,P17_only,0
Q16431649,1,1,P17+P131,1
Q111862444,1,0,P17_only,0
Q111297051,1,0,P17_only,0
Q27357913,1,0,P17_only,0
Q136090686,1,0,P17_only,0
Q16274496,1,1,P17+P131,1
Q13645691,1,1,P17+P131,1
Q13645685,1,1,P17+P131,1
Q61366948,1,1,P17+P131,1
Q20098472,1,1,P17+P131,1
Q12577902,1,0,P17_only,1
Q32215880,1,0,P17_only,0
Q12574170,1,0,P17_only,1
Q16661539,1,1,P17+P131,1
Q32181866,1,0,P17_only,0
Q16432798,1,1,P17+P131,1
Q13643258,1,1,P17+P131,1
Q32177779,1,0,P17_only,0
Q13648073,1,1,P17+P131,1
Q27357283,1,1,P17+P131,0
Q56368800,1,1,P17+P131,1
Q27431032,1,0,P17_only,0
Q20072905,0,1,P131_only,1
Q16664440,1,1,P17+P131,1
Q20077501,1,1,P17+P131,1
Q27352838,1,1,P17+P131,0
Q12534676,1,0,P17_only,1
Q17494786,1,1,P17+P131,1
Q13643168,0,1,P131_only,1
Q616509,1,1,P17+P131,1
Q32193042,1,0,P17_only,0
Q20076778,1,1,P17+P131,1
Q16533513,0,1,P131_only,1
Q27357939,1,0,P17_only,0
Q27430926,1,0,P17_only,0
Q27352286,1,1,P17+P131,0
Q112654972,0,1,P131_only,0
Q32183435,1,0,P17_only,0
Q27348164,1,0,P17_only,0
Q12575152,1,1,P17+P131,1
Q16433286,1,0,P17_only,1
Q65080288,1,0,P17_only,0
Q30969308,1,1,P17+P131,1
Q13640867,1,1,P17+P131,1
Q32185925,1,1,P17+P131,0
Q125611764,1,0,P17_only,0
Q12538329,1,1,P17+P131,1
Q13663979,1,1,P17+P131,1
Q28671099,1,1,P17+P131,1
Q28671101,1,1,P17+P131,1
Q42911891,1,0,P17_only,1
Q16433087,1,1,P17+P131,1
Q12574802,1,0,P17_only,0
Q16433719,1,1,P17+P131,1
Q108533921,1,0,P17_only,0
Q135829856,1,0,P17_only,0
Q13643246,1,1,P17+P131,1
Q3723409,1,0,P17_only,1
Q27350783,1,0,P17_only,0
Q32199490,1,0,P17_only,0
Q931937,1,0,P17_only,1
Q135828879,1,0,P17_only,0
Q18408768,1,1,P17+P131,0
Q32213166,1,1,P17+P131,0
Q12527686,1,0,P17_only,1
Q13643793,1,1,P17+P131,1
Q13643645,1,1,P17+P131,1
Q13649965,1,1,P17+P131,1
Q1073433,1,1,P17+P131,1
Q22203088,1,1,P17+P131,1
Q25505356,1,1,P17+P131,0
Q2129065,1,0,P17_only,1
Q32182431,1,0,P17_only,0
Q16431504,1,0,P17_only,1
Q32168242,1,0,P17_only,0
Q56734868,1,1,P17+P131,1
Q32191416,1,0,P17_only,0
Q12553435,1,1,P17+P131,1
Q13653597,1,1,P17+P131,1
Q24199613,0,1,P131_only,0
Q18408984,1,1,P17+P131,0
Q55657185,1,0,P17_only,0
Q16432021,1,0,P17_only,1
Q18408510,1,1,P17+P131,1
Q108794663,1,0,P17_only,0
Q123363533,1,0,P17_only,0
Q135828488,1,0,P17_only,0
Q112654952,0,1,P131_only,0
Q112635511,0,1,P131_only,0
Q55615766,1,0,P17_only,0
Q65266127,1,0,P17_only,0
Q12544164,0,1,P131_only,1
Q12886398,1,0,P17_only,0
Q16652127,1,1,P17+P131,1
Q65251491,1,0,P17_only,0
Q1734806,1,0,P17_only,1
Q27350656,1,0,P17_only,0
Q31445982,1,0,P17_only,1
Q16682812,1,1,P17+P131,1
Q12535249,1,0,P17_only,1
Q27354934,1,0,P17_only,0
Q12532115,1,0,P17_only,1
Q107691481,1,1,P17+P131,0
Q32187186,1,0,P17_only,0
Q12576432,1,1,P17+P131,1
Q32203726,1,1,P17+P131,0
Q16431699,1,1,P17+P131,1
Q111862449,1,0,P17_only,0
Q18407357,1,1,P17+P131,1
Q12580452,1,0,P17_only,0
Q117224541,1,0,P17_only,1
Q32206327,1,1,P17+P131,0
Q28666601,1,0,P17_only,0
Q1734795,1,1,P17+P131,1
Q4216726,1,0,P17_only,1
Q106616644,1,0,P17_only,0
Q27430998,1,1,P17+P131,0
Q55832813,1,0,P17_only,1
Q4284460,1,1,P17+P131,1
Q27430536,1,0,P17_only,0
Q27355008,1,0,P17_only,0
Q16664750,1,1,P17+P131,1
Q13652237,1,1,P17+P131,1
Q47982,1,1,P17+P131,1
Q32176356,1,1,P17+P131,0
Q16433091,1,0,P17_only,1
Q4153367,1,0,P17_only,0
Q12575803,1,1,P17+P131,1
Q4167300,1,0,P17_only,1
Q72915114,1,0,P17_only,0
Q27430644,1,0,P17_only,1
Q4509466,1,1,P17+P131,1
Q12571257,1,1,P17+P131,1
Q50036213,1,0,P17_only,0
Q56366795,1,1,P17+P131,1
Q32182831,1,0,P17_only,0
Q16431666,1,0,P17_only,1
Q16431854,1,0,P17_only,1
Q649007,1,1,P17+P131,1
Q4388868,1,1,P17+P131,1
Q32205299,1,0,P17_only,0
Q27431007,1,0,P17_only,0
Q32211442,1,0,P17_only,0
Q32189509,1,0,P17_only,0
Q27358194,1,1,P17+P131,0
Q12542828,1,0,P17_only,1
Q12546157,1,1,P17+P131,1
Q139964816,1,1,P17+P131,0
Q134590745,1,0,P17_only,0
Q13642171,1,1,P17+P131,1
Q2231343,1,1,P17+P131,1
Q713955,1,1,P17+P131,1
Q27357019,1,0,P17_only,0
Q27357606,1,0,P17_only,0
Q32217318,1,1,P17+P131,0
Q65124417,1,0,P17_only,0
Q61368741,1,1,P17+P131,1
Q123363602,1,0,P17_only,0
Q31195521,1,1,P17+P131,1
Q134485347,1,0,P17_only,0
Q10992030,1,1,P17+P131,1
Q30972162,1,1,P17+P131,1
Q20485782,1,1,P17+P131,1
Q30974378,1,1,P17+P131,1
Q13643337,1,1,P17+P131,1
Q20484345,1,1,P17+P131,1
Q27357393,1,0,P17_only,0
Q4505564,1,1,P17+P131,1
Q4328044,1,0,P17_only,1
Q4450036,1,1,P17+P131,1
Q13652383,0,1,P131_only,1
Q27351439,1,0,P17_only,0
Q13651909,1,1,P17+P131,1
Q135828835,1,0,P17_only,0
Q634401,1,1,P17+P131,1
Q27357281,1,1,P17+P131,0
Q32203230,1,0,P17_only,0
Q12527803,1,0,P17_only,1
Q12576896,1,1,P17+P131,1
Q12563319,1,0,P17_only,1
Q32191689,1,0,P17_only,0
Q16701035,1,1,P17+P131,1
Q28407139,1,1,P17+P131,1
Q16661715,1,1,P17+P131,1
Q55239183,1,0,P17_only,0
Q107752583,1,0,P17_only,0
Q16707064,1,1,P17+P131,1
Q13359464,0,1,P131_only,1
Q12546591,1,1,P17+P131,1
Q12690526,1,0,P17_only,0
Q16661533,1,1,P17+P131,1
Q16433352,1,0,P17_only,1
Q32211110,1,0,P17_only,0
Q598256,1,1,P17+P131,1
Q27355014,1,0,P17_only,0
Q16693431,1,1,P17+P131,1
Q115906692,1,0,P17_only,0
Q18400438,1,1,P17+P131,0
Q27430989,1,0,P17_only,0
Q110158634,1,0,P17_only,0
Q13649080,1,1,P17+P131,1
Q4536569,1,0,P17_only,0
Q32213900,1,0,P17_only,0
Q12529805,1,1,P17+P131,1
Q6363115,1,1,P17+P131,1
Q13647349,1,1,P17+P131,1
Q13645866,1,1,P17+P131,1
Q135828925,1,0,P17_only,0
Q32213823,1,1,P17+P131,0
Q12532283,1,1,P17+P131,1
Q16661883,1,1,P17+P131,1
Q12539396,1,0,P17_only,1
Q4376441,1,1,P17+P131,1
Q20093839,1,1,P17+P131,1
Q27356969,1,0,P17_only,0
Q27354381,1,1,P17+P131,1
Q16533371,0,1,P131_only,1
Q56309617,1,0,P17_only,1
Q123363454,1,0,P17_only,0
Q16704788,1,1,P17+P131,1
Q27430553,1,0,P17_only,1
Q12558104,1,0,P17_only,1
Q2632001,1,1,P17+P131,1
Q13643651,1,1,P17+P131,1
Q111862460,1,0,P17_only,0
Q12576032,1,0,P17_only,1
Q135829606,1,0,P17_only,0
Q13643263,1,1,P17+P131,1
Q32195493,1,0,P17_only,0
Q24886080,1,0,P17_only,0
Q4056871,1,0,P17_only,1
Q19916917,0,1,P131_only,1
Q30970528,1,1,P17+P131,1
Q20072640,0,1,P131_only,1
Q32213487,1,0,P17_only,0
Q32206117,1,0,P17_only,0
Q19915344,0,1,P131_only,0
Q17562690,1,1,P17+P131,1
Q4452303,1,1,P17+P131,1
Q13648422,1,1,P17+P131,1
Q12701475,1,1,P17+P131,1
Q27357985,1,0,P17_only,0
Q135829906,1,0,P17_only,0
Q13642402,0,1,P131_only,1
Q30973840,1,1,P17+P131,1
Q13646661,1,1,P17+P131,1
Q111987791,1,0,P17_only,1
Q1114199,1,0,P17_only,0
Q32193690,1,0,P17_only,0
Q16651341,1,1,P17+P131,1
Q16433684,1,0,P17_only,1
Q2556225,1,1,P17+P131,1
Q117377727,1,0,P17_only,0
Q124338868,1,0,P17_only,0
Q12574770,1,0,P17_only,1
Q27354842,1,0,P17_only,0
Q30972863,1,1,P17+P131,1
Q12562888,1,1,P17+P131,1
Q25502750,1,0,P17_only,1
Q32201359,1,0,P17_only,0
Q12565347,1,0,P17_only,1
Q56367438,1,1,P17+P131,1
Q138667393,1,0,P17_only,0
Q12532214,1,1,P17+P131,1
Q122583673,1,1,P17+P131,0
Q4507122,1,1,P17+P131,0
Q30972862,1,1,P17+P131,1
Q32176274,1,0,P17_only,0
Q12531237,1,0,P17_only,1
Q12542252,1,1,P17+P131,1
Q20098380,1,1,P17+P131,1
Q138965679,1,1,P17+P131,1
Q32218806,1,0,P17_only,0
Q12535820,1,1,P17+P131,1
Q18408955,1,1,P17+P131,1
Q30969406,1,1,P17+P131,1
Q86664591,1,0,P17_only,0
Q56367114,1,1,P17+P131,1
Q25504704,1,0,P17_only,1
Q27351754,1,0,P17_only,0
Q18408753,1,0,P17_only,0
Q12562430,1,0,P17_only,1
Q1337665,1,0,P17_only,1
Q16432773,1,1,P17+P131,1
Q8134265,1,1,P17+P131,1
Q12550983,1,0,P17_only,1
Q16434139,1,1,P17+P131,1
Q16434146,1,1,P17+P131,1
Q16433812,1,0,P17_only,1
Q137427254,1,0,P17_only,1
Q27354969,1,0,P17_only,0
Q16431651,1,0,P17_only,1
Q16651003,1,1,P17+P131,1
Q65254322,1,0,P17_only,0
Q123363456,1,0,P17_only,0
Q12548670,1,0,P17_only,1
Q12532124,1,0,P17_only,1
Q16433511,1,0,P17_only,1
Q27351706,1,0,P17_only,0
Q12576389,1,1,P17+P131,1
Q32182932,1,0,P17_only,0
Q28406287,1,0,P17_only,0
Q106116921,1,0,P17_only,0
Q99571364,0,1,P131_only,0
Q12537758,1,1,P17+P131,1
Q16669476,1,1,P17+P131,1
Q32185867,1,0,P17_only,0
Q16433243,1,1,P17+P131,1
Q16661803,1,1,P17+P131,1
Q16691536,1,1,P17+P131,1
Q13652358,0,1,P131_only,1
Q4480029,1,0,P17_only,0
Q12561231,1,1,P17+P131,1
Q12570001,1,1,P17+P131,1
Q28504290,1,0,P17_only,1
Q4208708,1,1,P17+P131,1
Q16721250,1,1,P17+P131,1
Q30975070,1,1,P17+P131,1
Q16719013,1,1,P17+P131,1
Q1513804,1,1,P17+P131,1
Q16434494,1,1,P17+P131,1
Q135829509,1,0,P17_only,0
Q2736622,1,1,P17+P131,1
Q13652527,0,1,P131_only,1
Q32204379,1,0,P17_only,0
Q32181672,1,1,P17+P131,0
Q13663381,1,1,P17+P131,1
Q13655884,1,1,P17+P131,1
Q30973172,1,1,P17+P131,1
Q13662918,1,1,P17+P131,1
Q30973850,1,1,P17+P131,1
Q13653403,1,1,P17+P131,1
Q32169531,0,1,P131_only,0
Q15280689,1,1,P17+P131,0
Q12566926,1,0,P17_only,1
Q16704849,1,1,P17+P131,1
Q27354777,1,0,P17_only,0
Q129882775,1,0,P17_only,0
Q12695992,1,0,P17_only,0
Q23958840,1,0,P17_only,1
Q16434614,1,1,P17+P131,1
Q22668045,1,0,P17_only,1
Q116233804,1,0,P17_only,0
Q21655344,1,0,P17_only,0
Q32211622,1,1,P17+P131,0
Q25494026,1,0,P17_only,1
Q18398898,1,1,P17+P131,0
Q32197315,1,0,P17_only,0
Q18397713,1,0,P17_only,1
Q32190351,1,0,P17_only,1
Q16646072,0,1,P131_only,1
Q16652351,1,1,P17+P131,1
Q16433325,1,0,P17_only,1
Q27430803,1,0,P17_only,0
Q16272154,0,1,P131_only,1
Q12536380,1,0,P17_only,1
Q45728517,1,0,P17_only,0
Q1432356,1,1,P17+P131,1
Q13653529,1,1,P17+P131,1
Q16665407,1,1,P17+P131,0
Q20454250,1,0,P17_only,0
Q27357332,1,1,P17+P131,0
Q12564582,1,0,P17_only,1
Q108533887,1,0,P17_only,0
Q18404966,1,1,P17+P131,0
Q13645881,1,1,P17+P131,1
Q12566443,1,1,P17+P131,1
Q9141834,1,0,P17_only,0
Q25492946,1,0,P17_only,1
Q6452950,1,0,P17_only,0
Q27430840,1,0,P17_only,0
Q10396525,1,0,P17_only,1
Q123363546,1,0,P17_only,0
Q16431891,1,0,P17_only,1
Q137942174,1,0,P17_only,0
Q12698988,1,0,P17_only,0
Q13648740,1,1,P17+P131,1
Q27430860,1,0,P17_only,0
Q16433153,1,1,P17+P131,1
Q130967497,1,0,P17_only,0
Q20098410,1,1,P17+P131,1
Q13666775,1,1,P17+P131,1
Q18408007,1,1,P17+P131,1
Q20077355,1,0,P17_only,0
Q18407565,1,1,P17+P131,1
Q16911641,1,0,P17_only,0
Q19960384,0,1,P131_only,0
Q131723751,1,0,P17_only,0
Q12547110,1,1,P17+P131,1
Q12528886,1,1,P17+P131,1
Q98908313,0,1,P131_only,0
Q3845354,1,0,P17_only,0
Q16702045,1,1,P17+P131,1
Q13647333,1,1,P17+P131,1
Q16668762,1,1,P17+P131,0
Q16652294,1,1,P17+P131,1
Q16274388,1,1,P17+P131,1
Q13664411,1,1,P17+P131,1
Q16722557,1,1,P17+P131,1
Q13665075,1,1,P17+P131,1
Q56367346,1,1,P17+P131,1
Q134420753,1,0,P17_only,0
Q135828800,1,0,P17_only,0
Q32199749,1,1,P17+P131,0
Q12535233,1,1,P17+P131,1
Q13643321,1,1,P17+P131,1
Q13664546,1,1,P17+P131,1
Q111113602,1,0,P17_only,0
Q16662412,0,1,P131_only,0
Q65256512,1,0,P17_only,0
Q12574780,1,0,P17_only,1
Q17494806,1,1,P17+P131,1
Q13646544,1,1,P17+P131,1
P12314,1,0,P17_only,0
Q15617663,1,1,P17+P131,1
Q65253952,1,1,P17+P131,1
Q30972933,1,1,P17+P131,1
Q12579393,1,1,P17+P131,1
Q18406076,1,1,P17+P131,1
Q16272360,0,1,P131_only,1
Q13646665,1,1,P17+P131,1
Q27355141,1,1,P17+P131,0
Q20484395,1,0,P17_only,1
Q27357119,1,0,P17_only,0
Q5484,1,0,P17_only,1
Q60289651,1,0,P17_only,0
Q16706949,1,1,P17+P131,0
Q16671796,1,1,P17+P131,1
Q135829926,1,0,P17_only,0
Q16685609,1,1,P17+P131,0
Q32193457,1,0,P17_only,0
Q12570055,1,0,P17_only,1
Q16706633,1,1,P17+P131,1
Q20098532,1,1,P17+P131,1
Q12559867,1,1,P17+P131,1
Q27354803,1,0,P17_only,0
Q112004008,1,0,P17_only,0
Q16657159,1,1,P17+P131,1
Q27357648,1,0,P17_only,0
Q16668871,1,1,P17+P131,1
Q11342388,1,1,P17+P131,1
Q13359454,0,1,P131_only,1
Q17747263,1,0,P17_only,0
Q27351149,1,0,P17_only,0
Q4506565,1,1,P17+P131,1
Q16704818,1,1,P17+P131,1
Q12830553,1,1,P17+P131,1
Q60972226,1,0,P17_only,0
Q20486093,1,0,P17_only,1
Q12532833,1,1,P17+P131,1
Q32206297,1,0,P17_only,0
Q16663010,1,1,P17+P131,1
Q13359426,0,1,P131_only,1
Q16669522,1,1,P17+P131,1
Q16433450,1,0,P17_only,1
Q16689595,1,1,P17+P131,1
Q20484046,1,1,P17+P131,1
Q4080476,1,1,P17+P131,1
Q32205927,1,0,P17_only,0
Q32186923,1,0,P17_only,0
Q16683455,1,1,P17+P131,1
Q12576076,1,0,P17_only,1
Q61368993,1,1,P17+P131,1
Q4063033,1,0,P17_only,1
Q13645757,1,1,P17+P131,1
Q16274519,1,1,P17+P131,1
Q12559128,1,1,P17+P131,1
Q12577437,1,1,P17+P131,1
Q32197357,1,0,P17_only,0
Q19615115,0,1,P131_only,0
Q59536867,1,0,P17_only,0
Q16431878,1,1,P17+P131,1
Q13646177,1,1,P17+P131,1
Q56367100,1,1,P17+P131,1
Q42803901,1,0,P17_only,0
Q18400074,1,1,P17+P131,0
Q135829116,1,0,P17_only,0
Q12559344,1,1,P17+P131,1
Q25512515,1,0,P17_only,1
Q123363609,1,0,P17_only,0
Q4427410,1,0,P17_only,1
Q12549199,1,1,P17+P131,0
Q17057350,1,1,P17+P131,0
Q13642412,0,1,P131_only,1
Q13664525,1,1,P17+P131,1
Q139847401,1,1,P17+P131,0
Q32175355,1,0,P17_only,0
Q27354993,1,0,P17_only,0
Q1047274,1,0,P17_only,1
Q123225296,1,0,P17_only,0
Q13662929,1,1,P17+P131,1
Q111297053,1,0,P17_only,0
Q16679313,1,1,P17+P131,1
Q16664592,1,1,P17+P131,1
Q12575424,1,0,P17_only,1
Q27357365,1,0,P17_only,0
Q13664053,1,1,P17+P131,1
Q27358022,1,0,P17_only,0
Q108533855,1,0,P17_only,0
Q56368951,1,1,P17+P131,1
Q13652372,0,1,P131_only,1
Q16431501,1,0,P17_only,1
Q16431792,1,1,P17+P131,1
Q116233790,1,0,P17_only,0
Q108785045,1,0,P17_only,0
Q13648704,1,1,P17+P131,1
Q32202983,1,0,P17_only,0
Q27354859,1,0,P17_only,0
Q15918878,1,1,P17+P131,1
Q108533788,1,0,P17_only,0
Q32185055,1,0,P17_only,0
Q27351238,1,0,P17_only,0
Q115936086,1,0,P17_only,0
Q65256569,1,0,P17_only,0
Q13648724,1,1,P17+P131,1
Q135829311,1,0,P17_only,0
Q12535831,1,1,P17+P131,1
Q12578913,1,0,P17_only,1
Q15617706,1,1,P17+P131,1
Q13359463,0,1,P131_only,1
Q27357693,1,0,P17_only,0
Q15617591,1,1,P17+P131,1
Q97212025,1,0,P17_only,1
Q27357323,1,0,P17_only,0
Q105790105,1,0,P17_only,0
Q4237467,1,0,P17_only,1
Q123363491,1,0,P17_only,0
Q41793795,1,0,P17_only,0
Q17562726,1,1,P17+P131,1
Q16652513,1,1,P17+P131,0
Q12546201,1,0,P17_only,1
Q132459343,1,1,P17+P131,0
Q16705353,1,1,P17+P131,1
Q56367193,1,1,P17+P131,1
Q16702912,1,1,P17+P131,1
Q23959088,1,0,P17_only,1
Q13422872,0,1,P131_only,1
Q1276483,1,0,P17_only,0
Q16703470,1,1,P17+P131,1
Q13651844,1,1,P17+P131,1
Q27351270,1,0,P17_only,1
Q18404577,1,1,P17+P131,1
Q27430789,1,0,P17_only,0
Q31194978,1,1,P17+P131,1
Q32185289,1,1,P17+P131,0
Q56367431,1,1,P17+P131,1
Q25378975,1,1,P17+P131,0
Q32216090,1,0,P17_only,0
Q12537434,1,1,P17+P131,1
Q27357467,1,0,P17_only,0
Q32212456,1,0,P17_only,1
Q32192253,1,0,P17_only,0
Q12569109,1,1,P17+P131,1
Q16433068,1,0,P17_only,1
Q18399030,1,1,P17+P131,1
Q16694533,1,1,P17+P131,1
Q12565541,1,0,P17_only,1
Q16651337,1,1,P17+P131,1
Q138300219,1,0,P17_only,0
Q15617552,1,1,P17+P131,1
Q25526890,1,0,P17_only,1
Q27357336,1,1,P17+P131,0
Q12527650,1,1,P17+P131,1
Q2011098,1,0,P17_only,1
Q12570293,1,0,P17_only,1
Q139412277,1,0,P17_only,0
Q16704187,1,1,P17+P131,0
Q16533244,0,1,P131_only,1
Q12574670,1,1,P17+P131,1
Q16669487,1,1,P17+P131,1
Q12546245,1,1,P17+P131,1
Q16434238,1,0,P17_only,1
Q13666759,1,1,P17+P131,1
Q16693824,1,1,P17+P131,1
Q7499993,0,1,P131_only,1
Q20484494,1,0,P17_only,1
Q67893061,1,0,P17_only,0
Q4510441,1,1,P17+P131,0
Q20098310,1,1,P17+P131,1
Q108533814,1,0,P17_only,1
Q25464596,1,0,P17_only,0
Q12577060,1,1,P17+P131,1
Q4160047,1,1,P17+P131,1
Q18409349,1,1,P17+P131,1
Q32205132,1,0,P17_only,0
Q27357212,1,0,P17_only,0
Q16431420,1,0,P17_only,1
Q27354908,1,0,P17_only,0
Q13648460,1,1,P17+P131,1
Q22680809,1,1,P17+P131,0
Q12574570,1,0,P17_only,1
Q17494836,1,1,P17+P131,1
Q27356870,1,0,P17_only,0
Q12557874,1,1,P17+P131,1
Q16693839,1,1,P17+P131,1
Q106097231,1,0,P17_only,0
Q6362397,1,1,P17+P131,1
Q13643339,1,1,P17+P131,1
Q13649161,1,1,P17+P131,1
Q49342070,1,0,P17_only,0
Q13643377,1,1,P17+P131,1
Q4418233,1,0,P17_only,0
Q135828502,1,0,P17_only,0
Q16664633,1,1,P17+P131,1
Q15617600,1,1,P17+P131,1
Q32186267,1,0,P17_only,0
Q32186380,1,0,P17_only,0
Q12539390,1,1,P17+P131,1
Q123363710,1,0,P17_only,0
Q12533771,1,0,P17_only,1
Q116243748,1,1,P17+P131,0
Q12554761,1,0,P17_only,1
Q32178514,1,0,P17_only,0
Q12579677,1,1,P17+P131,1
Q17562729,1,1,P17+P131,1
Q137527251,1,0,P17_only,0
Q12577657,1,0,P17_only,1
Q13648569,1,1,P17+P131,1
Q32185373,1,1,P17+P131,0
Q12527405,1,0,P17_only,1
Q27348260,1,0,P17_only,0
Q16654579,1,1,P17+P131,1
Q13643534,1,1,P17+P131,1
Q7491775,1,1,P17+P131,1
Q6358460,1,1,P17+P131,1
Q12702547,1,0,P17_only,0
Q27354564,1,0,P17_only,0
Q20098679,1,1,P17+P131,1
Q121743262,1,1,P17+P131,0
Q56368803,1,1,P17+P131,1
Q27351090,1,1,P17+P131,1
Q65251791,1,0,P17_only,0
Q720423,1,1,P17+P131,1
Q12535684,1,0,P17_only,1
Q22202847,1,1,P17+P131,1
Q60967020,1,0,P17_only,0
Q16272474,1,1,P17+P131,1
Q15617657,1,1,P17+P131,1
Q13374246,0,1,P131_only,1
Q12550295,1,0,P17_only,1
Q114856907,1,1,P17+P131,0
Q136328083,1,0,P17_only,0
Q27351011,1,0,P17_only,0
Q65254875,1,0,P17_only,0
Q123363697,1,0,P17_only,0
Q25509121,1,0,P17_only,1
Q135829574,1,0,P17_only,0
Q16691552,1,1,P17+P131,1
Q16705387,1,0,P17_only,1
Q13646637,1,1,P17+P131,1
Q12579281,1,0,P17_only,1
Q32217350,1,0,P17_only,0
Q1850973,1,1,P17+P131,1
Q137527309,1,0,P17_only,0
Q13646568,1,1,P17+P131,1
Q27357697,1,0,P17_only,0
Q7497269,0,1,P131_only,1
Q20098115,1,1,P17+P131,1
Q27430850,1,0,P17_only,0
Q12576131,1,0,P17_only,1
Q27430828,1,1,P17+P131,0
Q97161082,1,0,P17_only,0
Q16678527,1,1,P17+P131,1
Q27357601,1,0,P17_only,0
Q112003946,1,0,P17_only,0
Q13641631,1,1,P17+P131,1
Q17052207,1,0,P17_only,1
Q16716238,1,1,P17+P131,1
Q140642488,1,0,P17_only,0
Q123363762,1,0,P17_only,0
Q2632723,1,1,P17+P131,1
Q32215648,1,0,P17_only,0
Q16653182,1,1,P17+P131,0
Q27357271,1,0,P17_only,0
Q16675561,1,0,P17_only,1
Q47508659,1,1,P17+P131,1
Q16656542,1,1,P17+P131,0
Q12545454,1,1,P17+P131,1
Q32191620,1,0,P17_only,0
Q32205408,1,1,P17+P131,0
Q13653524,1,1,P17+P131,1
Q97664618,1,0,P17_only,0
Q143833,1,0,P17_only,1
Q109497247,1,0,P17_only,0
Q27357189,1,0,P17_only,0
Q27354941,1,0,P17_only,0
Q32170499,0,1,P131_only,0
Q18399995,1,1,P17+P131,0
Q17192360,1,0,P17_only,0
Q12574919,1,1,P17+P131,1
Q12533248,1,0,P17_only,1
Q12558091,1,0,P17_only,1
Q12551064,0,1,P131_only,1
Q16433662,1,1,P17+P131,1
Q27357678,1,0,P17_only,0
Q125569440,1,0,P17_only,0
Q27430851,1,0,P17_only,0
Q27430730,1,0,P17_only,0
Q12536347,1,0,P17_only,1
Q20098513,1,1,P17+P131,1
Q12537448,1,1,P17+P131,1
Q27350938,1,1,P17+P131,0
Q61366956,1,1,P17+P131,1
Q12576479,1,1,P17+P131,1
Q64449157,1,0,P17_only,0
Q13646470,1,1,P17+P131,1
Q22200871,1,1,P17+P131,1
Q2108891,1,0,P17_only,0
Q129880627,1,1,P17+P131,1
Q139860860,1,1,P17+P131,0
Q16652130,1,1,P17+P131,1
Q27354933,1,0,P17_only,0
Q18405839,1,1,P17+P131,1
Q135829704,1,0,P17_only,0
Q32177939,1,0,P17_only,0
Q45728419,1,0,P17_only,0
Q12534109,1,0,P17_only,1
Q13646048,1,1,P17+P131,1
Q32186204,1,0,P17_only,1
Q4237755,1,1,P17+P131,1
Q123363652,1,0,P17_only,0
Q16625965,0,1,P131_only,1
Q13640838,1,1,P17+P131,1
Q16673603,1,1,P17+P131,1
Q16431890,1,1,P17+P131,1
Q16654183,1,1,P17+P131,1
Q32215357,1,0,P17_only,0
Q12570552,1,1,P17+P131,1
Q13406989,0,1,P131_only,1
Q27357802,1,0,P17_only,0
Q20098237,1,1,P17+P131,1
Q6358417,1,1,P17+P131,1
Q4381049,1,1,P17+P131,1
Q16704851,1,1,P17+P131,1
Q108861988,1,0,P17_only,0
Q4249095,1,1,P17+P131,1
Q12570512,1,1,P17+P131,1
Q4465834,1,1,P17+P131,1
Q133811858,1,0,P17_only,0
Q12529421,1,1,P17+P131,1
Q574936,1,0,P17_only,0
Q12531318,1,0,P17_only,1
Q13655867,1,1,P17+P131,1
Q16432016,1,0,P17_only,1
Q31193876,1,1,P17+P131,1
Q56367312,1,1,P17+P131,1
Q12561199,1,1,P17+P131,1
Q65256026,1,0,P17_only,0
Q12656726,1,0,P17_only,0
Q13664067,1,1,P17+P131,1
Q68036950,1,0,P17_only,0
Q27355043,1,0,P17_only,0
Q3512649,1,0,P17_only,1
Q27430647,1,0,P17_only,1
Q12558262,1,1,P17+P131,1
Q12550900,1,1,P17+P131,1
Q16695495,1,1,P17+P131,0
Q32211048,1,0,P17_only,0
Q135829460,1,0,P17_only,0
Q61367707,1,1,P17+P131,1
Q13645937,1,1,P17+P131,1
Q16431339,1,0,P17_only,1
Q16721099,1,1,P17+P131,1
Q15617673,1,1,P17+P131,1
Q1451819,1,0,P17_only,1
Q32184465,1,0,P17_only,0
Q7499450,0,1,P131_only,1
Q16432742,1,1,P17+P131,1
Q20485988,1,0,P17_only,1
Q16662189,1,1,P17+P131,1
Q12564413,1,0,P17_only,1
Q32200428,1,0,P17_only,0
Q16272795,1,1,P17+P131,1
Q16700998,1,1,P17+P131,1
Q20072687,0,1,P131_only,1
Q32188743,1,0,P17_only,0
Q4063031,1,1,P17+P131,1
Q123363702,1,0,P17_only,0
Q13664515,1,1,P17+P131,1
Q60542932,1,0,P17_only,0
Q12549101,1,0,P17_only,1
Q16666235,1,1,P17+P131,1
Q13640619,0,1,P131_only,1
Q12567536,1,0,P17_only,1
Q112113755,1,0,P17_only,0
Q4227518,1,0,P17_only,1
Q18396372,1,1,P17+P131,1
Q4506296,1,1,P17+P131,0
Q32218273,1,1,P17+P131,0
Q32206269,1,0,P17_only,0
Q4460684,1,1,P17+P131,1
Q13646492,1,1,P17+P131,1
Q16685725,1,1,P17+P131,1
Q25503595,1,1,P17+P131,1
Q27351954,1,1,P17+P131,0
Q16434180,1,0,P17_only,1
Q12565376,1,1,P17+P131,1
Q12526111,1,0,P17_only,1
Q16690842,1,1,P17+P131,1
Q20484033,1,0,P17_only,1
Q12542343,1,0,P17_only,1
Q7508532,1,1,P17+P131,1
Q108316980,1,0,P17_only,1
Q16701415,1,1,P17+P131,1
Q108789707,1,1,P17+P131,0
Q27352889,1,0,P17_only,0
Q88427103,1,0,P17_only,0
Q27350609,1,0,P17_only,0
Q27357595,1,0,P17_only,0
Q12545298,1,0,P17_only,1
Q25504602,1,0,P17_only,1
Q21659737,1,0,P17_only,0
Q2549636,1,1,P17+P131,1
Q4232174,1,1,P17+P131,1
Q17562885,1,0,P17_only,1
Q13664157,1,1,P17+P131,0
Q16631416,0,1,P131_only,1
Q16652516,1,1,P17+P131,1
Q16434358,1,0,P17_only,1
Q27357390,1,0,P17_only,0
Q12537443,1,1,P17+P131,1
Q12579731,1,0,P17_only,1
Q13664262,1,1,P17+P131,1
Q32193979,1,0,P17_only,0
Q10270751,1,0,P17_only,1
Q13653387,1,1,P17+P131,1
Q27352827,1,0,P17_only,0
Q27430630,1,0,P17_only,0
Q32179438,1,0,P17_only,0
Q13651704,1,1,P17+P131,1
Q12532177,1,1,P17+P131,1
Q12536919,1,0,P17_only,1
Q12555697,1,0,P17_only,1
Q30973288,1,1,P17+P131,1
Q32217455,1,0,P17_only,0
Q112004029,1,0,P17_only,0
Q20077841,1,1,P17+P131,1
Q392608,1,0,P17_only,1
Q32184257,1,0,P17_only,0
Q141324,1,0,P17_only,1
Q27244683,1,0,P17_only,0
Q4333020,1,0,P17_only,1
Q16651364,1,1,P17+P131,1
Q18401848,1,1,P17+P131,1
Q18400631,1,1,P17+P131,1
Q27355091,1,0,P17_only,0
Q32218114,1,0,P17_only,0
Q4534118,1,0,P17_only,0
Q12540046,0,1,P131_only,1
Q2995415,1,1,P17+P131,1
Q32175185,1,0,P17_only,0
Q27350732,1,0,P17_only,0
Q16433514,1,0,P17_only,1
Q13641739,1,1,P17+P131,1
Q32175271,1,0,P17_only,0
Q32204407,1,1,P17+P131,0
Q12533968,1,0,P17_only,1
Q13661792,1,1,P17+P131,1
Q15617613,1,1,P17+P131,1
Q16433943,1,0,P17_only,1
Q4243765,1,0,P17_only,1
Q56368751,1,1,P17+P131,1
Q32208777,0,1,P131_only,0
Q32199913,1,0,P17_only,0
Q61368187,1,1,P17+P131,1
Q4507143,1,1,P17+P131,1
Q60289777,1,0,P17_only,0
Q16431182,1,0,P17_only,1
Q12534979,1,0,P17_only,1
Q16433197,1,0,P17_only,1
Q13653555,1,1,P17+P131,1
Q16434663,1,0,P17_only,1
Q16272452,1,1,P17+P131,1
Q27358001,1,0,P17_only,0
Q16432480,1,1,P17+P131,1
Q123363492,1,0,P17_only,0
Q16434115,1,1,P17+P131,1
Q112004038,1,0,P17_only,0
Q115858634,1,0,P17_only,0
Q115763946,1,0,P17_only,0
Q13652562,0,1,P131_only,1
Q61368871,1,1,P17+P131,1
Q32212641,1,0,P17_only,0
Q55657126,1,0,P17_only,0
Q13256742,0,1,P131_only,1
Q32185848,1,0,P17_only,0
Q18407545,1,1,P17+P131,1
Q124425494,1,1,P17+P131,0
Q124216594,1,0,P17_only,0
Q27354830,1,0,P17_only,0
Q16636557,0,1,P131_only,1
Q16433144,1,0,P17_only,1
Q4341878,1,1,P17+P131,1
Q20202681,1,0,P17_only,0
Q55655344,1,1,P17+P131,0
Q12532195,1,1,P17+P131,1
Q13645578,1,1,P17+P131,1
Q61992149,1,1,P17+P131,0
Q20485897,1,0,P17_only,1
Q27430818,1,1,P17+P131,0
Q111297002,1,0,P17_only,0
Q12701544,1,0,P17_only,0
Q61367036,1,1,P17+P131,1
Q13645863,1,1,P17+P131,1
Q16657086,1,1,P17+P131,1
Q13641868,1,1,P17+P131,1
Q16433911,1,0,P17_only,1
Q12561687,1,1,P17+P131,1
Q30972480,1,1,P17+P131,1
Q12532525,1,0,P17_only,1
Q13653115,0,1,P131_only,1
Q61420726,1,1,P17+P131,1
Q16696700,1,1,P17+P131,1
Q21103716,1,1,P17+P131,0
Q32192648,1,0,P17_only,0
Q2978428,1,0,P17_only,1
Q12575378,1,0,P17_only,1
Q13643144,0,1,P131_only,1
Q64638926,1,0,P17_only,0
Q16434243,1,0,P17_only,1
Q115906046,1,0,P17_only,0
Q16431543,1,1,P17+P131,1
Q16690889,1,1,P17+P131,1
Q22202386,1,1,P17+P131,1
Q109502209,1,0,P17_only,0
Q13643027,0,1,P131_only,0
Q27355045,1,0,P17_only,0
Q16628226,0,1,P131_only,1
Q123363681,1,0,P17_only,0
Q16432864,1,1,P17+P131,1
Q32213721,1,0,P17_only,0
Q32185789,1,0,P17_only,0
Q137527255,1,0,P17_only,0
Q16432072,1,0,P17_only,1
Q13641886,1,1,P17+P131,1
Q13652854,0,1,P131_only,1
Q27354847,1,0,P17_only,0
Q16664442,1,1,P17+P131,1
Q110567376,1,0,P17_only,0
Q16432388,1,1,P17+P131,1
Q18407770,1,1,P17+P131,1
Q13647304,1,1,P17+P131,1
Q12536944,1,0,P17_only,1
Q16434206,1,0,P17_only,1
Q18398738,1,1,P17+P131,1
Q27357828,1,0,P17_only,0
Q108795079,1,1,P17+P131,0
Q13650528,1,1,P17+P131,1
Q16433957,1,0,P17_only,1
Q1574326,1,0,P17_only,0
Q27355058,1,0,P17_only,0
Q12567558,1,1,P17+P131,1
Q16720208,1,1,P17+P131,1
Q27352012,1,0,P17_only,0
Q135153083,1,0,P17_only,0
Q12536381,1,0,P17_only,1
Q108533895,1,0,P17_only,0
Q32194881,1,0,P17_only,0
Q218529,1,1,P17+P131,1
Q55657133,1,0,P17_only,1
Q6380794,1,1,P17+P131,0
Q16678195,1,1,P17+P131,1
Q12574769,1,0,P17_only,1
Q135829671,1,0,P17_only,0
Q16666218,1,1,P17+P131,1
Q27355083,1,0,P17_only,0
Q2457884,1,0,P17_only,0
Q107723760,1,0,P17_only,1
Q129880752,1,0,P17_only,1
Q16656953,1,1,P17+P131,1
Q13646151,0,1,P131_only,1
Q16274492,1,1,P17+P131,1
Q22203451,1,1,P17+P131,1
Q18406660,1,1,P17+P131,1
Q12528563,1,0,P17_only,1
Q12568921,1,1,P17+P131,1
Q16702071,1,1,P17+P131,1
Q12554718,1,1,P17+P131,1
Q12575164,1,1,P17+P131,1
Q13649088,1,1,P17+P131,1
Q20072656,0,1,P131_only,1
Q55388040,1,0,P17_only,0
Q70490871,1,0,P17_only,0
Q27354478,1,0,P17_only,1
Q3719123,1,1,P17+P131,1
Q27354960,1,0,P17_only,0
Q125365002,1,1,P17+P131,0
Q12545452,1,0,P17_only,1
Q12580453,1,0,P17_only,0
Q16334598,1,1,P17+P131,1
Q22203572,1,1,P17+P131,1
Q32217865,1,1,P17+P131,0
Q27357656,1,0,P17_only,0
Q16708283,1,1,P17+P131,1
Q12553762,1,0,P17_only,1
Q20486166,1,0,P17_only,1
Q112113851,1,0,P17_only,0
Q165413,1,0,P17_only,1
Q135829208,1,0,P17_only,0
Q4494668,1,1,P17+P131,1
Q32202439,1,0,P17_only,0
Q12545532,1,0,P17_only,1
Q12568887,1,0,P17_only,1
Q134468842,1,1,P17+P131,0
Q61366727,1,1,P17+P131,1
Q32219599,1,0,P17_only,1
Q21655464,1,1,P17+P131,1
Q2753309,1,1,P17+P131,1
Q18413243,1,0,P17_only,0
Q115122224,1,0,P17_only,0
Q27350735,1,0,P17_only,0
Q16671970,1,1,P17+P131,1
Q16657120,1,1,P17+P131,1
Q30969454,1,1,P17+P131,1
Q12547743,1,1,P17+P131,1
Q21656536,1,0,P17_only,0
Q12536430,1,1,P17+P131,1
Q18408592,1,1,P17+P131,0
Q12545773,1,1,P17+P131,1
Q124483371,1,0,P17_only,0
Q60289731,1,0,P17_only,0
Q12532099,1,0,P17_only,1
Q2684876,1,0,P17_only,0
Q13647357,1,1,P17+P131,1
Q12531099,1,1,P17+P131,1
Q12549976,1,1,P17+P131,1
Q16434338,1,0,P17_only,1
Q12572822,1,0,P17_only,1
Q1046326,1,0,P17_only,1
Q61368720,1,1,P17+P131,1
Q12579309,1,0,P17_only,1
Q62050218,1,1,P17+P131,0
Q116161696,1,0,P17_only,0
Q11152688,1,1,P17+P131,1
Q13651998,1,1,P17+P131,1
Q4059298,1,1,P17+P131,1
Q13664717,1,1,P17+P131,1
Q123363855,1,0,P17_only,0
Q135829873,1,0,P17_only,0
Q27357730,1,0,P17_only,0
Q32174338,0,1,P131_only,0
Q5397876,1,1,P17+P131,1
Q16704191,1,1,P17+P131,1
Q27357822,1,0,P17_only,0
Q16274413,1,1,P17+P131,1
Q27354809,1,0,P17_only,0
Q28669122,1,0,P17_only,1
Q27358244,1,1,P17+P131,0
Q13203071,1,1,P17+P131,0
Q16433188,1,0,P17_only,1
Q111862433,1,0,P17_only,0
Q56367116,1,1,P17+P131,1
Q16650882,1,1,P17+P131,1
Q56366805,1,1,P17+P131,1
Q12530236,1,1,P17+P131,1
Q13663174,1,1,P17+P131,1
Q123363603,1,0,P17_only,0
Q25397203,1,1,P17+P131,0
Q16431655,1,0,P17_only,1
Q18400366,1,1,P17+P131,1
Q27358288,1,0,P17_only,0
Q20098089,1,1,P17+P131,1
Q13641694,1,1,P17+P131,1
Q9251469,1,1,P17+P131,1
Q4208363,1,0,P17_only,1
Q64199874,1,0,P17_only,1
Q30972753,1,1,P17+P131,1
Q137926578,1,0,P17_only,0
Q13409216,0,1,P131_only,1
Q12675705,1,0,P17_only,0
Q16273913,1,1,P17+P131,1
Q32217329,1,0,P17_only,0
Q16274594,1,1,P17+P131,1
Q13359373,0,1,P131_only,1
Q81268892,1,1,P17+P131,0
Q55658284,1,0,P17_only,0
Q20098450,1,1,P17+P131,1
Q124519201,1,0,P17_only,0
Q27357274,1,0,P17_only,0
Q32187406,1,0,P17_only,0
Q19953531,0,1,P131_only,0
Q20072647,0,1,P131_only,1
Q7299212,1,1,P17+P131,1
Q16685584,1,1,P17+P131,0
Q12537052,1,0,P17_only,1
Q32194141,1,0,P17_only,0
Q123363745,1,0,P17_only,0
Q12710295,1,0,P17_only,0
Q32168857,0,1,P131_only,0
Q7229385,1,1,P17+P131,1
Q12577469,1,0,P17_only,1
Q57315674,1,1,P17+P131,0
Q65252778,1,0,P17_only,0
Q16699225,1,1,P17+P131,1
Q18044922,1,1,P17+P131,0
Q13647510,1,1,P17+P131,1
Q1531443,1,1,P17+P131,0
Q12533445,1,0,P17_only,1
Q67892941,1,0,P17_only,0
Q27357741,1,0,P17_only,0
Q20072641,0,1,P131_only,1
Q12574509,1,0,P17_only,1
Q28667779,1,1,P17+P131,0
Q12531827,1,1,P17+P131,1
Q20098149,1,1,P17+P131,1
Q4063017,1,0,P17_only,1
Q16433832,1,0,P17_only,1
Q112393108,1,0,P17_only,0
Q56367432,1,1,P17+P131,1
Q106362744,1,0,P17_only,0
Q32183239,1,0,P17_only,0
Q4264652,1,1,P17+P131,1
Q13648494,1,1,P17+P131,1
Q25500333,1,1,P17+P131,1
Q18405232,1,1,P17+P131,1
Q16432329,1,1,P17+P131,1
Q16433669,1,1,P17+P131,1
Q12570357,1,0,P17_only,1
Q32219023,1,0,P17_only,0
Q27430517,1,0,P17_only,0
Q16273978,1,1,P17+P131,0
Q386074,0,1,P131_only,0
Q27351379,1,1,P17+P131,0
Q56367037,1,1,P17+P131,1
Q16702099,1,1,P17+P131,0
Q27357991,1,0,P17_only,0
Q135829839,1,0,P17_only,0
Q20486053,1,0,P17_only,1
Q12532096,1,0,P17_only,1
Q12552893,1,0,P17_only,1
Q135830070,1,0,P17_only,0
Q12574871,1,1,P17+P131,1
Q13664552,1,1,P17+P131,1
Q12530032,1,0,P17_only,1
Q20453435,1,0,P17_only,0
Q7506253,1,1,P17+P131,1
Q12532636,1,0,P17_only,1
Q18408978,1,1,P17+P131,1
Q16434806,1,1,P17+P131,1
Q27430758,1,0,P17_only,0
Q16721297,1,1,P17+P131,1
Q27357643,1,0,P17_only,1
Q115906693,1,0,P17_only,0
Q135829882,1,0,P17_only,0
Q107752284,1,0,P17_only,0
Q20484813,1,0,P17_only,1
Q6088475,1,0,P17_only,1
Q12573503,1,0,P17_only,1
Q97188591,1,1,P17+P131,1
Q4332407,1,1,P17+P131,1
Q61369207,1,1,P17+P131,1
Q1209360,1,1,P17+P131,1
Q12548384,1,1,P17+P131,1
Q64198073,1,0,P17_only,1
Q12562685,1,0,P17_only,1
Q12565970,1,1,P17+P131,1
Q19916740,0,1,P131_only,0
Q32218697,1,0,P17_only,0
Q4375497,0,1,P131_only,0
Q15617695,1,1,P17+P131,1
Q16715441,1,0,P17_only,0
Q15918900,1,1,P17+P131,1
Q32196723,1,1,P17+P131,0
Q12564626,1,1,P17+P131,0
Q13652848,0,1,P131_only,1
Q15617523,1,1,P17+P131,1
Q622736,1,1,P17+P131,1
Q111296970,1,0,P17_only,0
Q134632021,1,0,P17_only,0
Q13645777,1,1,P17+P131,1
Q12543072,1,1,P17+P131,1
Q4300793,1,0,P17_only,0
Q13647325,1,1,P17+P131,1
Q12539462,1,1,P17+P131,1
Q95442185,1,1,P17+P131,0
Q32175513,1,0,P17_only,0
Q137527258,1,0,P17_only,0
Q109562044,1,0,P17_only,0
Q16684606,1,0,P17_only,0
Q130383969,1,0,P17_only,0
Q21821278,1,1,P17+P131,0
Q13643178,0,1,P131_only,0
Q16669412,1,1,P17+P131,1
Q18408704,1,1,P17+P131,1
Q18398756,1,0,P17_only,1
Q32219408,1,0,P17_only,0
Q16273296,1,1,P17+P131,1
Q23958886,1,0,P17_only,1
Q20486250,1,0,P17_only,1
Q12528093,1,1,P17+P131,1
Q10862229,1,1,P17+P131,1
Q32185718,1,1,P17+P131,0
Q12545535,1,1,P17+P131,1
Q27354744,1,0,P17_only,0
Q12576603,1,1,P17+P131,1
Q123363584,1,0,P17_only,0
Q19618696,0,1,P131_only,0
Q27927584,1,0,P17_only,0
Q32214361,1,0,P17_only,0
Q12674788,1,0,P17_only,0
Q32179482,1,0,P17_only,0
Q56368528,1,1,P17+P131,1
Q12543370,1,0,P17_only,1
Q16432188,1,0,P17_only,1
Q111771523,1,1,P17+P131,0
Q32187995,1,0,P17_only,0
Q32190953,1,0,P17_only,1
Q32187902,1,0,P17_only,0
Q16431907,1,1,P17+P131,1
Q12570299,1,0,P17_only,1
Q4070900,1,0,P17_only,1
Q13664018,1,1,P17+P131,1
Q67893065,1,0,P17_only,0
Q13444241,0,1,P131_only,1
Q12530432,1,1,P17+P131,1
Q20486179,1,0,P17_only,1
Q13643348,1,1,P17+P131,1
Q16272785,1,1,P17+P131,1
Q16433306,1,1,P17+P131,1
Q135828539,1,0,P17_only,0
Q16679825,1,1,P17+P131,1
Q12548362,1,0,P17_only,1
Q32216340,1,0,P17_only,0
Q12551492,0,1,P131_only,1
Q13642158,1,1,P17+P131,1
Q12566104,1,0,P17_only,1
Q16433472,1,0,P17_only,1
Q123363778,1,0,P17_only,0
Q27350716,1,0,P17_only,0
Q12532101,1,0,P17_only,1
Q28550891,1,0,P17_only,1
Q108533811,1,0,P17_only,0
Q12549192,1,0,P17_only,1
Q27352052,1,1,P17+P131,0
Q123363453,1,0,P17_only,0
Q13219932,1,0,P17_only,0
Q13648786,1,1,P17+P131,1
Q16694152,1,1,P17+P131,1
Q27357797,1,0,P17_only,0
Q112570363,0,1,P131_only,0
Q32197258,1,0,P17_only,1
Q123363687,1,0,P17_only,0
Q720404,1,1,P17+P131,1
Q32196249,1,0,P17_only,0
Q17051171,1,0,P17_only,1
Q13664267,1,1,P17+P131,1
Q2171023,1,0,P17_only,0
Q18400463,1,1,P17+P131,0
Q32209189,0,1,P131_only,1
Q16721303,1,1,P17+P131,1
Q12533066,1,0,P17_only,1
Q13640958,1,1,P17+P131,0
Q32204123,1,0,P17_only,0
Q27430771,1,0,P17_only,0
Q64043630,1,0,P17_only,0
Q123225263,1,0,P17_only,0
Q12574632,1,1,P17+P131,1
Q16433302,1,0,P17_only,1
Q30975068,1,1,P17+P131,1
Q141106752,1,0,P17_only,0
Q105069954,1,0,P17_only,1
Q22201678,1,1,P17+P131,1
Q477232,1,1,P17+P131,1
Q13576652,0,1,P131_only,1
Q27348074,1,0,P17_only,0
Q4329968,1,1,P17+P131,0
Q21193629,1,1,P17+P131,1
Q12535088,1,0,P17_only,1
Q86680335,1,1,P17+P131,0
Q16434568,1,0,P17_only,1
Q118489552,1,0,P17_only,1
Q27357023,1,0,P17_only,0
Q13646175,1,1,P17+P131,1
Q13664049,1,1,P17+P131,1
Q13416197,0,1,P131_only,1
Q130739554,1,1,P17+P131,1
Q16651466,1,1,P17+P131,1
Q27356971,1,0,P17_only,0
Q12541881,0,1,P131_only,1
Q12567500,1,0,P17_only,1
Q16701398,1,1,P17+P131,1
Q12556630,1,0,P17_only,1
Q14927624,1,0,P17_only,0
Q12535414,1,1,P17+P131,1
Q16691626,1,1,P17+P131,1
Q125122545,1,1,P17+P131,0
Q123363473,1,0,P17_only,0
Q16431410,1,1,P17+P131,1
Q27351920,1,1,P17+P131,0
Q12550021,1,0,P17_only,1
Q12685007,1,0,P17_only,0
Q13651783,1,1,P17+P131,1
Q20074153,1,1,P17+P131,1
Q15617705,1,1,P17+P131,1
Q65132300,1,0,P17_only,0
Q12556401,1,1,P17+P131,1
Q20484418,1,0,P17_only,1
Q12528545,1,0,P17_only,1
Q1510481,1,1,P17+P131,1
Q12574495,1,0,P17_only,1
Q12531730,1,0,P17_only,1
Q7274546,1,1,P17+P131,1
Q27355145,1,0,P17_only,0
Q97640871,1,0,P17_only,0
Q32201326,1,0,P17_only,0
Q135829758,1,0,P17_only,0
Q16273673,1,1,P17+P131,1
Q13359449,0,1,P131_only,1
Q16533574,0,1,P131_only,1
Q27430862,1,0,P17_only,0
Q16709524,1,1,P17+P131,0
Q20742529,1,0,P17_only,0
Q8134199,1,1,P17+P131,1
Q108789731,1,1,P17+P131,0
Q134100662,1,0,P17_only,0
Q114976072,1,0,P17_only,1
Q55633688,1,0,P17_only,0
Q64149991,1,0,P17_only,0
Q13359480,0,1,P131_only,1
Q12546259,1,1,P17+P131,1
Q13646189,1,1,P17+P131,1
Q27357773,1,0,P17_only,0
Q111297033,1,0,P17_only,0
Q64197210,1,0,P17_only,1
Q16664382,1,1,P17+P131,1
Q27347337,1,0,P17_only,0
Q55658400,1,1,P17+P131,1
Q13359494,0,1,P131_only,1
Q16719709,1,1,P17+P131,1
Q12529914,1,0,P17_only,1
Q18400644,1,1,P17+P131,1
Q27357548,1,0,P17_only,0
Q16690630,1,1,P17+P131,1
Q16434514,1,0,P17_only,1
Q57324932,1,1,P17+P131,0
Q4074690,1,0,P17_only,1
Q39060398,1,0,P17_only,1
Q43149037,1,1,P17+P131,0
Q13423389,0,1,P131_only,1
Q12709563,1,0,P17_only,0
Q16657048,1,1,P17+P131,0
Q110319192,1,1,P17+P131,1
Q16533215,0,1,P131_only,1
Q26884606,1,1,P17+P131,1
Q32204695,1,0,P17_only,0
Q13663124,1,1,P17+P131,1
Q120685947,1,1,P17+P131,0
Q12532764,1,1,P17+P131,1
Q12552175,1,0,P17_only,1
Q25506591,1,0,P17_only,1
Q16677353,1,1,P17+P131,1
Q56366863,1,1,P17+P131,1
Q22201080,1,1,P17+P131,1
Q64140917,1,0,P17_only,1
Q48956783,1,0,P17_only,0
Q12562732,1,0,P17_only,1
Q16708458,1,1,P17+P131,1
Q13560289,0,1,P131_only,1
Q13649101,1,1,P17+P131,1
Q32196546,1,0,P17_only,0
Q16695922,1,1,P17+P131,1
Q16704135,1,1,P17+P131,1
Q25504921,1,0,P17_only,1
Q27357769,1,0,P17_only,0
Q27351557,1,0,P17_only,0
Q3723115,1,1,P17+P131,1
Q16661676,1,1,P17+P131,1
Q27354704,1,0,P17_only,0
Q65264871,1,0,P17_only,0
Q13648742,1,1,P17+P131,1
Q1821054,1,0,P17_only,0
Q2435663,1,1,P17+P131,1
Q12701528,1,0,P17_only,0
Q32198889,1,0,P17_only,0
Q15918876,1,1,P17+P131,1
Q26268561,1,0,P17_only,0
Q27357149,1,0,P17_only,0
Q111982893,1,0,P17_only,1
Q65253507,1,1,P17+P131,1
Q20458009,1,0,P17_only,0
Q32179012,1,0,P17_only,0
Q2632004,1,1,P17+P131,1
Q137527454,1,0,P17_only,0
Q22202143,1,1,P17+P131,1
Q27354959,1,0,P17_only,0
Q20460028,1,0,P17_only,0
Q12532845,1,1,P17+P131,1
Q12574483,1,0,P17_only,1
Q12531859,1,0,P17_only,1
Q18401512,1,1,P17+P131,1
Q4494881,1,0,P17_only,0
Q16631141,0,1,P131_only,1
Q128900315,1,0,P17_only,1
Q16706010,1,1,P17+P131,1
Q18399988,1,1,P17+P131,0
Q7499496,0,1,P131_only,1
Q20098629,1,1,P17+P131,1
Q136312907,1,0,P17_only,0
Q115906685,1,0,P17_only,0
Q135828523,1,0,P17_only,0
Q12544438,0,1,P131_only,1
Q86664499,1,0,P17_only,0
Q56366868,1,1,P17+P131,1
Q13646290,1,1,P17+P131,1
Q13648579,1,1,P17+P131,0
Q118601557,1,0,P17_only,1
Q135829012,1,0,P17_only,0
Q16713619,1,1,P17+P131,1
Q4068491,1,1,P17+P131,1
Q32218959,1,0,P17_only,0
Q53845701,0,1,P131_only,0
Q56367311,1,1,P17+P131,1
Q13652251,1,1,P17+P131,1
Q310547,1,1,P17+P131,1
Q61366991,1,1,P17+P131,1
Q13646403,1,1,P17+P131,1
Q20098213,1,1,P17+P131,1
Q13642364,0,1,P131_only,1
Q56375499,1,1,P17+P131,1
Q18408837,1,1,P17+P131,1
Q110556800,1,0,P17_only,0
Q12573793,1,0,P17_only,1
Q27352398,1,0,P17_only,0
Q27169768,1,0,P17_only,0
Q118396660,1,1,P17+P131,1
Q97275714,1,0,P17_only,0
Q18396449,1,1,P17+P131,1
Q4314789,1,1,P17+P131,1
Q16431440,1,1,P17+P131,1
Q27350622,1,0,P17_only,0
Q27350757,1,1,P17+P131,1
Q42531120,1,1,P17+P131,0
Q12560270,1,1,P17+P131,1
Q32211908,1,0,P17_only,0
Q13645892,1,1,P17+P131,1
Q123363553,1,0,P17_only,0
Q13651876,1,1,P17+P131,1
Q32197329,1,0,P17_only,0
Q12546141,1,1,P17+P131,1
Q20486193,1,0,P17_only,1
Q16701578,1,1,P17+P131,1
Q846374,1,0,P17_only,1
Q12548231,1,1,P17+P131,1
Q12548084,1,1,P17+P131,1
Q61366350,1,1,P17+P131,1
Q118904783,1,0,P17_only,0
Q16431671,1,0,P17_only,1
Q1374297,1,0,P17_only,1
Q16651132,1,1,P17+P131,1
Q32215268,1,1,P17+P131,0
Q32198528,1,0,P17_only,0
Q124411238,1,0,P17_only,0
Q32188498,1,0,P17_only,0
Q16702052,1,1,P17+P131,1
Q12548926,1,1,P17+P131,1
Q32168810,0,1,P131_only,1
Q12525708,1,0,P17_only,1
Q13651752,1,1,P17+P131,1
Q6055776,1,0,P17_only,0
Q12528009,1,0,P17_only,1
Q11601314,1,0,P17_only,0
Q27357743,1,0,P17_only,0
Q4465782,1,1,P17+P131,0
Q18398714,1,1,P17+P131,0
Q16537146,0,1,P131_only,1
Q13648455,1,1,P17+P131,1
Q16661601,1,1,P17+P131,1
Q27350653,1,0,P17_only,0
Q21528895,1,0,P17_only,0
Q12687101,1,0,P17_only,0
Q41509508,1,0,P17_only,0
Q16533095,0,1,P131_only,1
Q12556258,1,1,P17+P131,1
Q12543534,1,0,P17_only,1
Q16273878,1,1,P17+P131,1
Q12530125,1,0,P17_only,1
Q12576424,1,1,P17+P131,1
Q746678,1,1,P17+P131,1
Q16691468,1,1,P17+P131,1
Q16719954,1,1,P17+P131,1
Q31195529,1,0,P17_only,1
Q56375292,1,1,P17+P131,1
Q48941992,1,0,P17_only,0
Q27354949,1,0,P17_only,0
Q135828580,1,0,P17_only,0
Q108533899,1,0,P17_only,0
Q45180868,1,0,P17_only,0
Q1186246,1,0,P17_only,1
Q16272718,1,1,P17+P131,1
Q16703195,1,1,P17+P131,1
Q12570048,1,1,P17+P131,1
Q12574930,1,0,P17_only,1
Q18401685,1,1,P17+P131,0
Q16706555,1,1,P17+P131,1
Q32417,1,1,P17+P131,1
Q27357249,1,0,P17_only,0
Q16432668,1,0,P17_only,1
Q13641876,1,1,P17+P131,1
Q3813587,1,0,P17_only,1
Q13652507,0,1,P131_only,1
Q13640707,0,1,P131_only,0
Q18409530,1,1,P17+P131,1
Q27353962,1,1,P17+P131,0
Q16682669,1,1,P17+P131,1
Q19915782,0,1,P131_only,0
Q27355050,1,0,P17_only,0
Q12542803,1,0,P17_only,1
Q18401862,1,1,P17+P131,1
Q32172805,1,0,P17_only,1
Q32181303,1,0,P17_only,0
Q3607938,1,0,P17_only,1
Q16664556,1,1,P17+P131,1
Q12542846,1,0,P17_only,1
Q108783943,1,1,P17+P131,0
Q16431423,1,1,P17+P131,1
Q20484807,1,0,P17_only,1
Q12554478,1,1,P17+P131,1
Q13642273,1,1,P17+P131,1
Q12543068,1,1,P17+P131,1
Q32218767,1,0,P17_only,0
Q97166067,1,0,P17_only,0
Q27357742,1,0,P17_only,0
Q30972473,1,1,P17+P131,1
Q32193562,1,1,P17+P131,0
Q12543095,1,0,P17_only,1
Q3537582,1,0,P17_only,1
Q16432125,1,1,P17+P131,1
Q13646097,1,1,P17+P131,1
Q18405311,1,1,P17+P131,0
Q124327491,1,1,P17+P131,1
Q13649136,1,1,P17+P131,1
Q21655421,1,1,P17+P131,0
Q16434393,1,0,P17_only,1
Q12572768,1,0,P17_only,1
Q32202043,1,0,P17_only,0
Q4698058,1,0,P17_only,0
Q32214171,1,0,P17_only,1
Q27357984,1,0,P17_only,0
Q12545184,1,0,P17_only,1
Q1126241,1,0,P17_only,0
Q32195776,1,0,P17_only,0
Q16434702,1,0,P17_only,1
Q16272044,0,1,P131_only,1
Q16433586,1,1,P17+P131,1
Q96401547,1,0,P17_only,0
Q12556214,1,1,P17+P131,1
Q16652387,1,1,P17+P131,1
Q13643524,1,1,P17+P131,1
Q32185153,1,0,P17_only,0
Q12567934,1,1,P17+P131,1
Q18399882,1,1,P17+P131,1
Q32178039,1,0,P17_only,0
Q12566078,1,0,P17_only,1
Q3396960,1,0,P17_only,0
Q13642952,0,1,P131_only,1
Q12560539,1,1,P17+P131,1
Q27430561,1,0,P17_only,0
Q18401670,1,1,P17+P131,1
Q27357919,1,0,P17_only,0
Q13647856,1,1,P17+P131,1
Q1346646,1,0,P17_only,0
Q110163171,1,0,P17_only,1
Q27357946,1,0,P17_only,0
Q13646485,1,1,P17+P131,1
Q13645963,1,1,P17+P131,1
Q27358165,1,1,P17+P131,0
Q16432937,1,0,P17_only,1
Q12576063,1,0,P17_only,1
Q1256141,1,0,P17_only,0
Q2030615,1,1,P17+P131,1
Q13646531,1,1,P17+P131,1
Q27348208,1,1,P17+P131,1
Q32179320,1,0,P17_only,0
Q141422,1,0,P17_only,1
Q135828750,1,0,P17_only,0
Q13640950,1,1,P17+P131,1
Q9252224,1,1,P17+P131,1
Q135830031,1,0,P17_only,0
Q27430816,1,1,P17+P131,0
Q55658139,1,0,P17_only,1
Q1135501,1,0,P17_only,1
Q12531650,1,0,P17_only,1
Q16432142,1,0,P17_only,1
Q135829626,1,0,P17_only,0
Q32189424,1,0,P17_only,0
Q13643196,0,1,P131_only,1
Q2381773,1,0,P17_only,1
Q1046186,1,0,P17_only,1
Q27354921,1,0,P17_only,0
Q65153734,1,0,P17_only,0
Q12531695,1,0,P17_only,1
Q13641709,1,1,P17+P131,1
Q65256559,1,0,P17_only,0
Q64195976,1,0,P17_only,1
Q16432313,1,0,P17_only,1
Q2039551,1,1,P17+P131,1
Q13553814,0,1,P131_only,1
Q30969859,1,1,P17+P131,1
Q13643050,0,1,P131_only,1
Q1509548,1,0,P17_only,0
Q135829525,1,0,P17_only,0
Q12685778,1,0,P17_only,0
Q16666216,1,1,P17+P131,1
Q108696161,1,0,P17_only,0
Q13648391,1,1,P17+P131,1
Q18400470,1,1,P17+P131,1
Q16630828,0,1,P131_only,1
Q13646891,1,1,P17+P131,1
Q32215203,1,0,P17_only,0
Q32191111,1,1,P17+P131,1
Q13666901,1,1,P17+P131,1
Q12545266,1,0,P17_only,1
Q12545431,1,1,P17+P131,1
Q4454605,1,0,P17_only,1
Q1586559,1,0,P17_only,1
Q18399232,1,1,P17+P131,1
Q16432581,1,0,P17_only,1
Q140642753,1,0,P17_only,0
Q16431743,1,1,P17+P131,1
Q32199929,1,0,P17_only,0
Q16708226,1,1,P17+P131,1
Q13666777,1,1,P17+P131,1
Q11155568,1,1,P17+P131,1
Q27354821,1,0,P17_only,0
Q13650455,1,1,P17+P131,1
Q986100,1,1,P17+P131,1
Q56418026,1,1,P17+P131,0
Q16653233,1,0,P17_only,1
Q16673852,1,1,P17+P131,1
Q136090438,1,1,P17+P131,0
Q60289743,0,1,P131_only,0
Q129880735,1,0,P17_only,1
Q32180931,1,0,P17_only,0
Q16698711,1,1,P17+P131,1
Q31195965,1,1,P17+P131,1
Q12544836,1,1,P17+P131,1
Q12709810,1,0,P17_only,0
Q27350749,1,0,P17_only,0
Q17494774,1,1,P17+P131,1
Q61368819,1,1,P17+P131,1
Q118352581,1,0,P17_only,0
Q32202324,1,0,P17_only,0
Q136565112,1,0,P17_only,0
Q12570412,1,0,P17_only,1
Q135828809,1,0,P17_only,0
Q110927018,1,0,P17_only,1
Q20098248,1,1,P17+P131,1
Q16710908,1,1,P17+P131,0
Q16433377,1,0,P17_only,1
Q13664397,1,1,P17+P131,1
Q16432664,1,1,P17+P131,1
Q20097579,1,1,P17+P131,1
Q12531814,1,0,P17_only,1
Q1046132,1,0,P17_only,1
Q32196294,1,0,P17_only,0
Q32184481,1,1,P17+P131,0
Q12552944,1,1,P17+P131,1
Q13646408,1,1,P17+P131,1
Q16699571,1,1,P17+P131,1
Q120913117,1,0,P17_only,0
Q32179530,1,0,P17_only,0
Q13651779,1,1,P17+P131,1
Q16433707,1,1,P17+P131,1
Q20098467,1,1,P17+P131,1
Q123225292,1,0,P17_only,0
Q12549337,1,0,P17_only,1
Q16643397,0,1,P131_only,1
Q16712818,1,1,P17+P131,1
Q18404672,1,1,P17+P131,1
Q31195478,1,0,P17_only,1
Q104864810,1,1,P17+P131,0
Q13641741,1,1,P17+P131,1
Q13648420,1,1,P17+P131,1
Q135829346,1,0,P17_only,0
Q12550944,1,0,P17_only,1
Q32184808,1,1,P17+P131,0
Q4738017,1,1,P17+P131,1
Q12563689,1,1,P17+P131,1
Q4177946,1,1,P17+P131,0
Q12569571,1,1,P17+P131,1
Q141130634,1,1,P17+P131,0
Q12558848,1,1,P17+P131,1
Q27351591,1,0,P17_only,0
Q32192428,1,0,P17_only,0
Q16651065,1,1,P17+P131,1
Q485088,1,1,P17+P131,1
Q12556813,1,0,P17_only,1
Q131723749,1,0,P17_only,0
Q3723362,1,1,P17+P131,1
Q4473246,1,1,P17+P131,1
Q20486130,1,0,P17_only,1
Q124248848,1,0,P17_only,0
Q30969597,1,1,P17+P131,1
Q127933733,1,0,P17_only,0
Q16433251,1,0,P17_only,1
Q16681375,1,1,P17+P131,1
Q4191513,1,1,P17+P131,1
Q12533387,1,0,P17_only,1
Q48941382,1,0,P17_only,0
Q55659526,1,0,P17_only,0
Q2072183,1,1,P17+P131,1
Q135700646,1,0,P17_only,0
Q123378020,1,0,P17_only,0
Q13372846,0,1,P131_only,1
Q13652375,0,1,P131_only,1
Q27352426,1,0,P17_only,0
Q12553104,1,1,P17+P131,1
Q56367300,1,1,P17+P131,1
Q97382682,1,1,P17+P131,0
Q12531729,1,1,P17+P131,1
Q12568126,1,1,P17+P131,1
Q27357510,1,0,P17_only,0
Q12565350,1,0,P17_only,1
Q16701025,1,1,P17+P131,0
Q16681300,1,1,P17+P131,0
Q137527296,1,0,P17_only,0
Q135829280,1,0,P17_only,0
Q15617660,1,1,P17+P131,1
Q1166098,1,0,P17_only,1
Q117828685,1,0,P17_only,0
Q12537418,1,0,P17_only,1
Q43304669,1,0,P17_only,0
Q16676201,1,1,P17+P131,1
Q13646239,1,1,P17+P131,1
Q13648613,1,1,P17+P131,1
Q16721557,1,1,P17+P131,1
Q117000146,1,0,P17_only,0
Q105788913,1,0,P17_only,0
Q32192558,1,0,P17_only,0
Q27354195,1,1,P17+P131,0
Q3853595,1,0,P17_only,1
Q32198077,1,0,P17_only,0
Q13640741,1,1,P17+P131,1
Q60573821,1,0,P17_only,0
Q135829936,1,0,P17_only,0
Q136351892,1,0,P17_only,0
Q1718413,1,0,P17_only,0
Q12530548,1,0,P17_only,1
Q13645719,1,1,P17+P131,1
Q13641932,1,1,P17+P131,1
Q27353884,1,1,P17+P131,0
Q60851976,1,1,P17+P131,0
Q65269007,1,0,P17_only,0
Q7273940,1,0,P17_only,1
Q27350666,1,1,P17+P131,0
Q12553782,1,0,P17_only,1
Q12557018,1,1,P17+P131,1
Q12555464,1,1,P17+P131,1
Q16434048,1,0,P17_only,1
Q13643422,1,1,P17+P131,0
Q27357546,1,0,P17_only,0
Q133458287,1,0,P17_only,0
Q12569136,1,1,P17+P131,1
Q16636195,0,1,P131_only,1
Q140642489,1,0,P17_only,0
Q16686671,1,1,P17+P131,0
Q32194387,1,0,P17_only,0
Q61085368,1,0,P17_only,0
Q838960,1,0,P17_only,1
Q13643473,1,1,P17+P131,1
Q12558335,1,1,P17+P131,1
Q123363547,1,0,P17_only,0
Q1375781,1,0,P17_only,0
Q18400907,1,1,P17+P131,1
Q13642989,0,1,P131_only,1
Q16677771,1,1,P17+P131,0
Q25504609,1,0,P17_only,1
Q17494799,1,1,P17+P131,1
Q20486195,1,0,P17_only,1
Q30972164,1,1,P17+P131,0
Q32216193,1,1,P17+P131,0
Q16273415,1,1,P17+P131,1
Q12526188,1,1,P17+P131,1
Q13662941,1,1,P17+P131,1
Q20486263,1,0,P17_only,1
Q12532139,1,0,P17_only,1
Q106910960,1,0,P17_only,0
Q32189386,1,0,P17_only,0
Q16274507,1,1,P17+P131,1
Q4093447,1,1,P17+P131,1
Q27355095,1,0,P17_only,0
Q20098376,1,1,P17+P131,1
Q20484397,1,0,P17_only,1
Q32213949,1,1,P17+P131,0
Q16431644,1,0,P17_only,1
Q13204261,0,1,P131_only,0
Q32196533,1,0,P17_only,0
Q13646382,1,1,P17+P131,1
Q13646985,1,1,P17+P131,1
Q13646941,1,1,P17+P131,1
Q4446249,1,0,P17_only,1
Q27430944,1,0,P17_only,0
Q135829519,1,0,P17_only,0
Q18409202,1,1,P17+P131,1
Q140076806,1,0,P17_only,0
Q124221990,1,0,P17_only,0
Q27348133,1,0,P17_only,0
Q32215257,1,0,P17_only,0
Q25056613,1,0,P17_only,1
Q12567914,1,1,P17+P131,1
Q16432812,1,1,P17+P131,1
Q12543007,1,0,P17_only,1
Q12574538,1,0,P17_only,1
Q14105521,1,1,P17+P131,1
Q12576470,1,1,P17+P131,1
Q22201953,1,1,P17+P131,1
Q12576287,1,0,P17_only,1
Q47045563,1,1,P17+P131,0
Q32189672,1,0,P17_only,0
Q12573461,1,0,P17_only,1
Q11870679,1,0,P17_only,0
Q12572938,1,0,P17_only,1
Q4213680,1,1,P17+P131,1
Q30974380,1,1,P17+P131,1
Q18408786,1,1,P17+P131,1
Q27354901,1,0,P17_only,0
Q13640638,0,1,P131_only,1
Q25510061,1,1,P17+P131,1
Q16661643,1,1,P17+P131,1
Q12546103,1,1,P17+P131,1
Q55633694,1,0,P17_only,0
Q16681894,1,1,P17+P131,1
Q12542378,1,0,P17_only,1
Q12532373,1,0,P17_only,1
Q32187068,1,1,P17+P131,0
Q12687056,1,0,P17_only,0
Q65263886,1,0,P17_only,0
Q67893076,1,0,P17_only,0
Q27355026,1,0,P17_only,0
Q25504992,1,0,P17_only,1
Q16273990,1,1,P17+P131,1
Q32192451,1,0,P17_only,0
Q27355087,1,0,P17_only,0
Q12574686,1,0,P17_only,1
Q13664286,1,1,P17+P131,1
Q16720810,1,1,P17+P131,1
Q13655943,1,1,P17+P131,1
Q27348146,1,0,P17_only,0
Q12564788,1,1,P17+P131,1
Q27430679,1,1,P17+P131,1
Q15617577,1,1,P17+P131,1
Q3237458,1,0,P17_only,0
Q15728827,1,1,P17+P131,1
Q16697413,1,1,P17+P131,1
Q32188048,1,0,P17_only,0
Q18400194,1,1,P17+P131,1
Q12528995,1,0,P17_only,1
Q12525757,1,0,P17_only,1
Q12532080,1,1,P17+P131,1
Q16710911,1,1,P17+P131,1
Q12577397,1,1,P17+P131,1
Q12531265,1,1,P17+P131,1
Q12683709,1,0,P17_only,0
Q13664512,1,1,P17+P131,1
Q68036921,1,0,P17_only,0
Q32206493,1,0,P17_only,0
Q139665445,1,0,P17_only,0
Q4243758,1,0,P17_only,1
Q13653526,1,1,P17+P131,1
Q4336997,1,1,P17+P131,1
Q13646270,1,1,P17+P131,1
Q6645027,1,1,P17+P131,1
Q138300227,1,0,P17_only,0
Q4059961,1,0,P17_only,1
Q135829333,1,0,P17_only,0
Q18409652,1,1,P17+P131,1
Q32184517,1,1,P17+P131,0
Q135828757,1,0,P17_only,0
Q18409013,1,1,P17+P131,1
Q16673119,1,1,P17+P131,1
Q2148660,1,0,P17_only,0
Q27348182,1,0,P17_only,1
Q125612394,1,0,P17_only,0
Q135829780,1,0,P17_only,0
Q32196127,1,0,P17_only,0
Q135828639,1,0,P17_only,0
Q12574448,1,0,P17_only,1
Q27430786,1,0,P17_only,0
Q12535774,1,1,P17+P131,1
Q27356978,1,0,P17_only,0
Q19386604,1,0,P17_only,0
Q13476164,0,1,P131_only,1
Q16704834,1,1,P17+P131,1
Q32207040,1,0,P17_only,0
Q12576306,1,1,P17+P131,1
Q13640767,1,1,P17+P131,0
Q12540732,0,1,P131_only,1
Q12527778,1,0,P17_only,1
Q13642357,0,1,P131_only,1
Q13643262,1,1,P17+P131,1
Q4209183,1,1,P17+P131,1
Q16655184,1,1,P17+P131,1
Q22204862,1,1,P17+P131,1
Q135830057,1,0,P17_only,0
Q32181544,1,0,P17_only,0
Q12553917,1,0,P17_only,1
Q12548724,1,0,P17_only,1
Q32196452,1,0,P17_only,0
Q32176506,1,1,P17+P131,0
Q32217565,1,0,P17_only,0
Q16272959,1,1,P17+P131,1
Q16274303,1,1,P17+P131,0
Q114976764,1,0,P17_only,1
Q16533267,0,1,P131_only,0
Q806409,1,0,P17_only,0
Q12537274,1,1,P17+P131,0
Q12558085,1,1,P17+P131,1
Q27355085,1,0,P17_only,0
Q135829849,1,0,P17_only,0
Q13664039,1,1,P17+P131,1
Q16432117,1,0,P17_only,1
Q137527467,1,0,P17_only,0
Q2231598,1,1,P17+P131,1
Q18406927,1,1,P17+P131,0
Q13651897,1,1,P17+P131,1
Q96369480,1,0,P17_only,0
Q12545332,1,0,P17_only,1
Q12546428,1,1,P17+P131,1
Q27430555,1,0,P17_only,0
Q12546368,1,1,P17+P131,1
Q3660689,1,0,P17_only,0
Q864796,1,1,P17+P131,1
Q18126337,1,0,P17_only,0
Q12550637,1,0,P17_only,1
Q13663984,1,1,P17+P131,1
Q27357805,1,0,P17_only,0
Q16708128,1,1,P17+P131,1
Q13648585,1,1,P17+P131,1
Q27350676,1,0,P17_only,0
Q112003968,1,0,P17_only,0
Q25481758,1,0,P17_only,1
Q18409458,1,1,P17+P131,0
Q16274442,1,1,P17+P131,1
Q20098539,1,1,P17+P131,1
Q60311230,1,1,P17+P131,1
Q13665050,1,1,P17+P131,1
Q16431556,1,0,P17_only,1
Q20484855,1,0,P17_only,1
Q1019377,1,1,P17+P131,1
Q56009911,1,0,P17_only,0
Q12570236,1,1,P17+P131,1
Q13641730,1,1,P17+P131,1
Q111296979,1,0,P17_only,0
Q12546417,1,1,P17+P131,1
Q4146879,1,0,P17_only,1
Q27430748,1,0,P17_only,0
Q118108517,1,0,P17_only,0
Q16673348,1,1,P17+P131,1
Q546557,1,0,P17_only,1
Q12545736,1,0,P17_only,1
Q12551100,0,1,P131_only,1
Q12556407,1,1,P17+P131,1
Q27355046,1,0,P17_only,0
Q12552650,1,0,P17_only,1
Q13664258,1,1,P17+P131,1
Q20098524,1,1,P17+P131,1
Q27357506,1,0,P17_only,0
Q13652581,0,1,P131_only,1
Q2457563,1,0,P17_only,0
Q27354843,1,0,P17_only,0
Q12556928,1,0,P17_only,1
Q12569725,1,0,P17_only,1
Q18408989,1,1,P17+P131,1
Q16273901,1,1,P17+P131,1
Q20485746,1,0,P17_only,1
Q16690882,1,1,P17+P131,1
Q18408545,1,1,P17+P131,0
Q12567399,1,1,P17+P131,1
Q12570313,1,0,P17_only,1
Q20098576,1,1,P17+P131,1
Q135828664,1,0,P17_only,0
Q22203797,1,1,P17+P131,1
Q4158496,1,0,P17_only,1
Q12576411,1,0,P17_only,1
Q18407115,1,1,P17+P131,1
Q27352174,1,0,P17_only,0
Q16648877,1,1,P17+P131,1
Q12532353,1,0,P17_only,1
Q16432599,1,0,P17_only,1
Q13664256,1,1,P17+P131,1
Q135829202,1,0,P17_only,0
Q61367817,1,1,P17+P131,1
Q16648434,1,0,P17_only,1
Q27348256,1,1,P17+P131,0
Q12697486,1,0,P17_only,0
Q22205245,1,1,P17+P131,1
Q16723360,1,1,P17+P131,1
Q12552398,1,0,P17_only,1
Q27356941,1,0,P17_only,0
Q67893054,1,0,P17_only,0
Q137587120,1,0,P17_only,0
Q13663013,1,1,P17+P131,1
Q65250664,1,0,P17_only,1
Q57315015,1,1,P17+P131,0
Q16651529,1,0,P17_only,0
Q12556388,1,1,P17+P131,1
Q135830009,1,0,P17_only,0
Q16533071,0,1,P131_only,1
Q65148755,1,0,P17_only,0
Q13645738,1,1,P17+P131,1
Q12544854,1,0,P17_only,1
Q16272650,1,1,P17+P131,1
Q123363470,1,0,P17_only,0
Q56367394,1,1,P17+P131,1
Q27430565,1,0,P17_only,0
Q13640841,1,1,P17+P131,1
Q27350723,1,0,P17_only,0
Q12527710,1,1,P17+P131,1
Q60289837,1,0,P17_only,0
Q111296998,1,0,P17_only,0
Q13648216,1,1,P17+P131,1
Q12537685,1,0,P17_only,1
Q139928753,1,1,P17+P131,0
Q111516062,1,0,P17_only,0
Q13648831,1,1,P17+P131,1
Q32186553,1,0,P17_only,0
Q16710106,1,1,P17+P131,1
Q13661784,1,1,P17+P131,1
Q15617592,1,1,P17+P131,1
Q19906513,0,1,P131_only,0
Q27430762,1,0,P17_only,0
Q135828474,1,0,P17_only,0
Q65259473,1,0,P17_only,0
Q12574775,1,0,P17_only,1
Q27357589,1,0,P17_only,0
Q13477087,0,1,P131_only,1
Q12532379,1,0,P17_only,1
Q27430811,1,0,P17_only,0
Q32196927,1,0,P17_only,0
Q60464476,1,0,P17_only,0
Q32184006,1,0,P17_only,0
Q12558665,1,1,P17+P131,1
Q15617621,1,1,P17+P131,1
Q4177793,1,0,P17_only,1
Q18405750,1,1,P17+P131,1
Q12530318,1,0,P17_only,1
Q12545930,1,0,P17_only,1
Q16432913,1,0,P17_only,1
Q18404733,1,1,P17+P131,0
Q123363721,1,0,P17_only,0
Q12571090,1,1,P17+P131,1
Q27351006,1,0,P17_only,0
Q16431477,1,1,P17+P131,1
Q21655477,1,0,P17_only,0
Q61368391,1,1,P17+P131,1
Q56367317,1,1,P17+P131,1
Q16272522,1,1,P17+P131,1
Q12550810,1,0,P17_only,1
Q55833312,1,0,P17_only,1
Q27430962,1,0,P17_only,0
Q136770571,1,0,P17_only,0
Q12542788,1,0,P17_only,1
Q15617703,1,1,P17+P131,1
Q12542614,1,0,P17_only,1
Q16656179,1,1,P17+P131,1
Q32176470,1,0,P17_only,0
Q30974455,1,1,P17+P131,1
Q32219014,1,0,P17_only,0
Q15617722,1,1,P17+P131,1
Q7497915,0,1,P131_only,1
Q31195834,1,1,P17+P131,1
Q30975053,1,1,P17+P131,1
Q17494833,1,1,P17+P131,1
Q13645763,1,1,P17+P131,1
Q135829023,1,0,P17_only,0
Q55606151,1,1,P17+P131,0
Q27354509,1,1,P17+P131,0
Q16666635,1,0,P17_only,1
Q16671305,1,1,P17+P131,1
Q16432882,1,1,P17+P131,1
Q13646265,1,1,P17+P131,1
Q32203162,1,0,P17_only,1
Q16434633,1,0,P17_only,1
Q136090925,1,0,P17_only,0
Q65558021,1,0,P17_only,0
Q32214962,1,1,P17+P131,1
Q12530093,1,0,P17_only,1
Q17562721,1,1,P17+P131,1
Q12709172,1,1,P17+P131,1
Q32173156,1,0,P17_only,0
Q32215517,1,0,P17_only,0
Q13640774,1,1,P17+P131,1
Q13666725,1,1,P17+P131,1
Q12647101,1,0,P17_only,0
Q32212926,1,0,P17_only,0
Q137527460,1,0,P17_only,0
Q115115324,1,0,P17_only,0
Q13642294,1,1,P17+P131,1
Q16433671,1,1,P17+P131,1
Q13648008,1,1,P17+P131,1
Q13648088,1,1,P17+P131,1
Q135829678,1,0,P17_only,0
Q32199735,1,0,P17_only,0
Q16666294,1,1,P17+P131,1
Q16700620,1,1,P17+P131,1
Q16717891,1,1,P17+P131,1
Q32172621,1,0,P17_only,0
Q32200239,1,0,P17_only,0
Q123363675,1,0,P17_only,0
Q65263463,1,1,P17+P131,0
Q18400737,1,1,P17+P131,1
Q16433448,1,0,P17_only,1
Q12575307,1,0,P17_only,1
Q27351181,1,0,P17_only,0
Q32188197,1,0,P17_only,0
Q13664153,1,1,P17+P131,1
Q111830286,1,1,P17+P131,1
Q27357282,1,1,P17+P131,0
Q134513435,1,1,P17+P131,0
Q12555708,1,1,P17+P131,1
Q13653588,1,1,P17+P131,1
Q13648789,1,1,P17+P131,1
Q123363543,1,0,P17_only,0
Q16692061,1,1,P17+P131,1
Q25404539,1,1,P17+P131,0
Q12543529,1,0,P17_only,1
Q64351170,1,0,P17_only,0
Q65269883,1,0,P17_only,0
Q20919724,1,0,P17_only,0
Q61368751,1,1,P17+P131,1
Q2649629,1,1,P17+P131,0
Q97640768,1,0,P17_only,0
Q16672291,1,1,P17+P131,1
Q12537817,1,0,P17_only,1
Q13656032,1,1,P17+P131,1
Q137527291,1,0,P17_only,0
Q2224096,1,0,P17_only,0
Q3722992,1,0,P17_only,1
Q13656035,1,1,P17+P131,1
Q1734798,1,0,P17_only,0
Q191524,1,1,P17+P131,1
Q18399237,1,1,P17+P131,0
Q112113770,1,0,P17_only,1
Q18391009,1,1,P17+P131,0
Q13643235,0,1,P131_only,1
Q16696704,1,1,P17+P131,1
Q16648920,1,1,P17+P131,1
Q60852036,1,0,P17_only,0
Q27352589,0,1,P131_only,0
Q111079400,1,1,P17+P131,1
Q110319376,1,0,P17_only,0
Q32201511,1,0,P17_only,0
Q12577739,1,0,P17_only,1
Q16669478,1,1,P17+P131,1
Q130349481,1,1,P17+P131,0
Q136268960,1,0,P17_only,0
Q135829111,1,0,P17_only,0
Q123363733,1,0,P17_only,0
Q4348962,1,0,P17_only,1
Q135829685,1,0,P17_only,0
Q107287418,1,0,P17_only,0
Q12530731,1,1,P17+P131,1
Q13359437,0,1,P131_only,1
Q12537006,1,0,P17_only,1
Q27357160,1,0,P17_only,0
Q32190521,1,0,P17_only,0
Q12698680,1,0,P17_only,0
Q12575868,1,1,P17+P131,1
Q12570416,1,0,P17_only,1
Q135828613,1,0,P17_only,0
Q27357171,1,0,P17_only,0
Q30974964,1,1,P17+P131,0
Q16431665,1,0,P17_only,1
Q13359493,0,1,P131_only,1
Q12535109,1,0,P17_only,1
Q16683453,1,1,P17+P131,1
Q27430893,1,0,P17_only,0
Q12531280,1,0,P17_only,1
Q2550391,1,1,P17+P131,1
Q27430861,1,0,P17_only,0
Q18401885,1,1,P17+P131,1
Q486407,1,1,P17+P131,1
Q20486052,1,0,P17_only,1
Q16693222,1,1,P17+P131,1
Q20098509,1,1,P17+P131,1
Q114348038,1,0,P17_only,0
Q120261282,1,0,P17_only,0
Q19613857,0,1,P131_only,0
Q17494769,1,1,P17+P131,1
Q138746148,1,1,P17+P131,0
Q27430608,1,0,P17_only,0
Q16709492,1,1,P17+P131,1
Q3723170,1,0,P17_only,1
Q30592202,1,0,P17_only,0
Q13664250,1,1,P17+P131,1
Q12537278,1,0,P17_only,1
Q123363785,1,0,P17_only,0
Q12528018,1,0,P17_only,1
Q123363847,1,0,P17_only,0
Q16651041,1,1,P17+P131,1
Q6360820,1,1,P17+P131,1
Q12573886,1,1,P17+P131,1
Q16716177,1,1,P17+P131,1
Q13645728,1,1,P17+P131,1
Q16681602,1,1,P17+P131,1
Q13652303,1,1,P17+P131,1
Q12536358,1,1,P17+P131,1
Q61813539,1,1,P17+P131,0
Q135089978,1,1,P17+P131,1
Q20484563,1,0,P17_only,1
Q392881,1,0,P17_only,1
Q18408190,1,1,P17+P131,1
Q32218150,1,0,P17_only,0
Q13648758,1,1,P17+P131,1
Q27352778,0,1,P131_only,0
Q12574525,1,1,P17+P131,1
Q32206348,1,1,P17+P131,0
Q97940686,1,0,P17_only,0
Q16669397,1,1,P17+P131,1
Q12566172,1,1,P17+P131,1
Q12562919,1,1,P17+P131,1
Q16721301,1,1,P17+P131,1
Q32178584,1,1,P17+P131,0
Q16432333,1,1,P17+P131,1
Q115605536,1,0,P17_only,0
Q135920822,1,0,P17_only,0
Q12546712,1,0,P17_only,1
Q20486094,1,0,P17_only,1
Q12551169,0,1,P131_only,1
Q9252266,1,1,P17+P131,1
Q112654951,0,1,P131_only,0
Q27147104,1,0,P17_only,0
Q16272409,0,1,P131_only,1
Q32183625,1,0,P17_only,0
Q18400665,1,1,P17+P131,1
Q25530309,1,0,P17_only,1
Q25390362,1,1,P17+P131,0
Q12574697,1,0,P17_only,1
Q12559097,1,1,P17+P131,1
Q16635361,0,1,P131_only,1
Q16641853,0,1,P131_only,1
Q4392929,1,0,P17_only,0
Q12541885,0,1,P131_only,1
Q21104049,1,1,P17+P131,0
Q13652440,0,1,P131_only,1
Q16433139,1,0,P17_only,1
Q123713202,1,0,P17_only,1
Q56366783,1,1,P17+P131,1
Q32184198,1,0,P17_only,0
Q20098554,1,1,P17+P131,1
Q16693804,1,1,P17+P131,1
Q12532477,1,0,P17_only,1
Q27430695,1,0,P17_only,1
Q16707167,1,1,P17+P131,1
Q25395829,1,0,P17_only,1
Q136366442,1,1,P17+P131,0
Q2370088,1,1,P17+P131,1
Q97163873,1,0,P17_only,0
Q16690772,1,1,P17+P131,0
Q123363568,1,0,P17_only,0
Q12701569,1,0,P17_only,0
Q56367635,1,1,P17+P131,1
Q137527448,1,0,P17_only,0
Q32219175,1,0,P17_only,0
Q13645832,1,1,P17+P131,1
Q23496121,1,1,P17+P131,0
Q138746145,1,0,P17_only,0
Q4217451,1,1,P17+P131,1
Q13646255,1,1,P17+P131,1
Q18408923,1,1,P17+P131,1
Q4381372,1,1,P17+P131,1
Q12550964,1,0,P17_only,1
Q123363482,1,0,P17_only,0
Q20484768,1,1,P17+P131,1
Q1140348,1,0,P17_only,1
Q27357596,1,1,P17+P131,0
Q123363542,1,0,P17_only,0
Q32189173,1,0,P17_only,0
Q3256264,1,0,P17_only,0
Q18402044,1,1,P17+P131,1
Q30969501,1,1,P17+P131,0
Q63969192,1,0,P17_only,1
Q108533804,1,0,P17_only,0
Q32204960,1,0,P17_only,0
Q32199116,1,1,P17+P131,0
Q27430625,1,0,P17_only,0
Q4059958,1,1,P17+P131,1
Q104866948,1,1,P17+P131,1
Q110114274,1,0,P17_only,1
Q16434408,1,0,P17_only,1
Q55659710,1,0,P17_only,0
Q13648783,1,1,P17+P131,1
Q20486289,1,1,P17+P131,1
Q18406998,1,1,P17+P131,1
Q48850696,1,0,P17_only,0
Q117705457,1,1,P17+P131,1
Q16719186,1,0,P17_only,1
Q27357591,1,0,P17_only,0
Q16684034,1,1,P17+P131,1
Q4186452,1,1,P17+P131,1
Q16431764,1,1,P17+P131,1
Q30973969,1,1,P17+P131,1
Q27351434,1,0,P17_only,0
Q12560264,1,1,P17+P131,1
Q32181737,1,1,P17+P131,0
Q12550570,1,0,P17_only,1
Q112003976,1,0,P17_only,0
Q4478552,1,1,P17+P131,1
Q12550161,1,0,P17_only,1
Q25505435,1,1,P17+P131,1
Q104862249,1,0,P17_only,0
Q65124524,1,0,P17_only,0
Q131552728,1,1,P17+P131,1
Q16644619,0,1,P131_only,1
Q60945147,1,1,P17+P131,0
Q3729904,1,0,P17_only,1
Q30940580,1,0,P17_only,0
Q12528053,1,0,P17_only,1
Q27348087,1,0,P17_only,0
Q4350660,1,0,P17_only,1
Q16431108,1,0,P17_only,1
Q32205766,1,0,P17_only,0
Q13642088,1,1,P17+P131,1
Q65253365,1,0,P17_only,0
Q12552368,1,0,P17_only,1
Q27351509,1,0,P17_only,0
Q32218757,1,1,P17+P131,0
Q105999200,1,0,P17_only,0
Q27357186,1,0,P17_only,0
Q20098159,1,1,P17+P131,1
Q13647434,1,1,P17+P131,1
Q13643098,0,1,P131_only,1
Q27354683,1,0,P17_only,0
Q15918889,1,1,P17+P131,1
Q13661810,1,1,P17+P131,1
Q16631953,0,1,P131_only,1
Q25504823,1,1,P17+P131,1
Q13642211,1,1,P17+P131,1
Q30972537,1,1,P17+P131,0
Q32171176,1,0,P17_only,0
Q30897595,1,1,P17+P131,0
Q18396271,1,1,P17+P131,0
Q27354874,1,0,P17_only,0
Q12570528,1,0,P17_only,1
Q14628822,1,0,P17_only,0
Q16651622,1,1,P17+P131,0
Q16693758,1,1,P17+P131,1
Q12564717,1,1,P17+P131,1
Q32197119,1,0,P17_only,0
Q12531258,1,0,P17_only,1
Q12543164,1,0,P17_only,1
Q139795,1,0,P17_only,1
Q12547738,1,0,P17_only,1
Q20076121,1,1,P17+P131,1
Q1516792,1,1,P17+P131,0
Q20098432,1,1,P17+P131,1
Q30974532,1,1,P17+P131,1
Q30975051,1,1,P17+P131,1
Q12531744,1,1,P17+P131,1
Q32212221,1,0,P17_only,0
Q32215403,1,0,P17_only,0
Q65153755,1,0,P17_only,0
Q12550675,1,0,P17_only,1
Q108533803,1,0,P17_only,0
Q12562264,1,1,P17+P131,1
Q16701159,1,1,P17+P131,1
Q139919593,1,1,P17+P131,0
Q13652540,0,1,P131_only,1
Q1208086,1,0,P17_only,0
Q112003958,1,0,P17_only,0
Q4288591,1,1,P17+P131,1
Q32170650,0,1,P131_only,0
Q123363577,1,0,P17_only,0
Q123363716,1,0,P17_only,0
Q13641669,1,1,P17+P131,1
Q12565441,1,1,P17+P131,1
Q12574515,1,0,P17_only,1
Q12576434,1,1,P17+P131,1
Q30972169,1,1,P17+P131,1
Q16668675,1,0,P17_only,1
Q13645580,1,1,P17+P131,1
Q32218478,1,0,P17_only,0
Q12561388,1,1,P17+P131,1
Q89153756,1,0,P17_only,0
Q13649796,1,1,P17+P131,1
Q12550982,1,1,P17+P131,1
Q13648152,1,1,P17+P131,1
Q16661648,1,1,P17+P131,1
Q16431278,1,0,P17_only,1
Q30972476,1,1,P17+P131,1
Q32183585,1,0,P17_only,0
Q1816833,1,1,P17+P131,1
Q16433315,1,0,P17_only,1
Q4059955,1,1,P17+P131,1
Q32207257,0,1,P131_only,0
Q135829289,1,0,P17_only,0
Q27350831,1,1,P17+P131,1
Q27430560,1,0,P17_only,0
Q65261110,1,0,P17_only,0
Q27355051,1,0,P17_only,0
Q32198770,1,0,P17_only,0
Q17449125,1,0,P17_only,0
Q23957554,1,0,P17_only,0
Q27799675,1,0,P17_only,0
Q16691492,1,1,P17+P131,1
Q20557254,1,0,P17_only,0
Q37744453,0,1,P131_only,0
Q13664155,1,1,P17+P131,0
Q32176957,1,1,P17+P131,0
Q13665042,1,1,P17+P131,1
Q16706539,1,1,P17+P131,1
Q27354648,1,0,P17_only,1
Q12560825,1,0,P17_only,1
Q27351862,1,1,P17+P131,0
Q137551675,1,0,P17_only,0
Q32193055,1,0,P17_only,0
Q32177505,1,0,P17_only,0
Q16661781,1,1,P17+P131,1
Q16664651,1,1,P17+P131,1
Q16706506,1,1,P17+P131,1
Q4146750,1,1,P17+P131,1
Q13663032,1,1,P17+P131,1
Q1276478,1,0,P17_only,0
Q1571825,1,1,P17+P131,1
Q27430724,1,0,P17_only,0
Q137527465,1,0,P17_only,0
Q12565349,1,0,P17_only,1
Q12555151,1,1,P17+P131,1
Q16432109,1,1,P17+P131,1
Q13650422,1,1,P17+P131,1
Q109452573,1,0,P17_only,0
Q16703171,1,1,P17+P131,1
Q13359499,0,1,P131_only,1
Q16710497,1,1,P17+P131,1
Q13662937,1,1,P17+P131,1
Q61368182,1,1,P17+P131,1
Q16431624,1,1,P17+P131,1
Q16274649,1,1,P17+P131,1
Q4178143,1,1,P17+P131,1
Q16434343,1,0,P17_only,1
Q12529117,1,0,P17_only,1
Q12536524,1,0,P17_only,1
Q16661811,1,1,P17+P131,1
Q483236,1,0,P17_only,1
Q13641957,1,1,P17+P131,1
Q20485712,1,0,P17_only,1
Q17562739,1,1,P17+P131,1
Q12565269,1,0,P17_only,1
Q16434434,1,0,P17_only,1
Q32169737,0,1,P131_only,0
Q13359466,0,1,P131_only,1
Q12542806,1,0,P17_only,1
Q12573519,1,0,P17_only,1
Q16432616,1,0,P17_only,1
Q55239195,1,0,P17_only,0
Q32216841,1,0,P17_only,0
Q11494837,1,1,P17+P131,1
Q13664298,1,1,P17+P131,1
Q12575823,1,1,P17+P131,1
Q137527273,1,0,P17_only,0
Q12554177,1,1,P17+P131,1
Q12532367,1,1,P17+P131,1
Q16273654,1,1,P17+P131,1
Q125611802,1,0,P17_only,0
Q60851961,1,1,P17+P131,0
Q55659514,1,0,P17_only,0
Q18398728,1,1,P17+P131,1
Q22080291,1,0,P17_only,1
Q27430687,1,1,P17+P131,1
Q16432891,1,0,P17_only,1
Q96035145,1,1,P17+P131,0
Q123363518,1,0,P17_only,0
Q16432726,1,0,P17_only,1
Q32215823,1,0,P17_only,0
Q2615094,1,0,P17_only,1
Q16690060,1,1,P17+P131,1
Q12536981,1,1,P17+P131,1
Q1135597,1,1,P17+P131,0
Q13664196,1,1,P17+P131,1
Q16657265,1,1,P17+P131,0
Q135829505,1,0,P17_only,0
Q3677399,1,0,P17_only,1
Q125601650,1,0,P17_only,0
Q12567467,1,1,P17+P131,1
Q17485230,1,1,P17+P131,1
Q27355129,1,0,P17_only,0
Q60853375,1,1,P17+P131,1
Q16681630,1,1,P17+P131,0
Q12539450,1,1,P17+P131,1
Q16700616,1,1,P17+P131,1
Q32199196,1,0,P17_only,0
Q13664020,1,1,P17+P131,1
Q123363667,1,0,P17_only,0
Q118352591,1,0,P17_only,1
Q7311375,0,1,P131_only,1
Q20484938,1,0,P17_only,1
Q123363567,1,0,P17_only,0
Q13652532,0,1,P131_only,1
Q16431369,1,1,P17+P131,1
Q32213512,1,0,P17_only,0
Q18399666,1,1,P17+P131,1
Q15410397,1,0,P17_only,0
Q7273154,1,1,P17+P131,1
Q13661861,1,1,P17+P131,1
Q27357681,1,0,P17_only,0
Q132859334,1,1,P17+P131,1
Q30969539,1,1,P17+P131,1
Q32182369,1,0,P17_only,0
Q16631892,0,1,P131_only,1
Q4194433,1,1,P17+P131,1
Q19953146,0,1,P131_only,0
Q110114336,1,0,P17_only,1
Q27430694,1,0,P17_only,0
Q13649128,1,1,P17+P131,1
Q126735097,1,0,P17_only,0
Q16272467,1,1,P17+P131,1
Q22907440,1,0,P17_only,1
Q12574468,1,1,P17+P131,1
Q126810644,1,0,P17_only,1
Q12536317,1,1,P17+P131,1
Q5255578,1,0,P17_only,1
Q429528,1,1,P17+P131,1
Q27430664,1,1,P17+P131,1
Q123225298,1,0,P17_only,0
Q65154031,1,1,P17+P131,0
Q12548860,1,0,P17_only,1
Q137908548,1,0,P17_only,0
Q136268953,1,0,P17_only,0
Q131723746,1,0,P17_only,0
Q27357219,1,0,P17_only,0
Q12576644,1,0,P17_only,1
Q16662728,1,1,P17+P131,1
Q4203911,1,1,P17+P131,0
Q18407702,1,1,P17+P131,1
Q4393617,1,0,P17_only,1
Q18203022,1,1,P17+P131,0
Q12560271,1,1,P17+P131,1
Q12571132,1,1,P17+P131,1
Q27350900,1,0,P17_only,0
Q12549043,1,0,P17_only,1
Q4413194,1,0,P17_only,0
Q32175564,1,0,P17_only,0
Q139973660,1,1,P17+P131,0
Q12535658,1,1,P17+P131,1
Q27357191,1,0,P17_only,0
Q13649801,1,1,P17+P131,1
Q56367365,1,1,P17+P131,1
Q123671001,1,1,P17+P131,0
Q61367398,1,1,P17+P131,1
Q32170962,1,0,P17_only,0
Q30975155,1,1,P17+P131,1
Q13416211,0,1,P131_only,1
Q16648544,1,1,P17+P131,1
Q27430925,1,0,P17_only,0
Q12577320,1,1,P17+P131,1
Q20486191,1,0,P17_only,1
Q18128224,1,1,P17+P131,0
Q12540529,0,1,P131_only,1
Q123225273,1,0,P17_only,0
Q32195051,1,1,P17+P131,0
Q1047747,1,1,P17+P131,1
Q66069371,1,0,P17_only,0
Q64802025,1,0,P17_only,0
Q124338191,1,0,P17_only,0
Q13665022,1,1,P17+P131,1
Q97663496,1,0,P17_only,0
Q16719846,1,1,P17+P131,1
Q16716265,1,1,P17+P131,1
Q108783926,1,1,P17+P131,0
Q27357368,1,0,P17_only,0
Q12553757,1,0,P17_only,1
Q56367098,1,1,P17+P131,1
Q123363819,1,0,P17_only,0
Q23958860,1,0,P17_only,1
Q13646949,1,1,P17+P131,1
Q12537411,1,0,P17_only,1
Q4208080,1,1,P17+P131,1
Q12533476,1,1,P17+P131,1
Q12552953,1,0,P17_only,1
Q27430817,1,1,P17+P131,0
Q123363550,1,0,P17_only,0
Q135829674,1,0,P17_only,0
Q12533954,1,0,P17_only,1
Q2302162,1,1,P17+P131,1
Q18401893,1,1,P17+P131,1
Q16272144,0,1,P131_only,1
Q20486114,1,0,P17_only,1
Q108533825,1,0,P17_only,0
Q27352367,1,0,P17_only,0
Q12683533,1,0,P17_only,0
Q28520349,1,1,P17+P131,0
Q13648779,1,1,P17+P131,1
Q13661808,1,1,P17+P131,1
Q56367399,1,1,P17+P131,1
Q32206814,1,0,P17_only,0
Q12540812,0,1,P131_only,1
Q2217897,1,0,P17_only,0
Q12574837,1,0,P17_only,1
Q16716352,1,0,P17_only,0
Q12575359,1,1,P17+P131,1
Q4381066,1,1,P17+P131,1
Q105636329,1,0,P17_only,0
Q27430532,1,0,P17_only,0
Q135828935,1,0,P17_only,0
Q20486132,1,0,P17_only,1
Q4430222,1,0,P17_only,1
Q13665162,1,1,P17+P131,1
Q32212125,1,1,P17+P131,0
Q16650917,1,1,P17+P131,1
Q12530319,1,0,P17_only,1
Q16250079,0,1,P131_only,0
Q2631998,1,1,P17+P131,0
Q42900976,1,0,P17_only,1
Q27354756,1,0,P17_only,0
Q27351363,1,0,P17_only,0
Q32173453,0,1,P131_only,1
Q1534138,1,1,P17+P131,1
Q4107913,1,1,P17+P131,1
Q107752568,1,0,P17_only,0
Q12573811,1,0,P17_only,1
Q12535557,1,0,P17_only,1
Q12556895,1,0,P17_only,1
Q32182234,1,0,P17_only,0
Q16432841,1,0,P17_only,1
Q12535359,1,0,P17_only,1
Q32200031,1,0,P17_only,0
Q18400467,1,1,P17+P131,1
Q32200990,1,1,P17+P131,0
Q27430805,1,0,P17_only,0
Q16274626,1,1,P17+P131,1
Q27357366,1,0,P17_only,0
Q135829647,1,0,P17_only,0
Q61368144,1,1,P17+P131,1
Q16434710,1,1,P17+P131,1
Q4286998,1,0,P17_only,1
Q809683,1,0,P17_only,1
Q27353940,1,0,P17_only,0
Q12538365,1,1,P17+P131,1
Q13662893,1,1,P17+P131,1
Q22201480,1,1,P17+P131,1
Q13655906,1,1,P17+P131,1
Q16690874,1,1,P17+P131,1
Q4273757,1,1,P17+P131,1
Q27351973,1,0,P17_only,0
Q672328,1,0,P17_only,0
Q20076752,1,1,P17+P131,1
Q27357052,1,0,P17_only,0
Q22202066,1,1,P17+P131,1
Q15918927,1,1,P17+P131,1
Q27354951,1,1,P17+P131,0
Q110589492,1,0,P17_only,0
Q16682779,1,1,P17+P131,1
Q12570946,1,0,P17_only,1
Q112654949,0,1,P131_only,0
Q20486212,1,0,P17_only,1
Q32202807,1,0,P17_only,0
Q7274506,1,1,P17+P131,1
Q13646989,1,1,P17+P131,1
Q123363866,1,0,P17_only,0
Q4098555,1,1,P17+P131,1
Q20715771,1,0,P17_only,0
Q60046086,1,1,P17+P131,1
Q96412318,1,0,P17_only,0
Q27354852,1,0,P17_only,0
Q32217521,1,0,P17_only,0
Q16710326,1,1,P17+P131,1
Q12711957,1,0,P17_only,0
Q13664012,1,1,P17+P131,1
Q45728491,1,0,P17_only,0
Q123363455,1,0,P17_only,0
Q130318349,1,1,P17+P131,0
Q13640919,1,1,P17+P131,1
Q20486102,1,0,P17_only,1
Q65267667,1,0,P17_only,0
Q27431016,1,0,P17_only,0
Q938914,1,1,P17+P131,1
Q16696117,1,1,P17+P131,1
Q12561232,1,1,P17+P131,1
Q39046799,1,0,P17_only,1
Q18396355,1,1,P17+P131,1
Q12700528,1,0,P17_only,0
Q26736542,1,1,P17+P131,1
Q106291568,1,0,P17_only,0
Q32200785,1,0,P17_only,0
Q12575802,1,1,P17+P131,1
Q32175170,1,0,P17_only,1
Q20098438,1,1,P17+P131,1
Q12534102,1,1,P17+P131,1
Q12563324,1,1,P17+P131,1
Q12537351,1,0,P17_only,1
Q31510394,1,0,P17_only,0
Q33348,1,0,P17_only,1
Q32213142,1,0,P17_only,0
Q12560893,1,0,P17_only,1
Q32216227,1,0,P17_only,0
Q13640837,1,1,P17+P131,0
Q16704331,1,1,P17+P131,1
Q4061783,1,1,P17+P131,1
Q16639475,0,1,P131_only,0
Q16538413,0,1,P131_only,0
Q20484918,1,0,P17_only,1
Q4169789,1,1,P17+P131,1
Q81268482,1,0,P17_only,1
Q32202688,1,0,P17_only,0
Q4219833,1,1,P17+P131,1
Q13664182,1,1,P17+P131,1
Q123363732,1,0,P17_only,0
Q20484911,1,0,P17_only,1
Q12543348,1,0,P17_only,1
Q56367455,1,1,P17+P131,1
Q13641917,1,1,P17+P131,1
Q63393566,1,0,P17_only,0
Q135829710,1,0,P17_only,0
Q55659422,1,0,P17_only,0
Q16431020,1,0,P17_only,1
Q2668113,1,1,P17+P131,1
Q135829792,1,0,P17_only,0
Q16434521,1,0,P17_only,1
Q16433248,1,0,P17_only,1
Q20485884,1,0,P17_only,1
Q27356974,1,0,P17_only,0
Q1734800,1,0,P17_only,0
Q22201358,1,1,P17+P131,1
Q55657881,1,0,P17_only,0
Q32193002,1,0,P17_only,0
Q2829088,1,0,P17_only,1
Q13653550,1,1,P17+P131,1
Q16703328,1,1,P17+P131,1
Q12543001,1,1,P17+P131,1
Q27355027,1,0,P17_only,0
Q4324738,1,1,P17+P131,1
Q13650015,1,1,P17+P131,1
Q4191510,1,0,P17_only,0
Q20097455,1,1,P17+P131,1
Q27350756,1,0,P17_only,0
Q135829287,1,0,P17_only,0
Q20098496,1,1,P17+P131,1
Q97280326,1,1,P17+P131,0
Q1899549,1,1,P17+P131,1
Q27353792,1,1,P17+P131,1
Q12577497,1,0,P17_only,1
Q16433250,1,0,P17_only,1
Q65256124,1,0,P17_only,0
Q32192873,1,1,P17+P131,0
Q61369704,1,0,P17_only,1
Q32183549,1,0,P17_only,0
Q1047754,1,1,P17+P131,1
Q25238434,1,0,P17_only,0
Q135829890,1,0,P17_only,0
Q16651184,1,1,P17+P131,1
Q4536289,1,0,P17_only,0
Q27357166,1,0,P17_only,0
Q12531738,1,0,P17_only,1
Q97160150,1,1,P17+P131,1
Q16432848,1,0,P17_only,1
Q12531058,1,1,P17+P131,1
Q12564395,1,1,P17+P131,1
Q16696714,0,1,P131_only,1
Q27430671,1,1,P17+P131,1
Q20092683,1,1,P17+P131,1
Q16656979,1,0,P17_only,0
Q13664248,1,1,P17+P131,1
Q12569997,1,0,P17_only,1
Q16433621,1,0,P17_only,1
Q123363607,1,0,P17_only,0
Q27351414,1,1,P17+P131,0
Q1688290,1,1,P17+P131,1
Q16431078,1,0,P17_only,1
Q16431123,1,1,P17+P131,1
Q16431875,1,0,P17_only,1
Q108533821,1,0,P17_only,0
Q4243755,1,0,P17_only,1
Q2632718,1,1,P17+P131,1
Q16274207,1,1,P17+P131,1
Q63185786,1,1,P17+P131,0
Q32187204,1,1,P17+P131,0
Q16673855,1,1,P17+P131,1
Q16272449,1,1,P17+P131,1
Q12555738,1,1,P17+P131,1
Q45728558,1,0,P17_only,0
Q61367622,1,1,P17+P131,0
Q18401216,1,1,P17+P131,0
Q12567874,1,1,P17+P131,1
Q12683660,1,0,P17_only,0
Q16433171,1,0,P17_only,1
Q16273479,1,1,P17+P131,1
Q64549149,1,0,P17_only,0
Q12561957,1,1,P17+P131,1
Q16666865,1,1,P17+P131,1
Q32212652,1,0,P17_only,0
Q27357333,1,1,P17+P131,0
Q20073308,1,1,P17+P131,1
Q12565665,1,0,P17_only,1
Q135829752,1,0,P17_only,0
Q12545276,1,1,P17+P131,1
Q18408764,1,1,P17+P131,1
Q3180922,1,1,P17+P131,1
Q4158220,1,0,P17_only,1
Q20073789,1,1,P17+P131,1
Q12561951,1,1,P17+P131,1
Q12553903,1,1,P17+P131,1
Q16274272,1,1,P17+P131,1
Q12542904,1,1,P17+P131,1
Q16433485,1,0,P17_only,1
Q16673331,1,1,P17+P131,1
Q136090741,1,0,P17_only,0
Q2737272,1,1,P17+P131,1
Q32190335,1,0,P17_only,0
Q847514,1,0,P17_only,0
Q124419509,1,0,P17_only,0
Q13640659,0,1,P131_only,1
Q18400184,1,1,P17+P131,1
Q27357594,1,0,P17_only,0
Q104772331,1,0,P17_only,0
Q16433218,1,0,P17_only,1
Q16681598,1,1,P17+P131,1
Q13651864,1,1,P17+P131,1
Q16651059,1,1,P17+P131,1
Q108783927,1,1,P17+P131,0
Q16683192,1,1,P17+P131,1
Q12702571,1,0,P17_only,0
Q18407536,1,1,P17+P131,1
Q12549193,1,0,P17_only,1
Q13641695,1,1,P17+P131,1
Q30592244,1,0,P17_only,0
Q12574175,1,0,P17_only,1
Q25238429,1,0,P17_only,0
Q134310105,1,1,P17+P131,0
Q30897531,1,1,P17+P131,1
Q18406921,1,1,P17+P131,0
Q16709875,1,1,P17+P131,1
Q129880679,1,1,P17+P131,1
Q4107907,1,1,P17+P131,0
Q112004003,1,0,P17_only,0
Q18406315,1,1,P17+P131,1
Q16674180,1,1,P17+P131,1
Q16273856,1,1,P17+P131,1
Q12566681,1,0,P17_only,1
Q16272382,0,1,P131_only,1
Q120291263,1,0,P17_only,0
Q12537204,1,1,P17+P131,1
Q25381250,1,0,P17_only,0
Q20643159,1,1,P17+P131,0
Q12549201,1,0,P17_only,1
Q2783344,1,1,P17+P131,1
Q16701047,1,0,P17_only,0
Q12567404,1,1,P17+P131,1
Q13664269,1,1,P17+P131,1
Q16674699,1,1,P17+P131,1
Q13651688,1,1,P17+P131,1
Q1956509,1,1,P17+P131,1
Q107752563,1,0,P17_only,0
Q12538655,1,0,P17_only,1
Q32197898,1,0,P17_only,0
Q16718509,1,1,P17+P131,1
Q122950228,1,0,P17_only,0
Q17749605,1,1,P17+P131,1
Q20462588,1,0,P17_only,0
Q16720826,1,1,P17+P131,1
Q12527799,1,0,P17_only,1
Q16664552,1,1,P17+P131,1
Q55659706,1,0,P17_only,0
Q16432114,1,1,P17+P131,1
Q21103509,1,1,P17+P131,0
Q12570550,1,1,P17+P131,1
Q27348172,1,0,P17_only,0
Q20486069,1,0,P17_only,1
Q13646128,0,1,P131_only,1
Q757666,1,1,P17+P131,1
Q3910969,1,0,P17_only,0
Q23958191,1,1,P17+P131,0
Q105947443,1,0,P17_only,0
Q27358065,1,1,P17+P131,0
Q13652504,0,1,P131_only,1
Q16432487,1,1,P17+P131,1
Q12555825,1,1,P17+P131,1
Q12575089,1,1,P17+P131,1
Q121597224,1,0,P17_only,0
Q27354739,1,0,P17_only,0
Q122819159,1,0,P17_only,0
Q66887629,1,0,P17_only,0
Q136656392,1,0,P17_only,0
Q16432894,1,0,P17_only,1
Q13645674,1,1,P17+P131,1
Q111296999,1,0,P17_only,0
Q536536,1,0,P17_only,0
Q124216609,1,0,P17_only,0
Q16274638,1,1,P17+P131,1
Q97214331,1,0,P17_only,1
Q13646951,1,1,P17+P131,1
Q111169280,1,0,P17_only,1
Q30975229,1,1,P17+P131,1
Q12556902,1,1,P17+P131,1
Q32218900,1,0,P17_only,0
Q23958940,1,0,P17_only,1
Q116177001,1,0,P17_only,0
Q642555,1,0,P17_only,1
Q20083017,1,1,P17+P131,1
Q12574229,1,0,P17_only,1
Q9129,1,0,P17_only,1
Q135828945,1,0,P17_only,0
Q27348275,1,0,P17_only,0
Q13652687,0,1,P131_only,1
Q12573419,1,0,P17_only,1
Q13645993,1,1,P17+P131,1
Q97459124,1,0,P17_only,0
Q20486205,1,0,P17_only,1
Q126661091,1,1,P17+P131,0
Q65257174,1,0,P17_only,0
Q7479803,1,1,P17+P131,1
Q12536709,1,1,P17+P131,1
Q16434599,1,0,P17_only,1
Q123225295,1,0,P17_only,0
Q13648917,1,1,P17+P131,1
Q56367450,1,1,P17+P131,1
Q32188781,1,0,P17_only,0
Q108533831,1,0,P17_only,0
Q13664041,1,1,P17+P131,1
Q6819616,1,1,P17+P131,1
Q13649831,1,1,P17+P131,1
Q135987212,1,0,P17_only,0
Q16431681,1,1,P17+P131,1
Q12557342,1,0,P17_only,1
Q32194577,1,0,P17_only,0
Q16432993,1,0,P17_only,1
Q12542915,1,0,P17_only,1
Q64195924,1,0,P17_only,1
Q32189098,1,0,P17_only,0
Q136090679,1,0,P17_only,0
Q27357151,1,0,P17_only,0
Q16699158,1,1,P17+P131,1
Q28502287,1,0,P17_only,0
Q111297011,1,0,P17_only,0
Q43147119,1,0,P17_only,0
Q12531260,1,0,P17_only,1
Q12545398,1,1,P17+P131,1
Q60737017,1,1,P17+P131,1
Q18404753,1,0,P17_only,1
Q13643805,1,1,P17+P131,1
Q205932,1,1,P17+P131,1
Q18406951,1,1,P17+P131,0
Q13655786,1,1,P17+P131,1
Q4228941,1,1,P17+P131,1
Q13643129,0,1,P131_only,1
Q135829930,1,0,P17_only,0
Q25495194,1,0,P17_only,1
Q12533440,1,1,P17+P131,1
Q6985453,1,1,P17+P131,0
Q27357214,1,0,P17_only,0
Q32197301,1,0,P17_only,0
Q32181436,1,1,P17+P131,0
Q13652423,0,1,P131_only,1
Q13652435,0,1,P131_only,1
Q16433304,1,1,P17+P131,1
Q32194157,1,0,P17_only,0
Q124482867,1,0,P17_only,0
Q32168262,0,1,P131_only,0
Q1247199,1,0,P17_only,1
Q27430623,1,0,P17_only,0
Q27354940,1,0,P17_only,0
Q27431009,1,0,P17_only,0
Q12533654,1,0,P17_only,1
Q56368556,1,1,P17+P131,1
Q13655802,1,1,P17+P131,1
Q32216675,1,1,P17+P131,0
Q32206207,1,0,P17_only,0
Q65256331,1,0,P17_only,0
Q3050181,1,0,P17_only,0
Q32192842,1,0,P17_only,0
Q12547939,1,0,P17_only,1
Q27358145,1,1,P17+P131,0
Q20098098,1,1,P17+P131,1
Q13656157,1,1,P17+P131,1
Q32218622,1,0,P17_only,0
Q23958917,1,0,P17_only,1
Q32197080,1,0,P17_only,0
Q16431767,1,0,P17_only,1
Q958039,1,0,P17_only,1
Q16696107,1,1,P17+P131,1
Q15617716,1,1,P17+P131,1
Q3498700,1,1,P17+P131,0
Q27354782,1,0,P17_only,0
Q120756939,1,0,P17_only,1
Q130719575,1,0,P17_only,1
Q12548617,1,0,P17_only,1
Q2550214,1,1,P17+P131,1
Q13663978,1,1,P17+P131,1
Q13643244,1,1,P17+P131,0
Q27356843,1,0,P17_only,0
Q27430537,1,0,P17_only,0
Q12547298,1,0,P17_only,1
Q6364400,1,1,P17+P131,1
Q16272619,1,1,P17+P131,1
Q16655668,1,1,P17+P131,1
Q12573548,1,0,P17_only,1
Q13641622,1,1,P17+P131,1
Q138315755,1,1,P17+P131,0
Q12535260,1,0,P17_only,1
Q16677513,1,0,P17_only,0
Q108783934,1,1,P17+P131,0
Q4213996,1,1,P17+P131,1
Q27354724,1,0,P17_only,0
Q16701413,1,1,P17+P131,1
Q25515502,1,0,P17_only,1
Q13642236,1,1,P17+P131,1
Q18405397,1,1,P17+P131,0
Q12561922,1,1,P17+P131,1
Q20076843,1,1,P17+P131,1
Q32215366,1,0,P17_only,0
Q115906696,1,0,P17_only,0
Q16432129,1,1,P17+P131,1
Q258173,1,1,P17+P131,1
Q32211518,1,1,P17+P131,0
Q135829897,1,0,P17_only,0
Q12528533,1,0,P17_only,1
Q12555962,1,1,P17+P131,1
Q16273187,1,1,P17+P131,1
Q12531891,1,0,P17_only,1
Q16432568,1,0,P17_only,1
Q32204945,1,0,P17_only,0
Q13663388,1,1,P17+P131,1
Q13646268,1,1,P17+P131,1
Q112004009,1,0,P17_only,0
Q13640664,0,1,P131_only,1
Q13664217,1,1,P17+P131,1
Q12564043,1,0,P17_only,1
Q20098529,1,1,P17+P131,1
Q18407786,1,1,P17+P131,1
Q20484302,1,0,P17_only,1
Q1568167,1,0,P17_only,0
Q13645619,1,1,P17+P131,1
Q27348495,1,0,P17_only,0
Q22200711,1,1,P17+P131,1
Q66410806,1,0,P17_only,0
Q32218304,1,0,P17_only,0
Q2606790,1,0,P17_only,1
Q55833112,1,0,P17_only,0
Q97760467,1,0,P17_only,0
Q485429,1,1,P17+P131,1
Q27350753,1,0,P17_only,0
Q117037010,1,0,P17_only,0
Q32213971,1,0,P17_only,0
Q12533393,1,1,P17+P131,1
Q13649587,1,1,P17+P131,1
Q16272670,1,1,P17+P131,1
Q27355164,1,0,P17_only,0
Q27357330,1,1,P17+P131,0
Q16704224,1,1,P17+P131,1
Q30972866,1,0,P17_only,1
Q7178914,1,1,P17+P131,1
Q13643372,1,1,P17+P131,1
Q4208110,1,1,P17+P131,1
Q12532038,1,1,P17+P131,1
Q20643152,1,1,P17+P131,0
Q27355007,1,0,P17_only,0
Q30973140,1,1,P17+P131,1
Q1764070,1,1,P17+P131,1
Q30890103,1,0,P17_only,0
Q12574681,1,0,P17_only,1
Q112004000,1,0,P17_only,0
Q16433556,1,1,P17+P131,1
Q16965285,1,1,P17+P131,0
Q16661596,1,1,P17+P131,1
Q16665509,1,1,P17+P131,1
Q98085321,0,1,P131_only,0
Q12535978,1,0,P17_only,1
Q27430618,1,0,P17_only,0
Q20486133,1,0,P17_only,1
Q123363610,1,0,P17_only,0
Q27357632,1,0,P17_only,0
Q12701526,1,0,P17_only,0
Q12570056,1,0,P17_only,1
Q86668139,1,0,P17_only,0
Q16274605,1,1,P17+P131,1
Q20486176,1,0,P17_only,1
Q4288461,1,0,P17_only,0
Q135984447,1,0,P17_only,0
Q28406521,1,0,P17_only,1
Q20484381,1,0,P17_only,1
Q27354862,1,0,P17_only,0
Q32201762,1,0,P17_only,1
Q12530182,1,0,P17_only,1
Q12543110,1,0,P17_only,1
Q13651519,1,1,P17+P131,1
Q56368464,1,1,P17+P131,1
Q111721492,1,0,P17_only,1
Q12552461,1,1,P17+P131,1
Q10858557,1,1,P17+P131,1
Q110114330,1,0,P17_only,1
Q16274088,1,1,P17+P131,1
Q107752575,1,0,P17_only,0
Q13645749,1,1,P17+P131,1
Q137527263,1,0,P17_only,0
Q13423406,0,1,P131_only,1
Q12534884,1,1,P17+P131,1
Q13653162,0,1,P131_only,1
Q27357874,1,0,P17_only,0
Q27355032,1,0,P17_only,0
Q123363530,1,0,P17_only,0
Q16924216,1,0,P17_only,0
Q123363625,1,0,P17_only,0
Q13645996,1,1,P17+P131,1
Q16692392,1,1,P17+P131,1
Q2748637,1,0,P17_only,1
Q12576409,1,1,P17+P131,1
Q27350586,1,0,P17_only,0
Q16723671,1,1,P17+P131,1
Q56368523,1,1,P17+P131,1
Q6351959,1,1,P17+P131,1
Q12528566,1,1,P17+P131,1
Q13655991,1,1,P17+P131,1
Q13648616,1,1,P17+P131,1
Q20486242,1,0,P17_only,1
Q7514255,1,1,P17+P131,1
Q12550974,1,0,P17_only,1
Q135829103,1,0,P17_only,0
Q135829773,1,0,P17_only,0
Q4845939,1,1,P17+P131,1
Q12531241,1,1,P17+P131,1
Q16702062,1,1,P17+P131,1
Q15617528,1,1,P17+P131,1
Q2072205,1,1,P17+P131,1
Q32185666,1,0,P17_only,0
Q32171408,1,0,P17_only,0
Q97616216,1,0,P17_only,0
Q18398761,1,1,P17+P131,0
Q45728426,1,0,P17_only,0
Q55657300,1,0,P17_only,0
Q55833374,1,0,P17_only,0
Q16693825,1,1,P17+P131,1
Q42768910,1,1,P17+P131,0
Q20458036,1,0,P17_only,0
Q12571258,1,1,P17+P131,1
Q12543574,1,0,P17_only,1
Q28055262,1,0,P17_only,0
Q13641772,1,1,P17+P131,1
Q16710350,1,1,P17+P131,1
Q108789736,1,1,P17+P131,0
Q27348201,1,0,P17_only,0
Q28671118,1,0,P17_only,0
Q12534381,1,0,P17_only,1
Q12532072,1,1,P17+P131,1
Q30973293,1,1,P17+P131,1
Q16665737,1,1,P17+P131,1
Q6628902,1,1,P17+P131,1
Q12557321,1,0,P17_only,1
Q6364043,1,1,P17+P131,1
Q4250655,1,1,P17+P131,1
Q13652381,0,1,P131_only,1
Q16274294,1,1,P17+P131,1
Q4944288,1,0,P17_only,1
Q20077500,1,1,P17+P131,1
Q135829294,1,0,P17_only,0
Q13653374,1,1,P17+P131,1
Q18400724,1,1,P17+P131,1
Q6522628,1,1,P17+P131,1
Q27357308,1,0,P17_only,0
Q12546220,1,0,P17_only,1
Q17494751,1,1,P17+P131,1
Q32182012,1,0,P17_only,0
Q13643750,1,1,P17+P131,1
Q27353968,1,0,P17_only,0
Q165450,1,1,P17+P131,1
Q12565918,1,1,P17+P131,1
Q16629009,0,1,P131_only,1
Q137332395,1,1,P17+P131,0
Q55658384,1,0,P17_only,0
Q32218284,1,0,P17_only,0
Q65007809,1,1,P17+P131,0
Q12576893,1,1,P17+P131,1
Q12559701,1,0,P17_only,1
Q16432031,1,0,P17_only,1
Q4113168,1,1,P17+P131,1
Q12949818,1,1,P17+P131,1
Q25504660,1,0,P17_only,1
Q20098351,1,1,P17+P131,1
Q727880,1,0,P17_only,0
Q135829865,1,0,P17_only,0
Q20098411,1,1,P17+P131,1
Q12565379,1,1,P17+P131,1
Q16433704,1,0,P17_only,1
Q12561102,1,1,P17+P131,1
Q15617717,1,1,P17+P131,1
Q32206588,1,0,P17_only,0
Q6363922,1,1,P17+P131,1
Q27357979,1,0,P17_only,0
Q12692219,1,0,P17_only,0
Q18399924,1,1,P17+P131,1
Q12532178,1,0,P17_only,1
Q20098166,1,1,P17+P131,1
Q18400646,1,1,P17+P131,1
Q12550516,1,1,P17+P131,1
Q4243763,1,0,P17_only,1
Q12567927,1,0,P17_only,1
Q135829590,1,0,P17_only,0
Q32168411,0,1,P131_only,0
Q27357573,1,0,P17_only,0
Q13646527,1,1,P17+P131,1
Q13652453,0,1,P131_only,1
Q12531276,1,0,P17_only,1
Q6636420,1,0,P17_only,1
Q61368021,1,1,P17+P131,1
Q23933829,1,0,P17_only,0
Q13648428,1,1,P17+P131,1
Q4311782,1,0,P17_only,1
Q32175322,1,0,P17_only,0
Q27351933,1,0,P17_only,1
Q16681916,1,1,P17+P131,1
Q12532372,1,0,P17_only,1
Q1984953,1,0,P17_only,0
Q13648038,1,1,P17+P131,1
Q135828975,1,0,P17_only,0
Q16632048,0,1,P131_only,0
Q17514668,1,0,P17_only,0
Q18405542,1,1,P17+P131,1
Q32211920,1,0,P17_only,0
Q12550844,1,0,P17_only,1
Q20823486,1,0,P17_only,0
Q97316337,1,0,P17_only,0
Q135206146,1,0,P17_only,0
Q12543112,1,0,P17_only,1
Q16431652,1,0,P17_only,1
Q13655969,1,1,P17+P131,1
Q32212311,1,0,P17_only,0
Q12576449,1,1,P17+P131,1
Q27348498,1,0,P17_only,0
Q32212104,1,0,P17_only,0
Q56368484,1,1,P17+P131,1
Q13643551,1,1,P17+P131,1
Q620285,1,0,P17_only,0
Q32175038,1,0,P17_only,0
Q4179771,1,0,P17_only,1
Q115906687,1,0,P17_only,0
Q13649148,1,1,P17+P131,1
Q12575403,1,1,P17+P131,1
Q12560181,1,1,P17+P131,1
Q20098121,1,1,P17+P131,1
Q20098233,1,1,P17+P131,1
Q16274070,1,1,P17+P131,1
Q2070714,1,0,P17_only,0
Q135845184,1,0,P17_only,1
Q22204936,1,1,P17+P131,1
Q16651870,1,1,P17+P131,1
Q123363705,1,0,P17_only,0
Q20486298,1,0,P17_only,1
Q97274633,1,0,P17_only,0
Q12551068,0,1,P131_only,1
Q13645784,1,1,P17+P131,1
Q60860544,1,0,P17_only,1
Q12530179,1,1,P17+P131,1
Q13642337,0,1,P131_only,1
Q12565779,1,1,P17+P131,1
Q16432400,1,1,P17+P131,1
Q25493566,1,0,P17_only,1
Q27357953,1,0,P17_only,0
Q97161514,1,0,P17_only,0
Q12532185,1,0,P17_only,1
Q16669443,1,1,P17+P131,1
Q27350572,1,1,P17+P131,0
Q16652088,1,1,P17+P131,1
Q12542912,1,1,P17+P131,1
Q32182078,1,0,P17_only,0
Q32212014,1,0,P17_only,0
Q20149988,1,1,P17+P131,0
Q12531097,1,1,P17+P131,1
Q16651030,1,1,P17+P131,1
Q27357106,1,0,P17_only,0
Q27354288,1,1,P17+P131,1
Q16647396,1,1,P17+P131,1
Q126974788,1,1,P17+P131,0
Q12671980,1,0,P17_only,0
Q16432208,1,0,P17_only,1
Q27358177,1,1,P17+P131,0
Q134484453,1,1,P17+P131,0
Q27430947,1,0,P17_only,0
Q268402,1,1,P17+P131,1
Q135829456,1,0,P17_only,0
Q16274342,1,1,P17+P131,1
Q67125590,1,0,P17_only,0
Q4302193,1,1,P17+P131,1
Q5348036,1,0,P17_only,0
Q16694847,1,1,P17+P131,1
Q18408985,1,1,P17+P131,1
Q16702848,1,1,P17+P131,1
Q18400368,1,1,P17+P131,1
Q16709945,1,1,P17+P131,1
Q5100877,1,0,P17_only,0
Q32183987,1,0,P17_only,0
Q61367310,1,1,P17+P131,1
Q55836945,1,0,P17_only,1
Q1305566,1,0,P17_only,1
Q112004006,1,0,P17_only,0
Q13667506,1,1,P17+P131,1
Q12532285,1,0,P17_only,1
Q27348085,1,0,P17_only,1
Q65124377,1,0,P17_only,0
Q32200114,1,0,P17_only,0
Q120497948,1,0,P17_only,0
Q27352699,0,1,P131_only,0
Q12556946,1,1,P17+P131,1
Q32200563,1,0,P17_only,0
Q16716543,1,1,P17+P131,1
Q13645858,1,1,P17+P131,1
Q20484945,1,0,P17_only,1
Q13667022,1,1,P17+P131,1
Q4348953,1,0,P17_only,1
Q134311101,1,1,P17+P131,0
Q135829686,1,0,P17_only,0
Q16710466,1,1,P17+P131,1
Q13652544,0,1,P131_only,1
Q16432432,1,1,P17+P131,1
Q27357710,1,0,P17_only,0
Q12531365,1,0,P17_only,1
Q129880567,1,1,P17+P131,1
Q23958958,1,0,P17_only,1
Q55603711,1,1,P17+P131,0
Q32192920,1,1,P17+P131,0
Q31194436,1,0,P17_only,1
Q16433273,1,1,P17+P131,1
Q13652228,1,1,P17+P131,1
Q4205619,1,1,P17+P131,1
Q32191465,1,0,P17_only,0
Q4459530,1,1,P17+P131,1
Q30975225,1,1,P17+P131,1
Q60852085,1,0,P17_only,1
Q4812938,1,1,P17+P131,1
Q12560643,1,0,P17_only,1
Q131147425,1,0,P17_only,1
Q15918893,1,1,P17+P131,1
Q114810613,1,0,P17_only,0
Q18402053,1,1,P17+P131,1
Q126982888,1,1,P17+P131,0
Q12545574,1,0,P17_only,1
Q56367042,1,1,P17+P131,1
Q16655445,1,1,P17+P131,1
Q124336429,1,0,P17_only,0
Q22205211,1,1,P17+P131,1
Q13645772,1,1,P17+P131,1
Q16664590,1,1,P17+P131,1
Q12532222,1,0,P17_only,1
Q2393266,1,1,P17+P131,1
Q139616615,1,1,P17+P131,0
Q27430720,1,0,P17_only,0
Q27358042,1,0,P17_only,0
Q27357128,1,0,P17_only,0
Q16434551,1,1,P17+P131,1
Q65143682,1,0,P17_only,0
Q13552123,0,1,P131_only,1
Q25396979,1,1,P17+P131,0
Q12563002,1,1,P17+P131,1
Q16432107,1,1,P17+P131,1
Q16682672,1,1,P17+P131,0
Q16274332,1,1,P17+P131,1
Q138746153,1,1,P17+P131,0
Q12576472,1,0,P17_only,1
Q114976714,1,0,P17_only,1
Q6380843,1,0,P17_only,1
Q3719225,1,0,P17_only,1
Q27430707,1,0,P17_only,0
Q12546394,1,0,P17_only,1
Q138300150,1,0,P17_only,0
Q12528961,1,1,P17+P131,1
Q20870879,1,0,P17_only,0
Q20485761,1,0,P17_only,1
Q12562768,1,1,P17+P131,1
Q27358089,1,1,P17+P131,0
Q61368228,1,1,P17+P131,1
Q11283452,1,0,P17_only,0
Q13667499,1,1,P17+P131,1
Q32216237,1,0,P17_only,0
Q13645943,1,1,P17+P131,1
Q16667479,1,1,P17+P131,0
Q15111367,1,1,P17+P131,1
Q4365743,1,1,P17+P131,1
Q12562674,1,1,P17+P131,1
Q112003993,1,0,P17_only,0
Q18399648,1,1,P17+P131,1
Q27430635,1,0,P17_only,0
Q65250292,1,0,P17_only,1
Q12570034,1,0,P17_only,1
Q20466557,1,0,P17_only,0
Q65256518,1,0,P17_only,0
Q27350587,1,0,P17_only,0
Q16433524,1,0,P17_only,1
Q32216974,1,1,P17+P131,0
Q12574589,1,0,P17_only,1
Q27350705,1,1,P17+P131,0
Q12554698,1,1,P17+P131,1
Q123363616,1,0,P17_only,0
Q1192007,1,1,P17+P131,1
Q13662497,1,1,P17+P131,1
Q20485859,1,0,P17_only,1
Q16432386,1,1,P17+P131,1
Q16667687,1,1,P17+P131,1
Q27352801,1,0,P17_only,0
Q123363870,1,0,P17_only,0
Q12563433,1,1,P17+P131,1
Q13665052,1,1,P17+P131,1
Q12546460,1,0,P17_only,1
Q135829088,1,0,P17_only,0
Q12528928,1,0,P17_only,1
Q32178056,1,1,P17+P131,1
Q12661980,1,1,P17+P131,1
Q13645628,1,1,P17+P131,1
Q32203148,1,0,P17_only,0
Q136268977,1,0,P17_only,0
Q32203850,1,0,P17_only,0
Q32190170,1,0,P17_only,0
Q16721117,1,1,P17+P131,1
Q13642174,1,1,P17+P131,1
Q18629942,1,0,P17_only,1
Q27351901,1,1,P17+P131,1
Q7499767,0,1,P131_only,1
Q2660676,1,0,P17_only,1
Q12526915,1,0,P17_only,1
Q18407589,1,1,P17+P131,1
Q111296989,1,0,P17_only,0
Q18407624,1,1,P17+P131,1
Q16701013,1,1,P17+P131,1
Q27357076,1,0,P17_only,0
Q12528925,1,1,P17+P131,1
Q4246019,1,1,P17+P131,1
Q12555686,1,1,P17+P131,1
Q32189780,1,0,P17_only,0
Q27430580,1,0,P17_only,0
Q16274154,1,1,P17+P131,1
Q16272340,0,1,P131_only,1
Q13655877,1,1,P17+P131,1
Q27352880,1,1,P17+P131,0
Q18406108,1,1,P17+P131,1
Q27354812,1,0,P17_only,0
Q7537493,1,0,P17_only,0
Q14927627,1,0,P17_only,0
Q104921690,1,0,P17_only,0
Q135829640,1,0,P17_only,0
Q23937523,1,1,P17+P131,0
Q12535415,1,1,P17+P131,1
Q27350681,1,1,P17+P131,0
Q35493,1,1,P17+P131,1
Q13648402,1,1,P17+P131,1
Q4507118,1,1,P17+P131,0
Q12577625,1,1,P17+P131,1
Q13663144,1,1,P17+P131,1
Q27348395,1,1,P17+P131,1
Q65253960,1,0,P17_only,0
Q129880729,1,1,P17+P131,1
Q16661708,1,1,P17+P131,1
Q111297028,1,0,P17_only,0
Q12702568,1,0,P17_only,0
Q16433848,1,0,P17_only,1
Q16661798,1,1,P17+P131,1
Q65349846,1,0,P17_only,0
Q13646967,1,1,P17+P131,1
Q20486356,1,0,P17_only,1
Q22205248,1,1,P17+P131,1
Q13648572,1,1,P17+P131,1
Q12541979,1,0,P17_only,1
Q12535102,1,0,P17_only,1
Q32175056,1,0,P17_only,0
Q13663193,1,1,P17+P131,1
Q3884178,1,1,P17+P131,1
Q67893056,1,0,P17_only,0
Q27354725,1,0,P17_only,0
Q12709648,1,0,P17_only,0
Q32195286,1,0,P17_only,0
Q20098695,1,1,P17+P131,1
Q10539533,1,0,P17_only,0
Q13643553,1,1,P17+P131,1
Q32192888,1,1,P17+P131,0
Q136230157,1,0,P17_only,0
Q16431498,1,0,P17_only,1
Q27354877,1,0,P17_only,0
Q13359420,0,1,P131_only,1
Q16700985,1,1,P17+P131,1
Q28651354,1,1,P17+P131,1
Q27355089,1,0,P17_only,0
Q13651787,1,1,P17+P131,1
Q12532570,1,1,P17+P131,1
Q56367199,1,1,P17+P131,1
Q6067621,1,0,P17_only,1
Q12537374,1,1,P17+P131,1
Q60975162,1,0,P17_only,1
Q16651141,1,1,P17+P131,1
Q16431791,1,1,P17+P131,1
Q16681904,1,0,P17_only,1
Q4166271,1,1,P17+P131,1
Q13648618,1,1,P17+P131,1
Q12823517,1,0,P17_only,1
Q16274619,1,1,P17+P131,1
Q27357976,1,0,P17_only,0
Q27354888,1,0,P17_only,0
Q139884767,1,1,P17+P131,0
Q12575970,1,0,P17_only,1
Q25499199,1,0,P17_only,1
Q420603,1,1,P17+P131,1
Q4527126,1,1,P17+P131,1
Q71027149,1,0,P17_only,0
Q4509464,1,1,P17+P131,1
Q16682773,1,1,P17+P131,1
Q4536444,1,1,P17+P131,1
Q12542262,1,1,P17+P131,1
Q4880008,1,0,P17_only,1
Q12538443,1,1,P17+P131,1
Q12571238,1,1,P17+P131,1
Q16433354,1,0,P17_only,1
Q16432739,1,1,P17+P131,1
Q135829442,1,0,P17_only,0
Q1182841,1,0,P17_only,1
Q4075737,1,0,P17_only,1
Q123363850,1,0,P17_only,0
Q16685419,1,0,P17_only,1
Q63393200,1,0,P17_only,0
Q25420064,1,1,P17+P131,1
Q16433287,1,1,P17+P131,1
Q25525464,1,0,P17_only,1
Q123363755,1,0,P17_only,0
Q12541893,0,1,P131_only,1
Q4041621,1,0,P17_only,0
Q1089531,1,0,P17_only,0
Q27355071,1,0,P17_only,0
Q12535002,1,1,P17+P131,1
Q135830047,1,0,P17_only,0
Q16433768,1,1,P17+P131,1
Q12554049,1,0,P17_only,1
Q27354719,1,0,P17_only,0
Q12576463,1,1,P17+P131,1
Q110259452,1,0,P17_only,0
Q30975184,1,1,P17+P131,1
Q139323461,1,1,P17+P131,1
Q2557066,1,0,P17_only,0
Q12559117,1,1,P17+P131,1
Q12577646,1,0,P17_only,1
Q55659220,1,0,P17_only,0
Q32199613,1,0,P17_only,0
Q13648646,1,1,P17+P131,1
Q16274073,1,1,P17+P131,1
Q4210753,1,0,P17_only,0
Q13652056,1,1,P17+P131,1
Q12528456,1,0,P17_only,1
Q7504306,1,1,P17+P131,1
Q86664581,1,0,P17_only,0
Q64200368,1,0,P17_only,1
Q27356955,1,0,P17_only,0
Q124248838,1,0,P17_only,0
Q55833404,1,0,P17_only,0
Q2556281,1,1,P17+P131,1
Q4449479,1,1,P17+P131,1
Q13642342,0,1,P131_only,1
Q12548749,1,0,P17_only,1
Q30894709,1,0,P17_only,1
Q13641607,1,1,P17+P131,1
Q111862479,1,0,P17_only,0
Q20486118,1,0,P17_only,1
Q13652462,0,1,P131_only,1
Q16708449,1,1,P17+P131,1
Q32182173,1,0,P17_only,0
Q16648431,1,1,P17+P131,1
Q13643481,1,1,P17+P131,1
Q16715319,1,1,P17+P131,0
Q104739187,1,0,P17_only,0
Q97275467,1,0,P17_only,0
Q30975121,1,1,P17+P131,1
Q21187682,1,0,P17_only,0
Q12570789,1,0,P17_only,1
Q123363833,1,0,P17_only,0
Q12574865,1,0,P17_only,1
Q2112855,1,1,P17+P131,1
Q11348368,1,1,P17+P131,1
Q4188021,1,0,P17_only,1
Q13648834,1,1,P17+P131,1
Q27354878,1,0,P17_only,0
Q68036931,1,0,P17_only,0
Q27352823,1,0,P17_only,0
Q16432426,1,0,P17_only,1
Q28668921,1,0,P17_only,0
Q3627426,1,0,P17_only,0
Q15732227,1,0,P17_only,1
Q56368518,1,1,P17+P131,1
Q27358285,1,0,P17_only,0
Q12574613,1,1,P17+P131,1
Q124966615,1,0,P17_only,0
Q86664462,1,0,P17_only,0
Q13643363,1,1,P17+P131,1
Q20486217,1,0,P17_only,1
Q12574853,1,1,P17+P131,1
Q137527313,1,0,P17_only,0
Q56368547,1,1,P17+P131,1
Q111297014,1,0,P17_only,0
Q15714543,1,1,P17+P131,1
Q4241993,1,1,P17+P131,1
Q2029511,1,0,P17_only,1
Q32190829,1,0,P17_only,0
Q32178566,1,1,P17+P131,0
Q4079725,1,1,P17+P131,1
Q27352119,1,1,P17+P131,0
Q12542353,1,0,P17_only,1
Q110549128,1,0,P17_only,0
Q13642138,1,1,P17+P131,1
Q16701429,1,1,P17+P131,1
Q15266084,1,0,P17_only,0
Q13648587,1,1,P17+P131,1
Q32206776,1,0,P17_only,0
Q4072318,1,0,P17_only,1
Q12529680,1,0,P17_only,1
Q12561917,1,0,P17_only,1
Q16434425,1,0,P17_only,1
Q18407837,1,1,P17+P131,1
Q32175995,1,0,P17_only,1
Q32188285,1,0,P17_only,0
Q4525984,1,1,P17+P131,1
Q12556408,1,1,P17+P131,1
Q16433482,1,0,P17_only,1
Q135828469,1,0,P17_only,0
Q16432676,1,0,P17_only,1
Q27357150,1,0,P17_only,0
Q27430733,1,0,P17_only,0
Q13422675,0,1,P131_only,1
Q20098307,1,1,P17+P131,1
Q15617553,1,1,P17+P131,1
Q59208958,1,1,P17+P131,1
Q16651001,1,1,P17+P131,1
Q65172484,1,1,P17+P131,0
Q20754968,1,1,P17+P131,1
Q20484919,1,0,P17_only,1
Q136090811,1,0,P17_only,0
Q108789719,1,1,P17+P131,0
Q12557451,1,0,P17_only,1
Q16433374,1,0,P17_only,1
Q130604472,1,0,P17_only,0
Q131553008,1,1,P17+P131,1
Q12556969,1,1,P17+P131,1
Q12564992,1,1,P17+P131,1
Q32214549,1,0,P17_only,0
Q16432786,1,1,P17+P131,1
Q27357560,1,0,P17_only,0
Q16699072,1,1,P17+P131,1
Q27351665,1,0,P17_only,1
Q27430963,1,0,P17_only,0
Q18396377,1,1,P17+P131,1
Q96034996,1,1,P17+P131,0
Q32202028,1,0,P17_only,0
Q2580456,1,0,P17_only,0
Q12532280,1,1,P17+P131,1
Q48845544,1,0,P17_only,0
Q32196044,1,0,P17_only,0
Q16273100,1,1,P17+P131,1
Q21656432,1,0,P17_only,1
Q124479556,1,0,P17_only,0
Q13646744,1,1,P17+P131,1
Q12568321,1,0,P17_only,1
Q16651050,1,1,P17+P131,1
Q16682808,1,1,P17+P131,1
Q16653864,1,1,P17+P131,1
Q16272725,1,1,P17+P131,1
Q30897519,1,1,P17+P131,0
Q27357104,1,0,P17_only,0
Q77861623,1,0,P17_only,0
Q20486279,1,0,P17_only,1
Q12691087,1,0,P17_only,0
Q139907151,1,1,P17+P131,0
Q16434553,1,0,P17_only,1
Q16432768,1,0,P17_only,1
Q32183134,1,0,P17_only,0
Q12539314,0,1,P131_only,1
Q32194356,1,0,P17_only,0
Q32200675,1,0,P17_only,0
Q13663128,1,1,P17+P131,1
Q4533958,1,0,P17_only,0
Q32216574,1,0,P17_only,0
Q27430825,1,1,P17+P131,0
Q18401185,1,1,P17+P131,1
Q30897262,1,0,P17_only,1
Q12551001,1,0,P17_only,1
Q32212025,1,1,P17+P131,0
Q18399857,1,1,P17+P131,1
Q973886,1,0,P17_only,1
Q12531699,1,0,P17_only,1
Q16433275,1,1,P17+P131,1
Q13643112,0,1,P131_only,1
Q12533006,1,0,P17_only,1
Q27353907,1,0,P17_only,1
Q32181415,1,0,P17_only,0
Q32216248,1,0,P17_only,0
Q4505096,1,1,P17+P131,1
Q16433293,1,0,P17_only,1
Q16273939,1,1,P17+P131,1
Q23958863,1,0,P17_only,1
Q125937825,1,0,P17_only,0
Q12566953,1,1,P17+P131,1
Q4505880,1,1,P17+P131,1
Q1430894,1,1,P17+P131,1
Q12561246,1,0,P17_only,1
Q27357441,1,0,P17_only,0
Q27358197,1,0,P17_only,0
Q67059615,1,0,P17_only,1
Q16434276,1,1,P17+P131,1
Q27355056,1,0,P17_only,0
Q27430838,1,0,P17_only,0
Q32216585,1,1,P17+P131,0
Q131199282,1,0,P17_only,0
Q12528747,1,0,P17_only,1
Q3853540,1,0,P17_only,1
Q4412999,1,0,P17_only,1
Q13551309,0,1,P131_only,1
Q123224458,1,1,P17+P131,1
Q20097136,1,1,P17+P131,1
Q12528487,1,0,P17_only,1
Q16720149,1,1,P17+P131,1
Q27356931,1,0,P17_only,0
Q16274142,1,1,P17+P131,1
Q12543158,1,1,P17+P131,1
Q27351243,1,0,P17_only,0
Q13641904,1,1,P17+P131,1
Q30593960,1,0,P17_only,0
Q123363704,1,0,P17_only,0
Q110114027,1,1,P17+P131,1
Q2436904,1,0,P17_only,0
Q16678882,1,1,P17+P131,1
Q16681558,1,1,P17+P131,0
Q110303813,1,0,P17_only,0
Q12542207,1,1,P17+P131,1
Q32187799,1,0,P17_only,0
Q740832,1,1,P17+P131,1
Q16661613,1,1,P17+P131,1
Q32175949,1,1,P17+P131,0
Q139816894,1,0,P17_only,0
Q55239191,1,0,P17_only,0
Q32184771,1,1,P17+P131,0
Q18407045,1,1,P17+P131,1
Q32204863,1,0,P17_only,0
Q16684126,1,1,P17+P131,1
Q16651362,1,1,P17+P131,1
Q3910982,1,0,P17_only,0
Q12556376,1,1,P17+P131,1
Q32200254,1,1,P17+P131,0
Q18406924,1,1,P17+P131,1
Q32205028,1,1,P17+P131,0
Q12529422,1,1,P17+P131,1
Q32184160,1,0,P17_only,0
Q4469981,1,1,P17+P131,1
Q102423106,1,1,P17+P131,0
Q7246178,1,1,P17+P131,1
Q12539613,1,1,P17+P131,1
Q13666740,1,1,P17+P131,1
Q32360898,1,0,P17_only,0
Q108783937,1,1,P17+P131,0
Q12532693,1,0,P17_only,1
Q13652591,0,1,P131_only,1
Q12015077,1,1,P17+P131,1
Q27430891,1,0,P17_only,0
Q25494080,1,0,P17_only,1
Q2081982,1,0,P17_only,0
Q32204615,1,0,P17_only,0
Q125422826,1,1,P17+P131,0
Q13643393,1,1,P17+P131,1
Q32203116,1,0,P17_only,1
Q32213782,1,1,P17+P131,0
Q16661447,1,1,P17+P131,1
Q97426041,1,0,P17_only,0
Q13553681,0,1,P131_only,1
Q12528679,1,0,P17_only,1
Q12531121,1,0,P17_only,1
Q12564663,1,0,P17_only,1
Q12542917,1,0,P17_only,1
Q64680711,1,0,P17_only,0
Q16272369,0,1,P131_only,1
Q16720749,1,1,P17+P131,1
Q23958875,1,0,P17_only,1
Q54240710,0,1,P131_only,0
Q123363809,1,0,P17_only,0
Q20098132,1,1,P17+P131,1
Q32172565,1,0,P17_only,0
Q16678923,1,1,P17+P131,1
Q16669494,1,1,P17+P131,1
Q16715422,1,1,P17+P131,1
Q135812051,1,0,P17_only,0
Q61369326,1,1,P17+P131,1
Q12702186,1,0,P17_only,0
Q12528917,1,1,P17+P131,1
Q13652408,0,1,P131_only,1
Q16723551,1,1,P17+P131,1
Q27348151,1,1,P17+P131,0
Q18409686,1,1,P17+P131,1
Q12547334,1,1,P17+P131,1
Q22680810,1,0,P17_only,0
Q64640672,1,0,P17_only,0
Q13646198,1,1,P17+P131,1
Q32173764,0,1,P131_only,0
Q16648044,1,1,P17+P131,1
Q20484977,1,0,P17_only,1
Q97678549,1,0,P17_only,0
Q12572863,1,1,P17+P131,1
Q16433356,1,0,P17_only,1
Q4186453,1,1,P17+P131,1
Q32192984,1,1,P17+P131,0
Q4380522,1,0,P17_only,1
Q20098342,1,1,P17+P131,1
Q136261122,1,0,P17_only,0
Q3552542,1,0,P17_only,1
Q16692707,1,1,P17+P131,1
Q55659776,1,1,P17+P131,1
Q124214965,1,0,P17_only,0
Q2456359,1,1,P17+P131,1
Q12553042,1,0,P17_only,1
Q12574517,1,0,P17_only,1
Q30974537,1,1,P17+P131,1
Q13645855,1,1,P17+P131,1
Q18395268,1,1,P17+P131,0
Q27354184,1,1,P17+P131,0
Q135828998,1,0,P17_only,0
Q13647340,1,1,P17+P131,1
Q65252376,1,0,P17_only,0
Q20098540,1,1,P17+P131,1
Q13359455,0,1,P131_only,1
Q23958913,1,0,P17_only,1
Q12579378,1,0,P17_only,1
Q7574490,1,1,P17+P131,1
Q61085373,1,0,P17_only,0
Q13651755,1,1,P17+P131,1
Q16434775,1,0,P17_only,1
Q62399533,1,0,P17_only,1
Q12554009,1,1,P17+P131,1
Q12533213,1,0,P17_only,1
Q12561069,1,1,P17+P131,1
Q123363841,1,0,P17_only,0
Q12533444,1,0,P17_only,1
Q32212531,1,0,P17_only,0
Q20483413,1,0,P17_only,1
Q48948762,1,0,P17_only,1
Q32216695,1,0,P17_only,1
Q4346361,1,1,P17+P131,1
Q1375778,1,0,P17_only,0
Q16274383,1,1,P17+P131,1
Q32193855,1,0,P17_only,0
Q118352572,1,0,P17_only,0
Q32188269,1,0,P17_only,0
Q4077004,1,1,P17+P131,0
Q122240971,1,1,P17+P131,1
Q32216621,1,0,P17_only,0
Q61369329,1,1,P17+P131,1
Q4515717,1,1,P17+P131,1
Q6380637,1,1,P17+P131,1
Q27357704,1,0,P17_only,0
Q120002162,1,1,P17+P131,0
Q12575083,1,0,P17_only,1
Q86664941,1,0,P17_only,0
Q107519962,1,0,P17_only,0
Q16685603,1,1,P17+P131,1
Q12533993,1,0,P17_only,1
Q32186517,1,0,P17_only,1
Q32184604,1,0,P17_only,0
Q25525373,1,0,P17_only,1
Q18409009,1,1,P17+P131,1
Q13650115,1,1,P17+P131,1
Q12532250,1,0,P17_only,1
Q32172025,1,0,P17_only,0
Q112544039,1,1,P17+P131,0
Q44183790,1,1,P17+P131,0
Q64198861,1,0,P17_only,1
Q12568914,1,1,P17+P131,1
Q16667506,1,1,P17+P131,0
Q61367001,1,1,P17+P131,1
Q12565436,1,1,P17+P131,1
Q12570674,1,1,P17+P131,1
Q12531845,1,1,P17+P131,1
Q4737943,1,0,P17_only,1
Q800370,1,1,P17+P131,1
Q16691580,1,1,P17+P131,1
Q12536575,1,0,P17_only,1
Q16669131,1,1,P17+P131,1
Q18408973,1,1,P17+P131,1
Q32218387,1,0,P17_only,0
Q59283273,1,0,P17_only,0
Q18408213,1,1,P17+P131,1
Q32190768,1,0,P17_only,0
Q30681537,1,0,P17_only,0
Q124425497,1,1,P17+P131,0
Q111862439,1,0,P17_only,0
Q16432593,1,0,P17_only,1
Q138309699,1,0,P17_only,0
Q13643149,0,1,P131_only,1
Q18401640,1,1,P17+P131,1
Q20098994,1,1,P17+P131,1
Q55658256,1,0,P17_only,0
Q20073307,0,1,P131_only,1
Q12549416,1,0,P17_only,1
Q16432597,1,1,P17+P131,1
Q6358493,1,1,P17+P131,1
Q16688401,1,1,P17+P131,1
Q33060692,1,0,P17_only,0
Q27357755,1,0,P17_only,0
Q12555706,1,1,P17+P131,1
Q20486038,1,0,P17_only,1
Q16699076,1,1,P17+P131,1
Q116233809,1,0,P17_only,0
Q16272460,1,1,P17+P131,1
Q12690477,1,0,P17_only,0
Q135486455,1,0,P17_only,0
Q28671234,1,1,P17+P131,1
Q16692894,1,1,P17+P131,1
Q12530511,1,1,P17+P131,1
Q15845727,1,1,P17+P131,1
Q7510204,1,1,P17+P131,1
Q64196378,1,0,P17_only,1
Q16683643,1,1,P17+P131,1
Q2409294,1,0,P17_only,0
Q27357600,1,0,P17_only,0
Q27351899,1,0,P17_only,0
Q135829869,1,0,P17_only,0
Q12558599,1,1,P17+P131,1
Q13664548,1,1,P17+P131,1
Q20486080,1,0,P17_only,1
Q114976769,1,0,P17_only,1
Q12550432,1,0,P17_only,1
Q12542404,1,0,P17_only,1
Q27354826,1,0,P17_only,0
Q16667481,1,1,P17+P131,1
Q65264992,1,0,P17_only,0
Q108861986,1,0,P17_only,0
Q18399685,1,1,P17+P131,1
Q12555969,1,1,P17+P131,1
Q13642156,1,1,P17+P131,1
Q32200459,1,0,P17_only,0
Q12698985,1,0,P17_only,0
Q64201024,1,0,P17_only,1
Q18409464,1,1,P17+P131,1
Q29351370,0,1,P131_only,0
Q12533509,1,1,P17+P131,1
Q2378028,1,1,P17+P131,1
Q32199254,1,1,P17+P131,0
Q27354720,1,0,P17_only,0
Q65168838,1,0,P17_only,0
Q12578462,1,0,P17_only,1
Q12532275,1,0,P17_only,1
Q13422694,0,1,P131_only,1
Q25212545,1,1,P17+P131,0
Q108533851,1,0,P17_only,0
Q12578798,1,0,P17_only,1
Q3729154,1,0,P17_only,1
Q12533543,1,0,P17_only,1
Q13661806,1,1,P17+P131,1
Q27147282,1,0,P17_only,0
Q16661529,1,1,P17+P131,1
Q27354614,1,1,P17+P131,0
Q21515194,1,0,P17_only,1
Q20462613,1,1,P17+P131,0
Q12576895,1,0,P17_only,1
Q32193421,1,0,P17_only,0
Q13642119,1,1,P17+P131,1
Q32213596,1,0,P17_only,0
Q135829298,1,0,P17_only,0
Q36180966,1,0,P17_only,0
Q13640731,1,1,P17+P131,0
Q12682960,1,1,P17+P131,1
Q59487829,1,0,P17_only,0
Q13664001,1,1,P17+P131,1
Q20464948,1,0,P17_only,0
Q13391501,0,1,P131_only,1
Q16433717,1,1,P17+P131,1
Q16694813,1,1,P17+P131,1
Q4448046,1,0,P17_only,1
Q114976713,1,0,P17_only,1
Q137527308,1,0,P17_only,0
Q12544143,0,1,P131_only,1
Q16431075,1,0,P17_only,1
Q13649944,1,1,P17+P131,1
Q135828933,1,0,P17_only,0
Q123363642,1,0,P17_only,0
Q22204351,1,1,P17+P131,1
Q27358250,1,0,P17_only,0
Q12571247,1,0,P17_only,1
Q13645572,1,1,P17+P131,1
Q2086836,1,0,P17_only,1
Q20098249,1,1,P17+P131,1
Q16434405,1,1,P17+P131,1
Q12574027,1,0,P17_only,1
Q112003956,1,0,P17_only,0
Q16431724,1,0,P17_only,1
Q7495349,1,1,P17+P131,1
Q4206533,1,1,P17+P131,1
Q1019405,1,1,P17+P131,1
Q27430785,1,0,P17_only,0
Q61366989,1,1,P17+P131,0
Q135829149,1,0,P17_only,0
Q12560546,1,0,P17_only,1
Q112003970,1,0,P17_only,0
Q12560574,1,0,P17_only,1
Q27430551,1,0,P17_only,0
Q79861135,1,0,P17_only,0
Q16641836,0,1,P131_only,1
Q12579273,1,0,P17_only,1
Q27430547,1,0,P17_only,0
Q15617558,1,1,P17+P131,1
Q16661652,1,1,P17+P131,1
Q59290227,1,0,P17_only,0
Q16664643,1,0,P17_only,1
Q13664010,1,1,P17+P131,1
Q16432036,1,0,P17_only,1
Q12530276,1,1,P17+P131,1
Q111297054,1,0,P17_only,0
Q2705080,1,0,P17_only,0
Q13641710,1,1,P17+P131,1
Q12568727,1,0,P17_only,1
Q27357439,1,0,P17_only,0
Q16433552,1,1,P17+P131,1
Q139906410,1,1,P17+P131,0
Q30974976,1,1,P17+P131,1
Q135829892,1,0,P17_only,0
Q16696097,1,1,P17+P131,1
Q97547153,1,1,P17+P131,1
Q16692415,1,1,P17+P131,1
Q4482436,1,1,P17+P131,1
Q12532371,1,0,P17_only,1
Q121091544,1,0,P17_only,0
Q18399239,1,1,P17+P131,1
Q5029584,1,0,P17_only,1
Q19377009,1,0,P17_only,0
Q4157646,1,0,P17_only,0
Q12554218,1,1,P17+P131,1
Q56282584,1,0,P17_only,1
Q21019621,1,0,P17_only,0
Q18400556,1,1,P17+P131,1
Q112003989,1,0,P17_only,0
Q12528619,1,0,P17_only,1
Q20098212,1,1,P17+P131,1
Q13663482,1,1,P17+P131,1
Q86664982,1,0,P17_only,0
Q125228558,1,1,P17+P131,0
Q13643220,0,1,P131_only,1
Q16652410,1,1,P17+P131,1
Q20486013,1,0,P17_only,1
Q13663008,1,1,P17+P131,1
Q10857195,1,1,P17+P131,1
Q12547692,1,0,P17_only,1
Q958175,1,0,P17_only,1
Q27430956,1,0,P17_only,0
Q12530417,1,1,P17+P131,1
Q12565162,1,0,P17_only,1
Q27357117,1,0,P17_only,0
Q16708440,1,1,P17+P131,1
Q32171085,1,0,P17_only,0
Q32190505,1,1,P17+P131,0
Q32196320,1,0,P17_only,0
Q12571346,1,0,P17_only,1
Q27350662,1,0,P17_only,0
Q13484580,0,1,P131_only,1
Q19910441,0,1,P131_only,0
Q12579714,1,0,P17_only,1
Q20072657,0,1,P131_only,1
Q27430698,1,1,P17+P131,1
Q13653356,0,1,P131_only,1
Q13646543,1,1,P17+P131,1
Q12533460,1,0,P17_only,1
Q30973138,1,1,P17+P131,1
Q137527277,1,0,P17_only,0
Q18407106,1,1,P17+P131,1
Q13646659,1,1,P17+P131,1
Q32199794,1,0,P17_only,0
Q19952441,0,1,P131_only,0
Q767661,1,1,P17+P131,1
Q19615496,0,1,P131_only,1
Q65154025,1,1,P17+P131,0
Q12548642,1,0,P17_only,1
Q12564783,1,0,P17_only,1
Q12547895,1,1,P17+P131,1
Q20098225,1,1,P17+P131,1
Q55833348,1,0,P17_only,0
Q13655874,1,1,P17+P131,1
Q4178056,1,1,P17+P131,1
Q18409017,1,1,P17+P131,1
Q123363743,1,0,P17_only,0
Q12574107,1,0,P17_only,1
Q28668909,1,0,P17_only,0
Q6360609,1,1,P17+P131,1
Q16434577,1,0,P17_only,1
Q13649431,1,1,P17+P131,1
Q12528052,1,0,P17_only,1
Q1916971,1,1,P17+P131,0
Q125869075,1,1,P17+P131,1
Q30897574,1,1,P17+P131,0
Q16705183,1,1,P17+P131,1
Q16723634,1,1,P17+P131,1
Q27357325,1,0,P17_only,0
Q16669064,1,1,P17+P131,1
Q61366520,1,1,P17+P131,1
Q111287132,1,0,P17_only,1
Q97678604,1,0,P17_only,0
Q16694931,1,1,P17+P131,1
Q32177680,1,0,P17_only,0
Q19295660,1,0,P17_only,0
Q16432260,1,0,P17_only,1
Q56367464,1,1,P17+P131,1
Q56368522,1,1,P17+P131,1
Q4509615,1,1,P17+P131,1
Q111296975,1,0,P17_only,0
Q13651763,1,1,P17+P131,1
Q15918858,1,1,P17+P131,1
Q1296292,1,0,P17_only,0
Q32195563,1,0,P17_only,0
Q12529027,1,1,P17+P131,1
Q55657510,1,0,P17_only,0
Q32214780,1,1,P17+P131,0
Q12562307,1,0,P17_only,1
Q55836952,1,0,P17_only,1
Q16651381,1,1,P17+P131,1
Q14558614,1,1,P17+P131,1
Q138300238,1,0,P17_only,0
Q279065,1,1,P17+P131,1
Q32205228,1,0,P17_only,0
Q32191722,1,0,P17_only,0
Q31194572,1,0,P17_only,1
Q24360,1,0,P17_only,1
Q23014768,1,0,P17_only,1
Q16661548,1,1,P17+P131,1
Q60851058,1,1,P17+P131,0
Q27430800,1,0,P17_only,0
Q110776931,1,0,P17_only,0
Q20098520,1,1,P17+P131,1
Q49754784,1,0,P17_only,0
Q27354785,1,0,P17_only,0
Q32186248,1,1,P17+P131,0
Q79861124,1,0,P17_only,0
Q12570934,1,1,P17+P131,1
Q16705758,1,1,P17+P131,1
Q4505846,1,1,P17+P131,1
Q4528388,0,1,P131_only,0
Q16431385,1,1,P17+P131,1
Q12577591,1,1,P17+P131,1
Q12544122,0,1,P131_only,1
Q20484576,1,0,P17_only,1
Q20486269,1,0,P17_only,1
Q20484093,1,0,P17_only,1
Q27351868,1,1,P17+P131,0
Q123363641,1,0,P17_only,0
Q16274269,1,1,P17+P131,1
Q12526416,1,1,P17+P131,1
Q4203259,1,0,P17_only,0
Q15845830,1,1,P17+P131,1
Q123363557,1,0,P17_only,0
Q28671104,1,0,P17_only,0
Q13416156,0,1,P131_only,1
Q16698451,1,1,P17+P131,1
Q16712710,1,1,P17+P131,1
Q137831872,1,0,P17_only,0
Q108112890,1,0,P17_only,0
Q27430654,1,0,P17_only,0
Q16713186,1,1,P17+P131,0
Q54945852,1,0,P17_only,0
Q27355097,1,0,P17_only,0
Q32216296,1,1,P17+P131,0
Q13653353,0,1,P131_only,1
Q27357183,1,0,P17_only,0
Q16652533,1,1,P17+P131,1
Q2541309,1,0,P17_only,0
Q13664706,1,1,P17+P131,1
Q27358035,1,1,P17+P131,0
Q13648150,1,1,P17+P131,1
Q20485887,1,0,P17_only,1
Q12533397,1,0,P17_only,1
Q16721235,1,1,P17+P131,1
Q27357603,1,0,P17_only,0
Q120355716,1,0,P17_only,0
Q20074268,1,1,P17+P131,1
Q32174945,1,0,P17_only,0
Q12535797,1,0,P17_only,1
Q32190257,1,0,P17_only,0
Q97940703,1,1,P17+P131,0
Q16669237,1,1,P17+P131,1
Q16664078,1,1,P17+P131,1
Q16723926,1,1,P17+P131,1
Q32200321,1,0,P17_only,0
Q27348109,1,0,P17_only,0
Q16661805,1,0,P17_only,1
Q30975131,1,1,P17+P131,1
Q27351855,1,0,P17_only,0
Q12567073,1,0,P17_only,1
Q32196695,1,0,P17_only,0
Q65486311,1,0,P17_only,1
Q65940211,1,1,P17+P131,0
Q42201373,1,0,P17_only,0
Q77711940,1,1,P17+P131,1
Q16433050,1,0,P17_only,1
Q13643183,0,1,P131_only,1
Q12570230,1,0,P17_only,1
Q27358095,1,1,P17+P131,0
Q127414743,1,0,P17_only,0
Q12579160,1,0,P17_only,1
Q13476147,0,1,P131_only,1
Q7453539,1,0,P17_only,1
Q13645802,1,1,P17+P131,1
Q16431067,1,0,P17_only,1
Q1316045,1,0,P17_only,1
Q16433237,1,1,P17+P131,1
Q15617593,1,1,P17+P131,1
Q138584253,1,0,P17_only,0
Q16685580,1,1,P17+P131,1
Q16274187,1,1,P17+P131,1
Q13651643,1,1,P17+P131,1
Q13653381,1,1,P17+P131,1
Q86663726,1,1,P17+P131,0
Q61368150,1,1,P17+P131,1
Q18396371,1,1,P17+P131,1
Q97640746,1,0,P17_only,0
Q140737226,1,0,P17_only,0
Q13640804,1,1,P17+P131,0
Q12561601,1,1,P17+P131,1
Q16431244,1,0,P17_only,1
Q21686038,1,0,P17_only,0
Q32177183,1,0,P17_only,0
Q12550913,1,0,P17_only,1
Q20486067,1,0,P17_only,1
Q12554684,1,0,P17_only,1
Q32192027,1,0,P17_only,0
Q15845718,1,1,P17+P131,1
Q4240570,1,1,P17+P131,1
Q13646412,1,1,P17+P131,1
Q20485836,1,0,P17_only,1
Q114564504,1,0,P17_only,1
Q12545575,1,0,P17_only,1
Q27357377,1,0,P17_only,0
Q13359440,0,1,P131_only,1
Q12536764,1,0,P17_only,1
Q16272429,1,1,P17+P131,1
Q27430727,1,0,P17_only,0
Q129880763,1,0,P17_only,1
Q16665048,1,1,P17+P131,1
Q135829624,1,0,P17_only,0
Q4506089,1,1,P17+P131,1
Q16431056,1,0,P17_only,1
Q125122547,1,1,P17+P131,0
Q61993340,1,1,P17+P131,0
Q27350665,1,0,P17_only,0
Q12549968,1,1,P17+P131,1
Q13640671,0,1,P131_only,1
Q25053839,1,0,P17_only,0
Q16433969,1,0,P17_only,1
Q12535924,1,1,P17+P131,1
Q12566308,1,1,P17+P131,1
Q12564504,1,0,P17_only,1
Q12543096,1,0,P17_only,1
Q12659176,1,0,P17_only,0
Q15874625,1,0,P17_only,0
Q15635312,1,0,P17_only,1
Q16648422,1,1,P17+P131,1
Q939269,1,0,P17_only,1
Q56307047,1,0,P17_only,0
Q25238466,1,0,P17_only,0
Q27351612,1,1,P17+P131,0
Q16670737,1,1,P17+P131,0
Q12547721,1,0,P17_only,1
Q125122528,1,1,P17+P131,0
Q16701075,1,1,P17+P131,1
Q20098182,1,1,P17+P131,1
Q18409572,1,1,P17+P131,0
Q32212261,1,1,P17+P131,1
Q23958889,1,0,P17_only,1
Q13652841,0,1,P131_only,1
Q43304712,1,0,P17_only,0
Q27357875,1,0,P17_only,0
Q135828714,1,0,P17_only,0
Q27354088,1,0,P17_only,1
Q72915149,1,0,P17_only,0
Q12647275,1,0,P17_only,0
Q55833302,1,0,P17_only,0
Q12533658,1,0,P17_only,1
Q66848545,1,1,P17+P131,1
Q16625967,0,1,P131_only,1
Q4534120,1,0,P17_only,1
Q12532483,1,0,P17_only,1
Q30974454,1,1,P17+P131,1
Q12561147,1,0,P17_only,1
Q12533058,1,1,P17+P131,1
Q2554452,1,1,P17+P131,1
Q12577443,1,0,P17_only,1
Q129880579,1,1,P17+P131,1
Q12569607,1,1,P17+P131,1
Q42531315,1,1,P17+P131,0
Q27430991,1,0,P17_only,0
Q20076748,1,1,P17+P131,1
Q12545943,1,1,P17+P131,1
Q12532511,1,1,P17+P131,1
Q232,1,0,P17_only,1
Q97212035,1,0,P17_only,0
Q16661864,1,1,P17+P131,1
Q13665128,1,1,P17+P131,1
Q145802,1,1,P17+P131,1
Q20485938,1,0,P17_only,1
Q16666657,1,1,P17+P131,0
Q12538438,1,1,P17+P131,1
Q4477345,1,1,P17+P131,1
Q7499641,0,1,P131_only,1
Q3853539,1,0,P17_only,1
Q30969617,1,1,P17+P131,1
Q111862437,1,0,P17_only,0
Q16432737,1,1,P17+P131,1
Q27354735,1,0,P17_only,0
Q16274191,1,1,P17+P131,1
Q106362784,1,0,P17_only,0
Q48947373,1,1,P17+P131,0
Q12532154,1,0,P17_only,1
Q4374390,1,0,P17_only,1
Q108789706,1,1,P17+P131,0
Q32198371,1,1,P17+P131,0
Q27357907,1,0,P17_only,0
Q139905820,1,1,P17+P131,0
Q30638032,1,1,P17+P131,0
Q64190910,1,0,P17_only,0
Q123363844,1,0,P17_only,0
Q12556133,1,1,P17+P131,1
Q16432672,1,0,P17_only,1
Q16719335,1,1,P17+P131,1
Q67892942,1,0,P17_only,0
Q16673587,1,1,P17+P131,1
Q13653159,0,1,P131_only,1
Q25055862,1,0,P17_only,1
Q1895055,1,0,P17_only,1
Q27348184,1,0,P17_only,0
Q12526511,1,1,P17+P131,1
Q12527719,1,1,P17+P131,1
Q97316227,1,0,P17_only,0
Q16431576,1,1,P17+P131,1
Q32213834,1,0,P17_only,0
Q123363605,1,0,P17_only,0
Q114976712,1,0,P17_only,1
Q60853181,1,1,P17+P131,1
Q32202560,1,0,P17_only,0
Q27430887,1,0,P17_only,0
Q27348284,1,0,P17_only,0
Q16719273,1,1,P17+P131,1
Q16706591,1,1,P17+P131,1
Q25504818,1,1,P17+P131,1
Q122764585,1,1,P17+P131,0
Q986554,1,0,P17_only,1
Q64197703,1,0,P17_only,1
Q25397131,1,0,P17_only,0
Q137527452,1,0,P17_only,0
Q13648415,1,1,P17+P131,1
Q1498874,1,0,P17_only,1
Q30974974,1,1,P17+P131,0
Q13665164,1,1,P17+P131,1
Q57315087,1,1,P17+P131,1
Q12568554,1,1,P17+P131,1
Q16720211,1,1,P17+P131,1
Q60851028,1,0,P17_only,0
Q86663317,1,0,P17_only,0
Q32201590,1,0,P17_only,0
Q12690113,1,0,P17_only,0
Q16651056,1,1,P17+P131,1
Q12549970,1,1,P17+P131,1
Q12553278,1,1,P17+P131,1
Q3627461,1,0,P17_only,0
Q13640701,0,1,P131_only,1
Q4896164,1,1,P17+P131,1
Q16670745,1,1,P17+P131,1
Q27357691,1,0,P17_only,0
Q139720113,1,1,P17+P131,0
Q60289761,1,0,P17_only,0
Q32218124,1,0,P17_only,0
Q13649116,1,1,P17+P131,1
Q13646978,1,1,P17+P131,1
Q108737631,1,0,P17_only,0
Q933068,1,0,P17_only,1
Q12554617,1,1,P17+P131,1
Q16434223,1,1,P17+P131,1
Q27354438,1,0,P17_only,0
Q135828913,1,0,P17_only,0
Q12573586,1,0,P17_only,1
Q16682680,1,1,P17+P131,1
Q13646643,1,1,P17+P131,1
Q4526138,1,1,P17+P131,1
Q13359498,0,1,P131_only,1
Q13645895,1,1,P17+P131,1
Q19911110,0,1,P131_only,0
Q4273753,1,0,P17_only,1
Q12542212,1,1,P17+P131,1
Q13645820,1,1,P17+P131,1
Q23958924,1,0,P17_only,1
Q123363549,1,0,P17_only,0
Q13651831,1,1,P17+P131,1
Q16692290,1,1,P17+P131,1
Q18409707,1,1,P17+P131,1
Q12533344,1,0,P17_only,1
Q131860652,1,0,P17_only,1
Q13641874,1,1,P17+P131,1
Q18407877,1,1,P17+P131,1
Q12575078,1,1,P17+P131,1
Q27357644,1,0,P17_only,0
Q32204030,1,0,P17_only,0
Q16433477,1,1,P17+P131,1
Q25489093,1,0,P17_only,1
Q25509145,1,0,P17_only,1
Q2726421,1,1,P17+P131,1
Q13649820,1,1,P17+P131,1
Q56367396,1,1,P17+P131,1
Q32175153,1,0,P17_only,0
Q27355068,1,0,P17_only,0
Q56368748,1,1,P17+P131,1
Q64376543,1,0,P17_only,0
Q1073439,1,1,P17+P131,1
Q21295141,1,0,P17_only,0
Q13651754,1,1,P17+P131,1
Q2374438,1,1,P17+P131,1
Q12546954,1,0,P17_only,1
Q21035645,1,0,P17_only,0
Q20484937,1,0,P17_only,1
Q12578812,1,0,P17_only,1
Q13664523,1,1,P17+P131,1
Q32214187,1,0,P17_only,0
Q18409196,1,1,P17+P131,1
Q6075817,1,0,P17_only,0
Q31195950,1,1,P17+P131,1
Q4208100,1,1,P17+P131,0
Q13641626,1,1,P17+P131,1
Q123363795,1,0,P17_only,0
Q18400678,1,1,P17+P131,0
Q27356940,1,0,P17_only,0
Q12550613,1,1,P17+P131,1
Q32200854,1,0,P17_only,0
Q16433839,1,0,P17_only,1
Q4134421,1,1,P17+P131,1
Q16432561,1,1,P17+P131,1
Q30896404,1,1,P17+P131,0
Q13651750,1,1,P17+P131,1
Q16704101,1,1,P17+P131,1
Q26690020,1,0,P17_only,0
Q638738,1,0,P17_only,1
Q16694951,1,1,P17+P131,1
Q32203811,1,0,P17_only,0
Q2736647,1,1,P17+P131,1
Q32216563,1,0,P17_only,1
Q13416169,0,1,P131_only,1
Q12553041,1,0,P17_only,1
Q13643171,0,1,P131_only,1
Q32214198,1,0,P17_only,0
Q112003939,1,0,P17_only,0
Q13664202,1,1,P17+P131,1
Q13665160,1,1,P17+P131,1
Q12558039,1,0,P17_only,1
Q13643563,1,1,P17+P131,1
Q12550433,1,0,P17_only,1
Q16432055,1,1,P17+P131,1
Q17562678,1,1,P17+P131,1
Q27354943,1,0,P17_only,0
Q12549205,1,1,P17+P131,1
Q16432895,1,1,P17+P131,1
Q27351260,1,1,P17+P131,1
Q720417,1,1,P17+P131,1
Q32203741,1,0,P17_only,0
Q477814,1,0,P17_only,1
Q108783938,1,1,P17+P131,0
Q56367344,1,1,P17+P131,1
Q5705195,1,0,P17_only,1
Q18401376,1,1,P17+P131,0
Q12576099,1,1,P17+P131,1
Q32189039,1,0,P17_only,0
Q27354867,1,1,P17+P131,0
Q32215763,1,0,P17_only,0
Q12712881,1,0,P17_only,0
Q4059222,1,0,P17_only,0
Q18408954,1,1,P17+P131,1
Q12579258,1,1,P17+P131,1
Q33350,1,0,P17_only,1
Q16665571,1,1,P17+P131,1
Q18409040,1,1,P17+P131,1
Q498991,1,0,P17_only,0
Q16432657,1,1,P17+P131,1
Q64144878,1,1,P17+P131,0
Q20643158,1,1,P17+P131,0
Q97659398,1,0,P17_only,0
Q126661366,1,1,P17+P131,0
Q12531839,1,1,P17+P131,1
Q13646101,1,1,P17+P131,1
Q135828785,1,0,P17_only,0
Q56367260,1,1,P17+P131,1
Q4507523,1,1,P17+P131,1
Q127788463,1,0,P17_only,0
Q32199224,1,0,P17_only,0
Q4214023,1,1,P17+P131,1
Q27348245,1,0,P17_only,0
Q12573345,1,0,P17_only,1
Q27351138,1,0,P17_only,0
Q16675918,1,1,P17+P131,1
Q28520314,1,1,P17+P131,0
Q32215315,1,0,P17_only,0
Q110114074,1,1,P17+P131,1
Q4509479,1,1,P17+P131,1
Q12701567,1,0,P17_only,0
Q31341174,1,0,P17_only,0
Q65499788,1,0,P17_only,0
Q31195481,1,0,P17_only,1
Q20098605,1,1,P17+P131,1
Q16704845,1,1,P17+P131,1
Q23007946,1,1,P17+P131,0
Q4300799,1,1,P17+P131,1
Q32219381,1,0,P17_only,0
Q12534441,1,1,P17+P131,1
Q117807,1,1,P17+P131,1
Q32198874,1,0,P17_only,0
Q27351543,1,0,P17_only,0
Q13309399,0,1,P131_only,1
Q13641854,1,1,P17+P131,1
Q12710216,1,0,P17_only,0
Q3900621,1,1,P17+P131,1
Q20486092,1,0,P17_only,1
Q32191802,1,0,P17_only,0
Q15617713,1,1,P17+P131,1
Q1046587,1,1,P17+P131,1
Q27357578,1,0,P17_only,0
Q16657133,1,1,P17+P131,1
Q13649822,1,1,P17+P131,1
Q648059,1,0,P17_only,1
Q16631407,0,1,P131_only,1
Q135829667,1,0,P17_only,0
Q431619,1,1,P17+P131,1
Q12575914,1,1,P17+P131,1
Q108861981,1,0,P17_only,0
Q27354700,1,0,P17_only,0
Q32205120,1,0,P17_only,0
Q12558564,1,0,P17_only,1
Q55185244,1,0,P17_only,0
Q16704300,1,1,P17+P131,1
Q15617543,1,1,P17+P131,1
Q65264544,1,0,P17_only,0
Q753004,1,0,P17_only,1
Q20082621,1,1,P17+P131,1
Q135828549,1,0,P17_only,0
Q16432467,1,1,P17+P131,1
Q32175928,1,0,P17_only,0
Q12560066,1,0,P17_only,1
Q12537304,1,1,P17+P131,1
Q105393931,1,0,P17_only,0
Q16668504,1,1,P17+P131,1
Q4179789,1,1,P17+P131,1
Q20098420,1,1,P17+P131,1
Q14560948,1,0,P17_only,0
Q61368746,1,1,P17+P131,1
Q16272745,1,1,P17+P131,0
Q19916707,0,1,P131_only,1
Q12543264,1,1,P17+P131,1
Q12557188,1,1,P17+P131,1
Q16431128,1,0,P17_only,1
Q12576879,1,1,P17+P131,1
Q16652309,1,1,P17+P131,1
Q12532337,1,1,P17+P131,1
Q12543304,1,0,P17_only,1
Q32212288,1,0,P17_only,0
Q13409021,0,1,P131_only,1
Q16432127,1,0,P17_only,1
Q4236381,1,1,P17+P131,1
Q111296992,1,0,P17_only,0
Q2537741,1,0,P17_only,0
Q18408481,1,1,P17+P131,0
Q12572637,1,1,P17+P131,1
Q4322936,1,0,P17_only,0
Q16434773,1,0,P17_only,1
Q32181968,1,0,P17_only,0
Q12537134,1,0,P17_only,1
Q12545531,1,0,P17_only,1
Q12548933,1,0,P17_only,1
Q16434301,1,0,P17_only,1
Q97678555,1,0,P17_only,0
Q13649130,1,1,P17+P131,1
Q13657580,1,1,P17+P131,1
Q20098146,1,1,P17+P131,1
Q16704873,1,1,P17+P131,1
Q16695217,1,1,P17+P131,1
Q20098412,1,1,P17+P131,1
Q18404602,1,1,P17+P131,1
Q18407194,1,1,P17+P131,1
Q16678237,1,1,P17+P131,1
Q27354871,1,0,P17_only,0
Q16434751,1,0,P17_only,1
Q97441025,1,0,P17_only,1
Q4213697,1,1,P17+P131,1
Q13477894,0,1,P131_only,1
Q12573260,1,0,P17_only,1
Q4235249,1,1,P17+P131,1
Q32175465,1,0,P17_only,0
Q65131946,1,1,P17+P131,1
Q13642092,1,1,P17+P131,1
Q27357717,1,0,P17_only,0
Q12544796,1,0,P17_only,1
Q13664408,1,1,P17+P131,1
Q64169949,1,0,P17_only,1
Q127256694,1,0,P17_only,0
Q27354068,1,0,P17_only,0
Q13653400,1,1,P17+P131,1
Q16433190,1,1,P17+P131,1
Q13645946,1,1,P17+P131,1
Q32198271,1,0,P17_only,0
Q32188068,1,0,P17_only,0
Q27430564,1,0,P17_only,1
Q135830037,1,0,P17_only,0
Q4315136,1,1,P17+P131,1
Q27348281,1,0,P17_only,0
Q123363628,1,0,P17_only,0
Q96756116,1,1,P17+P131,1
Q12572988,1,0,P17_only,1
Q18400657,1,1,P17+P131,1
Q137527260,1,0,P17_only,0
Q27357110,1,0,P17_only,0
Q32196427,1,0,P17_only,0
Q16673224,1,1,P17+P131,1
Q32204585,1,0,P17_only,0
Q65253378,1,0,P17_only,1
Q20098523,1,1,P17+P131,1
Q13652834,0,1,P131_only,1
Q27357585,1,0,P17_only,0
Q15779389,1,1,P17+P131,1
Q136090939,1,0,P17_only,0
Q74540496,1,0,P17_only,1
Q32201910,1,0,P17_only,0
Q112518827,1,0,P17_only,0
Q16432609,1,0,P17_only,1
Q15918903,1,1,P17+P131,1
Q16694840,1,1,P17+P131,1
Q70496551,1,0,P17_only,0
Q6352163,1,1,P17+P131,1
Q138746160,1,0,P17_only,0
Q13643096,0,1,P131_only,1
Q18334651,1,1,P17+P131,1
Q12530329,1,0,P17_only,1
Q12545413,1,0,P17_only,1
Q27357711,1,0,P17_only,0
Q4427402,1,1,P17+P131,1
Q27354526,1,0,P17_only,0
Q32196413,1,0,P17_only,0
Q86664486,1,0,P17_only,1
Q13641923,1,1,P17+P131,1
Q18405929,1,1,P17+P131,1
Q4059643,1,0,P17_only,1
Q32196901,1,0,P17_only,0
Q12578810,1,0,P17_only,1
Q125869027,1,0,P17_only,0
Q10813420,1,1,P17+P131,1
Q12576273,1,1,P17+P131,1
Q4059828,1,1,P17+P131,0
Q32213772,1,0,P17_only,0
Q16273183,1,1,P17+P131,1
Q55701611,1,0,P17_only,0
Q18406122,1,1,P17+P131,1
Q13648591,1,1,P17+P131,1
Q12701542,1,0,P17_only,0
Q18400014,1,1,P17+P131,1
Q65270321,1,0,P17_only,0
Q16661948,1,1,P17+P131,0
Q27348155,1,0,P17_only,0
Q13653580,1,1,P17+P131,1
Q1638772,1,0,P17_only,1
Q12566075,1,0,P17_only,1
Q3853594,1,0,P17_only,1
Q16272570,1,1,P17+P131,1
Q123363525,1,0,P17_only,0
Q16665756,1,1,P17+P131,1
Q16433111,1,1,P17+P131,1
Q17562698,1,1,P17+P131,1
Q98034262,1,0,P17_only,0
Q27392846,1,0,P17_only,0
Q32215922,1,1,P17+P131,0
Q16432859,1,0,P17_only,1
Q22203611,1,1,P17+P131,1
Q116983356,1,0,P17_only,0
Q20098549,1,1,P17+P131,1
Q12552193,1,1,P17+P131,1
Q12701546,1,0,P17_only,0
Q32187670,1,0,P17_only,0
Q135829448,1,0,P17_only,0
Q135829760,1,0,P17_only,0
Q13488960,0,1,P131_only,1
Q18401920,1,1,P17+P131,0
Q10862214,1,1,P17+P131,1
Q22201911,1,1,P17+P131,1
Q16274625,1,1,P17+P131,1
Q12550618,1,0,P17_only,1
Q13647502,1,1,P17+P131,1
Q16692694,1,1,P17+P131,1
Q32206952,1,0,P17_only,0
Q12551090,0,1,P131_only,1
Q27430597,1,0,P17_only,0
Q767177,1,1,P17+P131,1
Q15617551,1,1,P17+P131,1
Q16432553,1,0,P17_only,1
Q12554406,1,1,P17+P131,1
Q135829901,1,0,P17_only,0
Q12573538,1,0,P17_only,1
Q16431566,1,1,P17+P131,1
Q16717326,1,1,P17+P131,1
Q1262289,1,0,P17_only,1
Q20098468,1,1,P17+P131,1
Q4219253,1,1,P17+P131,1
Q12549106,1,1,P17+P131,1
Q61366341,1,1,P17+P131,1
Q107752312,1,0,P17_only,0
Q12570943,1,0,P17_only,1
Q16661682,1,1,P17+P131,1
Q4477341,1,1,P17+P131,1
Q16720338,1,1,P17+P131,1
Q12550988,1,0,P17_only,1
Q1590386,1,1,P17+P131,1
Q123363670,1,0,P17_only,0
Q16434760,1,0,P17_only,1
Q16434704,1,0,P17_only,1
Q56367094,1,1,P17+P131,1
Q27430766,1,0,P17_only,0
Q137527297,1,0,P17_only,0
Q135829850,1,0,P17_only,0
Q27354950,1,0,P17_only,0
Q32208584,0,1,P131_only,0
Q86663353,1,0,P17_only,0
Q290283,1,1,P17+P131,1
Q12575978,1,1,P17+P131,1
Q13652585,0,1,P131_only,1
Q12544848,1,1,P17+P131,1
Q671484,1,1,P17+P131,1
Q132859501,1,0,P17_only,0
Q32187597,1,0,P17_only,0
Q27354801,1,0,P17_only,0
Q139943303,1,1,P17+P131,0
Q16697774,1,1,P17+P131,1
Q18407604,1,1,P17+P131,1
Q12564779,1,0,P17_only,1
Q25395591,0,1,P131_only,1
Q12527801,1,0,P17_only,1
Q32179262,1,1,P17+P131,0
Q15918919,1,1,P17+P131,1
Q4216074,1,1,P17+P131,1
Q13651581,1,1,P17+P131,1
Q105562579,1,0,P17_only,0
Q574486,1,1,P17+P131,1
Q16274630,1,1,P17+P131,1
Q27354776,1,0,P17_only,0
Q104871549,1,1,P17+P131,0
Q13667013,1,1,P17+P131,1
Q16657603,1,1,P17+P131,0
Q32214636,1,0,P17_only,0
Q65259828,1,0,P17_only,0
Q32178023,1,0,P17_only,0
Q74272378,1,0,P17_only,0
Q4030316,1,0,P17_only,1
Q20078069,1,1,P17+P131,1
Q20076751,1,1,P17+P131,1
Q16273661,1,1,P17+P131,1
Q4446248,1,0,P17_only,1
Q16661855,1,1,P17+P131,1
Q12573318,1,0,P17_only,1
Q27355149,1,0,P17_only,0
Q12550288,1,0,P17_only,1
Q12570851,1,0,P17_only,1
Q13643520,1,1,P17+P131,1
Q55658281,1,0,P17_only,0
Q131553165,1,1,P17+P131,1
Q13667140,1,1,P17+P131,1
Q13359433,0,1,P131_only,1
Q13646150,0,1,P131_only,1
Q12546459,1,1,P17+P131,1
Q12550345,1,0,P17_only,1
Q12577504,1,0,P17_only,1
Q27356884,1,0,P17_only,0
Q108861982,1,0,P17_only,0
Q123242525,1,0,P17_only,1
Q32204902,1,0,P17_only,0
Q12558750,1,0,P17_only,1
Q56367196,1,1,P17+P131,1
Q16692909,1,1,P17+P131,1
Q13665040,1,1,P17+P131,1
Q20486264,1,0,P17_only,1
Q32189847,1,0,P17_only,0
Q11368405,1,1,P17+P131,1
Q20098358,1,1,P17+P131,1
Q16432113,1,0,P17_only,1
Q12531703,1,1,P17+P131,1
Q12539754,1,0,P17_only,1
Q13646233,1,1,P17+P131,1
Q25490231,1,0,P17_only,1
Q25495530,1,0,P17_only,1
Q83284400,1,0,P17_only,0
Q12535804,1,0,P17_only,1
Q106403254,1,0,P17_only,0
Q18399831,1,1,P17+P131,1
Q130417243,1,0,P17_only,0
Q16707129,1,1,P17+P131,1
Q4367347,1,1,P17+P131,1
Q12546959,1,0,P17_only,1
Q55658063,1,0,P17_only,0
Q16648419,1,1,P17+P131,1
Q12536377,1,0,P17_only,1
Q13642348,0,1,P131_only,1
Q106641489,1,1,P17+P131,0
Q30974949,1,1,P17+P131,1
Q16434296,1,0,P17_only,1
Q26161249,1,1,P17+P131,1
Q13641635,1,1,P17+P131,1
Q56368477,1,1,P17+P131,1
Q20484456,1,0,P17_only,1
Q12574469,1,1,P17+P131,1
Q27430753,1,0,P17_only,0
Q125564467,0,1,P131_only,0
Q12557816,1,1,P17+P131,1
Q20484181,1,1,P17+P131,1
Q27430904,1,0,P17_only,0
Q115906694,1,0,P17_only,0
Q4091175,1,1,P17+P131,1
Q28194519,1,1,P17+P131,0
Q27352848,1,0,P17_only,0
Q13664315,1,1,P17+P131,1
Q16696620,1,1,P17+P131,1
Q12562091,1,1,P17+P131,1
Q20098408,1,1,P17+P131,1
Q12569350,1,1,P17+P131,1
Q32204421,1,1,P17+P131,0
Q16666375,1,1,P17+P131,1
Q27354914,1,0,P17_only,0
Q12551043,0,1,P131_only,1
Q13663334,1,1,P17+P131,1
Q27358186,1,1,P17+P131,0
Q27352057,1,0,P17_only,0
Q20098222,1,1,P17+P131,1
Q135828910,1,0,P17_only,0
Q32211864,1,0,P17_only,0
Q12560496,1,0,P17_only,1
Q27348198,1,1,P17+P131,0
Q12574765,1,0,P17_only,1
Q64160437,1,0,P17_only,0
Q135829993,1,0,P17_only,0
Q13664444,1,1,P17+P131,1
Q22328403,1,0,P17_only,0
Q108640499,1,0,P17_only,0
Q27357902,1,0,P17_only,0
Q20098604,1,1,P17+P131,1
Q4452345,1,1,P17+P131,0
Q13651729,1,1,P17+P131,1
Q32202175,1,0,P17_only,0
Q1323752,1,0,P17_only,1
Q27357179,1,0,P17_only,0
Q20485576,0,1,P131_only,1
Q29583137,0,1,P131_only,1
Q61368145,1,1,P17+P131,1
Q27356937,1,0,P17_only,0
Q12544206,0,1,P131_only,1
Q12532255,1,0,P17_only,1
Q131625232,1,1,P17+P131,1
Q3449821,1,0,P17_only,0
Q12537429,1,0,P17_only,1
Q18409216,1,1,P17+P131,1
Q21836441,1,0,P17_only,0
Q2121436,1,1,P17+P131,1
Q13643044,0,1,P131_only,1
Q16670962,1,1,P17+P131,1
Q56367015,1,1,P17+P131,1
Q123363485,1,0,P17_only,0
Q12569730,1,1,P17+P131,1
Q4060128,1,0,P17_only,1
Q135829673,1,0,P17_only,0
Q12546422,1,1,P17+P131,1
Q13643491,1,1,P17+P131,1
Q27357216,1,0,P17_only,0
Q111125782,1,0,P17_only,0
Q32187540,1,0,P17_only,0
Q12573735,1,0,P17_only,1
Q27430938,1,0,P17_only,0
Q62582536,1,0,P17_only,0
Q13416157,0,1,P131_only,1
Q115906686,1,0,P17_only,0
Q12562540,1,1,P17+P131,1
Q12699255,1,0,P17_only,0
Q1734801,1,0,P17_only,0
Q12532290,1,0,P17_only,1
Q12547605,1,0,P17_only,1
Q13643204,0,1,P131_only,1
Q1209320,1,0,P17_only,0
Q13652363,0,1,P131_only,1
Q13646288,1,1,P17+P131,1
Q16432108,1,0,P17_only,1
Q27430559,1,0,P17_only,0
Q123363781,1,0,P17_only,0
Q12569722,1,1,P17+P131,1
Q30975168,1,1,P17+P131,1
Q20485738,1,0,P17_only,1
Q30969842,1,1,P17+P131,1
Q12551032,0,1,P131_only,1
Q27357381,1,0,P17_only,0
Q12634815,1,0,P17_only,0
Q16274359,1,1,P17+P131,1
Q70492833,1,1,P17+P131,0
Q20098570,1,1,P17+P131,1
Q135829136,1,0,P17_only,0
Q67893052,1,0,P17_only,0
Q16651165,1,1,P17+P131,0
Q27357641,1,0,P17_only,0
Q12557183,1,0,P17_only,1
Q25507777,1,1,P17+P131,1
Q32199824,1,0,P17_only,0
Q13647372,1,1,P17+P131,1
Q13656065,1,1,P17+P131,1
Q12561667,1,0,P17_only,1
Q16433624,1,0,P17_only,1
Q124967943,1,0,P17_only,0
Q12537229,1,1,P17+P131,1
Q32198931,1,0,P17_only,0
Q134684577,1,0,P17_only,1
Q12548048,1,1,P17+P131,1
Q13640735,1,1,P17+P131,1
Q16431730,1,0,P17_only,1
Q32187486,1,0,P17_only,0
Q27351538,1,0,P17_only,0
Q12532199,1,0,P17_only,1
Q13652352,0,1,P131_only,1
Q13645724,1,1,P17+P131,1
Q135828982,1,0,P17_only,0
Q27347342,1,0,P17_only,0
Q16432573,1,0,P17_only,1
Q16661578,1,1,P17+P131,1
Q16433842,1,1,P17+P131,1
Q12578830,1,1,P17+P131,1
Q27357440,1,0,P17_only,0
Q18407294,1,1,P17+P131,1
Q12682926,1,0,P17_only,0
Q32197175,1,0,P17_only,0
Q16272603,1,1,P17+P131,1
Q3680713,1,0,P17_only,1
Q56367304,1,1,P17+P131,1
Q12572775,1,0,P17_only,1
Q27354991,1,0,P17_only,0
Q97273294,1,1,P17+P131,1
Q111862478,1,0,P17_only,0
Q12573253,1,0,P17_only,0
Q2554467,1,1,P17+P131,1
Q4741801,1,1,P17+P131,1
Q27357870,1,0,P17_only,0
Q12576480,1,0,P17_only,1
Q13220037,1,1,P17+P131,1
Q4084705,1,1,P17+P131,1
Q76337256,1,0,P17_only,0
Q136541153,1,0,P17_only,0
Q16700937,1,1,P17+P131,1
Q43147299,1,0,P17_only,0
Q4376344,1,0,P17_only,1
Q32194925,1,0,P17_only,0
Q16431691,1,0,P17_only,1
Q27430621,1,0,P17_only,0
Q20485985,1,0,P17_only,1
Q32204572,1,1,P17+P131,0
Q12535979,1,0,P17_only,1
Q56367014,1,1,P17+P131,1
Q16665133,1,1,P17+P131,1
Q12533326,1,1,P17+P131,1
Q13643801,1,1,P17+P131,1
Q12537356,1,0,P17_only,1
Q20098232,1,1,P17+P131,1
Q4243774,1,0,P17_only,1
Q20484701,1,1,P17+P131,1
Q93462298,1,0,P17_only,0
Q15617519,1,1,P17+P131,1
Q18409827,1,1,P17+P131,0
Q16673585,1,1,P17+P131,0
Q32191509,1,0,P17_only,0
Q103832965,1,0,P17_only,0
Q32191850,1,0,P17_only,0
Q27351935,1,0,P17_only,0
Q18401909,1,1,P17+P131,1
Q111297058,1,1,P17+P131,0
Q108533839,1,0,P17_only,0
Q16669511,1,1,P17+P131,1
Q4235245,1,1,P17+P131,1
Q18400915,1,1,P17+P131,1
Q12574584,1,0,P17_only,1
Q116207725,1,0,P17_only,0
Q108533874,1,0,P17_only,0
Q16715537,1,1,P17+P131,1
Q16431602,1,0,P17_only,1
Q123570396,1,0,P17_only,0
Q32201668,1,0,P17_only,0
Q12532517,1,1,P17+P131,1
Q1016593,0,1,P131_only,0
Q12544306,0,1,P131_only,1
Q32211373,1,1,P17+P131,0
Q16272595,1,1,P17+P131,1
Q18400193,1,1,P17+P131,1
Q2802928,1,0,P17_only,1
Q16273724,1,1,P17+P131,1
Q16700832,1,1,P17+P131,1
Q32171352,1,1,P17+P131,0
Q17494794,1,1,P17+P131,1
Q4378738,1,0,P17_only,0
Q15617693,1,1,P17+P131,1
Q122852734,1,1,P17+P131,1
Q65252133,1,1,P17+P131,1
Q32170781,0,1,P131_only,0
Q13664188,1,1,P17+P131,1
Q20485059,1,0,P17_only,1
Q27357168,1,0,P17_only,0
Q55657536,1,0,P17_only,0
Q12547718,1,0,P17_only,1
Q18702302,1,0,P17_only,0
Q18406941,1,1,P17+P131,1
Q13643185,0,1,P131_only,1
Q27350688,1,0,P17_only,0
Q32219358,1,0,P17_only,0
Q139578993,1,1,P17+P131,0
Q13653173,0,1,P131_only,1
Q16433618,1,0,P17_only,1
Q522660,1,1,P17+P131,1
Q16675020,1,1,P17+P131,1
Q23781016,1,0,P17_only,0
Q12573685,1,1,P17+P131,1
Q12537099,1,0,P17_only,1
Q111287136,1,0,P17_only,1
Q32210734,0,1,P131_only,0
Q18407568,1,1,P17+P131,1
Q27357541,1,0,P17_only,0
Q11123649,1,0,P17_only,1
Q30632887,1,0,P17_only,0
Q32213177,1,1,P17+P131,0
Q12702569,1,0,P17_only,0
Q4178037,1,1,P17+P131,1
Q104310134,1,0,P17_only,0
Q28231667,1,0,P17_only,0
Q27358200,1,0,P17_only,0
Q110645482,0,1,P131_only,0
Q13359524,0,1,P131_only,1
Q18396349,1,1,P17+P131,1
Q12554010,1,1,P17+P131,1
Q27347334,1,0,P17_only,0
Q16919405,1,0,P17_only,0
Q12567401,1,1,P17+P131,1
Q135828928,1,0,P17_only,0
Q12550977,1,1,P17+P131,1
Q13648886,1,1,P17+P131,1
Q2565663,1,1,P17+P131,1
Q32202969,1,0,P17_only,0
Q135829884,1,0,P17_only,0
Q15617564,1,1,P17+P131,1
Q12530235,1,0,P17_only,1
Q135829893,1,0,P17_only,0
Q85863512,1,0,P17_only,1
Q140561829,1,0,P17_only,0
Q30969315,1,0,P17_only,0
Q12575470,1,0,P17_only,1
Q2441585,1,0,P17_only,0
Q137527473,1,0,P17_only,0
Q4208074,1,0,P17_only,0
Q123363827,1,0,P17_only,0
Q13362651,0,1,P131_only,1
Q112004015,1,0,P17_only,0
Q16652412,1,1,P17+P131,1
Q20485757,1,0,P17_only,1
Q80087282,1,1,P17+P131,0
Q123363601,1,0,P17_only,0
Q16431186,1,0,P17_only,1
Q16431031,1,1,P17+P131,1
Q4399560,1,1,P17+P131,1
Q13664281,1,1,P17+P131,1
Q12526014,1,0,P17_only,1
Q27357348,1,0,P17_only,0
Q55615768,1,0,P17_only,1
Q12573939,1,0,P17_only,1
Q16706464,1,1,P17+P131,1
Q12566525,1,0,P17_only,1
Q56367662,1,1,P17+P131,1
Q32171196,1,0,P17_only,0
Q12575355,1,1,P17+P131,1
Q12558855,1,1,P17+P131,1
Q13652837,0,1,P131_only,1
Q13647427,1,1,P17+P131,1
Q13643803,1,1,P17+P131,1
Q61367790,1,1,P17+P131,0
Q72915142,1,0,P17_only,0
Q116233800,1,0,P17_only,0
Q13651856,1,1,P17+P131,1
Q27357380,1,0,P17_only,0
Q16434244,1,1,P17+P131,1
Q12537133,1,1,P17+P131,1
Q16684909,1,1,P17+P131,1
Q32192269,1,0,P17_only,0
Q20486220,1,0,P17_only,1
Q16644787,0,1,P131_only,0
Q12562792,1,1,P17+P131,1
Q135828615,1,0,P17_only,0
Q12543321,1,0,P17_only,1
Q135829638,1,0,P17_only,0
Q4479984,1,0,P17_only,0
Q13640785,1,1,P17+P131,0
Q14900437,1,0,P17_only,0
Q16274498,1,1,P17+P131,1
Q3508742,1,0,P17_only,1
Q12550847,1,1,P17+P131,1
Q32214016,1,0,P17_only,0
Q86668746,1,0,P17_only,0
Q32200755,1,1,P17+P131,0
Q96626780,1,0,P17_only,1
Q490643,1,1,P17+P131,1
Q12530124,1,0,P17_only,1
Q12550842,1,0,P17_only,1
Q12575488,1,1,P17+P131,1
Q20486373,1,0,P17_only,1
Q13667132,1,1,P17+P131,1
Q56368562,1,1,P17+P131,1
Q18400173,1,1,P17+P131,1
Q27430712,1,0,P17_only,0
Q16648669,1,1,P17+P131,1
Q30974959,1,1,P17+P131,0
Q13642283,1,1,P17+P131,1
Q12530667,1,0,P17_only,1
Q120969734,1,0,P17_only,0
Q125611796,1,0,P17_only,0
Q13643518,1,1,P17+P131,1
Q16705408,1,1,P17+P131,1
Q16637799,0,1,P131_only,1
Q19916278,0,1,P131_only,1
Q16666223,1,1,P17+P131,1
Q12561042,1,1,P17+P131,1
Q12571173,1,0,P17_only,1
Q12553245,1,1,P17+P131,1
Q30969309,1,1,P17+P131,1
Q12576428,1,0,P17_only,1
Q13640669,0,1,P131_only,1
Q30632938,1,0,P17_only,0
Q12574920,1,1,P17+P131,1
Q56367314,1,1,P17+P131,1
Q136762132,1,1,P17+P131,1
Q16971098,1,0,P17_only,0
Q18401598,1,1,P17+P131,1
Q123363674,1,0,P17_only,0
Q16664422,1,1,P17+P131,1
Q18407543,1,1,P17+P131,1
Q16661517,1,1,P17+P131,1
Q137527323,1,0,P17_only,0
Q12558026,1,0,P17_only,1
Q16431419,1,1,P17+P131,1
Q125612719,1,0,P17_only,0
Q55657437,1,0,P17_only,0
Q16431659,1,1,P17+P131,1
Q16431731,1,0,P17_only,1
Q12542854,1,0,P17_only,1
Q56367391,1,1,P17+P131,1
Q16706004,1,1,P17+P131,0
Q12546237,1,0,P17_only,1
Q65252486,1,0,P17_only,0
Q18400394,1,1,P17+P131,0
Q13663993,1,1,P17+P131,1
Q16533035,0,1,P131_only,1
Q13365431,0,1,P131_only,1
Q13646285,1,1,P17+P131,1
Q31195525,1,0,P17_only,1
Q32189189,1,0,P17_only,0
Q32206871,1,0,P17_only,0
Q4146753,1,0,P17_only,1
Q4208594,1,1,P17+P131,1
Q12564735,1,0,P17_only,1
Q120015241,1,0,P17_only,0
Q20485822,1,0,P17_only,1
Q16273556,1,1,P17+P131,1
Q4219120,1,1,P17+P131,1
Q32218938,1,0,P17_only,0
Q13641190,1,0,P17_only,1
Q27355156,1,0,P17_only,0
Q16666243,1,1,P17+P131,1
Q20485338,0,1,P131_only,1
Q13646482,1,1,P17+P131,1
Q13552136,0,1,P131_only,1
Q12544085,0,1,P131_only,1
Q16706674,1,1,P17+P131,1
Q4812946,1,1,P17+P131,1
Q13649441,1,1,P17+P131,1
Q27348191,1,0,P17_only,0
Q65173248,1,0,P17_only,0
Q12533903,1,0,P17_only,1
Q12546333,1,0,P17_only,1
Q12564615,1,1,P17+P131,1
Q12549046,1,0,P17_only,1
Q32217542,1,0,P17_only,0
Q13643813,1,1,P17+P131,1
Q4470292,1,1,P17+P131,1
Q12563033,1,1,P17+P131,1
Q27430827,1,1,P17+P131,0
Q30972747,1,0,P17_only,1
Q32219350,1,1,P17+P131,0
Q1580510,1,0,P17_only,0
Q65174595,1,1,P17+P131,0
Q16652633,1,1,P17+P131,1
Q109452571,1,0,P17_only,0
Q12530274,1,1,P17+P131,1
Q97213849,1,0,P17_only,1
Q48970222,1,1,P17+P131,0
Q12550292,1,0,P17_only,1
Q20076240,1,1,P17+P131,1
Q28671116,1,0,P17_only,0
Q16433026,1,0,P17_only,1
Q27351984,1,1,P17+P131,0
Q20098439,1,1,P17+P131,1
Q4348961,1,0,P17_only,1
Q16696902,1,0,P17_only,0
Q27357614,1,0,P17_only,0
Q4477945,1,1,P17+P131,1
Q21661347,1,1,P17+P131,1
Q127420507,1,1,P17+P131,0
Q4090260,1,1,P17+P131,0
Q16663088,1,1,P17+P131,1
Q16432897,1,1,P17+P131,1
Q17494759,1,1,P17+P131,1
Q13648096,1,1,P17+P131,1
Q27430921,1,0,P17_only,0
Q13642188,1,1,P17+P131,1
Q130223273,1,0,P17_only,0
Q12550918,1,0,P17_only,1
Q16432504,1,1,P17+P131,1
Q32214064,1,1,P17+P131,0
Q12531763,1,1,P17+P131,1
Q32177167,1,0,P17_only,0
Q25502201,1,1,P17+P131,1
Q66073906,1,0,P17_only,0
Q20486047,1,0,P17_only,1
Q16671588,1,1,P17+P131,1
Q12527783,1,0,P17_only,1
Q7499169,0,1,P131_only,1
Q12572956,1,0,P17_only,1
Q12530054,1,1,P17+P131,1
Q4211973,0,1,P131_only,1
Q16431862,1,0,P17_only,1
Q16668601,1,1,P17+P131,1
Q27357147,1,0,P17_only,0
Q111272394,1,1,P17+P131,1
Q16699713,1,1,P17+P131,1
Q30751822,1,0,P17_only,0
Q19615056,0,1,P131_only,1
Q16434538,1,0,P17_only,1
Q12701543,1,0,P17_only,0
Q55657900,1,0,P17_only,1
Q16433199,1,0,P17_only,1
Q32176338,1,1,P17+P131,0
Q110872256,1,0,P17_only,0
Q123363635,1,0,P17_only,0
Q25505087,1,0,P17_only,1
Q12575018,1,1,P17+P131,1
Q13651817,1,1,P17+P131,1
Q60851495,1,1,P17+P131,0
Q12576444,1,0,P17_only,1
Q12525706,1,0,P17_only,1
Q32168674,0,1,P131_only,0
Q12698990,1,0,P17_only,0
Q27042497,1,0,P17_only,0
Q20098395,1,1,P17+P131,1
Q16719184,1,1,P17+P131,1
Q12579685,1,1,P17+P131,1
Q12533446,1,0,P17_only,1
Q30975135,1,1,P17+P131,1
Q16431817,1,0,P17_only,1
Q136085270,1,0,P17_only,0
Q19981799,0,1,P131_only,0
Q32206939,1,0,P17_only,0
Q4112871,1,1,P17+P131,1
Q27357832,1,0,P17_only,0
Q12577203,1,0,P17_only,1
Q27357878,1,0,P17_only,0
Q13640705,0,1,P131_only,1
Q13650010,1,1,P17+P131,1
Q61368777,1,1,P17+P131,1
Q12530663,1,0,P17_only,1
Q65258370,1,0,P17_only,0
Q20098511,1,1,P17+P131,1
Q13650282,1,1,P17+P131,1
Q20484819,1,0,P17_only,1
Q16691528,1,1,P17+P131,1
Q12548814,1,0,P17_only,1
Q18408751,1,1,P17+P131,1
Q56368949,1,1,P17+P131,1
Q4259190,1,1,P17+P131,1
Q32219269,1,0,P17_only,0
Q13643119,0,1,P131_only,1
Q13175595,1,0,P17_only,0
Q12529616,1,0,P17_only,1
Q65261770,1,0,P17_only,0
Q27354956,1,0,P17_only,0
Q16704317,1,1,P17+P131,1
Q12550948,1,0,P17_only,1
Q32188985,1,0,P17_only,0
Q3700312,1,0,P17_only,0
Q3741105,1,0,P17_only,0
Q16707123,1,1,P17+P131,1
Q16639575,0,1,P131_only,1
Q12533862,1,0,P17_only,1
Q121504421,1,0,P17_only,0
Q190682,1,1,P17+P131,1
Q20098533,1,1,P17+P131,1
Q130272342,1,1,P17+P131,0
Q13641597,1,1,P17+P131,1
Q12570513,1,0,P17_only,1
Q12546191,1,0,P17_only,1
Q27357352,1,0,P17_only,0
Q12560348,1,1,P17+P131,1
Q4200197,1,1,P17+P131,1
Q30972146,1,1,P17+P131,1
Q16708096,1,1,P17+P131,1
Q61366775,1,1,P17+P131,1
Q13758784,1,0,P17_only,0
Q27354938,1,0,P17_only,0
Q12526514,1,0,P17_only,1
Q16433015,1,0,P17_only,1
Q138307833,1,1,P17+P131,0
Q16433258,1,0,P17_only,1
Q11155941,1,1,P17+P131,1
Q16699725,1,1,P17+P131,1
Q32215814,1,0,P17_only,0
Q13663196,1,1,P17+P131,1
Q32172340,1,0,P17_only,0
Q135829749,1,0,P17_only,0
Q4505936,1,1,P17+P131,1
Q27354746,1,0,P17_only,0
Q4409147,1,0,P17_only,1
Q18408773,1,1,P17+P131,1
Q13652521,0,1,P131_only,1
Q650725,1,1,P17+P131,1
Q16274297,1,1,P17+P131,1
Q20484954,1,0,P17_only,1
Q6363616,1,1,P17+P131,1
Q12574583,1,0,P17_only,1
Q64199268,1,0,P17_only,1
Q12172456,1,0,P17_only,0
Q4090249,1,0,P17_only,1
Q16706473,1,1,P17+P131,0
Q13647313,1,1,P17+P131,1
Q18117416,1,0,P17_only,0
Q12574867,1,0,P17_only,1
Q25488158,1,0,P17_only,1
Q65259625,1,0,P17_only,0
Q10858593,1,0,P17_only,1
Q2753561,1,1,P17+P131,1
Q12573700,1,0,P17_only,1
Q13643155,0,1,P131_only,1
Q13647386,1,1,P17+P131,1
Q20823488,1,0,P17_only,0
Q12548918,1,0,P17_only,1
Q57987752,1,1,P17+P131,1
Q184922,1,0,P17_only,1
Q135829847,1,0,P17_only,0
Q13648549,1,1,P17+P131,1
Q16431692,1,0,P17_only,1
Q16685180,1,1,P17+P131,1
Q138795375,1,0,P17_only,0
Q12570941,1,1,P17+P131,1
Q135830025,1,0,P17_only,0
Q13647868,1,1,P17+P131,1
Q23958179,1,1,P17+P131,0
Q18395265,1,1,P17+P131,1
Q16720766,1,0,P17_only,1
Q1018868,1,1,P17+P131,1
Q17749610,1,1,P17+P131,1
Q16685404,1,0,P17_only,1
Q16432928,1,0,P17_only,1
Q16693901,1,1,P17+P131,1
Q12536737,1,0,P17_only,1
Q13646094,1,1,P17+P131,1
Q32194342,1,0,P17_only,0
Q4060165,1,0,P17_only,0
Q65131353,1,0,P17_only,0
Q13648746,1,1,P17+P131,1
Q16693603,1,1,P17+P131,1
Q7499987,0,1,P131_only,1
Q4404465,1,0,P17_only,1
Q55657856,1,0,P17_only,0
Q27357326,1,0,P17_only,0
Q2556274,1,1,P17+P131,1
Q16652530,1,1,P17+P131,1
Q63991260,1,0,P17_only,1
Q4151157,0,1,P131_only,1
Q65253271,1,0,P17_only,0
Q64679542,1,0,P17_only,0
Q4173607,1,1,P17+P131,1
Q32212429,1,0,P17_only,0
Q18404857,1,1,P17+P131,1
Q12549166,1,0,P17_only,1
Q32212759,1,1,P17+P131,0
Q12527459,1,0,P17_only,1
Q16432869,1,0,P17_only,1
Q108533919,1,0,P17_only,0
Q27430605,1,0,P17_only,0
Q112544052,0,1,P131_only,0
Q32218405,1,0,P17_only,0
Q32191524,1,0,P17_only,0
Q12576074,1,0,P17_only,1
Q30972374,1,1,P17+P131,1
Q13648437,1,1,P17+P131,1
Q7499731,0,1,P131_only,1
Q12561135,1,0,P17_only,1
Q12561347,1,0,P17_only,1
Q18401141,1,1,P17+P131,1
Q19859028,0,1,P131_only,1
Q16433211,1,0,P17_only,1
Q64157009,1,0,P17_only,1
Q2272747,1,0,P17_only,0
Q65256157,1,0,P17_only,0
Q12546274,1,0,P17_only,1
Q13641616,1,1,P17+P131,1
Q30973267,1,1,P17+P131,1
Q4273785,1,0,P17_only,1
Q13643260,1,1,P17+P131,1
Q16433836,1,0,P17_only,1
Q1650867,1,1,P17+P131,1
Q27430835,1,0,P17_only,0
Q27430563,1,0,P17_only,0
Q27430999,1,1,P17+P131,0
Q20098482,1,1,P17+P131,1
Q42531559,1,1,P17+P131,0
Q9339039,1,1,P17+P131,0
Q32212444,1,0,P17_only,0
Q135829028,1,0,P17_only,0
Q27357861,1,0,P17_only,0
Q16719867,1,1,P17+P131,1
Q123363814,1,0,P17_only,0
Q110791918,1,0,P17_only,0
Q25505123,1,0,P17_only,1
Q45728470,1,0,P17_only,0
Q12555963,1,1,P17+P131,1
Q27351904,1,1,P17+P131,0
Q16272433,1,1,P17+P131,1
Q131736573,1,0,P17_only,0
Q16661619,1,1,P17+P131,1
Q1046059,1,0,P17_only,1
Q27357314,1,0,P17_only,0
Q112004019,1,0,P17_only,0
Q16704507,1,1,P17+P131,1
Q12544286,0,1,P131_only,1
Q12563638,1,0,P17_only,1
Q4089475,1,0,P17_only,1
Q13648951,1,1,P17+P131,1
Q9353000,1,0,P17_only,1
Q32168316,0,1,P131_only,0
Q15714542,1,1,P17+P131,1
Q64641150,1,0,P17_only,0
Q4531918,1,0,P17_only,1
Q27350729,1,0,P17_only,0
Q13359470,0,1,P131_only,1
Q378582,1,1,P17+P131,1
Q16716267,1,1,P17+P131,1
Q56367167,1,1,P17+P131,1
Q16433093,1,0,P17_only,1
Q20453187,1,0,P17_only,0
Q108533893,1,0,P17_only,0
Q136268971,1,0,P17_only,0
Q13649870,1,1,P17+P131,1
Q110983204,1,0,P17_only,0
Q2393255,1,1,P17+P131,1
Q123225260,1,0,P17_only,0
Q27348250,1,0,P17_only,0
Q123363750,1,0,P17_only,0
Q12572730,1,0,P17_only,1
Q12550822,1,0,P17_only,1
Q119143101,1,0,P17_only,0
Q4309426,1,1,P17+P131,1
Q27352857,1,0,P17_only,0
Q27354838,1,0,P17_only,0
Q13651914,1,1,P17+P131,1
Q13641945,1,1,P17+P131,1
Q18408521,1,1,P17+P131,1
Q32192634,1,1,P17+P131,0
Q43304717,1,0,P17_only,0
Q12531084,1,1,P17+P131,1
Q27348177,1,1,P17+P131,0
Q4223582,1,0,P17_only,1
Q1563827,1,0,P17_only,0
Q13643400,1,1,P17+P131,1
Q12552010,0,1,P131_only,1
Q12527280,1,0,P17_only,1
Q109699671,1,1,P17+P131,0
Q135829167,1,0,P17_only,0
Q13640844,1,1,P17+P131,1
Q13156664,1,1,P17+P131,1
Q12543562,1,0,P17_only,1
Q12576014,1,0,P17_only,1
Q55659845,1,0,P17_only,0
Q116207825,1,0,P17_only,0
Q12574810,1,0,P17_only,1
Q12574225,1,0,P17_only,1
Q603465,1,0,P17_only,1
Q13664554,1,1,P17+P131,1
Q27351098,1,0,P17_only,0
Q12552484,1,0,P17_only,1
Q2416315,1,0,P17_only,1
Q113937946,1,0,P17_only,0
Q129880712,1,1,P17+P131,1
Q16704350,1,1,P17+P131,1
Q12569870,1,0,P17_only,1
Q13648777,1,1,P17+P131,1
Q113528576,0,1,P131_only,0
Q55657128,1,0,P17_only,1
Q32205469,1,0,P17_only,0
Q32203755,1,0,P17_only,0
Q12567293,1,1,P17+P131,1
Q12532148,1,0,P17_only,1
Q56366934,1,1,P17+P131,1
Q12570033,1,0,P17_only,1
Q20484832,1,1,P17+P131,1
Q64641034,1,0,P17_only,0
Q27357955,1,0,P17_only,0
Q27430831,1,0,P17_only,0
Q12647272,1,0,P17_only,0
Q18399999,1,1,P17+P131,1
Q137321740,1,0,P17_only,0
Q12533659,1,1,P17+P131,1
Q13642426,0,1,P131_only,1
Q135829878,1,0,P17_only,0
Q30674730,1,1,P17+P131,0
Q27430928,1,0,P17_only,0
Q97168563,1,0,P17_only,0
Q21030229,1,0,P17_only,1
Q12573754,1,0,P17_only,1
Q16272377,0,1,P131_only,1
Q3853514,1,0,P17_only,1
Q27351911,1,1,P17+P131,0
Q16704622,1,1,P17+P131,1
Q64198314,1,0,P17_only,1
Q16683191,1,1,P17+P131,1
Q27348076,1,0,P17_only,1
Q12556736,1,1,P17+P131,1
Q12689927,1,0,P17_only,0
Q135829056,1,0,P17_only,0
Q12543361,1,1,P17+P131,1
Q27430815,1,1,P17+P131,0
Q6380842,1,0,P17_only,1
Q20450621,1,0,P17_only,0
Q27352359,1,0,P17_only,0
Q15617539,1,1,P17+P131,1
Q18396476,1,1,P17+P131,0
Q65007091,1,0,P17_only,0
Q123363484,1,0,P17_only,0
Q12552349,1,0,P17_only,1
Q20098130,1,1,P17+P131,1
Q25504610,1,0,P17_only,1
Q115521867,1,1,P17+P131,0
Q63980123,1,0,P17_only,1
Q4520490,1,0,P17_only,1
Q30972848,1,1,P17+P131,1
Q32191494,1,0,P17_only,0
Q16721462,1,1,P17+P131,1
Q13643810,1,1,P17+P131,1
Q13649971,1,1,P17+P131,1
Q129880796,1,1,P17+P131,1
Q15617696,1,1,P17+P131,1
Q135828759,1,0,P17_only,0
Q27352006,1,0,P17_only,0
Q13664014,1,1,P17+P131,1
Q1074528,1,1,P17+P131,1
Q16431867,1,0,P17_only,1
Q16683055,1,1,P17+P131,1
Q68003918,1,0,P17_only,0
Q27354012,1,0,P17_only,0
Q16693008,1,1,P17+P131,1
Q55658191,1,0,P17_only,0
Q32218055,1,1,P17+P131,0
Q12556819,1,1,P17+P131,1
Q12528629,1,0,P17_only,1
Q135828787,1,0,P17_only,0
Q12548719,1,0,P17_only,1
Q112544044,0,1,P131_only,0
Q16651675,1,1,P17+P131,1
Q12545339,1,0,P17_only,1
Q27348192,1,0,P17_only,0
Q13664180,1,1,P17+P131,1
Q21654515,1,0,P17_only,1
Q16002293,0,1,P131_only,0
Q27430513,1,0,P17_only,0
Q18401814,1,1,P17+P131,1
Q12569642,1,0,P17_only,1
Q27351870,1,0,P17_only,0
Q12571860,1,1,P17+P131,1
Q12532787,1,0,P17_only,1
Q32193307,1,0,P17_only,0
Q131467750,1,1,P17+P131,0
Q27348274,1,0,P17_only,0
Q16666854,1,1,P17+P131,1
Q16683019,1,0,P17_only,1
Q13663010,1,1,P17+P131,1
Q28671108,1,0,P17_only,1
Q108533791,1,0,P17_only,0
Q4451487,1,1,P17+P131,0
Q27357981,1,0,P17_only,0
Q1734777,1,0,P17_only,0
Q4454439,1,1,P17+P131,1
Q116052615,1,0,P17_only,0
Q12554312,1,0,P17_only,1
Q638963,1,1,P17+P131,1
Q13663350,1,1,P17+P131,1
Q135829682,1,0,P17_only,0
Q20484424,1,0,P17_only,1
Q12574685,1,1,P17+P131,1
Q135828899,1,0,P17_only,0
Q42531360,1,1,P17+P131,0
Q56366896,1,1,P17+P131,1
Q12554959,1,0,P17_only,1
Q27430964,1,0,P17_only,0
Q32189496,1,0,P17_only,0
Q12575391,1,0,P17_only,1
Q13403309,0,1,P131_only,1
Q13650120,1,1,P17+P131,1
Q27357642,1,0,P17_only,0
Q1118139,1,1,P17+P131,1
Q123363701,1,0,P17_only,0
Q16668574,1,1,P17+P131,1
Q16625973,0,1,P131_only,1
Q27354778,1,0,P17_only,0
Q2736676,1,1,P17+P131,1
Q20098397,1,1,P17+P131,1
Q32187085,1,0,P17_only,0
Q32215425,1,0,P17_only,0
Q27430599,1,0,P17_only,1
Q4430542,1,0,P17_only,1
Q1049179,1,0,P17_only,0
Q139622395,1,1,P17+P131,0
Q130724535,1,0,P17_only,0
Q18409382,1,1,P17+P131,1
Q4059104,1,0,P17_only,1
Q66618930,1,0,P17_only,0
Q138720876,1,1,P17+P131,0
Q13666733,1,1,P17+P131,1
Q12532465,1,0,P17_only,1
Q27431028,1,0,P17_only,0
Q55658283,1,0,P17_only,0
Q19613758,0,1,P131_only,0
Q13643413,1,1,P17+P131,1
Q18407285,1,1,P17+P131,1
Q32191081,1,1,P17+P131,0
Q13642987,0,1,P131_only,1
Q16653145,1,1,P17+P131,1
Q16650923,1,1,P17+P131,1
Q25397237,1,1,P17+P131,0
Q12545265,1,0,P17_only,1
Q12576129,1,1,P17+P131,1
Q20098338,1,1,P17+P131,1
Q13655937,1,1,P17+P131,1
Q27358126,1,1,P17+P131,0
Q32201275,1,0,P17_only,0
Q12573920,1,0,P17_only,1
Q20098687,1,1,P17+P131,1
Q16700909,1,1,P17+P131,1
Q56673939,1,0,P17_only,0
Q27357322,1,0,P17_only,0
Q1008046,1,1,P17+P131,1
Q115906682,1,0,P17_only,0
Q13647440,1,1,P17+P131,1
Q56368738,1,1,P17+P131,1
Q16646977,1,1,P17+P131,1
Q10858590,1,1,P17+P131,1
Q32211247,1,1,P17+P131,0
Q484706,1,1,P17+P131,1
Q123363803,1,0,P17_only,0
Q13655797,1,1,P17+P131,1
Q30972749,1,1,P17+P131,1
Q27352026,1,0,P17_only,1
Q13662939,1,1,P17+P131,1
Q16651356,1,1,P17+P131,1
Q12574996,1,0,P17_only,1
Q12531244,1,0,P17_only,1
Q20486050,1,0,P17_only,1
Q12552391,1,1,P17+P131,1
Q56367170,1,1,P17+P131,1
Q27430663,1,1,P17+P131,1
Q13640621,0,1,P131_only,1
Q56368534,1,1,P17+P131,1
Q13648030,1,1,P17+P131,1
Q6380826,1,0,P17_only,0
Q15617684,1,1,P17+P131,1
Q12531826,1,0,P17_only,1
Q12556998,1,0,P17_only,1
Q20720653,1,0,P17_only,0
Q4503770,1,1,P17+P131,0
Q27353930,1,0,P17_only,0
Q32185439,1,1,P17+P131,0
Q12682872,1,0,P17_only,0
Q12576176,1,0,P17_only,1
Q16657268,1,1,P17+P131,1
Q135828661,1,0,P17_only,0
Q23959070,1,0,P17_only,1
Q16434248,1,0,P17_only,1
Q16432390,1,0,P17_only,1
Q16692215,1,1,P17+P131,1
Q20484206,1,0,P17_only,1
Q4408890,1,1,P17+P131,1
Q37406050,1,1,P17+P131,0
Q30891201,0,1,P131_only,0
Q1915788,1,0,P17_only,1
Q592142,1,0,P17_only,0
Q104585785,1,0,P17_only,0
Q16669319,1,1,P17+P131,1
Q32192491,1,1,P17+P131,0
Q13646010,1,1,P17+P131,1
Q11551993,1,1,P17+P131,1
Q22015173,1,0,P17_only,0
Q12537297,1,0,P17_only,1
Q39047821,1,0,P17_only,1
Q27353925,1,1,P17+P131,0
Q16666939,1,1,P17+P131,1
Q13649113,1,1,P17+P131,1
Q32214041,1,0,P17_only,0
Q32190907,1,1,P17+P131,0
Q485605,1,1,P17+P131,1
Q16431564,1,1,P17+P131,1
Q2230345,1,1,P17+P131,1
Q25500327,1,1,P17+P131,1
Q1087721,1,0,P17_only,1
Q108533896,1,0,P17_only,0
Q27354761,1,0,P17_only,0
Q13649030,1,1,P17+P131,1
Q13416152,0,1,P131_only,1
Q32199583,1,0,P17_only,0
Q135829300,1,0,P17_only,0
Q1138699,1,1,P17+P131,1
Q16707077,1,1,P17+P131,1
Q18399254,1,1,P17+P131,1
Q13649979,1,1,P17+P131,1
Q120972977,1,0,P17_only,0
Q20639304,1,0,P17_only,0
Q51538378,0,1,P131_only,0
Q30972168,1,1,P17+P131,1
Q125366244,1,1,P17+P131,0
Q135829342,1,0,P17_only,0
Q16431468,1,1,P17+P131,1
Q4075783,1,1,P17+P131,1
Q12536688,1,0,P17_only,1
Q279568,1,1,P17+P131,1
Q18399251,1,1,P17+P131,0
Q13643484,1,1,P17+P131,1
Q31195531,1,0,P17_only,1
Q114564503,1,0,P17_only,1
Q114976076,1,0,P17_only,1
Q25498984,1,1,P17+P131,1
Q13643424,1,1,P17+P131,1
Q63187565,1,0,P17_only,1
Q27357673,1,0,P17_only,0
Q4524085,1,0,P17_only,0
Q16670533,1,1,P17+P131,1
Q2587598,1,0,P17_only,1
Q16434588,1,0,P17_only,1
Q32201851,1,0,P17_only,0
Q12575387,1,0,P17_only,1
Q32203914,1,0,P17_only,0
Q16697436,1,1,P17+P131,1
Q12568022,1,0,P17_only,1
Q4243770,1,0,P17_only,1
Q12534964,1,0,P17_only,1
Q13643440,1,1,P17+P131,1
Q67893151,1,0,P17_only,0
Q13663186,1,1,P17+P131,1
Q21925563,1,0,P17_only,0
Q25504457,1,0,P17_only,1
Q65124586,1,0,P17_only,0
Q13643319,1,1,P17+P131,1
Q12552399,1,0,P17_only,1
Q108533897,1,0,P17_only,0
Q4446250,1,0,P17_only,1
Q61368622,1,1,P17+P131,1
Q13640742,1,1,P17+P131,1
Q11207781,1,1,P17+P131,1
Q18636322,1,1,P17+P131,0
Q56367633,1,1,P17+P131,1
Q16432494,1,1,P17+P131,1
Q27350663,1,0,P17_only,0
Q7498260,0,1,P131_only,1
Q12556367,1,0,P17_only,1
Q16711371,1,1,P17+P131,1
Q26689982,1,1,P17+P131,0
Q4273766,1,0,P17_only,1
Q13641817,1,1,P17+P131,0
Q13651916,1,1,P17+P131,1
Q16651070,1,1,P17+P131,1
Q135829033,1,0,P17_only,0
Q32216893,1,1,P17+P131,0
Q4435343,1,0,P17_only,0
Q13416165,0,1,P131_only,1
Q13230761,0,1,P131_only,0
Q13663019,1,1,P17+P131,1
Q20098168,1,1,P17+P131,1
Q135830023,1,0,P17_only,0
Q61366621,1,1,P17+P131,1
Q12575866,1,0,P17_only,1
Q1042829,1,0,P17_only,1
Q4375607,1,0,P17_only,1
Q4208480,1,0,P17_only,0
Q12564015,1,1,P17+P131,1
Q108533868,1,0,P17_only,0
Q32205106,1,0,P17_only,0
Q12566188,1,1,P17+P131,1
Q18401769,1,1,P17+P131,0
Q13651651,1,1,P17+P131,1
Q12579298,1,1,P17+P131,1
Q13640984,1,1,P17+P131,1
Q32219262,1,1,P17+P131,0
Q12537423,1,0,P17_only,1
Q791808,1,0,P17_only,0
Q952828,1,0,P17_only,0
Q27351633,1,0,P17_only,0
Q13651682,1,1,P17+P131,1
Q78185261,1,0,P17_only,0
Q86676738,1,0,P17_only,0
Q12569818,1,0,P17_only,1
Q12574849,1,0,P17_only,1
Q27356943,1,0,P17_only,0
Q65080492,1,0,P17_only,0
Q1577927,1,0,P17_only,1
Q65074091,1,0,P17_only,0
Q27355166,1,0,P17_only,0
Q97616307,1,0,P17_only,0
Q15617709,1,1,P17+P131,1
Q12560641,1,1,P17+P131,1
Q18399767,1,1,P17+P131,1
Q135828559,1,0,P17_only,0
Q16431073,1,0,P17_only,1
Q12542732,1,0,P17_only,1
Q65252710,1,0,P17_only,1
Q65268790,1,0,P17_only,0
Q16675186,1,0,P17_only,1
Q13663162,1,1,P17+P131,1
Q27430908,1,0,P17_only,0
Q27352232,1,0,P17_only,0
Q12562680,1,1,P17+P131,1
Q12532077,1,0,P17_only,1
Q16432359,1,0,P17_only,1
Q55633692,1,0,P17_only,0
Q30975034,1,1,P17+P131,1
Q13640714,0,1,P131_only,1
Q16708126,1,1,P17+P131,1
Q32199879,1,0,P17_only,0
Q16666200,1,1,P17+P131,1
Q120972975,1,0,P17_only,0
Q15617729,1,1,P17+P131,1
Q140227971,1,0,P17_only,0
Q723483,1,0,P17_only,1
Q13643745,1,1,P17+P131,1
Q135828512,1,0,P17_only,0
Q12535364,1,0,P17_only,1
Q32206391,1,0,P17_only,0
Q135828802,1,0,P17_only,0
Q16646660,1,1,P17+P131,1
Q12532516,1,0,P17_only,1
Q12570827,1,0,P17_only,1
Q64196964,1,0,P17_only,1
Q13642392,0,1,P131_only,1
Q12574625,1,0,P17_only,1
Q56368462,1,1,P17+P131,1
Q12540905,0,1,P131_only,1
Q4430444,1,0,P17_only,0
Q64144059,1,1,P17+P131,0
Q135829324,1,0,P17_only,0
Q16686778,1,1,P17+P131,1
Q406828,1,0,P17_only,1
Q13663023,1,1,P17+P131,1
Q13646684,1,1,P17+P131,1
Q12557707,1,1,P17+P131,1
Q32172280,1,0,P17_only,0
Q12531087,1,1,P17+P131,1
Q32196649,1,0,P17_only,0
Q30973877,1,1,P17+P131,1
Q27351851,1,0,P17_only,0
Q12562424,1,1,P17+P131,1
Q13652392,0,1,P131_only,1
Q13647376,1,1,P17+P131,1
Q18409193,1,1,P17+P131,1
Q30973289,1,1,P17+P131,1
Q23958955,1,0,P17_only,1
Q16664222,1,1,P17+P131,1
Q16432849,1,0,P17_only,1
Q20098152,1,1,P17+P131,1
Q12558037,1,1,P17+P131,1
Q12579697,1,0,P17_only,1
Q12572809,1,0,P17_only,1
Q12578833,1,1,P17+P131,1
Q7886588,1,0,P17_only,0
Q16431773,1,0,P17_only,1
Q16720738,1,0,P17_only,1
Q136268973,1,0,P17_only,0
Q16650841,1,1,P17+P131,1
Q32202515,1,0,P17_only,0
Q16683206,1,1,P17+P131,0
Q12578288,1,1,P17+P131,1
Q105061839,1,0,P17_only,0
Q27357879,1,0,P17_only,0
Q32189405,1,0,P17_only,0
Q12552196,1,1,P17+P131,1
Q13640831,1,1,P17+P131,1
Q16272482,1,1,P17+P131,1
Q16433628,1,0,P17_only,1
Q16705189,1,1,P17+P131,1
Q48940456,1,0,P17_only,1
Q61367390,1,1,P17+P131,1
Q135829099,1,0,P17_only,0
Q27356919,1,0,P17_only,0
Q13643203,0,1,P131_only,1
Q32173357,1,0,P17_only,0
Q61865190,1,0,P17_only,0
Q12575655,1,0,P17_only,1
Q32196100,1,1,P17+P131,1
Q13664372,1,1,P17+P131,1
Q61368424,1,1,P17+P131,1
Q27354992,1,0,P17_only,0
Q32191655,1,1,P17+P131,0
Q64158483,1,0,P17_only,1
Q32215572,1,0,P17_only,0
Q67893060,1,0,P17_only,0
Q32171234,1,0,P17_only,0
Q12533297,1,1,P17+P131,1
Q64197305,1,0,P17_only,0
Q16679416,1,1,P17+P131,1
Q32170980,1,1,P17+P131,0
Q16433494,1,0,P17_only,1
Q1072092,1,1,P17+P131,1
Q27354823,1,0,P17_only,0
Q12574582,1,0,P17_only,1
Q13641766,1,1,P17+P131,1
Q27350683,1,0,P17_only,0
Q108785061,1,0,P17_only,1
Q27352258,1,0,P17_only,0
Q135829450,1,0,P17_only,0
Q13649095,1,1,P17+P131,1
Q12570849,1,0,P17_only,1
Q28520285,1,1,P17+P131,0
Q12533041,1,1,P17+P131,1
Q913972,1,0,P17_only,0
Q12548641,1,1,P17+P131,1
Q56366890,1,1,P17+P131,1
Q27357077,1,0,P17_only,0
Q135829326,1,0,P17_only,0
Q30972855,1,1,P17+P131,1
Q113260026,0,1,P131_only,0
Q4189399,1,0,P17_only,1
Q16692124,1,1,P17+P131,1
Q16696248,1,1,P17+P131,1
Q27356924,1,0,P17_only,0
Q123363816,1,0,P17_only,0
Q135829468,1,0,P17_only,0
Q13643080,0,1,P131_only,1
Q21036246,1,1,P17+P131,0
Q4216634,1,1,P17+P131,1
Q20806186,1,0,P17_only,0
Q270706,1,0,P17_only,1
Q1432328,1,1,P17+P131,1
Q27358230,1,1,P17+P131,0
Q737748,1,1,P17+P131,1
Q16691568,1,1,P17+P131,1
Q112654964,0,1,P131_only,0
Q97163176,1,0,P17_only,0
Q4219384,1,0,P17_only,1
Q15634958,1,0,P17_only,0
Q16434183,1,0,P17_only,1
Q135829101,1,0,P17_only,0
Q55659291,1,0,P17_only,0
Q16433102,1,1,P17+P131,1
Q32188584,1,0,P17_only,0
Q12535776,1,1,P17+P131,1
Q16698954,1,1,P17+P131,0
Q13643466,1,1,P17+P131,1
Q16433210,1,1,P17+P131,1
Q13645930,1,1,P17+P131,1
Q18400781,1,1,P17+P131,1
Q13664032,1,1,P17+P131,1
Q18405827,1,1,P17+P131,0
Q2659607,0,1,P131_only,1
Q32203212,1,1,P17+P131,0
Q6380836,1,0,P17_only,0
Q12575493,1,1,P17+P131,1
Q20082158,1,1,P17+P131,1
Q12532221,1,0,P17_only,1
Q27351832,1,0,P17_only,0
Q27357993,1,0,P17_only,0
Q19886269,0,1,P131_only,1
Q32173968,0,1,P131_only,0
Q21103864,1,1,P17+P131,0
Q131306450,1,0,P17_only,0
Q25387087,1,0,P17_only,0
Q27352856,1,0,P17_only,0
Q18407733,1,1,P17+P131,1
Q12533064,1,0,P17_only,1
Q4314445,1,0,P17_only,0
Q16666991,1,1,P17+P131,1
Q32203262,1,0,P17_only,0
Q27352556,0,1,P131_only,0
Q136268962,1,0,P17_only,0
Q12533074,1,0,P17_only,1
Q32213451,1,0,P17_only,0
Q16434492,1,1,P17+P131,1
Q13643351,1,1,P17+P131,1
Q27354864,1,1,P17+P131,0
Q13641725,1,1,P17+P131,1
Q27430754,1,1,P17+P131,1
Q27357334,1,1,P17+P131,0
Q135829772,1,0,P17_only,0
Q75810821,1,0,P17_only,0
Q12569666,1,1,P17+P131,1
Q12526169,1,0,P17_only,1
Q6363196,1,1,P17+P131,1
Q112003942,1,0,P17_only,0
Q32201925,1,0,P17_only,0
Q65153729,1,1,P17+P131,0
Q12570393,1,0,P17_only,1
Q12528012,1,0,P17_only,1
Q13643398,1,1,P17+P131,1
Q111113608,1,0,P17_only,0
Q20098360,1,1,P17+P131,1
Q27348265,1,0,P17_only,0
Q12527761,1,1,P17+P131,1
Q13663994,1,1,P17+P131,1
Q123363680,1,0,P17_only,0
Q109452591,1,0,P17_only,0
Q13642054,1,1,P17+P131,1
Q108533807,1,1,P17+P131,0
Q12535972,1,1,P17+P131,1
Q13648776,1,1,P17+P131,1
Q13656046,1,1,P17+P131,1
Q55657983,1,0,P17_only,0
Q20098254,1,1,P17+P131,1
Q22200613,1,1,P17+P131,1
Q13640794,1,1,P17+P131,1
Q111987761,1,0,P17_only,1
Q112003965,1,0,P17_only,0
Q77120,1,0,P17_only,0
Q56367248,1,1,P17+P131,1
Q140643757,1,0,P17_only,0
Q136090938,1,0,P17_only,0
Q139972659,1,1,P17+P131,0
Q55659241,1,1,P17+P131,1
Q16273017,1,1,P17+P131,1
Q27354738,1,0,P17_only,0
Q16433938,1,0,P17_only,1
Q138655049,1,0,P17_only,0
Q12552357,1,1,P17+P131,1
Q27350704,1,0,P17_only,0
Q27348166,1,0,P17_only,0
Q136090926,1,0,P17_only,0
Q12529764,1,0,P17_only,1
Q135829165,1,0,P17_only,0
Q61368842,1,1,P17+P131,1
Q12579803,1,1,P17+P131,1
Q12526363,1,0,P17_only,1
Q16431112,1,1,P17+P131,1
Q16674401,1,1,P17+P131,0
Q32173311,1,1,P17+P131,0
Q9161478,1,1,P17+P131,1
Q18408215,1,1,P17+P131,1
Q13643525,1,1,P17+P131,1
Q16433415,1,0,P17_only,1
Q56366784,1,1,P17+P131,1
Q135828477,1,0,P17_only,0
Q122423541,1,0,P17_only,0
Q13642292,1,1,P17+P131,1
Q61993235,1,1,P17+P131,1
Q18404559,1,1,P17+P131,1
Q135829705,1,0,P17_only,0
Q16699113,1,1,P17+P131,1
Q12526639,1,1,P17+P131,1
Q126975347,1,1,P17+P131,0
Q12538576,1,0,P17_only,1
Q16432084,1,1,P17+P131,1
Q20486150,1,0,P17_only,1
Q20485740,1,0,P17_only,1
Q20621866,0,1,P131_only,1
Q123225280,1,0,P17_only,0
Q32194991,1,1,P17+P131,0
Q16432807,1,1,P17+P131,1
Q97210516,1,0,P17_only,0
Q12546102,1,0,P17_only,1
Q12574754,1,0,P17_only,1
Q4091176,1,1,P17+P131,1
Q4427600,1,0,P17_only,1
Q135828762,1,0,P17_only,0
Q55752825,1,0,P17_only,1
Q12528703,1,1,P17+P131,1
Q6362939,1,1,P17+P131,1
Q13653547,1,1,P17+P131,1
Q110969624,1,0,P17_only,0
Q12548935,1,0,P17_only,1
Q60853372,1,1,P17+P131,0
Q20486293,1,0,P17_only,1
Q63834352,1,0,P17_only,0
Q4474907,1,1,P17+P131,1
Q16695617,1,1,P17+P131,1
Q16431268,1,0,P17_only,1
Q841137,1,0,P17_only,1
Q12555296,1,1,P17+P131,1
Q13365433,0,1,P131_only,1
Q32217030,1,0,P17_only,0
Q13663126,1,1,P17+P131,1
Q17749614,1,1,P17+P131,1
Q18407034,1,1,P17+P131,1
Q1429808,1,0,P17_only,0
Q4381347,1,1,P17+P131,1
Q12562658,1,1,P17+P131,1
Q12556759,1,1,P17+P131,1
Q130488990,1,0,P17_only,0
Q13664402,1,1,P17+P131,1
Q137527250,1,0,P17_only,0
Q12561211,1,0,P17_only,1
Q12549571,1,1,P17+P131,1
Q13667125,1,1,P17+P131,1
Q12574098,1,0,P17_only,1
Q16651649,1,1,P17+P131,1
Q16432574,1,1,P17+P131,1
Q13641938,1,1,P17+P131,1
Q18409137,1,1,P17+P131,1
Q16657130,1,1,P17+P131,1
Q61368390,1,1,P17+P131,1
Q25493947,1,0,P17_only,1
Q135829953,1,0,P17_only,0
Q16678651,1,1,P17+P131,1
Q27430911,1,0,P17_only,0
Q138746159,1,0,P17_only,0
Q129880695,1,1,P17+P131,1
Q6361935,1,1,P17+P131,1
Q12567933,1,1,P17+P131,1
Q32171429,1,0,P17_only,0
Q13416168,0,1,P131_only,1
Q13640710,0,1,P131_only,1
Q65267852,1,0,P17_only,0
Q20484578,1,0,P17_only,1
Q27357364,1,0,P17_only,0
Q64200276,1,0,P17_only,1
Q956911,1,1,P17+P131,1
Q3848123,1,0,P17_only,1
Q1433309,1,1,P17+P131,1
Q12886399,1,0,P17_only,0
Q4060063,1,1,P17+P131,1
Q3590686,1,0,P17_only,0
Q12542405,1,0,P17_only,1
Q13651692,1,1,P17+P131,1
Q20098486,1,1,P17+P131,1
Q20483746,1,0,P17_only,1
Q12709188,1,0,P17_only,0
Q30972248,1,1,P17+P131,1
Q12556901,1,0,P17_only,1
Q16274653,1,1,P17+P131,1
Q12544430,0,1,P131_only,1
Q16646043,0,1,P131_only,1
Q72915141,1,0,P17_only,0
Q135829915,1,0,P17_only,0
Q123512160,1,0,P17_only,1
Q12549139,1,1,P17+P131,1
Q13416203,0,1,P131_only,1
Q16690821,1,1,P17+P131,0
Q27354881,1,0,P17_only,0
Q12550284,1,0,P17_only,1
Q12546036,1,0,P17_only,1
Q111862459,1,0,P17_only,0
Q12574814,1,1,P17+P131,1
Q107504464,1,0,P17_only,0
Q2445265,1,0,P17_only,1
Q27348222,1,0,P17_only,0
Q13640683,0,1,P131_only,0
Q13640753,1,1,P17+P131,1
Q56368468,1,1,P17+P131,1
Q12682793,1,0,P17_only,0
Q108789722,1,1,P17+P131,0
Q135090,1,0,P17_only,1
Q4417399,1,1,P17+P131,1
Q12543120,1,0,P17_only,1
Q16433905,1,1,P17+P131,1
Q31193745,1,0,P17_only,1
Q27358130,1,0,P17_only,0
Q16652264,1,1,P17+P131,1
Q12529192,1,1,P17+P131,1
Q32210697,0,1,P131_only,0
Q12548385,1,1,P17+P131,1
Q13650519,1,1,P17+P131,1
Q13650246,1,1,P17+P131,1
Q105958544,1,1,P17+P131,0
Q97214725,1,0,P17_only,1
Q32190472,1,0,P17_only,0
Q16534658,0,1,P131_only,1
Q32186733,1,0,P17_only,0
Q12700521,1,0,P17_only,0
Q1195092,1,0,P17_only,0
Q4240277,1,1,P17+P131,0
Q27356932,1,0,P17_only,0
Q13646489,1,1,P17+P131,1
Q12573552,1,0,P17_only,1
Q4350752,1,0,P17_only,1
Q16533066,0,1,P131_only,1
Q12536422,1,0,P17_only,1
Q27351794,1,0,P17_only,1
Q30973183,1,1,P17+P131,1
Q13652249,1,1,P17+P131,1
Q64792659,1,0,P17_only,0
Q61367034,1,1,P17+P131,1
Q61367705,1,1,P17+P131,1
Q20921589,1,0,P17_only,0
Q135829002,1,0,P17_only,0
Q13652223,1,1,P17+P131,1
Q12577440,1,1,P17+P131,1
Q16433541,1,0,P17_only,1
Q489680,1,1,P17+P131,1
Q18399711,1,1,P17+P131,1
Q64198015,1,0,P17_only,1
Q12576636,1,0,P17_only,1
Q12574855,1,1,P17+P131,1
Q12701571,1,0,P17_only,0
Q48850952,1,0,P17_only,0
Q12555695,1,0,P17_only,1
Q16653315,1,1,P17+P131,1
Q12573372,1,0,P17_only,1
Q16681890,1,1,P17+P131,1
Q13648410,1,1,P17+P131,1
Q32178076,1,0,P17_only,1
Q65385450,1,0,P17_only,0
Q13651590,1,1,P17+P131,1
Q110114086,1,0,P17_only,1
Q12555458,1,0,P17_only,1
Q60851842,1,1,P17+P131,0
Q12565163,1,1,P17+P131,1
Q48940799,1,0,P17_only,0
Q13416166,0,1,P131_only,1
Q140628889,1,1,P17+P131,0
Q28504271,1,0,P17_only,1
Q27430903,1,0,P17_only,0
Q12552091,0,1,P131_only,1
Q32217807,1,1,P17+P131,0
Q12577145,1,0,P17_only,1
Q16434323,1,0,P17_only,1
Q27350724,1,0,P17_only,0
Q124634960,1,0,P17_only,0
Q123363637,1,0,P17_only,0
Q12536447,1,1,P17+P131,1
Q55833365,1,0,P17_only,0
Q135828531,1,0,P17_only,0
Q18409182,1,1,P17+P131,0
Q4211910,1,1,P17+P131,1
Q27354924,1,0,P17_only,0
Q27348183,1,0,P17_only,0
Q56366940,1,1,P17+P131,1
Q135829093,1,0,P17_only,0
Q123363843,1,0,P17_only,0
Q4743533,1,0,P17_only,0
Q12578435,1,0,P17_only,1
Q130282591,1,1,P17+P131,0
Q65252717,1,1,P17+P131,1
Q86664259,1,0,P17_only,0
Q13648426,1,1,P17+P131,1
Q136085113,1,0,P17_only,0
Q27357703,1,0,P17_only,0
Q135828724,1,0,P17_only,0
Q20098356,1,1,P17+P131,1
Q135829066,1,0,P17_only,0
Q138299680,1,0,P17_only,0
Q13656043,1,1,P17+P131,1
Q13663975,1,1,P17+P131,1
Q112654976,0,1,P131_only,0
Q131842304,1,0,P17_only,0
Q16976752,1,1,P17+P131,0
Q7504778,1,1,P17+P131,1
Q16432162,1,0,P17_only,1
Q1129461,1,0,P17_only,1
Q478309,1,0,P17_only,1
Q16431827,1,0,P17_only,1
Q12542870,1,0,P17_only,1
Q32191338,1,0,P17_only,0
Q27352884,1,0,P17_only,0
Q123363823,1,0,P17_only,0
Q16431568,1,0,P17_only,1
Q140309072,1,0,P17_only,0
Q12543265,1,0,P17_only,1
Q12549759,1,1,P17+P131,1
Q7498175,0,1,P131_only,1
Q2027815,1,1,P17+P131,1
Q13643128,0,1,P131_only,1
Q13648907,1,1,P17+P131,1
Q32206750,1,0,P17_only,0
Q806624,1,0,P17_only,1
Q135828890,1,0,P17_only,0
Q13645735,1,1,P17+P131,1
Q54742108,0,1,P131_only,0
Q12535054,1,0,P17_only,1
Q4090229,1,1,P17+P131,1
Q8134185,1,1,P17+P131,0
Q64621395,1,0,P17_only,0
Q12532513,1,0,P17_only,1
Q132859321,1,1,P17+P131,1
Q13646274,1,1,P17+P131,1
Q15845732,1,1,P17+P131,1
Q12555265,1,1,P17+P131,1
Q12565521,1,0,P17_only,1
Q20098106,1,1,P17+P131,1
Q13643142,0,1,P131_only,1
Q12573800,1,0,P17_only,1
Q135828463,1,0,P17_only,0
Q25387936,1,0,P17_only,1
Q5124327,1,0,P17_only,1
Q16432556,1,1,P17+P131,1
Q16432750,1,1,P17+P131,1
Q12569756,1,0,P17_only,1
Q12565167,1,0,P17_only,1
Q27357637,1,0,P17_only,0
Q16668580,1,1,P17+P131,1
Q32177205,1,0,P17_only,0
Q20098691,1,1,P17+P131,1
Q27430767,1,0,P17_only,0
Q123363574,1,0,P17_only,0
Q16652484,1,1,P17+P131,1
Q55833259,1,0,P17_only,1
Q64196723,1,0,P17_only,1
Q131987055,1,0,P17_only,0
Q16680223,1,1,P17+P131,1
Q16272426,0,1,P131_only,1
Q32173392,1,0,P17_only,0
Q16686844,1,1,P17+P131,1
Q30975152,1,1,P17+P131,1
Q4250734,1,0,P17_only,1
Q61366860,1,1,P17+P131,1
Q4273770,1,1,P17+P131,1
Q20484644,1,0,P17_only,1
Q13664434,1,1,P17+P131,1
Q18242028,1,0,P17_only,0
Q27430919,1,0,P17_only,0
Q4198858,1,1,P17+P131,1
Q12564723,1,1,P17+P131,1
Q16694823,1,1,P17+P131,1
Q56310457,1,0,P17_only,0
Q12546280,1,0,P17_only,1
Q32204000,1,0,P17_only,0
Q20098538,1,1,P17+P131,1
Q16273683,1,1,P17+P131,1
Q107292959,1,0,P17_only,0
Q16716738,1,0,P17_only,0
Q110010503,1,0,P17_only,0
Q225830,1,1,P17+P131,1
Q16672774,1,1,P17+P131,1
Q6363715,1,1,P17+P131,1
Q28671110,1,0,P17_only,0
Q12551549,0,1,P131_only,1
Q27430837,1,0,P17_only,0
Q12548529,1,1,P17+P131,1
Q12563432,1,1,P17+P131,1
Q27355013,1,0,P17_only,0
Q1347935,1,0,P17_only,0
Q16434774,1,1,P17+P131,1
Q4142067,1,0,P17_only,1
Q13648035,1,1,P17+P131,1
Q12574496,1,0,P17_only,1
Q16692371,1,1,P17+P131,1
Q13653390,1,1,P17+P131,1
Q65153751,1,0,P17_only,0
Q20098199,1,0,P17_only,0
Q125951093,1,1,P17+P131,0
Q4135314,1,0,P17_only,0
Q61366674,1,1,P17+P131,1
Q2096048,1,0,P17_only,0
Q12541744,0,1,P131_only,1
Q13648802,1,1,P17+P131,1
Q27350951,1,1,P17+P131,0
Q32216964,1,0,P17_only,1
Q32205161,1,0,P17_only,0
Q141129572,1,0,P17_only,1
Q4287774,1,1,P17+P131,1
Q16680664,1,1,P17+P131,1
Q135828937,1,0,P17_only,0
Q27430577,1,0,P17_only,0
Q65260269,1,0,P17_only,0
Q27350840,1,0,P17_only,0
Q13652416,0,1,P131_only,1
Q13649985,1,1,P17+P131,1
Q13643653,1,1,P17+P131,1
Q16431207,1,0,P17_only,1
Q16273364,1,1,P17+P131,1
Q54828085,1,0,P17_only,0
Q135829568,1,0,P17_only,0
Q18405246,1,1,P17+P131,0
Q25447954,1,1,P17+P131,1
Q4302460,1,0,P17_only,0
Q13641674,1,1,P17+P131,1
Q18400112,1,1,P17+P131,0
Q32205451,1,0,P17_only,0
Q12538394,1,0,P17_only,1
Q111297035,1,0,P17_only,0
Q16431481,1,0,P17_only,1
Q16431866,1,0,P17_only,1
Q16431670,1,0,P17_only,1
Q13651727,1,1,P17+P131,1
Q13642185,1,1,P17+P131,1
Q2550383,1,1,P17+P131,1
Q16664377,1,1,P17+P131,1
Q123363692,1,0,P17_only,0
Q27430575,1,0,P17_only,0
Q4262186,1,0,P17_only,1
Q13652437,0,1,P131_only,1
Q13640826,1,1,P17+P131,1
Q12552187,1,0,P17_only,1
Q27430959,1,0,P17_only,0
Q13645956,1,1,P17+P131,1
Q27358026,1,1,P17+P131,0
Q27348298,1,0,P17_only,0
Q27357309,1,0,P17_only,0
Q40906266,1,0,P17_only,1
Q18399267,1,1,P17+P131,1
Q135829447,1,0,P17_only,0
Q108783932,1,1,P17+P131,0
Q20484987,1,0,P17_only,1
Q16434113,1,1,P17+P131,1
Q32189208,1,0,P17_only,0
Q2649626,1,0,P17_only,0
Q27430639,1,0,P17_only,0
Q12564356,1,0,P17_only,1
Q45728525,1,0,P17_only,0
Q12532938,1,1,P17+P131,1
Q65251583,1,0,P17_only,1
Q135828455,1,0,P17_only,0
Q27357683,1,0,P17_only,0
Q13648288,1,1,P17+P131,1
Q20098624,1,1,P17+P131,1
Q15833205,1,0,P17_only,0
Q4085606,1,1,P17+P131,1
Q2431089,1,1,P17+P131,0
Q127788517,1,0,P17_only,0
Q64196070,1,0,P17_only,1
Q12574989,1,0,P17_only,1
Q12543553,1,0,P17_only,1
Q25530583,1,1,P17+P131,1
Q27356944,1,0,P17_only,0
Q13647323,1,1,P17+P131,1
Q133825188,1,0,P17_only,0
Q32190860,1,0,P17_only,0
Q16644789,0,1,P131_only,1
Q12534414,1,0,P17_only,1
Q12570221,1,0,P17_only,1
Q27351499,1,0,P17_only,0
Q32214347,1,0,P17_only,0
Q32184217,1,0,P17_only,0
Q65253012,1,0,P17_only,0
Q27356927,1,0,P17_only,0
Q7506389,1,1,P17+P131,1
Q16431197,1,0,P17_only,1
Q12532505,1,0,P17_only,1
Q18396358,1,1,P17+P131,1
Q2422652,1,1,P17+P131,1
Q12578853,1,1,P17+P131,1
Q27352540,0,1,P131_only,0
Q56367044,1,1,P17+P131,1
Q12534880,1,0,P17_only,1
Q140944109,1,0,P17_only,0
Q27357803,1,0,P17_only,0
Q12546388,1,0,P17_only,1
Q13642064,1,1,P17+P131,1
Q28668657,1,0,P17_only,0
Q13641801,1,1,P17+P131,1
Q13651694,1,1,P17+P131,1
Q12700520,1,0,P17_only,0
Q16430982,1,0,P17_only,1
Q123363842,1,0,P17_only,0
Q139488187,1,0,P17_only,1
Q13655998,1,1,P17+P131,1
Q13665174,1,1,P17+P131,1
Q20484729,1,0,P17_only,1
Q12574581,1,0,P17_only,1
Q16432968,1,0,P17_only,1
Q118352593,1,0,P17_only,1
Q18409333,1,1,P17+P131,1
Q65264145,1,0,P17_only,0
Q13650123,1,1,P17+P131,1
Q16680623,1,1,P17+P131,1
Q32188602,1,1,P17+P131,0
Q13646559,1,1,P17+P131,1
Q135828578,1,0,P17_only,0
Q32214403,1,0,P17_only,0
Q135829340,1,0,P17_only,0
Q12552429,1,1,P17+P131,1
Q27430941,1,0,P17_only,0
Q111125775,1,0,P17_only,0
Q13664556,1,1,P17+P131,1
Q12546846,1,1,P17+P131,1
Q13646034,1,1,P17+P131,1
Q20098709,1,1,P17+P131,1
Q1046483,1,0,P17_only,1
Q20484131,1,0,P17_only,1
Q3722606,1,0,P17_only,1
Q32187441,1,0,P17_only,0
Q12548645,1,1,P17+P131,1
Q123363657,1,0,P17_only,0
Q16432980,1,0,P17_only,0
Q139927763,1,1,P17+P131,0
Q13643081,0,1,P131_only,1
Q16434681,1,0,P17_only,1
Q12571507,1,0,P17_only,1
Q55659295,1,0,P17_only,0
Q13359429,0,1,P131_only,1
Q12566523,1,0,P17_only,1
Q12531822,1,0,P17_only,1
Q12574687,1,0,P17_only,1
Q12572859,1,1,P17+P131,1
Q13642198,1,1,P17+P131,1
Q16434354,1,1,P17+P131,1
Q30973017,1,1,P17+P131,1
Q13648457,1,1,P17+P131,1
Q16272313,0,1,P131_only,1
Q32174359,0,1,P131_only,0
Q139591299,1,1,P17+P131,0
Q20485783,1,0,P17_only,1
Q12549098,1,0,P17_only,1
Q891262,1,1,P17+P131,1
Q18398747,1,1,P17+P131,1
Q62928858,1,0,P17_only,0
Q32215291,1,0,P17_only,0
Q2843617,1,1,P17+P131,0
Q123363447,1,0,P17_only,0
Q56368942,1,1,P17+P131,1
Q16433736,1,0,P17_only,1
Q31341166,1,0,P17_only,0
Q12531862,1,0,P17_only,1
Q12701172,1,1,P17+P131,1
Q12533075,1,1,P17+P131,1
Q15617615,1,1,P17+P131,1
Q16273509,1,1,P17+P131,1
Q20098401,1,1,P17+P131,1
Q97616314,1,0,P17_only,0
Q12546593,1,0,P17_only,1
Q16707079,1,1,P17+P131,1
Q26869526,1,0,P17_only,1
Q27351423,1,0,P17_only,0
Q27357986,1,0,P17_only,0
Q12570382,1,1,P17+P131,1
Q13648632,1,1,P17+P131,1
Q18396314,1,1,P17+P131,1
Q27354892,1,0,P17_only,0
Q16693238,1,1,P17+P131,0
Q32206450,1,0,P17_only,0
Q27348214,1,0,P17_only,0
Q20485772,1,0,P17_only,1
Q12579675,1,1,P17+P131,1
Q1976359,1,1,P17+P131,1
Q134988235,1,0,P17_only,0
Q135767360,1,1,P17+P131,1
Q23958830,1,0,P17_only,1
Q12569129,1,1,P17+P131,1
Q27358036,1,0,P17_only,0
Q16720212,1,1,P17+P131,1
Q32215795,1,1,P17+P131,0
Q72382380,1,1,P17+P131,0
Q16430977,1,0,P17_only,1
Q20097061,1,1,P17+P131,1
Q20072635,0,1,P131_only,1
Q32217290,1,0,P17_only,0
Q22201792,1,1,P17+P131,1
Q19910043,0,1,P131_only,1
Q32187937,1,1,P17+P131,0
Q12536715,1,1,P17+P131,1
Q12532200,1,1,P17+P131,1
Q22200952,1,1,P17+P131,1
Q486316,1,0,P17_only,1
Q136697017,1,0,P17_only,0
Q4177918,1,1,P17+P131,1
Q13664045,1,1,P17+P131,1
Q13652116,1,1,P17+P131,1
Q18407585,1,1,P17+P131,1
Q7514296,1,1,P17+P131,1
Q18400634,1,1,P17+P131,1
Q15918894,1,1,P17+P131,1
Q135830001,1,0,P17_only,0
Q61368430,1,1,P17+P131,1
Q32188948,1,0,P17_only,1
Q123363791,1,0,P17_only,0
Q16274428,1,1,P17+P131,1
Q13652536,0,1,P131_only,1
Q21646476,1,0,P17_only,1
Q642833,1,0,P17_only,1
Q13056438,1,1,P17+P131,0
Q16655427,1,1,P17+P131,1
Q32172544,1,1,P17+P131,0
Q27431015,1,0,P17_only,0
Q32196620,1,1,P17+P131,0
Q4185321,1,0,P17_only,1
Q61918166,1,0,P17_only,0
Q16719208,1,1,P17+P131,1
Q12577671,1,0,P17_only,1
Q16699578,1,1,P17+P131,1
Q27357898,1,0,P17_only,0
Q55657894,1,1,P17+P131,0
Q16648619,1,1,P17+P131,1
Q32204773,1,1,P17+P131,0
Q16434627,1,1,P17+P131,1
Q13646296,1,1,P17+P131,1
Q12561152,1,1,P17+P131,1
Q55239190,1,0,P17_only,0
Q12570218,1,0,P17_only,1
Q13646421,1,1,P17+P131,1
Q30682715,1,0,P17_only,0
Q27347346,1,0,P17_only,0
Q12567941,1,1,P17+P131,1
Q32187975,1,0,P17_only,0
Q62062586,1,0,P17_only,0
Q12549975,1,1,P17+P131,1
Q32172657,1,0,P17_only,0
Q16723294,1,1,P17+P131,1
Q12574773,1,0,P17_only,1
Q11722239,1,1,P17+P131,1
Q13643207,0,1,P131_only,1
Q32187115,1,1,P17+P131,0
Q18401028,1,1,P17+P131,1
Q12578950,1,1,P17+P131,1
Q4412412,1,1,P17+P131,1
Q30274317,0,1,P131_only,0
Q12550919,1,0,P17_only,1
Q24259628,1,1,P17+P131,0
Q2605056,1,1,P17+P131,1
Q12540442,0,1,P131_only,1
Q1734786,1,0,P17_only,0
Q135828853,1,0,P17_only,0
Q86669895,1,0,P17_only,0
Q16715427,1,0,P17_only,0
Q27351820,1,0,P17_only,0
Q136663677,1,0,P17_only,0
Q135829947,1,0,P17_only,0
Q20098125,1,1,P17+P131,1
Q60852070,1,0,P17_only,0
Q16715783,1,1,P17+P131,1
Q123363821,1,0,P17_only,0
Q32174838,1,0,P17_only,1
Q12569429,1,1,P17+P131,1
Q27355140,1,0,P17_only,0
Q27351127,1,0,P17_only,0
Q85846351,1,0,P17_only,0
Q120721296,1,0,P17_only,0
Q30975228,1,1,P17+P131,1
Q18406801,1,1,P17+P131,1
Q16666387,1,1,P17+P131,0
Q20098603,1,1,P17+P131,1
Q123363752,1,0,P17_only,0
Q12575769,1,0,P17_only,1
Q12550291,1,0,P17_only,1
Q16691557,1,1,P17+P131,1
Q1070248,1,1,P17+P131,1
Q4506318,1,1,P17+P131,1
Q4243775,1,0,P17_only,1
Q27354904,1,0,P17_only,0
Q16674089,1,0,P17_only,1
Q18409025,1,1,P17+P131,1
Q12532317,1,0,P17_only,1
Q12575969,1,0,P17_only,1
Q13648076,1,1,P17+P131,1
Q12561189,1,1,P17+P131,1
Q32212880,1,1,P17+P131,0
Q12572865,1,0,P17_only,1
Q27354689,1,0,P17_only,0
Q32214950,1,0,P17_only,0
Q61819081,1,0,P17_only,0
Q123363664,1,0,P17_only,0
Q12530052,1,0,P17_only,1
Q32189076,1,0,P17_only,0
Q16721026,1,1,P17+P131,1
Q13646749,1,1,P17+P131,1
Q16704806,1,1,P17+P131,1
Q12531823,1,0,P17_only,1
Q27348159,1,0,P17_only,1
Q32202611,1,0,P17_only,0
Q16272623,1,1,P17+P131,1
Q123363761,1,0,P17_only,0
Q4070958,1,1,P17+P131,1
Q16434550,1,1,P17+P131,1
Q20098579,1,1,P17+P131,1
Q18409533,1,1,P17+P131,1
Q27357890,1,0,P17_only,0
Q32173434,1,0,P17_only,0
Q30534,1,1,P17+P131,1
Q12536153,0,1,P131_only,1
Q16431623,1,0,P17_only,1
Q111287130,1,0,P17_only,1
Q6024231,1,0,P17_only,1
Q18400187,1,1,P17+P131,1
Q16656104,1,1,P17+P131,1
Q12558548,1,1,P17+P131,1
Q12570736,1,1,P17+P131,1
Q13655708,1,1,P17+P131,1
Q20098112,1,1,P17+P131,1
Q19915661,0,1,P131_only,1
Q13415185,0,1,P131_only,1
Q27042506,1,0,P17_only,0
Q56367029,1,1,P17+P131,1
Q16432159,1,0,P17_only,1
Q137918429,1,1,P17+P131,0
Q27430790,1,0,P17_only,0
Q12550979,1,0,P17_only,1
Q16433056,1,0,P17_only,1
Q16272526,1,1,P17+P131,1
Q108861977,1,0,P17_only,0
Q16702066,1,1,P17+P131,1
Q27430987,1,0,P17_only,0
Q16710993,1,0,P17_only,0
Q65263582,1,0,P17_only,0
Q17494834,1,1,P17+P131,1
Q12567113,1,0,P17_only,1
Q18396378,1,1,P17+P131,1
Q16672293,1,1,P17+P131,0
Q30294493,1,1,P17+P131,0
Q16668520,1,1,P17+P131,1
Q123363684,1,0,P17_only,0
Q20820315,1,0,P17_only,0
Q12573978,1,0,P17_only,1
Q135829121,1,0,P17_only,0
Q12532322,1,0,P17_only,1
Q32195130,1,0,P17_only,0
Q13646930,1,1,P17+P131,1
Q16432248,1,1,P17+P131,1
Q4321981,1,1,P17+P131,1
Q12574745,1,0,P17_only,1
Q13645793,1,1,P17+P131,1
Q112654977,0,1,P131_only,0
Q16436271,0,1,P131_only,1
Q16699070,1,1,P17+P131,1
Q58232690,1,1,P17+P131,0
Q32219581,1,1,P17+P131,0
Q77863656,1,0,P17_only,0
Q97165328,1,0,P17_only,0
Q16719395,1,1,P17+P131,1
Q12553154,1,0,P17_only,1
Q20098274,1,1,P17+P131,1
Q4160541,1,1,P17+P131,1
Q12535980,1,0,P17_only,1
Q108533906,1,0,P17_only,0
Q13646170,1,1,P17+P131,1
Q20098700,1,1,P17+P131,1
Q32185204,1,0,P17_only,0
Q20072645,0,1,P131_only,1
Q4186410,1,0,P17_only,1
Q27354731,1,0,P17_only,0
Q18399798,1,1,P17+P131,0
Q12563490,1,0,P17_only,1
Q81660954,1,0,P17_only,0
Q56367016,1,1,P17+P131,1
Q12570336,1,0,P17_only,1
Q6805272,1,0,P17_only,0
Q97459106,1,0,P17_only,0
Q16631878,0,1,P131_only,1
Q27355160,1,1,P17+P131,0
Q32190456,1,1,P17+P131,0
Q32190981,1,0,P17_only,1
Q32217476,1,0,P17_only,0
Q4191504,1,0,P17_only,0
Q16686656,1,1,P17+P131,0
Q13648589,1,1,P17+P131,1
Q16690913,1,1,P17+P131,1
Q13645597,1,1,P17+P131,1
Q18406424,1,1,P17+P131,1
Q16666852,1,1,P17+P131,1
Q123363480,1,0,P17_only,0
Q1873888,1,0,P17_only,0
Q12574452,1,0,P17_only,1
Q16273039,1,1,P17+P131,1
Q12550237,1,1,P17+P131,1
Q138300244,1,0,P17_only,0
Q32172712,1,0,P17_only,0
Q16711225,1,1,P17+P131,1
Q135828970,1,0,P17_only,0
Q61366669,1,1,P17+P131,1
Q16272499,1,1,P17+P131,1
Q13643326,1,1,P17+P131,1
Q16721013,1,1,P17+P131,1
Q16433131,1,1,P17+P131,1
Q121115580,1,0,P17_only,0
Q13663169,1,1,P17+P131,1
Q733451,1,0,P17_only,1
Q12570940,1,0,P17_only,1
Q16684728,1,1,P17+P131,1
Q16661839,1,1,P17+P131,1
Q11250465,1,1,P17+P131,1
Q16688276,1,1,P17+P131,1
Q13664436,1,1,P17+P131,1
Q16953184,1,0,P17_only,0
Q32202850,1,0,P17_only,0
Q137863947,1,1,P17+P131,0
Q55659939,1,0,P17_only,0
Q19742063,0,1,P131_only,0
Q20484745,1,0,P17_only,1
Q13663149,1,1,P17+P131,1
Q66347264,1,0,P17_only,0
Q32181907,1,0,P17_only,0
Q140876151,1,0,P17_only,0
Q3866667,1,0,P17_only,1
Q16674145,1,1,P17+P131,1
Q16433546,1,0,P17_only,1
Q16696007,1,1,P17+P131,1
Q27358111,1,0,P17_only,0
Q13359476,0,1,P131_only,1
Q22919732,1,0,P17_only,0
Q123363517,1,0,P17_only,0
Q20098196,1,1,P17+P131,1
Q2737292,1,1,P17+P131,1
Q13651900,1,1,P17+P131,1
Q16651144,1,1,P17+P131,1
Q20484995,1,0,P17_only,1
Q4406438,1,1,P17+P131,1
Q32202545,1,0,P17_only,0
Q16664584,1,1,P17+P131,1
Q13651846,1,1,P17+P131,1
Q12575056,1,0,P17_only,1
Q27358003,1,0,P17_only,0
Q20486175,1,0,P17_only,1
Q18343729,1,1,P17+P131,1
Q12543114,1,0,P17_only,1
Q12558030,1,0,P17_only,1
Q56368742,1,1,P17+P131,1
Q65153759,1,0,P17_only,0
Q16272197,0,1,P131_only,1
Q123225286,1,0,P17_only,0
Q27354906,1,0,P17_only,0
Q12577875,1,0,P17_only,1
Q12544849,1,0,P17_only,1
Q16673375,1,1,P17+P131,1
Q13667234,1,1,P17+P131,1
Q16665332,1,1,P17+P131,1
Q21282285,1,1,P17+P131,1
Q16433648,1,1,P17+P131,1
P11024,1,0,P17_only,0
Q23958184,1,1,P17+P131,1
Q27348499,1,1,P17+P131,0
Q16432387,1,1,P17+P131,1
Q13646029,1,1,P17+P131,1
Q65254830,1,0,P17_only,0
Q62062057,1,0,P17_only,0
Q32219460,1,0,P17_only,0
Q18408519,1,1,P17+P131,0
Q2579167,1,0,P17_only,0
Q13655893,1,1,P17+P131,1
Q55833235,1,0,P17_only,0
Q32211554,1,0,P17_only,0
Q104662809,1,0,P17_only,0
Q16432194,1,0,P17_only,1
Q12550353,1,0,P17_only,1
Q16273791,1,1,P17+P131,1
Q12550938,1,0,P17_only,1
Q2546280,1,0,P17_only,0
Q27357706,1,0,P17_only,0
Q30970511,1,1,P17+P131,1
Q112654959,0,1,P131_only,0
Q16432953,1,0,P17_only,1
Q12532648,1,0,P17_only,1
Q18408002,1,1,P17+P131,1
Q12556807,1,0,P17_only,1
Q12543161,1,1,P17+P131,1
Q20486076,1,1,P17+P131,1
Q135829355,1,0,P17_only,0
Q32187148,1,1,P17+P131,0
Q32217604,1,0,P17_only,0
Q16704869,1,1,P17+P131,1
Q108789726,1,1,P17+P131,0
Q12567676,1,0,P17_only,1
Q27350639,1,0,P17_only,0
Q65254314,1,0,P17_only,0
Q27351928,1,0,P17_only,1
Q112004018,1,0,P17_only,0
Q22203047,1,1,P17+P131,1
Q16667677,1,1,P17+P131,1
Q12574792,1,1,P17+P131,1
Q4072682,1,1,P17+P131,1
Q1108270,1,1,P17+P131,1
Q27352268,1,0,P17_only,0
Q12573308,1,0,P17_only,1
Q20098644,1,1,P17+P131,1
Q12560059,1,0,P17_only,1
Q13640806,1,1,P17+P131,1
Q32212936,1,1,P17+P131,0
Q16691731,1,1,P17+P131,1
Q12572489,1,1,P17+P131,1
Q32186015,1,0,P17_only,0
Q13641593,1,1,P17+P131,1
Q55659919,1,0,P17_only,0
Q32204257,1,0,P17_only,0
Q16669400,1,1,P17+P131,1
Q132135100,1,0,P17_only,0
Q12544779,1,0,P17_only,1
Q16432406,1,0,P17_only,1
Q20485962,1,0,P17_only,1
Q115865609,1,0,P17_only,0
Q16433601,1,1,P17+P131,1
Q12544875,1,1,P17+P131,1
Q27354834,1,0,P17_only,0
Q32211594,1,0,P17_only,0
Q16432201,1,1,P17+P131,1
Q12576006,1,0,P17_only,1
Q16710329,1,1,P17+P131,1
Q32185827,1,0,P17_only,0
Q16698122,1,1,P17+P131,1
Q18400635,1,1,P17+P131,1
Q64197748,1,0,P17_only,1
Q4505941,1,1,P17+P131,1
Q16657339,1,1,P17+P131,1
Q12574403,1,0,P17_only,1
Q32198903,1,0,P17_only,0
Q16669506,1,1,P17+P131,1
Q16641523,0,1,P131_only,1
Q64679349,1,0,P17_only,0
Q28669223,1,0,P17_only,1
Q16273998,1,1,P17+P131,1
Q20484186,1,1,P17+P131,1
Q12557731,1,0,P17_only,1
Q32218580,1,0,P17_only,0
Q65264423,1,0,P17_only,0
Q12570052,1,0,P17_only,1
Q45728434,1,0,P17_only,0
Q16690752,1,1,P17+P131,1
Q138746150,1,1,P17+P131,0
Q13640975,1,1,P17+P131,1
Q139496399,1,1,P17+P131,1
Q4167132,1,0,P17_only,1
Q4175542,1,0,P17_only,1
Q27430594,1,0,P17_only,0
Q12574608,1,0,P17_only,1
Q105424883,1,0,P17_only,0
Q12531825,1,0,P17_only,1
Q13652360,0,1,P131_only,1
Q13646896,1,1,P17+P131,1
Q27350914,1,0,P17_only,0
Q2992199,1,1,P17+P131,1
Q12556431,1,1,P17+P131,1
Q32197867,1,0,P17_only,0
Q16657791,1,1,P17+P131,1
Q13652334,0,1,P131_only,1
Q13641685,1,1,P17+P131,1
Q30973176,1,1,P17+P131,1
Q55659375,1,0,P17_only,0
Q4071002,1,1,P17+P131,1
Q16694880,1,1,P17+P131,1
Q12532663,1,0,P17_only,1
Q32212492,1,0,P17_only,0
Q13641718,1,1,P17+P131,1
Q32193946,1,0,P17_only,0
Q16663118,1,1,P17+P131,1
Q123363808,1,0,P17_only,0
Q24907163,1,0,P17_only,0
Q27352878,1,0,P17_only,0
Q16720246,1,1,P17+P131,1
Q64199041,1,0,P17_only,1
Q123363782,1,0,P17_only,0
Q32211430,1,0,P17_only,0
Q4506244,1,1,P17+P131,0
Q12547103,1,1,P17+P131,1
Q32217070,1,0,P17_only,0
Q485010,1,0,P17_only,1
Q27354110,1,0,P17_only,0
Q32218075,1,1,P17+P131,0
Q55657888,1,1,P17+P131,1
Q135828869,1,0,P17_only,0
Q12531864,1,0,P17_only,1
Q13643329,1,1,P17+P131,1
Q27942916,1,1,P17+P131,1
Q12532538,1,0,P17_only,1
Q56366889,1,1,P17+P131,1
Q12575160,1,1,P17+P131,1
Q139961512,1,1,P17+P131,0
Q97212126,1,1,P17+P131,1
Q131755620,1,0,P17_only,0
Q16433168,1,0,P17_only,1
Q16664426,1,1,P17+P131,1
Q27430721,1,0,P17_only,0
Q32361297,1,1,P17+P131,1
Q16431118,1,0,P17_only,1
Q12575516,1,1,P17+P131,1
Q13646115,1,1,P17+P131,1
Q16433404,1,0,P17_only,1
Q139407847,1,0,P17_only,0
Q32186184,1,0,P17_only,0
Q16537138,0,1,P131_only,1
Q27897851,1,0,P17_only,0
Q136513754,1,1,P17+P131,1
Q16533362,0,1,P131_only,1
Q4201426,1,0,P17_only,1
Q12558711,1,1,P17+P131,1
Q16657061,1,1,P17+P131,1
Q18399794,1,1,P17+P131,0
Q32204466,1,0,P17_only,0
Q20485911,1,0,P17_only,1
Q118352571,1,0,P17_only,0
Q32197666,1,0,P17_only,0
Q20098508,1,1,P17+P131,1
Q11737596,1,0,P17_only,0
Q30975157,1,1,P17+P131,1
Q3947005,1,1,P17+P131,1
Q16433181,1,1,P17+P131,1
Q12566185,1,0,P17_only,1
Q13643087,0,1,P131_only,1
Q5350589,1,0,P17_only,1
Q12572801,1,0,P17_only,1
Q30516,1,1,P17+P131,1
Q12528143,1,0,P17_only,1
Q13666899,1,1,P17+P131,1
Q12566162,1,0,P17_only,1
Q72915143,1,0,P17_only,0
Q12536604,1,0,P17_only,1
Q12576021,1,0,P17_only,1
Q1752119,1,1,P17+P131,1
Q12575824,1,0,P17_only,1
Q32195805,1,0,P17_only,0
Q4178269,1,1,P17+P131,1
Q12546946,1,0,P17_only,1
Q13645912,1,1,P17+P131,1
Q56368527,1,1,P17+P131,1
Q32201972,1,0,P17_only,0
Q20486116,1,0,P17_only,1
Q12577202,1,0,P17_only,1
Q16434159,1,0,P17_only,1
Q16709532,1,1,P17+P131,1
Q16432954,1,0,P17_only,1
Q97274476,1,0,P17_only,1
Q20462221,1,0,P17_only,0
Q4219412,1,1,P17+P131,1
Q12683765,1,1,P17+P131,1
Q21656225,1,0,P17_only,0
Q32171252,1,0,P17_only,0
Q7497406,0,1,P131_only,1
Q131381394,1,0,P17_only,0
Q4464982,1,0,P17_only,1
Q16701147,1,1,P17+P131,1
Q1496506,1,0,P17_only,0
Q12222814,1,1,P17+P131,1
Q32173688,0,1,P131_only,0
Q6353548,1,1,P17+P131,1
Q4387463,1,1,P17+P131,1
Q12578032,1,1,P17+P131,1
Q27348224,1,0,P17_only,0
Q4109099,1,0,P17_only,1
Q107530991,1,0,P17_only,0
Q64198773,1,0,P17_only,1
Q126942421,1,0,P17_only,0
Q123225278,1,0,P17_only,0
Q129880652,1,1,P17+P131,1
Q27430776,1,0,P17_only,0
Q112003941,1,0,P17_only,0
Q15410137,1,0,P17_only,0
Q108737182,1,0,P17_only,0
Q64197928,1,0,P17_only,1
Q116739919,1,0,P17_only,1
Q12532491,1,0,P17_only,1
Q27352768,0,1,P131_only,0
Q12569726,1,1,P17+P131,1
Q12557865,1,0,P17_only,1
Q638946,1,1,P17+P131,1
Q12533060,1,1,P17+P131,1
Q6452946,1,0,P17_only,0
Q32205042,1,0,P17_only,0
Q12556494,1,1,P17+P131,1
Q28520304,1,1,P17+P131,0
Q32200726,1,0,P17_only,0
Q20486074,1,0,P17_only,1
Q16653380,1,1,P17+P131,1
Q12527131,1,0,P17_only,1
Q12566861,1,0,P17_only,1
Q12554759,1,0,P17_only,1
Q4268000,1,0,P17_only,0
Q32175496,1,1,P17+P131,0
Q4407014,1,0,P17_only,1
Q12560920,1,0,P17_only,1
Q12536979,1,0,P17_only,1
Q27348278,1,0,P17_only,0
Q18399962,1,1,P17+P131,1
Q4324524,1,1,P17+P131,1
Q63336233,1,0,P17_only,0
Q16668742,1,1,P17+P131,1
Q135829622,1,0,P17_only,0
Q12534986,1,1,P17+P131,1
Q27354929,1,0,P17_only,0
Q28671112,1,0,P17_only,0
Q118352563,1,0,P17_only,0
Q12557833,1,1,P17+P131,1
Q991502,1,1,P17+P131,1
Q68036947,1,0,P17_only,0
Q12543199,1,1,P17+P131,1
Q12561317,1,1,P17+P131,1
Q16706140,1,1,P17+P131,1
Q4866037,1,0,P17_only,1
Q12536439,1,0,P17_only,1
Q4145907,1,0,P17_only,0
Q27357342,1,1,P17+P131,0
Q15617644,1,1,P17+P131,1
Q13648756,1,1,P17+P131,1
Q55602290,1,0,P17_only,0
Q12532834,1,0,P17_only,1
Q32178785,1,0,P17_only,0
Q13640650,0,1,P131_only,1
Q13646494,1,1,P17+P131,1
Q12531824,1,1,P17+P131,1
Q16434416,1,1,P17+P131,1
Q12547115,1,1,P17+P131,1
Q49319016,1,0,P17_only,0
Q13664288,1,1,P17+P131,1
Q18649336,1,0,P17_only,0
Q1045784,1,0,P17_only,1
Q13643025,0,1,P131_only,1
Q7221256,1,1,P17+P131,1
Q136126371,1,1,P17+P131,1
Q6362921,1,1,P17+P131,1
Q16720838,1,1,P17+P131,1
Q61366857,1,1,P17+P131,1
Q16701919,1,1,P17+P131,1
Q4062775,1,0,P17_only,0
Q15617608,1,1,P17+P131,1
Q13643565,1,1,P17+P131,1
Q16431663,1,1,P17+P131,1
Q137551659,1,1,P17+P131,0
Q140351128,1,0,P17_only,0
Q25489961,1,1,P17+P131,1
Q84072,1,0,P17_only,1
Q12559110,1,1,P17+P131,1
Q13649058,1,1,P17+P131,1
Q60290910,1,1,P17+P131,1
Q13641818,1,1,P17+P131,1
Q112004043,1,0,P17_only,0
Q16273695,1,1,P17+P131,1
Q27351639,1,0,P17_only,0
Q16708426,1,1,P17+P131,1
Q2121395,1,1,P17+P131,1
Q12702017,1,0,P17_only,0
Q7513722,1,1,P17+P131,0
Q65124406,1,0,P17_only,0
Q13640846,1,1,P17+P131,1
Q27355003,1,1,P17+P131,0
Q13662917,1,1,P17+P131,1
Q27355147,1,1,P17+P131,1
Q26162560,1,0,P17_only,0
Q20072670,0,1,P131_only,1
Q27354190,1,0,P17_only,0
Q32419,1,1,P17+P131,1
Q13647507,1,1,P17+P131,1
Q20098189,1,1,P17+P131,1
Q55658187,1,0,P17_only,0
Q65172455,1,1,P17+P131,0
Q16715411,1,1,P17+P131,1
Q20483221,1,0,P17_only,1
Q32181788,1,0,P17_only,0
Q18408967,1,1,P17+P131,1
Q3496998,1,0,P17_only,1
Q32183566,1,1,P17+P131,0
Q27354804,1,0,P17_only,0
Q2052301,1,0,P17_only,0
Q7514122,1,1,P17+P131,1
Q135451096,1,1,P17+P131,0
Q27354902,1,0,P17_only,0
Q13375221,0,1,P131_only,1
Q17562735,1,1,P17+P131,1
Q20485815,1,0,P17_only,1
Q110969586,1,0,P17_only,0
Q123363583,1,0,P17_only,0
Q12540900,0,1,P131_only,1
Q136087890,1,0,P17_only,0
Q12573690,1,0,P17_only,1
Q32194328,1,0,P17_only,0
Q12562352,1,0,P17_only,1
Q16274671,1,1,P17+P131,1
Q16431928,1,0,P17_only,1
Q16700978,1,1,P17+P131,1
Q120961611,1,0,P17_only,0
Q15617719,1,1,P17+P131,1
Q135829211,1,0,P17_only,0
Q56861069,1,0,P17_only,0
Q18409047,1,1,P17+P131,1
Q16718501,1,1,P17+P131,1
Q31195598,1,0,P17_only,1
Q30972369,1,1,P17+P131,1
Q48941807,1,1,P17+P131,0
Q32185961,1,0,P17_only,0
Q13643217,0,1,P131_only,0
Q12542088,1,0,P17_only,1
Q13640778,1,1,P17+P131,1
Q16689471,1,1,P17+P131,1
Q16699576,1,1,P17+P131,1
Q12561940,1,0,P17_only,1
Q25505037,1,0,P17_only,1
Q65263979,1,0,P17_only,0
Q30975133,1,1,P17+P131,1
Q4098508,1,1,P17+P131,1
Q32177859,1,1,P17+P131,0
Q27350616,1,0,P17_only,0
Q1734776,1,0,P17_only,0
Q2393281,1,1,P17+P131,1
Q32198917,1,0,P17_only,0
Q4474204,1,1,P17+P131,1
Q27348239,1,0,P17_only,0
Q79841170,1,1,P17+P131,0
Q4219336,1,0,P17_only,1
Q12577668,1,1,P17+P131,1
Q16536345,0,1,P131_only,1
Q56368498,1,1,P17+P131,1
Q16628538,0,1,P131_only,1
Q13667135,1,1,P17+P131,1
Q16708243,1,1,P17+P131,1
Q77861066,1,0,P17_only,0
Q65254348,1,0,P17_only,0
Q30973132,1,1,P17+P131,1
Q135829809,1,0,P17_only,0
Q4071550,1,0,P17_only,1
Q134569927,1,1,P17+P131,1
Q13640856,1,1,P17+P131,1
Q16432929,1,1,P17+P131,1
Q13542946,0,1,P131_only,1
Q18407489,1,1,P17+P131,0
Q16434503,1,0,P17_only,1
Q56367607,1,1,P17+P131,1
Q86663675,1,1,P17+P131,1
Q4213688,1,1,P17+P131,1
Q139465432,1,0,P17_only,0
Q139601751,1,1,P17+P131,0
Q13648469,1,1,P17+P131,1
Q32194822,1,0,P17_only,0
Q16691333,1,1,P17+P131,1
Q32212848,1,1,P17+P131,0
Q16704302,1,1,P17+P131,1
Q120868806,1,1,P17+P131,0
Q20098561,1,1,P17+P131,1
Q60107291,1,0,P17_only,0
Q16272710,1,1,P17+P131,1
Q20486136,1,0,P17_only,1
Q13646943,1,1,P17+P131,1
Q123225264,1,0,P17_only,0
Q27351016,1,0,P17_only,0
Q12559135,1,1,P17+P131,1
Q13651659,1,1,P17+P131,1
Q32184961,1,0,P17_only,0
Q4292344,1,1,P17+P131,1
Q12530218,1,1,P17+P131,1
Q27354703,1,0,P17_only,0
Q27354982,1,0,P17_only,0
Q32206700,1,0,P17_only,0
Q119410068,1,1,P17+P131,1
Q16720309,1,1,P17+P131,0
Q15845739,1,1,P17+P131,1
Q123363777,1,0,P17_only,0
Q13653169,0,1,P131_only,0
Q137527447,1,0,P17_only,0
Q16696930,1,1,P17+P131,1
Q12688813,1,0,P17_only,0
Q27355006,1,0,P17_only,0
Q16705623,1,1,P17+P131,1
Q55633687,1,0,P17_only,0
Q122954937,1,0,P17_only,0
Q22205080,1,1,P17+P131,1
Q12533116,1,1,P17+P131,1
Q7499137,0,1,P131_only,1
Q4451550,1,0,P17_only,1
Q129880650,1,1,P17+P131,1
Q123363829,1,0,P17_only,0
Q97211159,1,0,P17_only,1
Q13641881,1,1,P17+P131,1
Q2324449,1,1,P17+P131,1
Q12576134,1,0,P17_only,1
Q31195617,1,0,P17_only,1
Q16695740,1,1,P17+P131,1
Q15617617,1,1,P17+P131,1
Q7943262,1,1,P17+P131,1
Q4342341,1,0,P17_only,1
Q4158455,1,0,P17_only,1
Q12548825,1,1,P17+P131,1
Q16433388,1,0,P17_only,1
Q32190643,1,0,P17_only,0
Q110786721,1,0,P17_only,0
Q21103615,1,1,P17+P131,0
Q1945568,1,0,P17_only,0
Q123363851,1,0,P17_only,0
Q12558041,1,1,P17+P131,1
Q61367037,1,1,P17+P131,1
Q20098372,1,1,P17+P131,1
Q32216451,1,1,P17+P131,0
Q16700952,1,1,P17+P131,1
Q27355074,1,0,P17_only,0
Q12560888,1,0,P17_only,0
Q32198497,1,0,P17_only,0
Q32211468,1,0,P17_only,0
Q4363281,1,0,P17_only,0
Q13640792,1,1,P17+P131,1
Q97662125,1,0,P17_only,0
Q32201388,1,0,P17_only,0
Q20214833,1,0,P17_only,0
Q136268955,1,0,P17_only,0
Q12673466,1,0,P17_only,0
Q27348487,1,0,P17_only,0
Q74737775,1,0,P17_only,0
Q32171371,1,0,P17_only,0
Q135829785,1,0,P17_only,0
Q12577526,1,1,P17+P131,1
Q55701791,1,0,P17_only,0
Q16669417,1,1,P17+P131,1
Q12579424,1,0,P17_only,1
Q12536881,1,0,P17_only,1
Q12541026,0,1,P131_only,1
Q27357075,1,0,P17_only,0
Q4349576,1,1,P17+P131,1
Q4377212,1,0,P17_only,0
Q118383835,1,0,P17_only,0
Q12551015,1,0,P17_only,1
Q135828968,1,0,P17_only,0
Q12528154,1,0,P17_only,1
Q20098379,1,1,P17+P131,1
Q16715403,1,1,P17+P131,1
Q16718400,1,1,P17+P131,1
Q97821309,1,0,P17_only,0
Q27352312,1,1,P17+P131,0
Q13646117,1,1,P17+P131,1
Q12548634,1,0,P17_only,1
Q48948336,1,1,P17+P131,0
Q108533879,1,0,P17_only,0
Q135829586,1,0,P17_only,0
Q23022456,1,0,P17_only,0
Q12567100,1,0,P17_only,1
Q27351811,1,0,P17_only,0
Q27355049,1,0,P17_only,0
Q97214270,1,0,P17_only,1
Q118352588,1,1,P17+P131,0
Q115678842,1,0,P17_only,1
Q12570872,1,1,P17+P131,1
Q16652284,1,1,P17+P131,1
Q16705395,1,1,P17+P131,1
Q16711234,1,1,P17+P131,1
Q20098194,1,1,P17+P131,1
Q55658248,1,0,P17_only,0
Q135829217,1,0,P17_only,0
Q16272741,1,1,P17+P131,1
Q16431461,1,1,P17+P131,1
Q12531681,1,1,P17+P131,1
Q32185038,1,0,P17_only,0
Q13664425,1,1,P17+P131,1
Q136090689,1,0,P17_only,0
Q13649974,1,1,P17+P131,1
Q12578289,1,0,P17_only,1
Q20072638,0,1,P131_only,1
Q13661788,1,1,P17+P131,1
Q12531610,1,1,P17+P131,1
Q12535441,1,0,P17_only,1
Q27354697,1,0,P17_only,0
Q13642950,0,1,P131_only,1
Q18409027,1,1,P17+P131,1
Q16683475,1,1,P17+P131,1
Q12574354,1,0,P17_only,1
Q135829105,1,0,P17_only,0
Q30974373,1,1,P17+P131,1
Q20486086,1,0,P17_only,1
Q16676691,1,1,P17+P131,1
Q60850694,1,0,P17_only,1
Q20092736,1,1,P17+P131,1
Q56367008,1,1,P17+P131,1
Q27354711,1,0,P17_only,0
Q65608303,1,0,P17_only,0
Q12579278,1,0,P17_only,1
Q12683550,1,0,P17_only,0
Q12562917,1,1,P17+P131,1
Q18409527,1,1,P17+P131,0
Q111297024,1,0,P17_only,0
Q27357958,1,0,P17_only,0
Q27348282,1,0,P17_only,0
Q31194357,1,1,P17+P131,0
Q25504685,1,0,P17_only,1
Q13662883,1,1,P17+P131,1
Q12577644,1,0,P17_only,1
Q12578477,1,0,P17_only,1
Q108789716,1,1,P17+P131,0
Q25396840,1,1,P17+P131,1
Q135829688,1,0,P17_only,0
Q21487584,1,0,P17_only,0
Q12575857,1,0,P17_only,1
Q13761063,1,0,P17_only,0
Q135829820,1,0,P17_only,0
Q139985199,1,1,P17+P131,0
Q602925,1,0,P17_only,1
Q20462740,1,0,P17_only,0
Q18408851,1,1,P17+P131,1
Q4082068,1,1,P17+P131,1
Q12534092,1,1,P17+P131,1
Q65268088,1,0,P17_only,0
Q16661523,1,1,P17+P131,1
Q32217947,1,0,P17_only,0
Q22204461,1,1,P17+P131,1
Q12532918,1,0,P17_only,1
Q16709667,1,1,P17+P131,1
Q28504221,1,0,P17_only,1
Q20098185,1,1,P17+P131,1
Q20098357,1,1,P17+P131,1
Q13651883,1,1,P17+P131,1
Q1046224,1,1,P17+P131,1
Q16432883,1,0,P17_only,0
Q61369443,1,1,P17+P131,1
Q32195576,1,0,P17_only,0
Q55239184,1,0,P17_only,0
Q18407599,1,1,P17+P131,1
Q112518816,1,0,P17_only,0
Q16273020,1,1,P17+P131,1
Q338860,1,0,P17_only,1
Q32189442,1,0,P17_only,0
Q12577434,1,0,P17_only,1
Q32186962,1,0,P17_only,0
Q16670743,1,1,P17+P131,1
Q13560212,0,1,P131_only,1
Q32171528,1,0,P17_only,1
Q65175772,1,0,P17_only,0
Q12552642,1,1,P17+P131,1
Q65087551,1,0,P17_only,0
Q20890363,1,0,P17_only,0
Q30969602,1,1,P17+P131,1
Q128500,1,0,P17_only,1
Q32184751,1,1,P17+P131,0
Q123363772,1,0,P17_only,0
Q16704995,1,1,P17+P131,1
Q13365751,0,1,P131_only,1
Q12574472,1,0,P17_only,1
Q4416130,1,1,P17+P131,1
Q32198558,1,0,P17_only,0
Q4077350,1,0,P17_only,0
Q103897500,1,0,P17_only,1
Q13643469,1,1,P17+P131,1
Q27357998,1,0,P17_only,0
Q16630613,0,1,P131_only,1
Q16704358,1,1,P17+P131,1
Q32174627,0,1,P131_only,0
Q16273890,1,1,P17+P131,1
Q20485955,1,0,P17_only,1
Q12697443,1,0,P17_only,0
Q16720962,1,1,P17+P131,1
Q27354846,1,0,P17_only,0
Q32185136,1,0,P17_only,0
Q16433332,1,1,P17+P131,1
Q123225272,1,0,P17_only,0
Q12530673,1,0,P17_only,1
Q32214268,1,0,P17_only,0
Q112003978,1,0,P17_only,0
Q27430801,1,0,P17_only,0
Q112004034,1,0,P17_only,0
Q20018460,0,1,P131_only,0
Q12550471,1,1,P17+P131,1
Q27354907,1,0,P17_only,0
Q16672592,1,1,P17+P131,0
Q13655974,1,1,P17+P131,1
Q32197968,1,1,P17+P131,0
Q55657512,1,0,P17_only,0
Q20098620,1,1,P17+P131,1
Q43087044,1,1,P17+P131,0
Q97171667,1,0,P17_only,0
Q16657123,1,1,P17+P131,1
Q13365434,0,1,P131_only,1
Q547386,1,0,P17_only,0
Q13409209,0,1,P131_only,1
Q32217717,1,0,P17_only,0
Q12576897,1,1,P17+P131,1
Q16656152,1,1,P17+P131,1
Q1378355,1,1,P17+P131,1
Q16718602,1,1,P17+P131,1
Q16663622,1,1,P17+P131,1
Q43304677,1,0,P17_only,0
Q4348951,1,0,P17_only,1
Q13643402,1,1,P17+P131,1
Q20484901,1,0,P17_only,1
Q27430826,1,1,P17+P131,0
Q20098303,1,1,P17+P131,1
Q27430896,1,0,P17_only,0
Q3873688,1,0,P17_only,0
Q4155149,1,1,P17+P131,1
Q2554476,1,1,P17+P131,1
Q97640851,1,0,P17_only,0
Q16433128,1,0,P17_only,1
Q55659097,1,0,P17_only,0
Q131150993,1,1,P17+P131,1
Q13664293,1,1,P17+P131,1
Q135829691,1,0,P17_only,0
Q16711562,1,1,P17+P131,1
Q20077342,1,1,P17+P131,1
Q12550941,1,1,P17+P131,1
Q16683469,1,1,P17+P131,1
Q111862448,1,0,P17_only,0
Q138306632,1,0,P17_only,0
Q12561873,1,0,P17_only,1
Q12556743,1,1,P17+P131,1
Q13649844,1,1,P17+P131,1
Q13648879,1,1,P17+P131,1
Q123363818,1,0,P17_only,0
Q25493579,1,0,P17_only,1
Q30897548,1,1,P17+P131,0
Q137383436,1,0,P17_only,0
Q12563411,1,0,P17_only,1
Q12545246,1,0,P17_only,1
Q18409704,1,1,P17+P131,1
Q104865340,1,0,P17_only,1
Q13643740,1,1,P17+P131,1
Q32190552,1,0,P17_only,0
Q16433821,1,0,P17_only,1
Q20097937,1,1,P17+P131,1
Q12534150,1,0,P17_only,1
Q23057839,1,0,P17_only,0
Q22203837,1,1,P17+P131,1
Q27354768,1,0,P17_only,0
Q2963663,1,1,P17+P131,1
Q20072634,0,1,P131_only,1
Q129880599,1,1,P17+P131,1
Q32199371,1,0,P17_only,0
Q16541030,0,1,P131_only,1
Q25506854,1,0,P17_only,1
Q137361414,1,0,P17_only,0
Q27357705,1,0,P17_only,0
Q32203099,1,0,P17_only,0
Q16703970,1,1,P17+P131,1
Q125125477,1,0,P17_only,0
Q12575469,1,1,P17+P131,1
Q12570863,1,1,P17+P131,1
Q30969847,1,1,P17+P131,0
Q12570430,1,1,P17+P131,1
Q16710879,1,1,P17+P131,1
Q12570087,1,1,P17+P131,1
Q20098117,1,1,P17+P131,1
Q21019625,1,0,P17_only,0
Q16703723,1,1,P17+P131,1
Q27357318,1,0,P17_only,0
Q12530883,1,0,P17_only,1
Q15918910,1,1,P17+P131,1
Q18409660,1,1,P17+P131,0
Q4208087,1,1,P17+P131,1
Q12688098,1,0,P17_only,0
Q32190419,1,0,P17_only,0
Q55659049,1,0,P17_only,0
Q16663133,1,1,P17+P131,1
Q16709847,1,1,P17+P131,1
Q12550420,1,0,P17_only,1
Q12571225,1,0,P17_only,1
Q135828495,1,0,P17_only,0
Q32213562,1,0,P17_only,0
Q12528526,1,1,P17+P131,1
Q13647338,1,1,P17+P131,1
Q13655919,1,1,P17+P131,0
Q20098414,1,1,P17+P131,1
Q30635036,1,1,P17+P131,0
Q1365922,1,0,P17_only,0
Q27431029,1,0,P17_only,0
Q30975106,1,1,P17+P131,1
Q16272598,1,1,P17+P131,1
Q123363468,1,0,P17_only,0
Q32218460,1,0,P17_only,0
Q13666919,1,1,P17+P131,1
Q12552229,1,1,P17+P131,1
Q27352818,1,0,P17_only,0
Q17317619,1,0,P17_only,0
Q20485280,0,1,P131_only,1
Q20484958,1,0,P17_only,1
Q27350711,1,1,P17+P131,0
Q22328406,1,0,P17_only,0
Q27353996,1,0,P17_only,0
Q13648736,1,1,P17+P131,1
Q7850480,1,0,P17_only,0
Q64200723,1,0,P17_only,1
Q124256003,1,0,P17_only,0
Q135631509,1,1,P17+P131,0
Q13643734,1,1,P17+P131,1
Q27354872,1,0,P17_only,0
Q45869,1,0,P17_only,1
Q18401925,1,1,P17+P131,0
Q123363709,1,0,P17_only,0
Q97773190,1,0,P17_only,0
Q55602288,1,0,P17_only,0
Q16274595,1,1,P17+P131,1
Q4609694,1,0,P17_only,0
Q18396352,1,1,P17+P131,1
Q3467390,1,1,P17+P131,0
Q15918856,1,1,P17+P131,1
Q30632356,1,0,P17_only,0
Q11837150,1,1,P17+P131,0
Q122529002,1,1,P17+P131,0
Q27354935,1,0,P17_only,0
Q28668907,1,0,P17_only,0
Q3320445,1,0,P17_only,0
Q12576894,1,0,P17_only,1
Q12551668,0,1,P131_only,1
Q25238440,1,0,P17_only,0
Q4126527,1,1,P17+P131,0
Q1430826,1,1,P17+P131,1
Q4276682,1,1,P17+P131,1
Q1737466,1,0,P17_only,0
Q12555873,1,0,P17_only,1
Q13651895,1,1,P17+P131,1
Q18402085,1,1,P17+P131,1
Q32182728,1,1,P17+P131,0
Q12535834,1,0,P17_only,1
Q27351347,1,0,P17_only,0
Q27351858,1,0,P17_only,1
Q13664055,1,1,P17+P131,1
Q12548646,1,0,P17_only,1
Q27350577,1,0,P17_only,1
Q27430877,1,0,P17_only,0
Q16704308,1,1,P17+P131,1
Q22202273,1,1,P17+P131,1
Q55659742,1,0,P17_only,0
Q16704953,1,1,P17+P131,0
Q32200144,1,0,P17_only,0
Q137551673,1,0,P17_only,0
Q32174690,0,1,P131_only,0
Q16690619,1,1,P17+P131,1
Q18406024,1,1,P17+P131,1
Q16677113,1,1,P17+P131,1
Q16432558,1,1,P17+P131,1
Q16677489,1,1,P17+P131,1
Q22203530,1,1,P17+P131,1
Q32216513,1,1,P17+P131,0
Q65255006,1,0,P17_only,0
Q16661510,1,1,P17+P131,1
Q12536176,0,1,P131_only,1
Q4395757,1,1,P17+P131,1
Q12460561,1,1,P17+P131,1
Q20486200,1,0,P17_only,1
Q64198446,1,0,P17_only,1
Q16719476,1,1,P17+P131,1
Q18399246,1,1,P17+P131,1
Q97173220,1,0,P17_only,0
Q12559792,1,1,P17+P131,1
Q13646416,1,1,P17+P131,1
Q32215470,1,0,P17_only,0
Q137527261,1,0,P17_only,0
Q27357069,1,0,P17_only,0
Q13647400,1,1,P17+P131,1
Q60851101,1,0,P17_only,0
Q20098186,1,1,P17+P131,1
Q12528002,1,0,P17_only,1
Q18409437,1,1,P17+P131,1
Q60851667,1,0,P17_only,0
Q32206013,1,0,P17_only,0
Q13641588,1,1,P17+P131,1
Q135828674,1,0,P17_only,0
Q61368266,1,1,P17+P131,1
Q16679859,1,1,P17+P131,1
Q1358976,1,1,P17+P131,1
Q16669468,1,1,P17+P131,1
Q30975058,1,1,P17+P131,1
Q112004028,1,0,P17_only,0
Q107041060,1,0,P17_only,0
Q4505036,1,1,P17+P131,1
Q110694586,1,0,P17_only,0
Q108861990,1,0,P17_only,0
Q20684325,1,0,P17_only,0
Q27358125,1,0,P17_only,0
Q12526322,1,0,P17_only,1
Q12548763,1,1,P17+P131,1
Q135830074,1,0,P17_only,0
Q120278224,1,0,P17_only,0
Q134462898,1,0,P17_only,0
Q22202346,1,1,P17+P131,1
Q12565515,1,0,P17_only,1
Q16433183,1,1,P17+P131,1
Q16648819,1,1,P17+P131,1
Q16685965,1,1,P17+P131,1
Q61367445,1,1,P17+P131,1
Q27356981,1,0,P17_only,0
Q20098670,1,1,P17+P131,1
Q97273576,1,0,P17_only,0
Q16434576,1,1,P17+P131,1
Q42444595,1,1,P17+P131,0
Q13642432,0,1,P131_only,1
Q32195589,1,0,P17_only,0
Q16691667,1,1,P17+P131,1
Q12528452,1,1,P17+P131,1
Q16673164,1,1,P17+P131,1
Q4843263,1,0,P17_only,0
Q27352031,1,0,P17_only,0
Q1340535,1,1,P17+P131,1
Q27352769,0,1,P131_only,0
Q115100533,1,0,P17_only,0
Q27348096,1,0,P17_only,1
Q97215434,1,0,P17_only,1
Q1046321,1,0,P17_only,1
Q12836888,1,0,P17_only,0
Q13664309,1,1,P17+P131,1
Q55658645,1,0,P17_only,1
Q16648857,1,1,P17+P131,1
Q18409290,1,1,P17+P131,1
Q13647302,1,1,P17+P131,1
Q115936520,1,0,P17_only,0
Q18404804,1,1,P17+P131,0
Q20485112,0,1,P131_only,1
Q30973269,1,1,P17+P131,1
Q32199984,1,0,P17_only,0
Q20643155,1,1,P17+P131,0
Q16704577,1,1,P17+P131,1
Q112003959,1,0,P17_only,0
Q13649991,1,1,P17+P131,1
Q13646388,1,1,P17+P131,1
Q27430752,1,0,P17_only,0
Q137183521,1,0,P17_only,1
Q68036935,1,0,P17_only,0
Q123363717,1,0,P17_only,0
Q104866378,1,0,P17_only,0
Q65250977,1,0,P17_only,1
Q2952947,1,0,P17_only,1
Q64196467,1,0,P17_only,0
Q97459078,1,0,P17_only,0
Q12549336,1,0,P17_only,1
Q135829991,1,0,P17_only,0
Q56366791,1,1,P17+P131,1
Q20486265,1,0,P17_only,1
Q25226683,1,0,P17_only,0
Q32205715,1,0,P17_only,0
Q13640748,1,1,P17+P131,1
Q13643187,0,1,P131_only,0
Q13477889,0,1,P131_only,1
Q12561937,1,1,P17+P131,1
Q30889493,1,1,P17+P131,0
Q27430697,1,1,P17+P131,1
Q32186362,1,1,P17+P131,0
Q13651869,1,1,P17+P131,1
Q117195079,1,0,P17_only,1
Q13653506,1,1,P17+P131,1
Q27348154,1,0,P17_only,0
Q12543590,1,1,P17+P131,1
Q16272386,0,1,P131_only,1
Q13643382,1,1,P17+P131,1
Q12529883,1,1,P17+P131,1
Q27357357,1,0,P17_only,0
Q12576645,1,0,P17_only,1
Q32179155,1,0,P17_only,0
Q12572772,1,0,P17_only,1
Q20098350,1,1,P17+P131,1
Q23958922,1,1,P17+P131,1
Q4349267,1,1,P17+P131,1
Q32202310,1,0,P17_only,0
Q27357645,1,0,P17_only,0
Q67893073,1,0,P17_only,0
Q13651977,1,1,P17+P131,1
Q56367658,1,1,P17+P131,1
Q27354783,1,0,P17_only,0
Q135829090,1,0,P17_only,0
Q135828475,1,0,P17_only,0
Q96369188,1,0,P17_only,0
Q13640944,1,1,P17+P131,1
Q16433145,1,0,P17_only,1
Q30974375,1,1,P17+P131,1
Q19992118,0,1,P131_only,0
Q32186400,1,0,P17_only,0
Q21843722,1,1,P17+P131,0
Q16652519,1,1,P17+P131,1
Q27357936,1,0,P17_only,0
Q12572728,1,1,P17+P131,1
Q27355086,1,0,P17_only,0
Q111296993,1,0,P17_only,0
Q16273207,1,1,P17+P131,1
Q20098398,1,1,P17+P131,1
Q27357146,1,0,P17_only,0
Q18400557,1,1,P17+P131,0
Q20486251,1,1,P17+P131,1
Q12542101,1,1,P17+P131,1
Q12551000,1,0,P17_only,1
Q16643509,0,1,P131_only,1
Q27354743,1,0,P17_only,1
Q61368382,1,1,P17+P131,1
Q11820815,1,0,P17_only,0
Q20098612,1,1,P17+P131,1
Q27356977,1,0,P17_only,0
Q60055790,1,1,P17+P131,0
Q12566084,1,0,P17_only,1
Q27355101,1,0,P17_only,0
Q135828703,1,0,P17_only,0
Q28668687,1,1,P17+P131,1
Q18409828,1,1,P17+P131,0
Q12526544,1,1,P17+P131,1
Q27351581,1,0,P17_only,0
Q136268980,1,0,P17_only,0
Q3536402,1,0,P17_only,0
Q12530112,1,1,P17+P131,1
Q20485041,1,0,P17_only,1
Q32190615,1,1,P17+P131,0
Q62513483,1,0,P17_only,0
Q61368841,1,1,P17+P131,1
Q27357973,1,0,P17_only,0
Q12575095,1,0,P17_only,1
Q13645888,1,1,P17+P131,1
Q12555511,1,1,P17+P131,1
Q32199408,1,0,P17_only,0
Q12547814,1,0,P17_only,1
Q16433803,1,0,P17_only,1
Q20081669,1,1,P17+P131,1
Q12532841,1,1,P17+P131,1
Q16533057,0,1,P131_only,1
Q16433742,1,0,P17_only,1
Q12574455,1,0,P17_only,1
Q16694766,1,1,P17+P131,1
Q17562716,1,1,P17+P131,1
Q16669548,1,1,P17+P131,1
Q20098571,1,1,P17+P131,1
Q16690319,1,1,P17+P131,1
Q25494628,1,0,P17_only,1
Q12574680,1,0,P17_only,1
Q115906045,1,0,P17_only,0
Q106202094,1,0,P17_only,1
Q112003969,1,0,P17_only,0
Q6352771,1,1,P17+P131,1
Q1752299,1,1,P17+P131,1
Q123225261,1,0,P17_only,0
Q18404896,1,1,P17+P131,0
Q4179772,1,1,P17+P131,1
Q27354887,1,1,P17+P131,0
Q97185961,1,0,P17_only,1
Q27431018,1,0,P17_only,0
Q62091752,1,1,P17+P131,0
Q48516844,1,1,P17+P131,0
Q60763312,1,0,P17_only,0
Q97167128,1,0,P17_only,0
Q56673936,1,0,P17_only,0
Q97640749,1,0,P17_only,0
Q110114459,1,1,P17+P131,1
Q1520,1,1,P17+P131,1
Q32183923,1,0,P17_only,0
Q18408975,1,1,P17+P131,1
Q108533888,1,0,P17_only,0
Q27347345,1,0,P17_only,0
Q12548944,1,0,P17_only,1
Q20098462,1,1,P17+P131,1
Q32183456,1,0,P17_only,0
Q5639261,1,1,P17+P131,0
Q12574522,1,0,P17_only,1
Q115569773,1,0,P17_only,0
Q12690182,1,0,P17_only,0
Q13653365,0,1,P131_only,1
Q30507,1,1,P17+P131,1
Q27357418,1,0,P17_only,0
Q123363837,1,0,P17_only,0
Q12711945,1,0,P17_only,0
Q13643636,1,1,P17+P131,1
Q115788194,1,0,P17_only,0
Q27357903,1,0,P17_only,0
Q56368801,1,1,P17+P131,1
Q16432345,1,0,P17_only,1
Q12534811,1,1,P17+P131,1
Q12530794,1,0,P17_only,1
Q27350644,1,1,P17+P131,0
Q16746588,1,1,P17+P131,0
Q12578512,1,1,P17+P131,1
Q132859499,1,0,P17_only,1
Q20091447,1,1,P17+P131,1
Q55602287,1,0,P17_only,0
Q16687196,1,1,P17+P131,0
Q118352584,1,0,P17_only,0
Q20077511,1,1,P17+P131,1
Q27350721,1,0,P17_only,0
Q13653378,1,1,P17+P131,1
Q12546297,1,0,P17_only,1
Q13648770,1,1,P17+P131,1
Q50041031,1,0,P17_only,0
Q32188031,1,0,P17_only,0
Q32212629,1,0,P17_only,0
Q16669430,1,1,P17+P131,1
Q13664519,1,1,P17+P131,1
Q13649835,1,1,P17+P131,1
Q16715313,1,1,P17+P131,1
Q13365547,0,1,P131_only,1
Q16720746,1,1,P17+P131,1
Q20485150,0,1,P131_only,1
Q115865439,1,0,P17_only,0
Q12574377,1,0,P17_only,1
Q18400390,1,1,P17+P131,1
Q55833276,1,0,P17_only,0
Q15617587,1,1,P17+P131,1
Q135829204,1,0,P17_only,0
Q13655886,1,1,P17+P131,1
Q16630288,0,1,P131_only,0
Q115917768,1,0,P17_only,0
Q16661546,1,1,P17+P131,1
Q13648003,1,1,P17+P131,1
Q123363695,1,0,P17_only,0
Q13642390,0,1,P131_only,1
Q3079201,1,0,P17_only,0
Q25238454,1,0,P17_only,0
Q4348946,1,0,P17_only,1
Q48805642,1,1,P17+P131,0
Q12570540,1,0,P17_only,1
Q122969751,1,1,P17+P131,1
Q135828706,1,0,P17_only,0
Q123363581,1,0,P17_only,0
Q61368849,1,1,P17+P131,1
Q20098429,1,1,P17+P131,1
Q12531893,1,0,P17_only,1
Q12555685,1,1,P17+P131,1
Q12528738,1,0,P17_only,1
Q17057348,1,1,P17+P131,0
Q19986041,0,1,P131_only,1
Q30897562,1,1,P17+P131,0
Q135273053,1,1,P17+P131,0
Q3853542,1,0,P17_only,1
Q97212022,1,0,P17_only,0
Q17562691,1,1,P17+P131,1
Q32195424,1,0,P17_only,0
Q19986082,0,1,P131_only,0
Q32172157,1,1,P17+P131,0
Q2346551,1,0,P17_only,0
Q137609725,1,0,P17_only,0
Q11687109,1,0,P17_only,0
Q115936279,1,0,P17_only,0
Q16679824,1,1,P17+P131,0
Q115498359,1,0,P17_only,0
Q17562719,1,1,P17+P131,1
Q13646250,1,1,P17+P131,1
Q21843248,1,0,P17_only,0
Q55659085,1,0,P17_only,0
Q64196219,1,0,P17_only,1
Q20098394,1,1,P17+P131,1
Q12532486,1,1,P17+P131,1
Q97661940,1,0,P17_only,0
Q18399226,1,1,P17+P131,1
Q27355128,1,0,P17_only,0
Q4220375,1,1,P17+P131,1
Q27352800,1,0,P17_only,0
Q16433638,1,0,P17_only,1
Q842323,1,0,P17_only,1
Q135829016,1,0,P17_only,0
Q27354736,1,0,P17_only,0
Q12689508,1,0,P17_only,0
Q27358034,1,0,P17_only,0
Q123363551,1,0,P17_only,0
Q135829632,1,0,P17_only,0
Q21659260,1,0,P17_only,1
Q4451485,1,1,P17+P131,1
Q16433279,1,0,P17_only,1
Q15617666,1,1,P17+P131,1
Q16691548,1,1,P17+P131,1
Q136090937,1,0,P17_only,0
Q18401837,1,1,P17+P131,1
Q27350625,1,0,P17_only,1
Q4438479,1,0,P17_only,1
Q13642215,1,1,P17+P131,1
Q25504635,1,0,P17_only,1
Q112654965,0,1,P131_only,0
Q15851289,1,0,P17_only,1
Q27351675,1,0,P17_only,0
Q126976629,1,1,P17+P131,0
Q13646292,1,1,P17+P131,1
Q28028124,1,0,P17_only,0
Q32184142,1,1,P17+P131,0
Q12558664,1,0,P17_only,1
Q12530273,1,0,P17_only,1
Q135829452,1,0,P17_only,0
Q32171033,1,0,P17_only,0
Q27348100,1,0,P17_only,1
Q12529608,1,0,P17_only,1
Q13381741,0,1,P131_only,1
Q16689309,1,1,P17+P131,1
Q657052,1,1,P17+P131,1
Q12556994,1,0,P17_only,1
Q12530164,1,1,P17+P131,1
Q20098581,1,1,P17+P131,1
Q7506334,1,1,P17+P131,1
Q17494822,1,1,P17+P131,1
Q13512809,0,1,P131_only,1
Q20486183,1,0,P17_only,1
Q16678386,1,0,P17_only,1
Q1445312,1,0,P17_only,1
Q13664327,1,1,P17+P131,1
Q25510262,1,0,P17_only,1
Q12532164,1,0,P17_only,1
Q135829307,1,0,P17_only,0
Q12535238,1,0,P17_only,1
Q4420555,1,1,P17+P131,1
Q27430596,1,0,P17_only,0
Q32215227,1,1,P17+P131,0
Q123363753,1,0,P17_only,0
Q13667203,1,1,P17+P131,1
Q18396334,1,1,P17+P131,1
Q16434274,1,1,P17+P131,1
Q134973965,1,1,P17+P131,0
Q16433555,1,0,P17_only,1
Q13365461,0,1,P131_only,1
Q13643417,1,1,P17+P131,1
Q28308982,1,0,P17_only,1
Q12574006,1,0,P17_only,1
Q13642424,0,1,P131_only,1
Q4506535,1,1,P17+P131,0
Q12574799,1,1,P17+P131,1
Q4403053,1,0,P17_only,1
Q138746142,1,1,P17+P131,0
Q13645593,1,1,P17+P131,1
Q133721413,1,1,P17+P131,1
Q130276572,1,0,P17_only,0
Q16715394,1,1,P17+P131,1
Q65257770,1,0,P17_only,0
Q18399894,1,1,P17+P131,1
Q13646553,1,1,P17+P131,1
Q16645141,0,1,P131_only,1
Q12574656,1,1,P17+P131,1
Q38361020,1,0,P17_only,0
Q56366862,1,1,P17+P131,1
Q27357329,1,0,P17_only,0
Q32804211,1,0,P17_only,1
Q61366620,1,1,P17+P131,1
Q12566333,1,1,P17+P131,1
Q25858171,1,0,P17_only,0
Q32205057,1,0,P17_only,0
Q13664318,1,1,P17+P131,1
Q12558310,1,1,P17+P131,1
Q20455608,1,0,P17_only,0
Q12570105,1,1,P17+P131,1
Q120629857,1,0,P17_only,0
Q12539802,1,0,P17_only,1
Q13651878,1,1,P17+P131,1
Q12530238,1,0,P17_only,1
Q13643313,1,1,P17+P131,1
Q55833320,1,0,P17_only,1
Q12562318,1,1,P17+P131,1
Q139522618,1,1,P17+P131,1
Q13650052,1,1,P17+P131,1
Q32214789,1,0,P17_only,0
Q135828716,1,0,P17_only,0
Q135828857,1,0,P17_only,0
Q32218035,1,0,P17_only,0
Q12709645,1,0,P17_only,0
Q16431021,1,0,P17_only,1
Q13652066,1,1,P17+P131,1
Q2360655,1,0,P17_only,1
Q16433436,1,0,P17_only,1
Q16273398,1,1,P17+P131,1
Q4299929,1,1,P17+P131,1
Q15748312,1,1,P17+P131,1
Q135298857,1,0,P17_only,0
Q12575496,1,0,P17_only,1
Q16686014,1,1,P17+P131,1
Q56367119,1,1,P17+P131,1
Q57703801,1,0,P17_only,0
Q16701419,1,1,P17+P131,1
Q16434051,1,0,P17_only,1
Q1747399,1,1,P17+P131,1
Q14754970,1,0,P17_only,0
Q13640848,1,1,P17+P131,0
Q12570256,1,1,P17+P131,1
Q30972484,1,1,P17+P131,1
Q27357690,1,0,P17_only,0
Q130333691,1,0,P17_only,0
Q25916836,1,0,P17_only,0
Q110113966,1,0,P17_only,1
Q61944,1,1,P17+P131,1
Q3853538,1,0,P17_only,1
Q135829353,1,0,P17_only,0
Q13643426,1,1,P17+P131,1
Q12527665,1,0,P17_only,1
Q111296983,1,0,P17_only,0
Q16432090,1,0,P17_only,1
Q55833393,1,0,P17_only,0
Q15617667,1,1,P17+P131,1
Q7687363,1,1,P17+P131,1
Q65257295,1,0,P17_only,0
Q1763658,1,0,P17_only,0
Q18408290,1,1,P17+P131,1
Q13662905,1,1,P17+P131,1
Q13646007,1,1,P17+P131,1
Q20098210,1,0,P17_only,0
Q13640632,0,1,P131_only,1
Q97316334,1,1,P17+P131,1
Q20098306,1,1,P17+P131,1
Q12545336,1,0,P17_only,1
Q12578889,1,0,P17_only,1
Q20097493,1,1,P17+P131,1
Q16433355,1,1,P17+P131,1
Q16698123,1,1,P17+P131,1
Q19916463,0,1,P131_only,0
Q16432283,1,1,P17+P131,1
Q302045,1,0,P17_only,1
Q866800,1,0,P17_only,0
Q12557635,1,0,P17_only,1
Q135828632,1,0,P17_only,0
Q97213131,1,0,P17_only,1
Q65255555,1,0,P17_only,0
Q137527310,1,0,P17_only,0
Q139941040,1,1,P17+P131,0
Q32206925,1,0,P17_only,0
Q27352832,1,1,P17+P131,0
Q13365407,0,1,P131_only,1
Q15617585,1,1,P17+P131,1
Q138721199,1,0,P17_only,0
Q55658255,1,0,P17_only,0
Q12554667,1,1,P17+P131,1
Q4450399,1,1,P17+P131,1
Q32202996,1,0,P17_only,0
Q135829980,1,0,P17_only,0
Q27355088,1,0,P17_only,0
Q16702050,1,1,P17+P131,1
Q12532186,1,0,P17_only,1
Q13655925,1,1,P17+P131,1
Q22201523,1,1,P17+P131,1
Q12543011,1,1,P17+P131,1
Q1734782,1,0,P17_only,0
Q16431038,1,0,P17_only,1
Q20098592,1,1,P17+P131,1
Q2860712,1,0,P17_only,0
Q18396395,1,1,P17+P131,1
Q6351943,1,1,P17+P131,1
Q16433055,1,1,P17+P131,1
Q4180504,1,1,P17+P131,1
Q20484785,1,0,P17_only,1
Q16273942,1,1,P17+P131,0
Q12556618,1,1,P17+P131,1
Q12536148,0,1,P131_only,1
Q12556089,1,1,P17+P131,1
Q18407607,1,1,P17+P131,1
Q16274322,1,1,P17+P131,1
Q13652420,0,1,P131_only,1
Q32193889,1,0,P17_only,0
Q12573937,1,0,P17_only,1
Q12536809,1,1,P17+P131,1
Q13653156,0,1,P131_only,1
Q13640695,0,1,P131_only,1
Q112003948,1,0,P17_only,0
Q20464766,1,0,P17_only,0
Q12535175,1,1,P17+P131,1
Q20098158,1,1,P17+P131,1
Q135829602,1,0,P17_only,0
Q11550740,1,1,P17+P131,1
Q32218518,1,0,P17_only,0
Q61367082,1,1,P17+P131,1
Q12576010,1,0,P17_only,1
Q18408977,1,1,P17+P131,1
Q13666742,1,1,P17+P131,1
Q13664389,1,1,P17+P131,1
Q27357188,1,0,P17_only,0
Q32421,1,1,P17+P131,1
Q13664538,1,1,P17+P131,1
Q20077976,1,1,P17+P131,1
Q27354705,1,0,P17_only,0
Q13651912,1,1,P17+P131,1
Q1517215,1,0,P17_only,0
Q16669424,1,1,P17+P131,1
Q12712864,1,0,P17_only,0
Q12535252,1,0,P17_only,1
Q12544911,1,0,P17_only,1
Q27357339,1,1,P17+P131,0
Q27358229,1,1,P17+P131,0
Q16433360,1,0,P17_only,1
Q65256424,1,0,P17_only,0
Q32191253,1,0,P17_only,0
Q17072518,1,0,P17_only,0
Q32206763,1,0,P17_only,0
Q32197955,1,0,P17_only,0
Q32206898,1,1,P17+P131,0
Q6359005,1,1,P17+P131,1
Q27348132,1,0,P17_only,0
Q18407283,1,1,P17+P131,1
Q13655952,1,1,P17+P131,1
Q15617685,1,1,P17+P131,1
Q25504897,1,0,P17_only,1
Q25492977,1,0,P17_only,1
Q119442487,1,0,P17_only,0
Q16664653,1,1,P17+P131,1
Q55658405,1,0,P17_only,0
Q645477,1,0,P17_only,1
Q65007109,1,0,P17_only,0
Q13640835,1,1,P17+P131,1
Q18401006,1,1,P17+P131,0
Q4287731,1,0,P17_only,0
Q16431547,1,1,P17+P131,1
Q27358029,1,0,P17_only,0
Q16432515,1,0,P17_only,1
Q32197835,1,0,P17_only,0
Q21655360,1,0,P17_only,0
Q15617581,1,1,P17+P131,1
Q31195453,1,0,P17_only,1
Q12533900,1,0,P17_only,1
Q13655977,1,1,P17+P131,1
Q23958968,1,0,P17_only,1
Q12528582,1,1,P17+P131,1
Q123225283,1,0,P17_only,0
Q27430549,1,0,P17_only,0
Q129725870,1,0,P17_only,0
Q32199569,1,0,P17_only,0
Q12550965,1,1,P17+P131,1
Q12536976,1,0,P17_only,1
Q32177045,1,0,P17_only,0
Q79860683,1,0,P17_only,0
Q27351869,1,0,P17_only,1
Q12567841,1,1,P17+P131,0
Q32188689,1,0,P17_only,0
Q31195963,1,1,P17+P131,1
Q135829818,1,0,P17_only,0
Q20098977,1,1,P17+P131,1
Q27352668,0,1,P131_only,0
Q2636259,1,1,P17+P131,1
Q20484506,1,0,P17_only,1
Q30674806,1,0,P17_only,0
Q12537782,1,1,P17+P131,1
Q12570900,1,0,P17_only,1
Q13640749,1,1,P17+P131,1
Q12535125,1,0,P17_only,1
Q42418716,1,1,P17+P131,0
Q114608077,1,1,P17+P131,1
Q13642993,0,1,P131_only,1
Q135829971,1,0,P17_only,0
Q16274658,1,1,P17+P131,0
Q27430845,1,0,P17_only,0
Q4441054,1,0,P17_only,1
Q138300278,1,1,P17+P131,0
Q27357650,1,0,P17_only,1
Q16701902,1,1,P17+P131,1
Q13399094,0,1,P131_only,1
Q32216114,1,0,P17_only,0
Q12576011,1,0,P17_only,1
Q32201727,1,0,P17_only,0
Q12556784,1,1,P17+P131,1
Q15845737,1,1,P17+P131,1
Q16432133,1,1,P17+P131,1
Q27430627,1,0,P17_only,0
Q18399540,1,1,P17+P131,0
Q12530523,1,0,P17_only,1
Q126903141,1,0,P17_only,0
Q12562770,1,0,P17_only,1
Q16708443,1,1,P17+P131,0
Q85866539,1,0,P17_only,1
Q27352868,1,0,P17_only,0
Q13642358,0,1,P131_only,1
Q13642415,0,1,P131_only,1
Q32201577,1,0,P17_only,0
Q27348220,1,0,P17_only,0
Q12527522,1,0,P17_only,1
Q60853367,1,1,P17+P131,1
Q18408172,1,1,P17+P131,0
Q13662436,1,1,P17+P131,1
Q12543603,1,0,P17_only,1
Q22204242,1,1,P17+P131,1
Q1326972,1,0,P17_only,1
Q98073066,0,1,P131_only,1
Q13646502,1,1,P17+P131,1
Q20484833,1,0,P17_only,1
Q35394814,1,0,P17_only,0
Q12578455,1,1,P17+P131,1
Q11294057,1,0,P17_only,1
Q18170344,1,1,P17+P131,1
Q12529786,1,0,P17_only,1
Q16274575,1,1,P17+P131,1
Q13646119,1,1,P17+P131,1
Q13404109,0,1,P131_only,1
Q13664009,1,1,P17+P131,1
Q1992215,1,0,P17_only,1
Q102336695,1,0,P17_only,0
Q121770228,1,0,P17_only,0
Q24044305,1,1,P17+P131,0
Q108783665,1,1,P17+P131,0
Q108783930,1,1,P17+P131,0
Q139620311,1,1,P17+P131,1
Q32213634,1,0,P17_only,0
Q55564420,1,0,P17_only,0
Q16641633,0,1,P131_only,1
Q32184064,1,0,P17_only,0
Q3493543,1,0,P17_only,1
Q4287627,1,1,P17+P131,0
Q16716414,1,1,P17+P131,1
Q16648479,1,1,P17+P131,1
Q16271864,0,1,P131_only,1
Q12556781,1,0,P17_only,1
Q16273404,1,1,P17+P131,1
Q22333025,1,0,P17_only,0
Q3590688,1,0,P17_only,0
Q56366935,1,1,P17+P131,1
Q13652365,0,1,P131_only,1
Q30632894,1,0,P17_only,0
Q16431882,1,1,P17+P131,1
Q4507469,1,1,P17+P131,1
Q107090605,1,0,P17_only,0
Q18404755,1,1,P17+P131,1
Q18404576,1,1,P17+P131,1
Q108533813,1,0,P17_only,0
Q9252,1,0,P17_only,1
Q4447386,1,1,P17+P131,1
Q13365413,0,1,P131_only,1
Q20484921,1,0,P17_only,1
Q13645883,1,1,P17+P131,1
Q30973185,1,1,P17+P131,1
Q32211456,1,0,P17_only,0
Q13664442,1,1,P17+P131,1
Q135829973,1,0,P17_only,0
Q12529773,1,1,P17+P131,1
Q16661607,1,0,P17_only,1
Q61931586,1,0,P17_only,0
Q12561236,1,0,P17_only,1
Q16654463,1,1,P17+P131,1
Q4169930,1,0,P17_only,1
Q86667429,1,0,P17_only,0
Q56366785,1,1,P17+P131,1
Q135828963,1,0,P17_only,0
Q8798,1,0,P17_only,1
Q107427758,1,0,P17_only,0
Q20453331,1,0,P17_only,0
Q17494808,1,1,P17+P131,1
Q135829511,1,0,P17_only,0
Q108533886,1,0,P17_only,0
Q12570037,1,1,P17+P131,1
Q107752588,1,0,P17_only,0
Q32194960,1,0,P17_only,0
Q4992279,1,1,P17+P131,1
Q135829194,1,0,P17_only,0
Q22203246,1,1,P17+P131,1
Q27350739,1,0,P17_only,0
Q613774,1,1,P17+P131,1
Q12534702,1,1,P17+P131,1
Q16705968,1,0,P17_only,0
Q18409370,1,1,P17+P131,1
Q106458059,1,0,P17_only,0
Q13645747,1,1,P17+P131,1
Q123363647,1,0,P17_only,0
Q27355039,1,0,P17_only,0
Q4373923,1,0,P17_only,0
Q18408790,1,1,P17+P131,1
Q135829119,1,0,P17_only,0
Q27358192,1,1,P17+P131,0
Q43304687,1,0,P17_only,0
Q27352619,0,1,P131_only,0
Q27357065,1,0,P17_only,0
Q11773696,1,1,P17+P131,1
Q12577495,1,1,P17+P131,1
Q16434141,1,1,P17+P131,1
Q27357450,1,0,P17_only,0
Q123363457,1,0,P17_only,0
Q56368741,1,1,P17+P131,1
Q65143699,1,0,P17_only,0
Q32190752,1,1,P17+P131,0
Q135829031,1,0,P17_only,0
Q16692407,1,1,P17+P131,1
Q28667383,1,0,P17_only,0
Q137551662,1,1,P17+P131,0
Q13416155,0,1,P131_only,1
Q16431341,1,0,P17_only,1
Q32216922,1,0,P17_only,0
Q13640647,0,1,P131_only,1
Q16679728,1,0,P17_only,0
Q12573148,1,0,P17_only,1
Q12565437,1,0,P17_only,1
Q31195548,1,0,P17_only,1
Q32195607,1,0,P17_only,0
Q18170499,1,1,P17+P131,1
Q20098434,1,1,P17+P131,1
Q32213395,1,0,P17_only,0
Q12537908,1,1,P17+P131,1
Q13646511,1,1,P17+P131,1
Q64146261,1,0,P17_only,1
Q20077092,1,1,P17+P131,1
Q12532265,1,1,P17+P131,1
Q32184586,1,0,P17_only,0
Q32211670,1,0,P17_only,0
Q22201643,1,1,P17+P131,1
Q4404429,1,1,P17+P131,0
Q64000975,1,0,P17_only,0
Q135830049,1,0,P17_only,0
Q2231416,1,1,P17+P131,1
Q56368947,1,1,P17+P131,1
Q18396354,1,1,P17+P131,1
Q12558036,1,0,P17_only,1
Q19915448,0,1,P131_only,0
Q12562606,1,1,P17+P131,1
Q37744576,0,1,P131_only,0
Q16661866,1,1,P17+P131,1
Q13643359,1,1,P17+P131,1
Q13646025,1,1,P17+P131,1
Q3019794,1,1,P17+P131,1
Q97821249,1,0,P17_only,0
Q13647383,1,1,P17+P131,1
Q16700929,1,1,P17+P131,1
Q649131,1,0,P17_only,1
Q12574717,1,0,P17_only,1
Q13647359,1,1,P17+P131,1
Q27354691,1,0,P17_only,1
Q32187869,1,0,P17_only,0
Q135829338,1,0,P17_only,0
Q15617559,1,1,P17+P131,1
Q16715407,1,1,P17+P131,1
Q12567940,1,1,P17+P131,1
Q12548543,1,0,P17_only,1
Q13641919,1,1,P17+P131,1
Q20485009,1,0,P17_only,1
Q138427199,1,1,P17+P131,0
Q12561329,1,1,P17+P131,1
Q16434659,1,1,P17+P131,1
Q32190289,1,1,P17+P131,1
Q110318635,1,0,P17_only,0
Q13664260,1,1,P17+P131,1
Q16669174,1,1,P17+P131,1
Q111297055,1,0,P17_only,0
Q12545968,1,0,P17_only,1
Q16431144,1,1,P17+P131,1
Q16433896,1,1,P17+P131,1
Q55658317,1,0,P17_only,0
Q4466932,1,0,P17_only,1
Q148300,1,0,P17_only,1
Q135828873,1,0,P17_only,0
Q16433012,1,0,P17_only,1
Q27357082,1,0,P17_only,0
Q63244760,1,0,P17_only,0
Q12531855,1,0,P17_only,1
Q13648726,1,1,P17+P131,1
Q16656186,1,1,P17+P131,1
Q16433203,1,0,P17_only,1
Q123363477,1,0,P17_only,0
Q55594037,1,1,P17+P131,0
Q60851948,1,0,P17_only,0
Q12543775,0,1,P131_only,1
Q135830043,1,0,P17_only,0
Q42956199,1,0,P17_only,1
Q27356918,1,0,P17_only,0
Q30897575,1,1,P17+P131,0
Q56368799,1,1,P17+P131,1
Q16437665,0,1,P131_only,1
Q12570923,1,0,P17_only,1
Q27430747,1,0,P17_only,0
Q18401729,1,1,P17+P131,1
Q32187165,1,1,P17+P131,0
Q18407592,1,1,P17+P131,1
Q32199149,1,0,P17_only,0
Q4227252,1,1,P17+P131,1
Q27354879,1,0,P17_only,0
Q28667387,1,0,P17_only,1
Q4081225,1,1,P17+P131,1
Q27355127,1,0,P17_only,0
Q4235246,1,0,P17_only,0
Q16434039,1,0,P17_only,1
Q65268134,1,0,P17_only,0
Q27354751,1,0,P17_only,0
Q104921087,1,0,P17_only,0
Q136834914,1,1,P17+P131,0
Q27350642,1,1,P17+P131,1
Q135829741,1,0,P17_only,0
Q111297005,1,0,P17_only,0
Q12533065,1,0,P17_only,1
Q4505856,1,1,P17+P131,1
Q8134210,1,1,P17+P131,1
Q3661086,1,0,P17_only,0
Q120913130,1,0,P17_only,0
Q12565440,1,1,P17+P131,1
Q65043912,1,0,P17_only,0
Q12547704,1,0,P17_only,1
Q30973177,1,1,P17+P131,1
Q123363747,1,0,P17_only,0
Q30975238,1,1,P17+P131,1
Q70158455,1,0,P17_only,0
Q16431759,1,1,P17+P131,1
Q136090734,1,0,P17_only,0
Q12574085,1,0,P17_only,1
Q13648474,1,1,P17+P131,1
Q12527363,1,1,P17+P131,1
Q27430745,1,0,P17_only,0
Q2527561,1,0,P17_only,0
Q32178822,1,0,P17_only,0
Q7299510,1,1,P17+P131,1
Q12541965,1,1,P17+P131,1
Q32194681,1,0,P17_only,0
Q16689512,1,1,P17+P131,1
Q27357062,1,0,P17_only,0
Q23958871,1,0,P17_only,1
Q18170574,1,1,P17+P131,0
Q97664288,1,0,P17_only,0
Q11153541,1,1,P17+P131,1
Q13642353,0,1,P131_only,1
Q135829206,1,0,P17_only,0
Q12537131,1,1,P17+P131,1
Q12563075,1,1,P17+P131,1
Q137408935,1,0,P17_only,0
Q11860125,1,1,P17+P131,1
Q13648099,1,1,P17+P131,1
Q11980769,1,0,P17_only,0
Q126882434,1,0,P17_only,0
Q135829010,1,0,P17_only,0
Q4368218,1,1,P17+P131,0
Q111862443,1,0,P17_only,0
Q27431027,1,0,P17_only,0
Q116953065,1,0,P17_only,1
Q4227286,1,1,P17+P131,1
Q20098599,1,1,P17+P131,1
Q32203864,1,0,P17_only,0
Q16665316,1,1,P17+P131,0
Q66717339,1,0,P17_only,0
Q4223068,0,1,P131_only,0
Q16651162,1,1,P17+P131,1
Q27354514,1,0,P17_only,0
Q32182040,1,0,P17_only,0
Q20485816,1,0,P17_only,1
Q41509539,1,0,P17_only,0
Q135829967,1,0,P17_only,0
Q16431516,1,1,P17+P131,1
Q123694980,1,0,P17_only,0
Q12543637,0,1,P131_only,1
Q13359481,0,1,P131_only,1
Q1606498,1,1,P17+P131,1
Q12530239,1,1,P17+P131,1
Q32219572,1,0,P17_only,1
Q16704340,1,1,P17+P131,1
Q12543841,0,1,P131_only,1
Q12566165,1,1,P17+P131,1
Q2632006,1,0,P17_only,0
Q20984769,1,0,P17_only,0
Q135257356,1,0,P17_only,0
Q27354618,1,0,P17_only,0
Q28952483,0,1,P131_only,0
Q13664024,1,1,P17+P131,1
Q22203174,1,1,P17+P131,1
Q1734853,1,1,P17+P131,1
Q16434053,1,0,P17_only,1
Q27352824,1,0,P17_only,0
Q27430524,1,0,P17_only,0
Q12531261,1,0,P17_only,1
Q135828582,1,0,P17_only,0
Q20909383,1,0,P17_only,0
Q12682802,1,0,P17_only,0
Q20484074,1,0,P17_only,1
Q25495032,1,0,P17_only,1
Q16683069,1,1,P17+P131,1
Q135267743,1,1,P17+P131,0
Q13640751,1,1,P17+P131,1
Q12577470,1,0,P17_only,1
Q137527474,1,0,P17_only,0
Q66689608,1,0,P17_only,1
Q20098108,1,1,P17+P131,1
Q13664535,1,1,P17+P131,0
Q16272105,0,1,P131_only,1
Q27358254,1,0,P17_only,0
Q60289832,1,0,P17_only,0
Q123363688,1,0,P17_only,0
Q20462168,1,0,P17_only,0
Q16273788,1,1,P17+P131,1
Q11493395,1,1,P17+P131,1
Q2045975,1,0,P17_only,0
Q121784471,1,1,P17+P131,1
Q61366992,1,1,P17+P131,1
Q12543128,1,0,P17_only,1
Q4509498,1,1,P17+P131,1
Q12543097,1,0,P17_only,1
Q4178000,1,1,P17+P131,1
Q16431000,1,1,P17+P131,1
Q16433925,1,0,P17_only,1
Q112004049,1,0,P17_only,0
Q123363514,1,0,P17_only,0
Q16647778,1,0,P17_only,1
Q12550908,1,1,P17+P131,1
Q13641813,1,1,P17+P131,1
Q2380266,1,0,P17_only,0
Q30897520,1,1,P17+P131,0
Q16433412,1,0,P17_only,1
Q123363464,1,0,P17_only,0
Q32202658,1,0,P17_only,0
Q12577377,1,1,P17+P131,1
Q135829696,1,0,P17_only,0
Q20984768,1,0,P17_only,0
Q12647276,1,0,P17_only,1
Q20484976,1,0,P17_only,1
Q27350803,1,0,P17_only,1
Q30975078,1,1,P17+P131,1
Q16661807,1,1,P17+P131,1
Q67893077,1,0,P17_only,0
Q12543147,1,0,P17_only,1
Q12682439,1,0,P17_only,0
Q12576355,1,0,P17_only,1
Q13641792,1,1,P17+P131,1
Q13649789,1,1,P17+P131,1
Q20484915,1,0,P17_only,1
Q105110793,1,1,P17+P131,0
Q13643110,0,1,P131_only,1
Q20098105,1,1,P17+P131,1
Q56367288,1,1,P17+P131,1
Q16433539,1,0,P17_only,1
Q4199195,1,1,P17+P131,1
Q125252907,1,1,P17+P131,0
Q134580098,1,1,P17+P131,0
Q13643174,0,1,P131_only,1
Q65250893,1,0,P17_only,1
Q18396447,1,1,P17+P131,1
Q48999975,1,1,P17+P131,0
Q97165472,1,0,P17_only,0
Q16642807,0,1,P131_only,0
Q2652190,1,0,P17_only,0
Q12555709,1,1,P17+P131,1
Q13643029,0,1,P131_only,1
Q7424833,0,1,P131_only,1
Q11324040,1,1,P17+P131,1
Q4449170,1,1,P17+P131,1
Q13655705,1,1,P17+P131,1
Q16274534,1,1,P17+P131,1
Q16648896,1,1,P17+P131,1
Q112518818,1,0,P17_only,0
Q12577018,1,0,P17_only,1
Q97821246,1,0,P17_only,0
Q12533681,1,1,P17+P131,1
Q12560408,1,1,P17+P131,1
Q137551674,1,0,P17_only,0
Q16713327,1,1,P17+P131,1
Q17749592,1,1,P17+P131,1
Q12533396,1,0,P17_only,1
Q27354712,1,0,P17_only,0
Q13642136,1,1,P17+P131,1
Q16433316,1,0,P17_only,1
Q15845915,1,0,P17_only,1
Q27352771,0,1,P131_only,0
Q135828504,1,0,P17_only,0
Q27357033,1,0,P17_only,0
Q12577670,1,0,P17_only,1
Q12535013,1,0,P17_only,1
Q12565309,1,1,P17+P131,1
Q13359502,0,1,P131_only,1
Q27357932,1,0,P17_only,0
Q3959891,1,0,P17_only,0
Q4381524,1,0,P17_only,1
Q28671325,1,1,P17+P131,0
Q122731152,1,0,P17_only,0
Q13640636,0,1,P131_only,1
Q13649582,1,1,P17+P131,1
Q18400310,1,1,P17+P131,1
Q16431580,1,1,P17+P131,1
Q12544790,1,0,P17_only,1
Q13646934,1,1,P17+P131,1
Q15617741,1,1,P17+P131,1
Q116995187,1,1,P17+P131,0
Q25492916,1,0,P17_only,1
Q4255508,1,0,P17_only,1
Q27430906,1,0,P17_only,0
Q4412154,1,1,P17+P131,1
Q27357319,1,0,P17_only,0
Q16432354,1,1,P17+P131,1
Q108783928,1,1,P17+P131,0
Q4203114,1,1,P17+P131,1
Q12531706,1,1,P17+P131,1
Q12684487,1,0,P17_only,0
Q16272653,1,1,P17+P131,0
Q20098109,1,1,P17+P131,1
Q115936763,1,0,P17_only,0
Q17494777,1,1,P17+P131,1
Q56417153,1,1,P17+P131,0
Q16687643,1,1,P17+P131,0
Q32213086,1,0,P17_only,0
Q7497211,1,1,P17+P131,1
Q25763,1,0,P17_only,1
Q13646657,1,1,P17+P131,1
Q18407571,1,1,P17+P131,1
Q16274386,1,1,P17+P131,1
Q12537132,1,0,P17_only,1
Q27350836,1,0,P17_only,0
Q111297015,1,0,P17_only,0
Q27348254,1,0,P17_only,1
Q16715210,1,1,P17+P131,1
Q20098490,1,1,P17+P131,1
Q7499475,0,1,P131_only,0
Q63967713,1,0,P17_only,1
Q27357251,1,0,P17_only,0
Q4523674,1,1,P17+P131,1
Q139591502,1,1,P17+P131,0
Q12690385,1,0,P17_only,0
Q61367078,1,1,P17+P131,1
Q97162531,1,0,P17_only,0
Q136090940,1,0,P17_only,0
Q112157626,1,0,P17_only,0
Q20077468,1,1,P17+P131,1
Q27354896,1,0,P17_only,1
Q32201229,1,0,P17_only,0
Q24936180,1,0,P17_only,0
Q116371399,1,1,P17+P131,0
Q16273028,1,1,P17+P131,0
Q107711922,1,0,P17_only,1
Q62519323,1,0,P17_only,0
Q20098373,1,1,P17+P131,1
Q5424828,1,0,P17_only,1
Q16432686,1,0,P17_only,1
Q111585347,1,1,P17+P131,0
Q18407135,1,1,P17+P131,1
Q116142281,1,1,P17+P131,0
Q109241219,1,0,P17_only,0
Q12555416,1,1,P17+P131,1
Q27357695,1,0,P17_only,0
Q12569873,1,1,P17+P131,1
Q2726452,1,1,P17+P131,1
Q123363472,1,0,P17_only,0
Q18396381,1,1,P17+P131,1
Q64198949,1,0,P17_only,0
Q12252373,1,1,P17+P131,1
Q2374413,1,1,P17+P131,1
Q27357515,1,0,P17_only,0
Q135828536,1,0,P17_only,0
Q12570334,1,1,P17+P131,1
Q4178050,1,0,P17_only,1
Q32204631,1,0,P17_only,0
Q18400566,1,1,P17+P131,0
Q4506496,1,1,P17+P131,1
Q20486084,1,0,P17_only,1
Q27430723,1,0,P17_only,0
Q12555656,1,1,P17+P131,1
Q114364063,1,0,P17_only,0
Q16630566,0,1,P131_only,0
Q12551290,0,1,P131_only,1
Q16432198,1,1,P17+P131,1
Q31195510,1,1,P17+P131,1
Q93359852,1,1,P17+P131,1
Q16664373,1,1,P17+P131,1
Q16433995,1,0,P17_only,1
Q80240,1,1,P17+P131,1
Q23958842,1,1,P17+P131,1
Q12536420,1,1,P17+P131,1
Q27356945,1,0,P17_only,0
Q16431536,1,1,P17+P131,1
Q102426451,1,1,P17+P131,0
Q13652463,0,1,P131_only,1
Q612211,1,1,P17+P131,1
Q22328407,1,0,P17_only,0
Q31195838,1,1,P17+P131,0
Q13643135,0,1,P131_only,1
Q19917019,0,1,P131_only,0
Q7498210,0,1,P131_only,1
Q27348263,1,0,P17_only,0
Q18409128,1,1,P17+P131,1
Q16669518,1,1,P17+P131,1
Q4494091,1,1,P17+P131,1
Q12571586,1,0,P17_only,1
Q1010149,1,1,P17+P131,1
Q16656849,1,1,P17+P131,1
Q29573123,0,1,P131_only,0
Q13664888,1,1,P17+P131,1
Q16272207,0,1,P131_only,1
Q16433335,1,0,P17_only,1
Q56301820,1,0,P17_only,0
Q13416207,0,1,P131_only,1
Q19992225,0,1,P131_only,1
Q32212146,1,0,P17_only,0
Q20484930,1,0,P17_only,1
Q12546366,1,1,P17+P131,1
Q18401005,1,1,P17+P131,1
Q111297038,1,0,P17_only,0
Q12561210,1,0,P17_only,1
Q32171216,1,0,P17_only,1
Q12559345,1,1,P17+P131,1
Q2378055,1,1,P17+P131,1
Q4348949,1,0,P17_only,1
Q2399553,1,1,P17+P131,1
Q13651945,1,1,P17+P131,1
Q13653569,1,1,P17+P131,1
Q13643791,1,1,P17+P131,1
Q27430722,1,0,P17_only,0
Q65007107,1,0,P17_only,0
Q97162414,1,0,P17_only,0
Q16433034,1,0,P17_only,1
Q20451227,1,0,P17_only,0
Q61368590,1,1,P17+P131,1
Q123363638,1,0,P17_only,0
Q27357184,1,0,P17_only,0
Q110969620,1,0,P17_only,0
Q17494797,1,1,P17+P131,1
Q1384852,1,0,P17_only,1
Q27357666,1,1,P17+P131,0
Q30974408,1,1,P17+P131,1
Q135829143,1,0,P17_only,0
Q124479557,1,0,P17_only,0
Q25505507,1,1,P17+P131,1
Q16707073,1,1,P17+P131,0
Q30975033,1,1,P17+P131,1
Q12576196,1,0,P17_only,1
Q13652218,1,1,P17+P131,1
Q18712404,1,0,P17_only,1
Q65251276,1,0,P17_only,0
Q13645796,1,1,P17+P131,1
Q123363665,1,0,P17_only,0
Q123363555,1,0,P17_only,0
Q27357688,1,0,P17_only,0
Q20098136,1,1,P17+P131,1
Q16274112,1,1,P17+P131,0
Q16978366,1,1,P17+P131,0
Q19910772,0,1,P131_only,0
Q20484410,1,0,P17_only,1
Q13409279,0,1,P131_only,1
Q63591290,1,0,P17_only,0
Q27358000,1,0,P17_only,0
Q25505231,1,1,P17+P131,1
Q16272291,0,1,P131_only,1
Q4438467,1,1,P17+P131,1
Q4505861,1,1,P17+P131,1
Q83328,1,0,P17_only,1
Q2565681,1,1,P17+P131,1
Q4393623,1,1,P17+P131,1
Q12564733,1,0,P17_only,1
Q32216331,1,0,P17_only,0
Q120569663,1,0,P17_only,0
Q12015316,1,1,P17+P131,1
Q13651893,1,1,P17+P131,1
Q16695873,1,1,P17+P131,1
Q8134201,1,1,P17+P131,1
Q12556217,1,0,P17_only,1
Q32188352,1,0,P17_only,1
Q105834590,1,0,P17_only,0
Q15803828,1,0,P17_only,0
Q12532984,1,0,P17_only,1
Q27430970,1,0,P17_only,0
Q12573149,1,0,P17_only,1
Q13666727,1,1,P17+P131,1
Q13664370,1,1,P17+P131,1
Q138042470,1,0,P17_only,0
Q32170862,1,0,P17_only,0
Q16679059,1,1,P17+P131,0
Q13664300,1,1,P17+P131,1
Q180361,1,0,P17_only,1
Q27430708,1,0,P17_only,0
Q139791997,1,0,P17_only,0
Q12534976,1,1,P17+P131,1
Q12555713,1,0,P17_only,1
Q18408952,1,1,P17+P131,1
Q108789708,1,1,P17+P131,0
Q45728500,1,0,P17_only,0
Q32184641,1,0,P17_only,0
Q16273384,1,1,P17+P131,1
Q65264152,1,0,P17_only,0
Q13649056,1,1,P17+P131,1
Q26160845,1,1,P17+P131,1
Q12532182,1,0,P17_only,1
Q12561235,1,1,P17+P131,1
Q13648245,1,1,P17+P131,1
Q32187368,1,0,P17_only,0
Q32194727,1,0,P17_only,0
Q16661888,1,1,P17+P131,1
Q13643537,1,1,P17+P131,1
Q12543969,0,1,P131_only,1
Q16722375,1,1,P17+P131,1
Q30892721,1,0,P17_only,0
Q12563623,1,1,P17+P131,1
Q2702087,1,0,P17_only,0
Q18396474,1,1,P17+P131,1
Q135829123,1,0,P17_only,0
Q7498242,0,1,P131_only,1
Q27430562,1,0,P17_only,0
Q25481783,1,0,P17_only,1
Q27350613,1,0,P17_only,0
Q32186635,1,1,P17+P131,0
Q135828949,1,0,P17_only,0
Q27355004,1,1,P17+P131,0
Q27353951,1,0,P17_only,0
Q27430882,1,0,P17_only,0
Q16715307,1,1,P17+P131,1
Q20458726,1,0,P17_only,0
Q27430540,1,0,P17_only,0
Q12555401,1,1,P17+P131,1
Q135829480,1,0,P17_only,0
Q27358260,1,0,P17_only,0
Q63401792,1,0,P17_only,0
Q97166399,1,1,P17+P131,0
Q97316118,1,0,P17_only,0
Q57733814,1,0,P17_only,0
Q752122,1,1,P17+P131,1
Q16669484,1,1,P17+P131,1
Q12576908,1,0,P17_only,1
Q16693803,1,1,P17+P131,1
Q32186164,1,0,P17_only,0
Q12701540,1,1,P17+P131,0
Q12552765,1,0,P17_only,1
Q4178066,1,1,P17+P131,1
Q98073063,0,1,P131_only,1
Q2379721,1,1,P17+P131,1
Q30969500,1,1,P17+P131,1
Q123363804,1,0,P17_only,0
Q12542881,1,0,P17_only,1
Q13640952,1,1,P17+P131,1
Q12531385,1,0,P17_only,1
Q16272112,0,1,P131_only,1
Q2321988,1,1,P17+P131,1
Q12536879,1,0,P17_only,1
Q12550893,1,0,P17_only,1
Q27351720,1,0,P17_only,0
Q2622888,1,0,P17_only,0
Q27430615,1,0,P17_only,0
Q12531677,1,0,P17_only,1
Q48940791,1,0,P17_only,1
Q28651267,1,0,P17_only,0
Q15617569,1,1,P17+P131,1
Q12526036,1,0,P17_only,1
Q136090962,1,0,P17_only,0
Q20485975,1,0,P17_only,1
Q12576936,1,0,P17_only,1
Q28668658,0,1,P131_only,1
Q13641951,1,1,P17+P131,1
Q123225291,1,0,P17_only,0
Q16709315,1,1,P17+P131,1
Q12669858,1,0,P17_only,0
Q12528100,1,0,P17_only,1
Q64171632,1,0,P17_only,0
Q27430729,1,0,P17_only,0
Q13651592,1,1,P17+P131,1
Q56367650,1,1,P17+P131,1
Q32186570,1,1,P17+P131,1
Q99429595,0,1,P131_only,0
Q27354796,1,0,P17_only,0
Q105608813,1,0,P17_only,0
Q141105272,1,1,P17+P131,0
Q20484684,1,0,P17_only,1
Q18396407,1,1,P17+P131,1
Q13664558,1,1,P17+P131,1
Q12571121,1,1,P17+P131,1
Q16274522,1,1,P17+P131,1
Q32201607,1,0,P17_only,0
Q27358004,1,0,P17_only,0
Q12562708,1,1,P17+P131,1
Q16434178,1,0,P17_only,1
Q54503615,0,1,P131_only,0
Q135829614,1,0,P17_only,0
Q16717756,1,1,P17+P131,1
Q12545466,1,0,P17_only,1
Q12545268,1,0,P17_only,1
Q13646181,1,1,P17+P131,1
Q136085167,1,0,P17_only,0
Q32195537,1,0,P17_only,0
Q27354911,1,0,P17_only,0
Q32205314,1,0,P17_only,0
Q16433046,1,0,P17_only,1
Q27351875,1,0,P17_only,0
Q12545299,1,0,P17_only,1
Q32197697,1,1,P17+P131,0
Q64196122,1,0,P17_only,1
Q12564758,1,0,P17_only,1
Q16715315,1,1,P17+P131,0
Q24185058,1,0,P17_only,0
Q16651351,1,1,P17+P131,1
Q27657921,1,0,P17_only,0
Q16692085,1,1,P17+P131,1
Q55657926,1,0,P17_only,1
Q12551949,0,1,P131_only,1
Q6380830,1,0,P17_only,0
Q16698819,1,1,P17+P131,0
Q1315249,1,1,P17+P131,1
Q32218909,1,1,P17+P131,0
Q4506372,1,1,P17+P131,0
Q27431020,1,0,P17_only,0
Q7498851,0,1,P131_only,1
Q720411,1,1,P17+P131,1
Q12550346,1,0,P17_only,1
Q689090,1,0,P17_only,0
Q12550272,1,0,P17_only,1
Q16692700,1,1,P17+P131,1
Q16698967,1,1,P17+P131,1
Q20484285,1,0,P17_only,1
Q114436036,1,1,P17+P131,0
Q12546578,1,0,P17_only,1
Q32215216,1,0,P17_only,0
Q12573798,1,0,P17_only,1
Q32217593,1,0,P17_only,0
Q13648629,1,1,P17+P131,1
Q32213552,1,0,P17_only,0
Q12566148,1,1,P17+P131,1
Q32216399,1,0,P17_only,1
Q27356904,1,0,P17_only,0
Q21769847,1,0,P17_only,0
Q16653335,1,1,P17+P131,0
Q12535014,1,0,P17_only,1
Q135829778,1,0,P17_only,0
Q1740418,1,0,P17_only,1
Q12578787,1,1,P17+P131,1
Q13652826,0,1,P131_only,1
Q115988085,1,0,P17_only,0
Q12576437,1,1,P17+P131,1
Q18401758,1,1,P17+P131,1
Q27350874,1,0,P17_only,0
Q25507229,1,0,P17_only,1
Q20098991,1,1,P17+P131,1
Q16708862,1,1,P17+P131,1
Q12528060,1,1,P17+P131,1
Q129880758,1,0,P17_only,1
Q25509023,1,1,P17+P131,1
Q13359519,0,1,P131_only,1
Q2565577,1,1,P17+P131,1
Q28671302,1,0,P17_only,0
Q116729760,1,0,P17_only,0
Q16700599,1,1,P17+P131,1
Q86686181,1,0,P17_only,0
Q115254587,1,0,P17_only,1
Q18398701,1,1,P17+P131,0
Q32189154,1,0,P17_only,0
Q16686012,1,1,P17+P131,1
Q67893176,1,0,P17_only,0
Q16673211,1,1,P17+P131,1
Q4174448,1,1,P17+P131,1
Q32194665,1,1,P17+P131,0
Q55097193,0,1,P131_only,0
Q15617571,1,1,P17+P131,1
Q32174965,1,0,P17_only,0
Q12566563,1,1,P17+P131,1
Q12549702,1,0,P17_only,1
Q12547709,1,0,P17_only,1
Q12552972,1,1,P17+P131,1
Q55528457,1,1,P17+P131,0
Q4620270,1,1,P17+P131,0
Q13656060,1,1,P17+P131,1
Q16432340,1,0,P17_only,1
Q86092077,1,0,P17_only,0
Q25505423,1,1,P17+P131,1
Q16702087,1,1,P17+P131,1
Q20098151,1,1,P17+P131,1
Q4452344,1,1,P17+P131,1
Q11324536,1,1,P17+P131,1
Q13643819,1,1,P17+P131,1
Q16273143,1,1,P17+P131,1
Q32202074,1,0,P17_only,0
Q12574609,1,0,P17_only,1
Q12551463,0,1,P131_only,1
Q27352659,0,1,P131_only,1
Q138637459,1,0,P17_only,1
Q117321993,1,0,P17_only,1
Q12528463,1,1,P17+P131,1
Q97359015,1,0,P17_only,0
Q135829858,1,0,P17_only,0
Q13645656,1,1,P17+P131,1
Q27350646,1,0,P17_only,0
Q4217988,1,1,P17+P131,1
Q35359433,1,0,P17_only,0
Q16715303,1,1,P17+P131,1
Q20098598,1,1,P17+P131,1
Q130271364,1,1,P17+P131,0
Q43304699,1,0,P17_only,0
Q4469921,1,1,P17+P131,1
Q27350684,1,0,P17_only,1
Q6380807,1,0,P17_only,0
Q12544088,0,1,P131_only,1
Q61368626,1,1,P17+P131,1
Q16431451,1,1,P17+P131,1
Q112654969,0,1,P131_only,0
Q16272227,0,1,P131_only,0
Q32201125,1,0,P17_only,0
Q20486135,1,0,P17_only,1
Q16431941,1,0,P17_only,1
Q16434650,1,0,P17_only,1
Q13653577,1,1,P17+P131,1
Q27354733,1,0,P17_only,0
Q55833221,1,0,P17_only,1
Q1020484,1,1,P17+P131,1
Q18396008,1,0,P17_only,0
Q123363521,1,0,P17_only,0
Q13552092,0,1,P131_only,1
Q16656775,1,1,P17+P131,1
Q4341877,1,1,P17+P131,1
Q55659124,1,0,P17_only,0
Q123225013,1,0,P17_only,0
Q111862441,1,0,P17_only,0
Q12572236,1,1,P17+P131,1
Q112004022,1,0,P17_only,0
Q20485808,1,0,P17_only,1
Q12546804,1,1,P17+P131,1
Q55386386,0,1,P131_only,0
Q7498988,0,1,P131_only,1
Q65262958,1,0,P17_only,0
Q12528510,1,0,P17_only,1
Q12528644,1,0,P17_only,1
Q16699981,1,1,P17+P131,0
Q32188895,1,0,P17_only,0
Q123363854,1,0,P17_only,0
Q13220412,0,1,P131_only,1
Q25387189,1,1,P17+P131,1
Q12579048,1,0,P17_only,1
Q27351749,1,0,P17_only,0
Q64199518,1,0,P17_only,1
Q16657196,1,1,P17+P131,1
Q18399871,1,0,P17_only,0
Q16682803,1,1,P17+P131,1
Q16647783,1,1,P17+P131,1
Q13646362,1,1,P17+P131,1
Q96398784,1,0,P17_only,0
Q20484414,1,0,P17_only,1
Q4881566,1,0,P17_only,1
Q22202811,1,1,P17+P131,1
Q27351110,1,0,P17_only,0
Q13640926,1,1,P17+P131,1
Q135828603,1,0,P17_only,0
Q16433177,1,1,P17+P131,1
Q65251624,1,0,P17_only,1
Q63600294,1,0,P17_only,0
Q16707098,1,1,P17+P131,1
Q6380924,1,1,P17+P131,1
Q27354894,1,0,P17_only,0
Q16690851,1,1,P17+P131,1
Q135829805,1,0,P17_only,0
Q27348140,1,0,P17_only,0
Q27350651,1,0,P17_only,0
Q20486259,1,0,P17_only,1
Q1631044,1,0,P17_only,0
Q16652325,1,1,P17+P131,1
Q13651718,1,1,P17+P131,1
Q30969606,1,1,P17+P131,1
Q28648965,1,1,P17+P131,0
Q12567348,1,1,P17+P131,1
Q23958926,1,0,P17_only,1
Q112654966,0,1,P131_only,0
Q18408125,1,1,P17+P131,1
Q20464768,1,0,P17_only,0
Q16434029,1,0,P17_only,1
Q27357433,1,0,P17_only,0
Q32218736,1,0,P17_only,0
Q728802,1,0,P17_only,0
Q135829040,1,0,P17_only,0
Q85756325,1,0,P17_only,0
Q27354893,1,0,P17_only,0
Q924026,0,1,P131_only,1
Q4362532,1,1,P17+P131,1
Q16704583,1,1,P17+P131,1
Q27355121,1,0,P17_only,0
Q12537477,1,0,P17_only,1
Q12543003,1,0,P17_only,1
Q488578,1,0,P17_only,1
Q12530172,1,0,P17_only,1
Q124331164,1,1,P17+P131,1
Q16433637,1,1,P17+P131,1
Q55657980,1,0,P17_only,0
Q16700803,1,1,P17+P131,1
Q123363627,1,0,P17_only,0
Q65535894,1,0,P17_only,0
Q97291379,1,1,P17+P131,1
Q13648513,1,1,P17+P131,1
Q19613376,0,1,P131_only,0
Q32216471,1,1,P17+P131,0
Q25390884,1,1,P17+P131,0
Q17562738,1,1,P17+P131,1
Q1752240,1,0,P17_only,1
Q12563552,1,1,P17+P131,1
Q2422636,1,1,P17+P131,1
Q13640953,1,1,P17+P131,1
Q20454425,1,0,P17_only,0
Q23709739,1,0,P17_only,0
Q4093446,1,1,P17+P131,1
Q3180939,1,1,P17+P131,1
Q13652214,1,1,P17+P131,1
Q13651649,1,1,P17+P131,1
Q12543123,1,0,P17_only,1
Q689831,1,0,P17_only,1
Q12548560,1,0,P17_only,1
Q56368456,1,1,P17+P131,1
Q96405393,1,0,P17_only,0
Q123363861,1,0,P17_only,0
Q12528918,1,1,P17+P131,1
Q32218859,1,0,P17_only,1
Q12550958,1,0,P17_only,1
Q56368736,1,1,P17+P131,1
Q13550814,0,1,P131_only,1
Q65251310,1,0,P17_only,1
Q13647853,1,1,P17+P131,1
Q13655903,1,1,P17+P131,1
Q2550775,1,1,P17+P131,1
Q16699332,1,1,P17+P131,1
Q16433327,1,0,P17_only,1
Q123313931,1,0,P17_only,0
Q13648483,1,1,P17+P131,1
Q12570132,1,1,P17+P131,1
Q27354920,1,0,P17_only,0
Q420594,1,0,P17_only,1
Q12574898,1,0,P17_only,1
Q13665130,1,1,P17+P131,1
Q17562695,1,1,P17+P131,1
Q11722322,1,1,P17+P131,1
Q56367043,1,1,P17+P131,1
Q32205798,1,0,P17_only,0
Q32188914,1,0,P17_only,0
Q16432236,1,0,P17_only,1
Q12577603,1,1,P17+P131,1
Q16434712,1,1,P17+P131,1
Q26877833,1,0,P17_only,1
Q112537478,1,0,P17_only,0
Q74284835,1,0,P17_only,0
Q12574157,1,0,P17_only,1
Q126306457,1,0,P17_only,0
Q27354721,1,0,P17_only,0
Q12548640,1,0,P17_only,1
Q62050311,1,0,P17_only,0
Q3952259,1,0,P17_only,0
Q28520307,1,1,P17+P131,0
Q20098405,1,1,P17+P131,1
Q16432938,1,1,P17+P131,1
Q32216801,1,0,P17_only,0
Q20098256,1,1,P17+P131,1
Q27350614,1,0,P17_only,0
Q12531858,1,0,P17_only,1
Q32206235,1,1,P17+P131,0
Q118352576,1,0,P17_only,0
Q32177879,1,0,P17_only,0
Q496442,1,1,P17+P131,1
Q16699093,1,1,P17+P131,1
Q12545817,1,1,P17+P131,1
Q27352828,1,0,P17_only,0
Q13408434,0,1,P131_only,1
Q115865440,1,0,P17_only,0
Q97678534,1,0,P17_only,0
Q20485026,1,0,P17_only,1
Q609635,1,0,P17_only,1
Q31195454,1,0,P17_only,1
Q27354903,1,0,P17_only,0
Q27356973,1,0,P17_only,0
Q12569729,1,1,P17+P131,1
Q32188013,1,0,P17_only,0
Q66081689,1,0,P17_only,0
Q13664323,1,1,P17+P131,1
Q12570415,1,0,P17_only,1
Q32216387,1,0,P17_only,0
Q27353879,1,0,P17_only,0
Q56271620,1,1,P17+P131,0
Q539597,1,0,P17_only,1
Q12545102,1,0,P17_only,1
Q17494830,1,1,P17+P131,1
Q18408775,1,1,P17+P131,1
Q4284469,1,1,P17+P131,1
Q13643249,1,1,P17+P131,1
Q48851369,1,0,P17_only,0
Q13651995,1,1,P17+P131,1
Q13419989,0,1,P131_only,1
Q111115742,1,0,P17_only,0
Q1274169,1,0,P17_only,1
Q134520027,1,0,P17_only,0
Q1737541,1,0,P17_only,0
Q16719370,1,1,P17+P131,1
Q650715,1,1,P17+P131,1
Q65255214,1,0,P17_only,1
Q47045245,1,1,P17+P131,0
Q135828956,1,0,P17_only,0
Q27430952,1,0,P17_only,0
Q10862377,1,1,P17+P131,1
Q13646033,1,1,P17+P131,1
Q2582753,1,1,P17+P131,1
Q18409455,1,1,P17+P131,1
Q16723945,1,1,P17+P131,0
Q4056873,1,0,P17_only,1
Q7497813,0,1,P131_only,1
Q14638329,1,0,P17_only,0
Q135829721,1,0,P17_only,0
Q13664477,1,1,P17+P131,0
Q27353862,1,0,P17_only,0
Q12551014,1,0,P17_only,1
Q753744,1,1,P17+P131,1
Q16694907,1,1,P17+P131,1
Q12557393,1,0,P17_only,1
Q13646670,1,1,P17+P131,1
Q56701920,1,0,P17_only,0
Q16631719,0,1,P131_only,1
Q1423553,1,0,P17_only,0
Q12576244,1,0,P17_only,1
Q56366894,1,1,P17+P131,1
Q56367354,1,1,P17+P131,1
Q12541985,1,0,P17_only,1
Q13664043,1,1,P17+P131,1
Q27430706,1,0,P17_only,0
Q61367047,1,1,P17+P131,1
Q121093006,1,0,P17_only,1
Q25420133,1,1,P17+P131,1
Q55280581,0,1,P131_only,0
Q4292355,1,1,P17+P131,1
Q12554065,1,1,P17+P131,1
Q135828652,1,0,P17_only,0
Q12571237,1,1,P17+P131,1
Q12570821,1,0,P17_only,1
Q13640755,1,1,P17+P131,1
Q12553194,1,0,P17_only,1
Q18399593,1,1,P17+P131,1
Q20098241,1,1,P17+P131,1
Q32217817,1,1,P17+P131,0
Q12531273,1,0,P17_only,1
Q2363611,1,0,P17_only,0
Q138300169,1,0,P17_only,0
Q12532256,1,0,P17_only,1
Q18400456,1,1,P17+P131,1
Q125252865,1,0,P17_only,0
Q127788542,1,0,P17_only,0
Q16661637,1,1,P17+P131,1
Q619735,1,1,P17+P131,0
Q20757741,1,0,P17_only,0
Q18398753,1,1,P17+P131,1
Q12545194,1,0,P17_only,1
Q20458175,1,0,P17_only,0
Q125611839,1,0,P17_only,0
Q18408988,1,1,P17+P131,1
Q20098517,1,1,P17+P131,1
Q109977987,1,1,P17+P131,1
Q16716194,1,1,P17+P131,1
Q32192856,1,1,P17+P131,0
Q16641370,0,1,P131_only,0
Q7497771,0,1,P131_only,1
Q32213874,1,0,P17_only,1
Q20978062,1,0,P17_only,0
Q13641960,1,1,P17+P131,1
Q139613012,1,0,P17_only,0
Q13643022,0,1,P131_only,1
Q10858629,1,0,P17_only,1
Q16274417,1,1,P17+P131,1
Q16690858,1,1,P17+P131,1
Q3502530,1,0,P17_only,0
Q16274454,1,1,P17+P131,1
Q12549612,1,1,P17+P131,1
Q16669730,1,1,P17+P131,1
Q16432704,1,1,P17+P131,1
Q54945909,1,0,P17_only,0
Q16689566,1,1,P17+P131,1
Q12578825,1,0,P17_only,1
Q20486197,1,0,P17_only,1
Q12527077,1,1,P17+P131,1
Q135828681,1,0,P17_only,0
Q13652362,0,1,P131_only,1
Q1734779,1,0,P17_only,0
Q18400190,1,1,P17+P131,1
Q743161,1,0,P17_only,0
Q45716,1,1,P17+P131,1
Q56102807,1,0,P17_only,0
Q12528960,1,0,P17_only,1
Q32175784,1,1,P17+P131,0
Q16679235,1,1,P17+P131,1
Q27354131,1,0,P17_only,1
Q108533789,1,0,P17_only,0
Q111862440,1,0,P17_only,0
Q135830013,1,0,P17_only,0
Q13645940,1,1,P17+P131,1
Q13641888,1,1,P17+P131,1
Q12550907,1,0,P17_only,1
Q137645116,1,0,P17_only,0
Q16274520,1,1,P17+P131,1
Q16431861,1,0,P17_only,1
Q6404136,1,0,P17_only,0
Q16686324,1,1,P17+P131,1
Q129880623,1,1,P17+P131,1
Q138460413,1,0,P17_only,0
Q27430852,1,0,P17_only,0
Q1364338,1,1,P17+P131,1
Q19917322,0,1,P131_only,0
Q27357320,1,1,P17+P131,0
Q27350604,1,0,P17_only,0
Q12576166,1,1,P17+P131,1
Q13648015,1,1,P17+P131,1
Q720982,1,0,P17_only,1
Q139900227,1,1,P17+P131,0
Q63580184,1,0,P17_only,0
Q32217370,1,0,P17_only,0
Q48618807,1,0,P17_only,0
Q13643419,1,1,P17+P131,1
Q16434736,1,0,P17_only,1
Q30972181,1,1,P17+P131,1
Q16272615,1,1,P17+P131,1
Q2480896,1,0,P17_only,0
Q62087367,1,0,P17_only,0
Q16706541,1,1,P17+P131,1
Q65200370,1,0,P17_only,0
Q12531028,1,1,P17+P131,1
Q16646101,1,1,P17+P131,1
Q27430731,1,0,P17_only,0
Q12547712,1,0,P17_only,1
Q16432857,1,0,P17_only,1
Q16273023,1,1,P17+P131,1
Q2565597,1,1,P17+P131,1
Q30973018,1,1,P17+P131,1
Q97616197,1,0,P17_only,0
Q13643592,1,1,P17+P131,1
Q129880646,1,0,P17_only,1
Q4605790,1,1,P17+P131,0
Q13643798,1,1,P17+P131,1
Q17531697,1,1,P17+P131,1
Q13663999,1,1,P17+P131,1
Q13664192,1,1,P17+P131,1
Q13100414,1,0,P17_only,1
Q27348088,1,1,P17+P131,1
Q20485719,1,0,P17_only,1
Q12542630,1,0,P17_only,1
Q13645648,1,1,P17+P131,1
Q12578921,1,0,P17_only,1
Q16669491,1,1,P17+P131,0
Q16432405,1,1,P17+P131,1
Q13403971,0,1,P131_only,1
Q12527274,1,1,P17+P131,1
Q15918929,1,1,P17+P131,1
Q17532529,1,1,P17+P131,1
Q13107603,1,1,P17+P131,1
Q27357059,1,0,P17_only,0
Q27354980,1,0,P17_only,0
Q123363578,1,0,P17_only,0
Q16676996,1,1,P17+P131,1
Q32477607,1,0,P17_only,0
Q18400704,1,1,P17+P131,1
Q32216653,1,0,P17_only,0
Q11860015,1,1,P17+P131,1
Q12542882,1,1,P17+P131,1
Q18405409,1,1,P17+P131,1
Q124221830,1,0,P17_only,0
Q20098124,1,1,P17+P131,1
Q32211213,1,0,P17_only,1
Q12541836,0,1,P131_only,1
Q12532976,1,0,P17_only,1
Q61368067,1,1,P17+P131,1
Q13641825,1,1,P17+P131,1
Q13640881,1,1,P17+P131,1
Q18286025,1,0,P17_only,0
Q75251,1,1,P17+P131,1
Q27430822,1,1,P17+P131,0
Q16686904,1,1,P17+P131,1
Q12532660,1,0,P17_only,1
Q55658407,1,0,P17_only,0
Q32178239,1,0,P17_only,0
Q110259724,1,1,P17+P131,0
Q112654975,0,1,P131_only,0
Q13642386,0,1,P131_only,1
Q56304868,1,0,P17_only,0
Q13641862,1,1,P17+P131,1
Q65258292,1,0,P17_only,0
Q9148972,1,1,P17+P131,1
Q12570859,1,0,P17_only,1
Q25506580,1,0,P17_only,1
Q13664374,1,1,P17+P131,1
Q135828666,1,0,P17_only,0
Q30261360,0,1,P131_only,0
Q16694431,1,1,P17+P131,1
Q68036743,1,0,P17_only,0
Q60852629,1,0,P17_only,0
Q12558252,1,1,P17+P131,1
Q12685819,1,0,P17_only,0
Q135829743,1,0,P17_only,0
Q56367261,1,1,P17+P131,1
Q4465836,1,1,P17+P131,1
Q27351028,1,0,P17_only,0
Q3853515,1,0,P17_only,1
Q12543113,1,0,P17_only,1
Q31195742,1,1,P17+P131,1
Q4651742,1,0,P17_only,0
Q32215124,1,0,P17_only,0
Q12575858,1,1,P17+P131,1
Q20098178,1,1,P17+P131,1
Q30893224,1,0,P17_only,0
Q12561764,1,1,P17+P131,1
Q21662257,1,1,P17+P131,1
Q25513193,1,1,P17+P131,1
Q10844811,1,1,P17+P131,1
Q12552717,1,1,P17+P131,1
Q20486296,1,0,P17_only,1
Q18399934,1,1,P17+P131,0
Q12549268,1,0,P17_only,1
Q12553113,1,0,P17_only,1
Q32171964,1,0,P17_only,0
Q12575771,1,0,P17_only,1
Q3403059,1,1,P17+P131,1
Q32207195,0,1,P131_only,0
Q135828798,1,0,P17_only,0
Q16273820,1,1,P17+P131,1
Q12574616,1,1,P17+P131,1
Q16692227,1,1,P17+P131,1
Q19615374,0,1,P131_only,0
Q55657887,1,0,P17_only,0
Q43304709,1,0,P17_only,0
Q16720236,1,1,P17+P131,1
Q18396450,1,1,P17+P131,1
Q18343407,1,1,P17+P131,1
Q13648738,1,1,P17+P131,1
Q15918855,1,1,P17+P131,1
Q55835052,1,0,P17_only,1
Q108533878,1,0,P17_only,0
Q12553646,1,0,P17_only,1
Q16433961,1,1,P17+P131,1
Q16432794,1,0,P17_only,1
Q16434542,1,0,P17_only,1
Q18406988,1,1,P17+P131,1
Q27350652,1,1,P17+P131,0
Q12528538,1,0,P17_only,1
Q16274318,1,1,P17+P131,1
Q27354858,1,0,P17_only,0
Q13646538,1,1,P17+P131,1
Q135829001,1,0,P17_only,0
Q32211800,1,1,P17+P131,1
Q12528459,1,0,P17_only,1
Q19915667,0,1,P131_only,0
Q427677,1,1,P17+P131,1
Q16431696,1,0,P17_only,1
Q27354676,1,0,P17_only,0
Q1235605,1,1,P17+P131,1
Q16677529,1,1,P17+P131,1
Q65926071,1,1,P17+P131,0
Q56367463,1,1,P17+P131,1
Q12548787,1,1,P17+P131,1
Q7699785,1,1,P17+P131,0
Q16679818,1,1,P17+P131,0
Q63667171,1,1,P17+P131,0
Q25505035,1,0,P17_only,1
Q16691554,1,1,P17+P131,1
Q4062764,1,1,P17+P131,1
Q15617654,1,1,P17+P131,1
Q12561918,1,0,P17_only,1
Q106536161,1,1,P17+P131,0
Q32215862,1,0,P17_only,0
Q12527993,1,0,P17_only,1
Q12574261,1,0,P17_only,1
Q32184025,1,0,P17_only,0
Q3900620,1,1,P17+P131,1
Q32213910,1,1,P17+P131,0
Q13648697,1,1,P17+P131,1
Q32204931,1,0,P17_only,0
Q12529605,1,0,P17_only,1
Q13651830,1,1,P17+P131,1
Q135829932,1,0,P17_only,0
Q12542410,1,0,P17_only,1
Q66075702,1,0,P17_only,0
Q27351769,1,0,P17_only,0
Q129880787,1,1,P17+P131,1
Q32204227,1,0,P17_only,0
Q15617670,1,1,P17+P131,1
Q65253967,1,0,P17_only,0
Q4282692,1,1,P17+P131,1
Q32192769,1,0,P17_only,1
Q98000223,1,0,P17_only,0
Q16661617,1,1,P17+P131,1
Q16432134,1,0,P17_only,1
Q25507602,1,0,P17_only,1
Q13641786,1,1,P17+P131,1
Q20485012,1,0,P17_only,1
Q20098118,1,1,P17+P131,1
Q27357778,1,0,P17_only,0
Q4165251,1,1,P17+P131,1
Q20098139,1,1,P17+P131,1
Q27357553,1,0,P17_only,0
Q18402062,1,1,P17+P131,1
Q16709494,1,1,P17+P131,1
Q111862435,1,0,P17_only,0
Q1134399,1,0,P17_only,0
Q16432613,1,0,P17_only,1
Q16692657,1,1,P17+P131,1
Q32206686,1,0,P17_only,0
Q56642215,1,0,P17_only,0
Q109769287,1,0,P17_only,0
Q130882731,1,0,P17_only,0
Q12029781,1,0,P17_only,0
Q20486087,1,0,P17_only,1
Q12572949,1,0,P17_only,1
Q4071156,1,0,P17_only,1
Q12576795,1,0,P17_only,1
Q120535335,1,0,P17_only,0
Q16718609,1,0,P17_only,1
Q30969630,1,1,P17+P131,0
Q61366399,1,1,P17+P131,1
Q135828897,1,0,P17_only,0
Q111297021,1,0,P17_only,0
Q1454511,1,1,P17+P131,1
Q97616280,1,0,P17_only,0
Q32191571,1,1,P17+P131,0
Q32206625,1,0,P17_only,0
Q32202745,1,0,P17_only,0
Q12531794,1,0,P17_only,1
Q1075062,1,0,P17_only,0
Q123363506,1,0,P17_only,0
Q13646536,1,1,P17+P131,1
Q16682665,1,1,P17+P131,1
Q32198392,1,0,P17_only,0
Q12562263,1,1,P17+P131,1
Q65256524,1,0,P17_only,0
Q56367252,1,1,P17+P131,1
Q16433063,1,0,P17_only,1
Q27357833,1,0,P17_only,0
Q447047,1,1,P17+P131,1
Q97274797,1,1,P17+P131,0
Q15918872,1,1,P17+P131,1
Q4377713,1,1,P17+P131,1
Q18407343,1,1,P17+P131,1
Q126726562,1,0,P17_only,0
Q111655198,1,0,P17_only,0
Q32215805,1,0,P17_only,0
Q13664242,1,1,P17+P131,1
Q16719180,1,1,P17+P131,1
Q16433663,1,0,P17_only,1
Q12529963,1,0,P17_only,1
Q13642042,1,1,P17+P131,1
Q3722834,1,0,P17_only,1
Q4506303,1,1,P17+P131,1
Q30592008,1,0,P17_only,0
Q56367206,1,1,P17+P131,1
Q114976075,1,0,P17_only,1
Q25502804,1,0,P17_only,1
Q30973271,1,1,P17+P131,1
Q4506349,1,1,P17+P131,1
Q25386261,1,0,P17_only,0
Q27430804,1,0,P17_only,0
Q20098454,1,1,P17+P131,1
Q4208105,1,1,P17+P131,1
Q32191994,1,0,P17_only,1
Q64173615,1,0,P17_only,0
Q12563323,1,1,P17+P131,1
Q12576791,1,1,P17+P131,1
Q65262961,1,0,P17_only,0
Q16663225,1,1,P17+P131,1
Q140221714,1,0,P17_only,0
Q83284331,1,0,P17_only,0
Q12567708,1,1,P17+P131,1
Q27357653,1,0,P17_only,0
Q12529007,1,1,P17+P131,1
Q32215038,1,0,P17_only,0
Q27430898,1,0,P17_only,0
Q16718037,1,1,P17+P131,1
Q12556433,1,1,P17+P131,1
Q19614078,0,1,P131_only,1
Q25110650,1,0,P17_only,0
Q12711843,1,1,P17+P131,1
Q12531263,1,0,P17_only,1
Q20098668,1,1,P17+P131,1
Q17494739,1,1,P17+P131,1
Q108533882,1,0,P17_only,0
Q27357738,1,0,P17_only,0
Q13646557,1,1,P17+P131,1
Q56368806,1,1,P17+P131,1
Q27350664,1,0,P17_only,0
Q4049268,1,0,P17_only,0
Q16432169,1,0,P17_only,1
Q16533187,0,1,P131_only,1
Q4069428,1,0,P17_only,1
Q12547592,1,0,P17_only,1
Q16706983,1,1,P17+P131,1
Q13643138,0,1,P131_only,1
Q125122525,1,1,P17+P131,0
Q2550333,1,1,P17+P131,1
Q61885034,1,1,P17+P131,0
Q16681878,1,1,P17+P131,1
Q16691523,1,1,P17+P131,1
Q32171646,1,0,P17_only,0
Q12572322,1,0,P17_only,1
Q112654971,0,1,P131_only,0
Q125145873,1,0,P17_only,1
Q4381141,1,1,P17+P131,1
Q13648924,1,1,P17+P131,1
Q86683940,1,0,P17_only,0
Q12573640,1,1,P17+P131,1
Q13641680,1,1,P17+P131,1
Q12546101,1,1,P17+P131,1
Q135829483,1,0,P17_only,0
Q136090958,1,0,P17_only,0
Q16432619,1,0,P17_only,1
Q16681462,1,1,P17+P131,0
Q135828773,1,0,P17_only,0
Q12570030,1,0,P17_only,1
Q12561323,1,0,P17_only,1
Q13652664,0,1,P131_only,1
Q31193862,1,1,P17+P131,1
Q16665075,1,1,P17+P131,1
Q13359482,0,1,P131_only,1
Q13646969,1,1,P17+P131,1
Q2466416,1,1,P17+P131,1
Q32184277,1,0,P17_only,0
Q16431313,1,0,P17_only,1
Q137551664,1,1,P17+P131,0
Q7498100,0,1,P131_only,1
Q12559410,1,1,P17+P131,1
Q13643334,1,1,P17+P131,1
Q16651093,1,1,P17+P131,0
Q6158788,1,0,P17_only,0
Q4304567,1,0,P17_only,0
Q27358279,1,0,P17_only,0
Q16669210,1,1,P17+P131,1
Q13359488,0,1,P131_only,1
Q32190488,1,1,P17+P131,0
Q32198127,1,0,P17_only,0
Q16677558,1,1,P17+P131,1
Q27348270,1,0,P17_only,0
Q72915115,1,0,P17_only,0
Q13643054,0,1,P131_only,0
Q12528792,1,0,P17_only,1
Q1734774,1,0,P17_only,0
Q13646099,1,1,P17+P131,1
Q27430534,1,0,P17_only,0
Q16434381,1,0,P17_only,1
Q111987796,1,0,P17_only,1
Q16432300,1,0,P17_only,1
Q7311325,0,1,P131_only,1
Q18409075,1,1,P17+P131,1
Q27348157,1,1,P17+P131,0
Q135828818,1,0,P17_only,0
Q13651997,1,1,P17+P131,1
Q27357247,1,0,P17_only,0
Q12574577,1,0,P17_only,1
Q112004016,1,0,P17_only,0
Q20486152,1,0,P17_only,1
Q27351276,1,1,P17+P131,1
Q13649111,1,1,P17+P131,1
Q65255676,1,0,P17_only,0
Q61993344,1,1,P17+P131,0
Q20098433,1,1,P17+P131,1
Q30975158,1,1,P17+P131,0
Q4286794,1,0,P17_only,1
Q27430770,1,0,P17_only,0
Q4516389,1,1,P17+P131,1
Q13651708,1,1,P17+P131,1
Q60852032,1,0,P17_only,0
Q23837959,1,0,P17_only,1
Q16673400,1,1,P17+P131,1
Q23958928,1,0,P17_only,1
Q55833412,1,0,P17_only,0
Q4395748,1,1,P17+P131,0
Q13664521,1,1,P17+P131,1
Q12544858,1,0,P17_only,1
Q976543,1,1,P17+P131,0
Q65253790,1,0,P17_only,0
Q793969,1,1,P17+P131,1
Q45708,1,1,P17+P131,1
Q28671335,1,1,P17+P131,0
Q13641645,1,1,P17+P131,1
Q16431707,1,0,P17_only,1
Q16657099,1,1,P17+P131,1
Q16686886,1,1,P17+P131,1
Q17494796,1,1,P17+P131,1
Q16702085,1,1,P17+P131,0
Q16654744,1,1,P17+P131,0
Q12533126,1,0,P17_only,1
Q110635099,1,0,P17_only,0
Q48638,1,0,P17_only,1
Q65264096,1,0,P17_only,0
Q13646547,1,1,P17+P131,1
Q30969364,1,1,P17+P131,1
Q123363571,1,0,P17_only,0
Q102016481,1,0,P17_only,0
Q15845726,1,1,P17+P131,1
Q4188128,1,0,P17_only,1
Q16533528,0,1,P131_only,1
Q123225267,1,0,P17_only,0
Q16434697,1,0,P17_only,1
Q16273647,1,1,P17+P131,1
Q16690033,1,1,P17+P131,1
Q13653351,0,1,P131_only,1
Q12553285,1,0,P17_only,1
Q12569816,1,1,P17+P131,1
Q4294785,1,0,P17_only,1
Q27356922,1,0,P17_only,0
Q137551672,1,1,P17+P131,0
Q4286802,1,0,P17_only,1
Q16434258,1,1,P17+P131,1
Q118286348,1,0,P17_only,0
Q20486196,1,0,P17_only,1
Q16717047,0,1,P131_only,0
Q16434000,1,1,P17+P131,1
Q12533449,1,0,P17_only,1
Q16272651,1,1,P17+P131,0
Q32202090,1,0,P17_only,0
Q135828521,1,0,P17_only,0
Q12564785,1,0,P17_only,1
Q20725517,1,0,P17_only,0
Q12547711,1,0,P17_only,1
Q13664022,1,1,P17+P131,1
Q1294421,1,0,P17_only,1
Q12529750,1,1,P17+P131,1
Q27354832,1,0,P17_only,0
Q56313199,1,0,P17_only,0
Q20484846,1,0,P17_only,1
Q90571378,1,0,P17_only,0
Q13649109,1,1,P17+P131,1
Q32182390,1,0,P17_only,0
Q13642176,1,1,P17+P131,1
Q68036768,1,0,P17_only,0
Q125611797,1,0,P17_only,0
Q32213658,1,0,P17_only,0
Q12576933,1,1,P17+P131,1
Q27352322,1,1,P17+P131,1
Q32197854,1,1,P17+P131,0
Q97591757,1,0,P17_only,0
Q15306340,1,0,P17_only,0
Q27357024,1,0,P17_only,0
Q16431117,1,0,P17_only,1
Q32205380,1,0,P17_only,0
Q25112375,1,0,P17_only,0
Q12572981,1,0,P17_only,1
Q12542918,1,0,P17_only,1
Q12575087,1,0,P17_only,1
Q16646516,1,1,P17+P131,1
Q16688219,1,1,P17+P131,0
Q20098270,1,1,P17+P131,1
Q16668907,1,1,P17+P131,1
Q32189623,1,1,P17+P131,0
Q13653116,0,1,P131_only,1
Q3069984,1,0,P17_only,0
Q13649091,1,1,P17+P131,1
Q12527716,1,1,P17+P131,1
Q12542987,1,0,P17_only,1
Q12536139,0,1,P131_only,1
Q55658291,1,0,P17_only,0
Q4393608,1,1,P17+P131,1
Q12564774,1,1,P17+P131,1
Q18405757,1,1,P17+P131,1
Q16533736,0,1,P131_only,1
Q12539585,1,0,P17_only,1
Q13651840,1,1,P17+P131,1
Q124653,1,1,P17+P131,1
Q16533079,0,1,P131_only,1
Q16434575,1,0,P17_only,1
Q16432233,1,0,P17_only,1
Q27351879,1,0,P17_only,0
Q4273136,1,0,P17_only,1
Q32170007,0,1,P131_only,0
Q13667028,1,1,P17+P131,0
Q16625825,0,1,P131_only,1
Q27430881,1,0,P17_only,0
Q32217020,1,0,P17_only,1
Q13663348,1,1,P17+P131,1
Q4290232,1,1,P17+P131,1
Q27348241,1,0,P17_only,0
Q18406978,1,1,P17+P131,1
Q28668682,1,1,P17+P131,1
Q6354066,1,1,P17+P131,1
Q19917033,0,1,P131_only,0
Q60851697,1,0,P17_only,0
Q13641911,1,1,P17+P131,1
Q4521248,1,0,P17_only,0
Q12535001,1,0,P17_only,1
Q13663377,1,1,P17+P131,1
Q12549421,1,0,P17_only,1
Q16710369,1,1,P17+P131,1
Q43304674,1,0,P17_only,0
Q13645797,1,1,P17+P131,1
Q22204639,1,1,P17+P131,1
Q32197683,1,0,P17_only,0
Q13642163,1,1,P17+P131,1
Q27350605,1,0,P17_only,0
Q4076068,1,1,P17+P131,1
Q135828849,1,0,P17_only,0
Q65253709,1,0,P17_only,0
Q135829153,1,0,P17_only,0
Q4415883,1,0,P17_only,0
Q27430587,1,0,P17_only,0
Q65250119,1,0,P17_only,1
Q27355055,1,0,P17_only,0
Q61367700,1,1,P17+P131,1
Q13642372,0,1,P131_only,1
Q27353914,1,0,P17_only,0
Q12579676,1,1,P17+P131,1
Q30974377,1,1,P17+P131,1
Q97213269,1,0,P17_only,1
Q12541609,0,1,P131_only,1
Q20643350,1,1,P17+P131,0
Q27355016,1,0,P17_only,0
Q16433333,1,1,P17+P131,1
Q126942429,1,0,P17_only,0
Q16662056,1,1,P17+P131,1
Q12574834,1,0,P17_only,1
Q27357649,1,0,P17_only,0
Q16679582,1,1,P17+P131,1
Q12574223,1,0,P17_only,1
Q136268975,1,0,P17_only,0
Q27355130,1,0,P17_only,0
Q16690806,1,1,P17+P131,1
Q32215182,1,0,P17_only,0
Q12548885,1,0,P17_only,1
Q61931507,1,0,P17_only,0
Q32194011,1,0,P17_only,0
Q20098369,1,1,P17+P131,1
Q2142682,1,0,P17_only,1
Q32177136,1,1,P17+P131,0
Q27357995,1,0,P17_only,0
Q109852369,1,0,P17_only,0
Q12577669,1,0,P17_only,1
Q27348244,1,0,P17_only,0
Q32194975,1,0,P17_only,0
Q16648292,1,1,P17+P131,1
Q27354942,1,0,P17_only,0
Q30972143,1,1,P17+P131,1
Q117776278,1,0,P17_only,0
Q32196372,1,0,P17_only,0
Q63842768,1,0,P17_only,0
Q2495843,1,1,P17+P131,1
Q12528664,1,1,P17+P131,1
Q12571116,1,0,P17_only,1
Q13648451,1,1,P17+P131,1
Q13642231,1,1,P17+P131,0
Q12550421,1,0,P17_only,1
Q12557483,1,1,P17+P131,1
Q125122553,1,1,P17+P131,0
Q20098537,1,1,P17+P131,1
Q27357996,1,0,P17_only,0
Q111968640,1,0,P17_only,1
Q12546192,1,1,P17+P131,1
Q112003950,1,0,P17_only,0
Q12546122,1,0,P17_only,1
Q27348272,1,0,P17_only,0
Q588138,1,1,P17+P131,1
Q11911782,1,1,P17+P131,1
Q27358024,1,0,P17_only,0
Q27356985,1,0,P17_only,0
Q61369299,1,1,P17+P131,1
Q16432380,1,1,P17+P131,1
Q27350714,1,0,P17_only,0
Q120555902,1,0,P17_only,0
Q27357238,1,0,P17_only,0
Q13664284,1,1,P17+P131,1
Q4343745,1,0,P17_only,1
Q14558538,1,0,P17_only,1
Q32174922,1,1,P17+P131,0
Q3649810,1,0,P17_only,1
Q13645861,1,1,P17+P131,1
Q106969330,1,0,P17_only,0
Q16431403,1,1,P17+P131,1
Q1049151,1,1,P17+P131,0
Q32195930,1,1,P17+P131,0
Q4492010,1,0,P17_only,1
Q20098981,1,1,P17+P131,1
Q16433077,1,1,P17+P131,1
Q68036939,1,0,P17_only,0
Q16715309,1,1,P17+P131,0
Q16688404,1,1,P17+P131,1
Q12531317,1,0,P17_only,1
Q3718848,1,0,P17_only,1
Q16695693,1,1,P17+P131,1
Q27354602,1,0,P17_only,0
Q12701563,1,0,P17_only,0
Q13652411,0,1,P131_only,1
Q12565821,1,1,P17+P131,1
Q12547119,1,0,P17_only,1
Q16431936,1,1,P17+P131,1
Q18401980,1,1,P17+P131,1
Q12552999,1,1,P17+P131,1
Q5049128,1,0,P17_only,0
Q32204849,1,0,P17_only,0
Q137527315,1,0,P17_only,0
Q56368452,1,1,P17+P131,1
Q16718555,1,0,P17_only,1
Q27430905,1,0,P17_only,0
Q174233,1,1,P17+P131,1
Q135760229,1,0,P17_only,0
Q12528092,1,0,P17_only,1
Q135829026,1,0,P17_only,0
Q48850615,1,0,P17_only,0
Q20098596,1,1,P17+P131,1
Q4392012,1,0,P17_only,1
Q12530291,1,0,P17_only,1
Q16688398,1,1,P17+P131,1
Q27357682,1,0,P17_only,0
Q61368588,1,1,P17+P131,1
Q32211259,1,0,P17_only,0
Q56367341,1,1,P17+P131,1
Q16152183,0,1,P131_only,0
Q16272094,0,1,P131_only,1
Q137527322,1,0,P17_only,0
Q65250655,1,0,P17_only,1
Q12530490,1,0,P17_only,1
Q16272720,1,1,P17+P131,1
Q122583347,1,1,P17+P131,0
Q13641770,1,1,P17+P131,1
Q27355123,1,0,P17_only,0
Q16688438,1,1,P17+P131,1
Q77860296,1,0,P17_only,0
Q32186903,1,0,P17_only,0
Q140937898,1,1,P17+P131,0
Q136090707,1,0,P17_only,0
Q26208126,1,1,P17+P131,1
Q97196808,1,0,P17_only,0
Q27430628,1,0,P17_only,0
Q16717925,1,1,P17+P131,1
Q20484908,1,0,P17_only,1
Q16661655,1,1,P17+P131,1
Q97317043,1,0,P17_only,0
Q12532340,1,1,P17+P131,1
Q22202309,1,1,P17+P131,1
Q12544723,0,1,P131_only,1
Q86664805,1,0,P17_only,0
Q20457966,1,0,P17_only,0
Q67892956,1,0,P17_only,0
Q25379242,1,1,P17+P131,0
Q27354126,1,0,P17_only,1
Q16666395,1,1,P17+P131,1
Q12550383,1,0,P17_only,1
Q12557069,1,1,P17+P131,1
Q13646999,1,1,P17+P131,1
Q32174820,0,1,P131_only,0
Q13648206,1,1,P17+P131,1
Q68036772,1,0,P17_only,0
Q16717705,1,1,P17+P131,1
Q135633105,1,1,P17+P131,0
Q32202954,1,0,P17_only,0
Q27351886,1,0,P17_only,0
Q12550398,1,0,P17_only,1
Q20076789,1,1,P17+P131,1
Q27357369,1,0,P17_only,0
Q32213063,1,0,P17_only,0
Q12549749,1,1,P17+P131,1
Q4426137,1,0,P17_only,1
Q25392276,1,1,P17+P131,0
Q16692417,1,1,P17+P131,1
Q136460939,1,1,P17+P131,0
Q62811409,1,0,P17_only,0
Q13664296,1,1,P17+P131,1
Q27348286,1,0,P17_only,0
Q18408800,1,1,P17+P131,1
Q16434181,1,0,P17_only,1
Q12564752,1,0,P17_only,1
Q27357545,1,0,P17_only,0
Q32194269,1,0,P17_only,0
Q16701168,1,1,P17+P131,1
Q13651789,1,1,P17+P131,1
Q17494776,1,1,P17+P131,1
Q18409288,1,1,P17+P131,1
Q123363802,1,0,P17_only,0
Q22205152,1,1,P17+P131,1
Q32206842,1,0,P17_only,0
Q16671307,1,1,P17+P131,1
Q56673938,1,0,P17_only,0
Q77863601,1,0,P17_only,0
Q32215493,1,1,P17+P131,0
Q90681280,1,0,P17_only,0
Q118193120,1,0,P17_only,1
Q12545302,1,1,P17+P131,1
Q16434400,1,0,P17_only,1
Q16431889,1,0,P17_only,1
Q16432407,1,0,P17_only,1
Q16433674,1,1,P17+P131,1
Q27356914,1,0,P17_only,0
Q12538325,1,1,P17+P131,1
Q4408836,1,1,P17+P131,0
Q7303557,1,1,P17+P131,1
Q854102,1,0,P17_only,0
Q27348195,1,0,P17_only,1
Q2476538,1,1,P17+P131,1
Q64200935,1,0,P17_only,0
Q77287291,1,1,P17+P131,0
Q27355093,1,0,P17_only,0
Q18409042,1,1,P17+P131,0
Q12541580,0,1,P131_only,1
Q17494787,1,1,P17+P131,1
Q106600381,1,0,P17_only,1
Q27404292,1,0,P17_only,0
Q16657272,1,1,P17+P131,1
Q16668756,1,1,P17+P131,1
Q4155969,1,1,P17+P131,1
Q20484572,1,0,P17_only,1
Q27356982,1,0,P17_only,0
Q13655791,1,1,P17+P131,1
Q30969562,1,1,P17+P131,0
Q108783642,1,1,P17+P131,0
Q13664544,1,1,P17+P131,1
Q12539588,1,1,P17+P131,1
Q16720234,1,1,P17+P131,1
Q12549781,1,0,P17_only,1
Q123363779,1,0,P17_only,0
Q32196955,1,0,P17_only,0
Q17494743,1,1,P17+P131,1
Q4506623,1,1,P17+P131,0
Q4309419,1,0,P17_only,0
Q12559653,1,1,P17+P131,1
Q32216038,1,0,P17_only,0
Q12569573,1,1,P17+P131,1
Q369037,1,0,P17_only,0
Q135829584,1,0,P17_only,0
Q13648765,1,1,P17+P131,1
Q12529003,1,0,P17_only,1
Q27355040,1,0,P17_only,0
Q32202590,1,0,P17_only,0
Q108789730,1,1,P17+P131,0
Q13652312,0,1,P131_only,1
Q135828731,1,0,P17_only,0
Q17494817,1,1,P17+P131,1
Q33100724,1,0,P17_only,0
Q16700463,1,1,P17+P131,1
Q32190672,1,1,P17+P131,0
Q7498034,0,1,P131_only,1
Q135829978,1,0,P17_only,0
Q16431758,1,0,P17_only,1
Q135829727,1,0,P17_only,0
Q16650946,1,1,P17+P131,1
Q13646121,1,1,P17+P131,1
Q12527802,1,0,P17_only,1
Q20098551,1,1,P17+P131,1
Q27430973,1,0,P17_only,0
Q125122526,1,1,P17+P131,0
Q135829076,1,0,P17_only,0
Q32172450,1,0,P17_only,0
Q137527283,1,0,P17_only,0
Q13648643,1,1,P17+P131,1
Q32218395,1,0,P17_only,0
Q61369203,1,1,P17+P131,1
Q27357532,1,0,P17_only,0
Q27430867,1,0,P17_only,0
Q12555428,1,1,P17+P131,1
Q12527696,1,1,P17+P131,1
Q139917377,1,1,P17+P131,0
Q12548940,1,0,P17_only,1
Q16274267,1,1,P17+P131,1
Q16686918,1,1,P17+P131,1
Q108533842,1,0,P17_only,0
Q138300153,1,0,P17_only,0
Q16657046,1,1,P17+P131,1
Q15617594,1,1,P17+P131,1
Q1813864,1,1,P17+P131,1
Q27430546,1,0,P17_only,0
Q137527262,1,0,P17_only,0
Q32219337,1,0,P17_only,0
Q13204148,0,1,P131_only,0
Q137527253,1,0,P17_only,0
Q32177763,1,1,P17+P131,0
Q4450909,1,1,P17+P131,0
Q13651796,1,1,P17+P131,1
Q32216811,1,0,P17_only,0
Q27357152,1,0,P17_only,0
Q16434289,1,1,P17+P131,1
Q25505078,1,0,P17_only,1
Q16692478,1,1,P17+P131,1
Q16657044,1,1,P17+P131,1
Q65124408,1,0,P17_only,0
Q4427849,1,1,P17+P131,1
Q16710364,1,1,P17+P131,1
Q13663167,1,1,P17+P131,1
Q15617525,1,1,P17+P131,1
Q6445678,1,1,P17+P131,1
Q13648732,1,1,P17+P131,1
Q13646984,1,1,P17+P131,1
Q27348089,1,0,P17_only,0
Q56367318,1,1,P17+P131,1
Q32185489,1,1,P17+P131,0
Q1356666,1,0,P17_only,0
Q22204678,1,1,P17+P131,1
Q12573464,1,0,P17_only,1
Q16720603,1,1,P17+P131,1
Q116233792,1,0,P17_only,0
Q13648253,1,1,P17+P131,1
Q15918909,1,1,P17+P131,1
Q27350766,1,0,P17_only,0
Q32196496,1,0,P17_only,0
Q97678648,1,1,P17+P131,1
Q16640175,0,1,P131_only,1
Q16672798,1,1,P17+P131,0
Q16661630,1,1,P17+P131,1
Q16657807,1,1,P17+P131,0
Q32214335,1,0,P17_only,0
Q32205678,1,1,P17+P131,1
Q16721299,1,1,P17+P131,1
Q18398686,1,1,P17+P131,0
Q32211529,1,0,P17_only,0
Q132826482,1,1,P17+P131,1
Q11312655,1,1,P17+P131,1
Q20486003,1,0,P17_only,1
Q32200014,1,0,P17_only,0
Q16534357,0,1,P131_only,1
Q19986253,0,1,P131_only,0
Q12548948,1,0,P17_only,1
Q65251588,1,0,P17_only,1
Q3241057,1,0,P17_only,0
Q135829754,1,0,P17_only,0
Q32206040,1,0,P17_only,0
Q30520,1,1,P17+P131,1
Q12528519,1,0,P17_only,1
Q16273000,1,1,P17+P131,1
Q25530547,1,0,P17_only,1
Q32202147,1,0,P17_only,0
Q16434291,1,1,P17+P131,1
Q771088,1,0,P17_only,1
Q12561174,1,0,P17_only,1
Q16431352,1,0,P17_only,1
Q135829956,1,0,P17_only,0
Q836672,1,0,P17_only,0
Q12532952,1,1,P17+P131,1
Q20098193,1,1,P17+P131,1
Q4506339,1,1,P17+P131,1
Q65174079,1,1,P17+P131,0
Q12549407,1,0,P17_only,1
Q97161038,1,0,P17_only,0
Q13359503,0,1,P131_only,1
Q12553189,1,1,P17+P131,1
Q96377974,1,0,P17_only,0
Q16272928,1,1,P17+P131,1
Q32202222,1,0,P17_only,0
Q56315316,1,0,P17_only,0
Q98908367,0,1,P131_only,0
Q138185898,1,0,P17_only,0
Q137527264,1,0,P17_only,0
Q4447988,1,1,P17+P131,0
Q27357406,1,0,P17_only,0
Q27352804,1,0,P17_only,1
Q13646693,1,1,P17+P131,1
Q13642275,1,1,P17+P131,1
Q27354737,1,0,P17_only,0
Q135828708,1,0,P17_only,0
Q111296978,1,0,P17_only,0
Q73119261,0,1,P131_only,0
Q2011072,1,0,P17_only,1
Q4203111,1,1,P17+P131,1
Q25488510,1,1,P17+P131,1
Q77030759,1,1,P17+P131,0
Q110114250,1,0,P17_only,1
Q16432100,1,0,P17_only,1
Q13653558,1,1,P17+P131,1
Q12530089,1,1,P17+P131,1
Q135828443,1,0,P17_only,0
Q18407558,1,1,P17+P131,1
Q32219223,1,1,P17+P131,1
Q16432238,1,1,P17+P131,1
Q32183261,1,1,P17+P131,0
Q27354726,1,0,P17_only,0
Q13642264,1,1,P17+P131,1
Q1692330,1,0,P17_only,0
Q16650907,1,1,P17+P131,1
Q139669829,1,0,P17_only,0
Q4275242,1,1,P17+P131,1
Q16669159,1,1,P17+P131,1
Q18407784,1,1,P17+P131,1
Q25521130,1,0,P17_only,1
Q18407675,1,1,P17+P131,0
Q25397251,1,1,P17+P131,0
Q25489764,1,0,P17_only,1
Q3920545,1,0,P17_only,1
Q27431014,1,0,P17_only,0
Q487439,1,1,P17+P131,1
Q949936,1,0,P17_only,1
Q18399607,1,1,P17+P131,0
Q16694760,1,1,P17+P131,1
Q136268956,1,0,P17_only,0
Q12574651,1,1,P17+P131,1
Q108769914,1,1,P17+P131,1
Q130282561,1,0,P17_only,0
Q16704951,1,1,P17+P131,1
Q31195602,1,0,P17_only,1
Q43304689,1,0,P17_only,0
Q32197523,1,1,P17+P131,0
Q12565032,1,1,P17+P131,1
Q110778283,1,0,P17_only,0
Q16274307,1,1,P17+P131,1
Q13646113,1,1,P17+P131,1
Q135829521,1,0,P17_only,0
Q4476928,1,0,P17_only,1
Q15617526,1,1,P17+P131,1
Q13359445,0,1,P131_only,1
Q7582817,1,1,P17+P131,1
Q30969860,1,1,P17+P131,1
Q16680663,1,0,P17_only,0
Q12574298,1,0,P17_only,1
Q16273731,1,1,P17+P131,1
Q1798743,1,0,P17_only,1
Q16273728,1,1,P17+P131,1
Q16432463,1,0,P17_only,1
Q12527630,1,0,P17_only,1
Q16721566,1,1,P17+P131,1
Q27354930,1,0,P17_only,0
Q12531666,1,0,P17_only,1
Q16674357,1,1,P17+P131,0
Q27348147,1,0,P17_only,0
Q135829158,1,0,P17_only,0
Q27430610,1,0,P17_only,1
Q12528014,1,0,P17_only,1
Q12535227,1,0,P17_only,1
Q16682477,1,1,P17+P131,0
Q27067514,1,0,P17_only,0
Q114976717,1,0,P17_only,1
Q32214707,1,0,P17_only,1
Q16681287,1,1,P17+P131,1
Q12685040,1,1,P17+P131,1
Q28668674,0,1,P131_only,1
Q60446898,1,1,P17+P131,0
Q13640761,1,1,P17+P131,1
Q12560827,1,0,P17_only,1
Q20806339,1,0,P17_only,0
Q12553922,1,0,P17_only,1
Q13642161,1,1,P17+P131,0
Q20484928,1,0,P17_only,1
Q12546710,1,0,P17_only,0
Q27350659,1,1,P17+P131,0
Q27430545,1,0,P17_only,0
Q7574186,1,1,P17+P131,0
Q27357977,1,0,P17_only,0
Q32175619,1,1,P17+P131,0
Q4112900,1,1,P17+P131,1
Q16637003,0,1,P131_only,1
Q123363748,1,0,P17_only,0
Q69992216,1,0,P17_only,0
Q123363532,1,0,P17_only,0
Q13653349,0,1,P131_only,1
Q12552483,1,1,P17+P131,1
Q32174720,0,1,P131_only,0
Q16695254,1,1,P17+P131,1
Q20486359,1,0,P17_only,1
Q123363805,1,0,P17_only,0
Q135828594,1,0,P17_only,0
Q27351740,1,0,P17_only,0
Q27354984,1,0,P17_only,0
Q20076432,1,1,P17+P131,1
Q16710904,1,1,P17+P131,1
Q1046378,1,0,P17_only,1
Q20485866,1,0,P17_only,1
Q22202428,1,1,P17+P131,1
Q12538441,1,1,P17+P131,1
Q32215549,1,0,P17_only,0
Q16434799,1,0,P17_only,1
Q3404617,1,1,P17+P131,1
Q12691102,1,0,P17_only,0
Q12570074,1,0,P17_only,1
Q4280191,1,1,P17+P131,1
Q16431648,1,1,P17+P131,1
Q388672,1,0,P17_only,1
Q27357679,1,0,P17_only,0
Q20484573,1,0,P17_only,1
Q12541427,0,1,P131_only,1
Q12527438,1,1,P17+P131,1
Q18409549,1,1,P17+P131,1
Q12015148,1,1,P17+P131,1
Q13653582,1,1,P17+P131,1
Q1374281,1,0,P17_only,0
Q12543154,1,1,P17+P131,1
Q13641901,1,1,P17+P131,1
Q22202187,1,1,P17+P131,1
Q138209880,1,0,P17_only,0
Q120261493,1,0,P17_only,1
Q13640630,0,1,P131_only,1
Q20485046,1,1,P17+P131,0
Q13643757,1,1,P17+P131,1
Q16668973,1,1,P17+P131,1
Q32196749,1,0,P17_only,0
Q30973266,1,1,P17+P131,1
Q16695621,1,1,P17+P131,1
Q16720209,1,1,P17+P131,1
Q12532788,1,0,P17_only,1
Q43895215,1,1,P17+P131,0
Q32195636,1,0,P17_only,1
Q20098230,1,1,P17+P131,1
Q12555199,1,1,P17+P131,1
Q23958848,1,0,P17_only,1
Q32203634,1,0,P17_only,0
Q16675659,1,1,P17+P131,1
Q27357127,1,0,P17_only,0
Q27348236,1,0,P17_only,0
Q16274254,1,1,P17+P131,0
Q16689586,1,1,P17+P131,1
Q12574255,1,0,P17_only,1
Q12563371,1,1,P17+P131,1
Q137527288,1,0,P17_only,0
Q15617734,1,1,P17+P131,1
Q4453904,1,0,P17_only,1
Q32183114,1,1,P17+P131,0
Q16652231,1,1,P17+P131,1
Q124222079,1,0,P17_only,0
Q118352575,1,0,P17_only,0
Q27351912,1,0,P17_only,0
Q4273748,1,0,P17_only,1
Q13652402,0,1,P131_only,1
Q13643738,1,1,P17+P131,1
Q16431490,1,0,P17_only,1
Q16661552,1,1,P17+P131,1
Q27430994,1,1,P17+P131,0
Q25504039,1,1,P17+P131,1
Q12685823,1,0,P17_only,0
Q32214472,1,1,P17+P131,0
Q27357400,1,0,P17_only,0
Q16651881,1,1,P17+P131,1
Q22814817,1,0,P17_only,0
Q18399355,1,1,P17+P131,1
Q13651865,1,1,P17+P131,1
Q16669414,1,1,P17+P131,1
Q111297004,1,0,P17_only,0
Q106368056,1,1,P17+P131,0
Q32199182,1,0,P17_only,0
Q32213419,1,0,P17_only,0
Q25495191,1,0,P17_only,1
Q12683662,1,0,P17_only,0
Q135828915,1,0,P17_only,0
Q25483121,1,0,P17_only,1
Q32197343,1,0,P17_only,0
Q32217758,1,0,P17_only,0
Q27354918,1,0,P17_only,0
Q12560409,1,1,P17+P131,1
Q12564067,1,1,P17+P131,1
Q17749612,1,1,P17+P131,1
Q4509381,1,0,P17_only,1
Q16666356,1,1,P17+P131,0
Q13365403,0,1,P131_only,1
Q10858514,1,1,P17+P131,1
Q13652062,1,1,P17+P131,1
Q25504754,1,0,P17_only,1
Q13641864,1,1,P17+P131,1
Q16272964,1,1,P17+P131,1
Q27358272,1,0,P17_only,0
Q13664730,1,1,P17+P131,1
Q28504318,1,0,P17_only,1
Q27354330,1,0,P17_only,0
Q16434686,1,1,P17+P131,1
Q56367160,1,1,P17+P131,1
Q16432164,1,0,P17_only,1
Q32193367,1,1,P17+P131,1
Q12116093,1,0,P17_only,0
Q18401337,1,1,P17+P131,1
Q32169001,0,1,P131_only,0
Q31195818,1,0,P17_only,1
Q27354467,1,0,P17_only,0
Q16533271,0,1,P131_only,1
Q112654956,0,1,P131_only,0
Q12532036,1,0,P17_only,1
Q13641827,1,1,P17+P131,1
Q27430824,1,1,P17+P131,0
Q25500305,1,0,P17_only,1
Q32178218,1,1,P17+P131,0
Q32212502,1,0,P17_only,0
Q111297041,1,0,P17_only,0
Q12532809,1,0,P17_only,1
Q56367195,1,1,P17+P131,1
Q15617718,1,1,P17+P131,1
Q31283914,1,0,P17_only,0
Q1671144,1,0,P17_only,0
Q58235137,1,0,P17_only,0
Q25529598,1,0,P17_only,1
Q27355076,1,0,P17_only,0
Q10843582,1,1,P17+P131,1
Q32213119,1,0,P17_only,0
Q16646502,1,1,P17+P131,1
Q12550896,1,0,P17_only,1
Q111297040,1,0,P17_only,0
Q12552350,1,0,P17_only,1
Q32382,1,1,P17+P131,1
Q13647957,1,1,P17+P131,1
Q13643541,1,1,P17+P131,1
Q32213584,1,1,P17+P131,0
Q13648444,1,1,P17+P131,1
Q27354897,1,0,P17_only,0
Q17562676,1,1,P17+P131,1
Q32215146,1,0,P17_only,0
Q16720780,1,1,P17+P131,1
Q1551252,1,0,P17_only,0
Q12535424,1,0,P17_only,1
Q16690892,1,1,P17+P131,1
Q12530028,1,1,P17+P131,1
Q13664882,1,1,P17+P131,1
Q32201985,1,0,P17_only,0
Q16433205,1,0,P17_only,1
Q30969853,1,1,P17+P131,1
Q32214865,1,0,P17_only,0
Q30887694,1,1,P17+P131,0
Q13515550,0,1,P131_only,1
Q32200290,1,0,P17_only,0
Q18407811,1,1,P17+P131,1
Q12531376,1,1,P17+P131,1
Q32175722,1,1,P17+P131,0
Q18399221,1,1,P17+P131,1
Q106325842,1,0,P17_only,1
Q27357265,1,0,P17_only,0
Q48834780,1,0,P17_only,0
Q16272032,0,1,P131_only,1
Q20485982,1,0,P17_only,1
Q12575168,1,1,P17+P131,1
Q13552125,0,1,P131_only,1
Q30972144,1,1,P17+P131,1
Q98908392,0,1,P131_only,0
Q12531616,1,0,P17_only,1
Q68036955,1,0,P17_only,0
Q12530554,1,0,P17_only,1
Q13646012,1,1,P17+P131,1
Q7496918,1,1,P17+P131,1
Q55833196,1,0,P17_only,0
Q32185904,1,0,P17_only,0
Q60852068,1,0,P17_only,0
Q16719339,1,1,P17+P131,1
Q4509447,1,1,P17+P131,1
Q16433471,1,0,P17_only,1
Q13648977,1,1,P17+P131,1
Q56367459,1,1,P17+P131,1
Q27357877,1,0,P17_only,0
Q65250650,1,0,P17_only,1
Q61367392,1,1,P17+P131,1
Q190789,1,1,P17+P131,1
Q18407420,1,1,P17+P131,0
Q27354757,1,0,P17_only,0
Q13643153,0,1,P131_only,1
Q4208088,1,0,P17_only,1
Q13648992,1,1,P17+P131,1
Q111297052,1,0,P17_only,0
Q4507938,1,1,P17+P131,1
Q12528586,1,1,P17+P131,1
Q32214244,1,0,P17_only,0
Q32202673,1,0,P17_only,0
Q4208090,1,1,P17+P131,1
Q27358061,1,0,P17_only,0
Q135828813,1,0,P17_only,0
Q27352821,1,1,P17+P131,1
Q27355015,1,0,P17_only,0
Q61368990,1,1,P17+P131,1
Q13646206,1,1,P17+P131,1
Q32201076,1,0,P17_only,0
Q27356846,1,0,P17_only,0
Q108789732,1,1,P17+P131,0
Q16434305,1,0,P17_only,1
Q27357156,1,0,P17_only,0
Q4370127,1,0,P17_only,0
Q67893070,1,0,P17_only,0
Q8054291,1,1,P17+P131,1
Q108533838,1,0,P17_only,0
Q16718329,1,1,P17+P131,1
Q32178324,1,0,P17_only,0
Q32215376,1,0,P17_only,0
Q16719223,1,1,P17+P131,1
Q123363796,1,0,P17_only,0
Q56743448,1,0,P17_only,0
Q4071858,1,1,P17+P131,1
Q30973015,1,1,P17+P131,1
Q32186499,1,1,P17+P131,0
Q27355044,1,0,P17_only,0
Q12576398,1,1,P17+P131,1
Q12557481,1,0,P17_only,1
Q98908365,0,1,P131_only,0
Q16669240,1,1,P17+P131,1
Q32217554,1,0,P17_only,0
Q16699107,1,1,P17+P131,1
Q27357860,1,0,P17_only,0
Q27430978,1,0,P17_only,0
Q12545353,1,0,P17_only,1
Q16487889,0,1,P131_only,1
Q56367660,1,1,P17+P131,1
Q32201469,1,0,P17_only,0
Q12536722,1,1,P17+P131,1
Q137042408,1,1,P17+P131,1
Q12567592,1,0,P17_only,1
Q17494827,1,1,P17+P131,1
Q61368225,1,1,P17+P131,1
Q65257548,1,0,P17_only,0
Q32193647,1,0,P17_only,1
Q32186942,1,1,P17+P131,0
Q135829796,1,0,P17_only,0
Q16433172,1,0,P17_only,1
Q12556685,1,1,P17+P131,1
Q27352892,1,0,P17_only,0
Q30897553,1,1,P17+P131,0
Q27351690,1,0,P17_only,0
Q123363730,1,0,P17_only,0
Q135257178,1,0,P17_only,0
Q12536113,0,1,P131_only,1
Q21659703,1,1,P17+P131,1
Q27355042,1,0,P17_only,0
Q32174904,1,0,P17_only,0
Q4387272,1,0,P17_only,1
Q27350730,1,0,P17_only,0
Q27357583,1,0,P17_only,0
Q32189020,1,1,P17+P131,0
Q27355048,1,0,P17_only,0
Q13415451,0,1,P131_only,1
Q17562743,1,1,P17+P131,0
Q27355070,1,0,P17_only,0
Q131884765,1,1,P17+P131,1
Q32216871,1,0,P17_only,0
Q2224859,1,1,P17+P131,1
Q12558089,1,0,P17_only,1
Q13643374,1,1,P17+P131,1
Q13646237,1,1,P17+P131,1
Q20098688,1,1,P17+P131,1
Q20486005,1,0,P17_only,1
Q22031734,1,1,P17+P131,0
Q11600671,1,0,P17_only,0
Q20486027,1,0,P17_only,1
Q139907505,1,1,P17+P131,0
Q27430759,1,0,P17_only,0
Q135830062,1,0,P17_only,0
Q20098477,1,1,P17+P131,1
Q4146927,1,1,P17+P131,1
Q60770104,1,0,P17_only,0
Q12108528,1,0,P17_only,0
Q16706342,1,1,P17+P131,1
Q30591704,1,0,P17_only,0
Q4273749,1,1,P17+P131,1
Q16431738,1,0,P17_only,1
Q12561916,1,0,P17_only,1
Q136813838,1,0,P17_only,0
Q15732427,1,1,P17+P131,1
Q97210540,1,0,P17_only,0
Q12534084,1,0,P17_only,1
Q56366937,1,1,P17+P131,1
Q4393176,1,1,P17+P131,1
Q27430990,1,0,P17_only,0
Q18404871,1,1,P17+P131,1
Q12561219,1,0,P17_only,1
Q13055679,1,1,P17+P131,1
Q32200547,1,0,P17_only,0
Q32214821,1,0,P17_only,0
Q114043904,1,0,P17_only,1
Q1299866,1,0,P17_only,1
Q111297043,1,0,P17_only,0
Q32204015,1,0,P17_only,1
Q106167301,1,0,P17_only,1
Q131440847,1,1,P17+P131,1
Q4214349,1,0,P17_only,1
Q20458926,1,0,P17_only,0
Q60853376,1,1,P17+P131,0
Q4505606,1,1,P17+P131,1
Q731355,1,1,P17+P131,1
Q12564724,1,0,P17_only,1
Q12578184,1,0,P17_only,1
Q12538331,1,1,P17+P131,1
Q15617738,1,1,P17+P131,1
Q13662886,1,1,P17+P131,1
Q30974411,1,1,P17+P131,1
Q16661706,1,1,P17+P131,1
Q30975185,1,1,P17+P131,1
Q123363645,1,0,P17_only,0
Q16432952,1,0,P17_only,1
Q12561921,1,0,P17_only,1
Q105198826,1,0,P17_only,1
Q25516023,1,0,P17_only,1
Q65263387,1,1,P17+P131,0
Q12544015,0,1,P131_only,1
Q7575528,1,1,P17+P131,1
Q12576288,1,0,P17_only,1
Q32182059,1,0,P17_only,0
Q123363502,1,0,P17_only,0
Q27925687,1,1,P17+P131,0
Q32217434,1,0,P17_only,0
Q13664221,1,1,P17+P131,1
Q123363839,1,0,P17_only,0
Q27352571,0,1,P131_only,0
Q16434031,1,1,P17+P131,1
Q18401831,1,1,P17+P131,1
Q17562680,1,1,P17+P131,1
Q16721217,1,1,P17+P131,1
Q32197288,1,1,P17+P131,0
Q17494804,1,1,P17+P131,1
Q32184297,1,1,P17+P131,1
Q24910596,1,0,P17_only,0
Q16705619,1,1,P17+P131,1
Q11552697,1,1,P17+P131,1
Q2194280,1,0,P17_only,0
Q97316269,1,0,P17_only,0
Q12556424,1,1,P17+P131,1
Q12569610,1,1,P17+P131,1
Q12682811,1,0,P17_only,0
Q18400412,1,1,P17+P131,1
Q27351104,1,0,P17_only,0
Q18400946,1,1,P17+P131,0
Q6361888,1,1,P17+P131,1
Q32188164,1,0,P17_only,0
Q1538192,1,0,P17_only,1
Q27357220,1,0,P17_only,0
Q12559024,1,1,P17+P131,1
Q135829782,1,0,P17_only,0
Q32182097,1,1,P17+P131,0
Q135828589,1,0,P17_only,0
Q13643464,1,1,P17+P131,1
Q27352022,1,0,P17_only,0
Q18407548,1,1,P17+P131,1
Q27351934,1,1,P17+P131,0
Q27352811,1,0,P17_only,1
Q13667368,1,1,P17+P131,1
Q48848557,1,0,P17_only,0
Q65250988,1,0,P17_only,1
Q123363497,1,0,P17_only,0
Q12543754,0,1,P131_only,1
Q13657563,1,1,P17+P131,1
Q12531240,1,0,P17_only,1
Q123225281,1,0,P17_only,0
Q18401478,1,1,P17+P131,1
Q13646889,1,1,P17+P131,1
Q20077513,1,1,P17+P131,1
Q18398763,1,1,P17+P131,1
Q12550920,1,0,P17_only,1
Q4297537,1,1,P17+P131,1
Q112004047,1,0,P17_only,0
Q12536416,1,1,P17+P131,1
Q27357980,1,0,P17_only,0
Q135829862,1,0,P17_only,0
Q32203575,1,1,P17+P131,0
Q32197431,1,0,P17_only,0
Q12573797,1,0,P17_only,1
Q2295811,1,0,P17_only,0
Q27354717,1,0,P17_only,0
Q32196859,1,0,P17_only,0
Q12567767,1,1,P17+P131,1
Q16434769,1,1,P17+P131,1
Q13648648,1,1,P17+P131,1
Q16273410,1,1,P17+P131,1
Q16272049,0,1,P131_only,1
Q32206518,1,0,P17_only,0
Q16676429,1,1,P17+P131,1
Q16709892,1,0,P17_only,1
Q1046034,1,1,P17+P131,1
Q32191125,1,1,P17+P131,0
Q25499108,1,0,P17_only,1
Q12579267,1,0,P17_only,1
Q16431915,1,0,P17_only,1
Q124255784,1,0,P17_only,0
Q12534484,1,0,P17_only,1
Q20485813,1,0,P17_only,1
Q22204318,1,1,P17+P131,1
Q1705424,1,0,P17_only,1
Q12546332,1,0,P17_only,1
Q16431811,1,1,P17+P131,1
Q65130383,1,0,P17_only,0
Q16433373,1,0,P17_only,1
Q110740702,1,0,P17_only,0
Q12701522,1,0,P17_only,0
Q16432910,1,0,P17_only,1
Q16273340,1,1,P17+P131,1
Q12532040,1,0,P17_only,1
Q18401550,1,1,P17+P131,1
Q48956143,1,0,P17_only,0
Q10858634,1,0,P17_only,1
Q13643225,0,1,P131_only,1
Q85735535,1,0,P17_only,0
Q30972851,1,1,P17+P131,1
Q32207932,0,1,P131_only,0
Q97171537,1,1,P17+P131,0
Q16274632,1,1,P17+P131,1
Q32218537,1,0,P17_only,0
Q20098451,1,1,P17+P131,1
Q130282557,1,0,P17_only,0
Q12560727,1,0,P17_only,1
Q115936846,1,0,P17_only,0
Q55833330,1,0,P17_only,0
Q1972772,1,0,P17_only,1
Q12571025,1,1,P17+P131,1
Q32189478,1,0,P17_only,0
Q123225268,1,0,P17_only,0
Q12537241,1,1,P17+P131,1
Q13649093,1,1,P17+P131,1
Q28402868,1,1,P17+P131,1
Q13645660,1,1,P17+P131,1
Q12567148,1,0,P17_only,1
Q32175681,1,0,P17_only,0
Q56368546,1,1,P17+P131,1
Q137844429,1,1,P17+P131,0
Q16434625,1,1,P17+P131,1
Q12532335,1,0,P17_only,1
Q20484402,1,0,P17_only,1
Q135830055,1,0,P17_only,0
Q4268087,1,1,P17+P131,1
Q16716269,1,1,P17+P131,1
Q13663962,1,1,P17+P131,1
Q4059387,1,1,P17+P131,1
Q6678122,1,0,P17_only,0
Q123363600,1,0,P17_only,0
Q111297047,1,0,P17_only,0
Q13645752,1,1,P17+P131,1
Q56367207,1,1,P17+P131,1
Q12573733,1,0,P17_only,1
Q16273920,1,1,P17+P131,1
Q25505511,1,1,P17+P131,0
Q16719400,1,1,P17+P131,1
Q17494771,1,1,P17+P131,1
Q13641940,1,1,P17+P131,1
Q12555215,1,0,P17_only,1
Q16691972,1,1,P17+P131,1
Q16719677,1,0,P17_only,0
Q32216685,1,1,P17+P131,0
Q12689513,1,0,P17_only,0
Q13641625,1,1,P17+P131,1
Q4286801,1,0,P17_only,1
Q13663973,1,1,P17+P131,1
Q27356939,1,0,P17_only,0
Q13642297,1,1,P17+P131,0
Q32171157,1,0,P17_only,0
Q32177222,1,0,P17_only,0
Q16433752,1,0,P17_only,1
Q137942263,1,0,P17_only,0
Q12572694,1,1,P17+P131,1
Q32172921,1,0,P17_only,0
Q12029041,1,0,P17_only,0
Q13646102,1,1,P17+P131,1
Q16433506,1,0,P17_only,1
Q27354840,1,0,P17_only,0
Q140642491,1,0,P17_only,0
Q137527272,1,0,P17_only,0
Q12576427,1,0,P17_only,1
Q111296985,1,0,P17_only,0
Q12555411,1,1,P17+P131,1
Q32170922,1,1,P17+P131,0
Q32200397,1,0,P17_only,1
Q27348496,1,0,P17_only,0
Q12556404,1,1,P17+P131,1
Q20486216,1,0,P17_only,1
Q13664379,1,1,P17+P131,1
Q16648274,1,1,P17+P131,1
Q13649817,1,1,P17+P131,1
Q4184341,1,1,P17+P131,1
Q20091895,1,1,P17+P131,1
Q32168334,0,1,P131_only,0
Q12566026,1,1,P17+P131,1
Q1047824,1,1,P17+P131,1
Q16433305,1,1,P17+P131,1
Q135829814,1,0,P17_only,0
Q136268982,1,0,P17_only,0
Q32218776,1,0,P17_only,0
Q4353954,1,0,P17_only,0
Q27430809,1,0,P17_only,0
Q32194772,1,0,P17_only,0
Q135828805,1,0,P17_only,0
Q4507719,1,1,P17+P131,1
Q20486034,1,0,P17_only,1
Q45728564,1,0,P17_only,0
Q13365408,0,1,P131_only,1
Q123363507,1,0,P17_only,0
Q58743499,1,0,P17_only,0
Q12566993,1,0,P17_only,1
Q12528151,1,1,P17+P131,1
Q16673220,1,1,P17+P131,1
Q16431467,1,1,P17+P131,1
Q12548042,1,0,P17_only,1
Q18401617,1,0,P17_only,1
Q4211844,1,0,P17_only,1
Q12565001,1,1,P17+P131,1
Q20098226,1,1,P17+P131,1
Q13641914,1,1,P17+P131,1
Q107501152,1,0,P17_only,0
Q4509518,1,1,P17+P131,1
Q20727686,1,0,P17_only,0
Q4235803,1,1,P17+P131,1
Q12535801,1,0,P17_only,1
Q1586581,1,0,P17_only,1
Q1765261,1,1,P17+P131,1
Q16651159,1,1,P17+P131,1
Q18409550,1,1,P17+P131,1
Q137527300,1,0,P17_only,0
Q2662948,1,0,P17_only,0
Q16533357,0,1,P131_only,1
Q18401582,1,1,P17+P131,1
Q131372312,1,1,P17+P131,1
Q32192043,1,0,P17_only,0
Q56367103,1,1,P17+P131,1
Q4213686,1,1,P17+P131,1
Q16431641,1,0,P17_only,1
Q16665896,1,1,P17+P131,0
Q55658628,1,0,P17_only,0
Q136090923,1,0,P17_only,0
Q111862474,1,0,P17_only,0
Q4278110,1,1,P17+P131,1
Q32185610,1,0,P17_only,0
Q6503248,1,0,P17_only,0
Q20486073,1,0,P17_only,1
Q110259506,1,0,P17_only,0
Q13359490,0,1,P131_only,1
Q13651821,1,1,P17+P131,1
Q13646947,1,1,P17+P131,1
Q13646529,1,1,P17+P131,1
Q32181927,1,0,P17_only,0
Q952951,1,1,P17+P131,1
Q4586539,1,0,P17_only,0
Q16720188,1,1,P17+P131,1
Q12528366,1,1,P17+P131,1
Q56368476,1,1,P17+P131,1
Q13641600,1,1,P17+P131,1
Q135829319,1,0,P17_only,0
Q27430855,1,0,P17_only,0
Q61367080,1,1,P17+P131,1
Q27351071,1,0,P17_only,0
Q27354789,1,0,P17_only,0
Q60464475,1,0,P17_only,0
Q2556214,1,1,P17+P131,1
Q4212763,1,1,P17+P131,1
Q18401868,1,1,P17+P131,0
Q1047502,1,1,P17+P131,1
Q27430814,1,1,P17+P131,0
Q13649097,1,1,P17+P131,1
Q13664400,1,1,P17+P131,1
Q2550418,1,1,P17+P131,1
Q27355019,1,0,P17_only,0
Q13649793,1,1,P17+P131,1
Q32205664,1,0,P17_only,0
Q16274069,1,1,P17+P131,1
Q108533905,1,0,P17_only,0
Q27357026,1,0,P17_only,0
Q20098327,1,1,P17+P131,1
Q18408110,1,1,P17+P131,1
Q116172848,1,0,P17_only,0
Q32172901,1,0,P17_only,1
Q16663259,1,1,P17+P131,1
Q30972371,1,1,P17+P131,1
Q13655931,1,1,P17+P131,1
Q12566076,1,1,P17+P131,1
Q124675500,1,0,P17_only,0
Q16721547,1,1,P17+P131,1
Q135830035,1,0,P17_only,0
Q32215872,1,1,P17+P131,0
Q12570539,1,1,P17+P131,1
Q28224883,1,0,P17_only,1
Q32214749,1,0,P17_only,0
Q25505198,1,1,P17+P131,1
Q109358287,1,0,P17_only,0
Q2254696,1,1,P17+P131,1
Q12536753,1,1,P17+P131,1
Q135829177,1,0,P17_only,0
Q12576482,1,0,P17_only,1
Q27354762,1,0,P17_only,0
Q13640934,1,1,P17+P131,1
Q123363650,1,0,P17_only,0
Q27357512,1,0,P17_only,0
Q106281571,1,0,P17_only,0
Q32212068,1,0,P17_only,0
Q12530029,1,0,P17_only,1
Q27354831,1,0,P17_only,0
Q16669486,1,1,P17+P131,1
Q4069000,1,1,P17+P131,1
Q965890,1,0,P17_only,0
Q12565328,1,1,P17+P131,1
Q27352200,1,0,P17_only,0
Q27430633,1,0,P17_only,0
Q12528524,1,1,P17+P131,1
Q16432433,1,0,P17_only,1
Q27351715,1,0,P17_only,0
Q135829145,1,0,P17_only,0
Q12566022,1,0,P17_only,1
Q12527464,1,1,P17+P131,1
Q3732926,1,1,P17+P131,1
Q12544845,1,0,P17_only,1
Q25521645,1,0,P17_only,1
Q16432482,1,0,P17_only,1
Q18397800,0,1,P131_only,0
Q12530107,1,0,P17_only,1
Q27354708,1,0,P17_only,0
Q16433346,1,1,P17+P131,1
Q65175666,1,0,P17_only,0
Q4213696,1,1,P17+P131,1
Q12528488,1,0,P17_only,1
Q16670973,1,1,P17+P131,1
Q110259528,1,0,P17_only,0
Q16431193,1,1,P17+P131,1
Q16673382,1,1,P17+P131,1
Q12534543,1,0,P17_only,1
Q123012431,1,0,P17_only,1
Q13646039,1,1,P17+P131,1
Q27358096,1,0,P17_only,0
Q192567,1,1,P17+P131,1
Q16433534,1,0,P17_only,1
Q12564358,1,1,P17+P131,1
Q13641773,1,1,P17+P131,1
Q4251975,1,1,P17+P131,1
Q12529727,1,0,P17_only,1
Q18408749,1,1,P17+P131,1
Q20098141,1,1,P17+P131,1
Q27355067,1,0,P17_only,0
Q32191555,1,0,P17_only,0
Q12552645,1,1,P17+P131,1
Q101138386,1,0,P17_only,0
Q27356976,1,0,P17_only,0
Q1596369,1,1,P17+P131,0
Q13643367,1,1,P17+P131,1
Q16431786,1,0,P17_only,1
Q12579252,1,0,P17_only,1
Q13664225,1,1,P17+P131,1
Q32195392,1,0,P17_only,0
Q746541,1,0,P17_only,1
Q13652053,1,1,P17+P131,1
Q12544709,0,1,P131_only,1
Q97213337,1,0,P17_only,1
Q20484516,1,0,P17_only,1
Q107752344,1,0,P17_only,0
Q16685562,1,1,P17+P131,1
Q13643131,0,1,P131_only,1
Q18407288,1,1,P17+P131,1
Q32197243,1,0,P17_only,0
Q12568555,1,1,P17+P131,1
Q13423422,0,1,P131_only,1
Q32179062,1,1,P17+P131,0
Q13647442,1,1,P17+P131,1
Q97160927,1,0,P17_only,0
Q56277692,1,0,P17_only,0
Q4076876,1,1,P17+P131,1
Q25492943,1,0,P17_only,1
Q4849722,1,0,P17_only,0
Q20098399,1,1,P17+P131,1
Q18401301,1,1,P17+P131,1
Q32217090,1,0,P17_only,0
Q27356928,1,0,P17_only,0
Q28520112,1,1,P17+P131,0
Q13665079,1,1,P17+P131,1
Q135828689,1,0,P17_only,0
Q12574527,1,0,P17_only,1
Q16662769,1,1,P17+P131,0
Q16434290,1,1,P17+P131,1
Q27353868,1,1,P17+P131,0
Q12578281,1,0,P17_only,1
Q137527271,1,0,P17_only,0
Q27348156,1,0,P17_only,0
Q190791,1,1,P17+P131,1
Q6351974,1,1,P17+P131,1
Q27351952,1,0,P17_only,0
Q12574316,1,0,P17_only,1
Q18173008,1,1,P17+P131,0
Q16272329,0,1,P131_only,0
Q32200473,1,0,P17_only,0
Q32214697,1,1,P17+P131,0
Q28671105,1,0,P17_only,1
Q12544767,0,1,P131_only,1
Q32212619,1,0,P17_only,0
Q30975079,1,1,P17+P131,1
Q135829864,1,0,P17_only,0
Q27348435,1,0,P17_only,1
Q136606689,1,1,P17+P131,0
Q16434529,1,0,P17_only,1
Q13655896,1,1,P17+P131,1
Q27351735,1,0,P17_only,0
Q64197505,1,0,P17_only,1
Q12559111,1,1,P17+P131,1
Q32215996,1,0,P17_only,0
Q27354868,1,0,P17_only,0
Q32217487,1,0,P17_only,0
Q12547930,1,0,P17_only,1
Q32217706,1,0,P17_only,0
Q12547600,1,1,P17+P131,1
Q16661621,1,1,P17+P131,1
Q20486075,1,0,P17_only,1
Q13663152,1,1,P17+P131,1
Q12557402,1,0,P17_only,1
Q32177259,1,0,P17_only,0
Q4294837,1,0,P17_only,1
Q123363835,1,0,P17_only,0
Q16638435,0,1,P131_only,1
Q125612203,1,0,P17_only,0
Q135828516,1,0,P17_only,0
Q30973846,1,1,P17+P131,1
Q13650012,1,1,P17+P131,1
Q27431002,1,1,P17+P131,0
Q1907069,1,1,P17+P131,1
Q108783950,1,1,P17+P131,0
Q16691115,1,1,P17+P131,1
Q18406708,1,1,P17+P131,1
Q32190154,1,0,P17_only,1
Q132444398,1,1,P17+P131,1
Q17749633,1,1,P17+P131,1
Q16661739,1,1,P17+P131,1
Q13663164,1,1,P17+P131,1
Q108960160,1,0,P17_only,0
Q123363714,1,0,P17_only,0
Q12579474,1,0,P17_only,1
Q12528693,1,0,P17_only,1
Q16688205,1,1,P17+P131,1
Q13640634,0,1,P131_only,1
Q18409135,1,1,P17+P131,1
Q56368500,1,1,P17+P131,1
Q12543577,1,0,P17_only,1
Q13640971,1,1,P17+P131,1
Q9081921,1,0,P17_only,0
Q16434601,1,0,P17_only,1
Q56368491,1,1,P17+P131,1
Q135828448,1,0,P17_only,0
Q124255845,1,0,P17_only,0
Q16706981,1,1,P17+P131,1
Q18400612,1,1,P17+P131,1
Q16273783,1,1,P17+P131,1
Q30592118,1,0,P17_only,0
Q15784208,1,0,P17_only,0
Q16691614,1,1,P17+P131,1
Q16271862,0,1,P131_only,1
Q13655922,1,1,P17+P131,1
Q5763760,1,1,P17+P131,0
Q1112158,1,1,P17+P131,1
Q12545896,1,1,P17+P131,1
Q19917153,0,1,P131_only,1
Q27430848,1,0,P17_only,0
Q13308952,0,1,P131_only,1
Q13642149,1,1,P17+P131,1
Q16699133,1,1,P17+P131,1
Q16690562,1,1,P17+P131,1
Q30972482,1,1,P17+P131,1
Q12572764,1,0,P17_only,1
Q12543602,1,0,P17_only,1
Q60850979,1,0,P17_only,1
Q135828764,1,0,P17_only,0
Q32216832,1,0,P17_only,0
Q55833251,1,0,P17_only,0
Q55833267,1,0,P17_only,0
Q2556173,1,1,P17+P131,1
Q16433059,1,0,P17_only,1
Q13646959,1,1,P17+P131,1
Q12574704,1,0,P17_only,1
Q12532084,1,0,P17_only,1
Q13643389,1,1,P17+P131,1
Q16636185,0,1,P131_only,1
Q2549644,1,1,P17+P131,1
Q123363475,1,0,P17_only,0
Q12575058,1,0,P17_only,1
Q135828584,1,0,P17_only,0
Q870360,1,0,P17_only,0
Q12530536,1,1,P17+P131,1
Q135828892,1,0,P17_only,0
Q65266042,1,0,P17_only,0
Q16681873,1,1,P17+P131,1
Q32205559,1,0,P17_only,0
Q11369710,1,1,P17+P131,1
Q16677531,1,1,P17+P131,0
Q13655784,1,1,P17+P131,1
Q20098258,1,1,P17+P131,1
Q133878966,1,1,P17+P131,1
Q108887497,1,1,P17+P131,0
Q32178176,1,0,P17_only,0
Q12274087,1,0,P17_only,1
Q13651823,1,1,P17+P131,1
Q13647321,1,1,P17+P131,1
Q16710542,1,1,P17+P131,1
Q27357064,1,0,P17_only,0
Q136090695,1,0,P17_only,0
Q27430576,1,0,P17_only,0
Q30973011,1,1,P17+P131,1
Q20485935,1,0,P17_only,1
Q13646524,1,1,P17+P131,1
Q13655928,1,1,P17+P131,1
Q20077371,1,1,P17+P131,1
Q32219204,1,1,P17+P131,0
Q18407920,1,1,P17+P131,0
Q25531034,1,0,P17_only,1
Q12574635,1,1,P17+P131,1
Q12575809,1,1,P17+P131,1
Q2556317,1,1,P17+P131,1
Q16431783,1,0,P17_only,1
Q18399908,1,1,P17+P131,0
Q13646555,1,1,P17+P131,1
Q135829934,1,0,P17_only,0
Q4178708,1,1,P17+P131,1
Q13308961,0,1,P131_only,1
Q12532201,1,1,P17+P131,1
Q27350627,1,0,P17_only,1
Q120883946,1,0,P17_only,0
Q64188001,1,0,P17_only,0
Q12357414,1,0,P17_only,0
Q16665762,1,1,P17+P131,1
Q16431780,1,0,P17_only,1
Q16663639,1,1,P17+P131,1
Q16434714,1,0,P17_only,1
Q32200818,1,0,P17_only,0
Q16661996,1,1,P17+P131,1
Q2175405,1,0,P17_only,0
Q32178346,1,1,P17+P131,0
Q12535836,1,0,P17_only,1
Q28125552,1,1,P17+P131,0
Q4343037,1,0,P17_only,1
Q16666225,1,1,P17+P131,1
Q27357880,1,0,P17_only,1
Q20484238,1,0,P17_only,1
Q2554534,1,1,P17+P131,1
Q16433580,1,0,P17_only,1
Q4213401,1,0,P17_only,1
Q16273738,1,1,P17+P131,0
Q99564761,0,1,P131_only,0
Q27351845,1,1,P17+P131,0
Q12579490,1,0,P17_only,1
Q4244492,1,1,P17+P131,1
Q16431851,1,0,P17_only,1
Q16691470,1,1,P17+P131,1
Q16665230,1,1,P17+P131,1
Q108533881,1,0,P17_only,0
Q16700993,1,0,P17_only,0
Q6389184,1,1,P17+P131,1
Q61890453,1,0,P17_only,0
Q16690618,1,1,P17+P131,1
Q27430808,1,0,P17_only,0
Q16665638,1,1,P17+P131,1
Q27357248,1,0,P17_only,0
Q16690868,1,1,P17+P131,1
Q32202775,1,0,P17_only,0
Q16708261,1,1,P17+P131,1
Q123363612,1,0,P17_only,0
Q59771880,1,0,P17_only,0
Q15856776,1,0,P17_only,0
Q97165900,1,1,P17+P131,0
Q27356891,1,0,P17_only,0
Q13652083,1,1,P17+P131,1
Q64149206,1,0,P17_only,0
Q13642207,1,1,P17+P131,1
Q13651714,1,1,P17+P131,1
Q123363872,1,0,P17_only,0
Q13649126,1,1,P17+P131,1
Q137049284,1,0,P17_only,0
Q20462716,1,0,P17_only,0
Q32177797,1,0,P17_only,0
Q13643365,1,1,P17+P131,0
Q2554428,1,1,P17+P131,1
Q13656068,1,1,P17+P131,1
Q27356947,1,0,P17_only,0
Q35321174,1,0,P17_only,0
Q27351659,1,0,P17_only,0
Q32197880,1,0,P17_only,0
Q521878,1,1,P17+P131,1
Q16648425,1,1,P17+P131,1
Q13645828,1,1,P17+P131,1
Q28668911,1,0,P17_only,0
Q32215090,1,0,P17_only,0
Q32197445,1,1,P17+P131,0
Q27356948,1,0,P17_only,0
Q61368385,1,1,P17+P131,1
Q27351846,1,0,P17_only,0
Q16702121,1,1,P17+P131,1
Q12571232,1,1,P17+P131,1
Q32214417,1,0,P17_only,0
Q16656773,1,1,P17+P131,1
Q13651990,1,1,P17+P131,1
Q16656274,1,1,P17+P131,0
Q16697408,1,1,P17+P131,1
Q13648975,1,1,P17+P131,1
Q4509385,1,0,P17_only,1
Q20485062,1,0,P17_only,1
Q65156147,1,0,P17_only,0
Q12546323,1,0,P17_only,1
Q13646155,0,1,P131_only,1
Q16432255,1,0,P17_only,1
Q16651032,1,1,P17+P131,1
Q18408594,1,1,P17+P131,1
Q12565363,1,1,P17+P131,1
Q20485023,1,0,P17_only,1
Q18407506,1,1,P17+P131,1
Q16434339,1,0,P17_only,1
Q27357466,1,0,P17_only,0
Q32216215,1,1,P17+P131,0
Q12544132,0,1,P131_only,1
Q32189797,1,0,P17_only,0
Q12573546,1,0,P17_only,1
Q4227421,1,1,P17+P131,1
Q108798939,1,1,P17+P131,0
Q32218890,1,0,P17_only,1
Q27354891,1,0,P17_only,0
Q12545064,1,0,P17_only,1
Q111987794,1,0,P17_only,1
Q27354955,1,0,P17_only,0
Q4218840,1,1,P17+P131,1
Q108533795,1,0,P17_only,0
Q12574505,1,0,P17_only,1
Q18404750,1,1,P17+P131,1
Q16723864,1,1,P17+P131,1
Q115865746,1,0,P17_only,0
Q4947678,1,1,P17+P131,1
Q16678647,1,1,P17+P131,1
Q13662889,1,1,P17+P131,1
Q4521580,1,1,P17+P131,1
Q16702073,1,1,P17+P131,1
Q12702282,1,1,P17+P131,1
Q15845734,1,1,P17+P131,1
Q13643395,1,1,P17+P131,1
Q12534178,1,1,P17+P131,1
Q30973175,1,1,P17+P131,1
Q135829835,1,0,P17_only,0
Q27430829,1,0,P17_only,0
Q65254633,1,0,P17_only,0
Q12532203,1,0,P17_only,1
Q27354062,1,0,P17_only,0
Q16689582,1,1,P17+P131,1
Q27861148,1,0,P17_only,0
Q12533562,1,0,P17_only,1
Q27350943,1,0,P17_only,0
Q32208186,0,1,P131_only,0
Q12536939,1,1,P17+P131,1
Q12534607,1,0,P17_only,1
Q16661605,1,1,P17+P131,1
Q123363689,1,0,P17_only,0
Q18396453,1,1,P17+P131,1
Q67890014,1,0,P17_only,0
Q27356929,1,0,P17_only,0
Q55640228,1,0,P17_only,0
Q120262184,1,0,P17_only,0
Q16676431,1,1,P17+P131,1
Q27351208,1,0,P17_only,0
Q11498457,1,1,P17+P131,1
Q32219469,1,0,P17_only,0
Q485496,1,1,P17+P131,1
Q12528256,1,1,P17+P131,1
Q2656363,1,1,P17+P131,0
Q123225299,1,0,P17_only,0
Q13651772,1,1,P17+P131,1
Q12553372,1,0,P17_only,1
Q112004011,1,0,P17_only,0
Q12538480,1,1,P17+P131,1
Q27352803,1,0,P17_only,1
Q12561223,1,0,P17_only,1
Q954730,1,1,P17+P131,0
Q32175304,1,0,P17_only,0
Q48732609,1,0,P17_only,0
Q16704298,1,1,P17+P131,1
Q139584,1,0,P17_only,1
Q1395368,1,0,P17_only,1
Q27430529,1,0,P17_only,0
Q12559129,1,1,P17+P131,1
Q56367357,1,1,P17+P131,1
Q13647004,1,1,P17+P131,1
Q12572336,1,1,P17+P131,1
Q2053480,1,0,P17_only,0
Q12709597,1,0,P17_only,0
Q86662747,1,0,P17_only,0
Q16682657,1,1,P17+P131,1
Q32172880,1,1,P17+P131,0
Q16676686,1,1,P17+P131,1
Q20098244,1,1,P17+P131,1
Q12574389,1,0,P17_only,1
Q16431209,1,0,P17_only,1
Q129263003,1,0,P17_only,0
Q55239186,1,0,P17_only,0
Q12534110,1,0,P17_only,1
Q13382596,0,1,P131_only,1
Q13640808,1,1,P17+P131,1
Q12566803,1,0,P17_only,1
Q27430557,1,0,P17_only,0
Q15918928,1,1,P17+P131,1
Q12539512,1,0,P17_only,1
Q13648267,1,1,P17+P131,1
Q136346277,1,0,P17_only,0
Q16719179,1,1,P17+P131,1
Q27430820,1,0,P17_only,0
Q86666198,1,0,P17_only,0
Q55239330,1,0,P17_only,0
Q4275130,1,1,P17+P131,1
Q13653347,0,1,P131_only,1
Q30893172,1,0,P17_only,0
Q12532087,1,0,P17_only,1
Q1116019,1,0,P17_only,1
Q13664325,1,1,P17+P131,1
Q56366932,1,1,P17+P131,1
Q12532958,1,0,P17_only,1
Q16433532,1,0,P17_only,1
Q32214234,1,0,P17_only,0
Q12528536,1,1,P17+P131,1
Q12527992,1,0,P17_only,1
Q12577855,1,0,P17_only,1
Q27355052,1,0,P17_only,0
Q16431173,1,0,P17_only,1
Q35899,1,1,P17+P131,1
Q21103498,1,1,P17+P131,0
Q20021024,0,1,P131_only,0
Q20464482,1,0,P17_only,0
Q32213463,1,0,P17_only,0
Q12532666,1,0,P17_only,1
Q16434665,1,0,P17_only,1
Q16686362,1,1,P17+P131,1
Q20098221,1,1,P17+P131,1
Q1723567,1,0,P17_only,1
Q12578439,1,0,P17_only,1
Q127773218,1,0,P17_only,0
Q27351489,1,0,P17_only,0
Q4450400,1,1,P17+P131,1
Q61560,1,0,P17_only,1
Q4536527,1,0,P17_only,0
Q13666737,1,1,P17+P131,1
Q25495183,1,0,P17_only,1
Q12571228,1,1,P17+P131,1
Q16431310,1,1,P17+P131,1
Q4843259,1,0,P17_only,0
Q114857171,1,1,P17+P131,0
Q12573979,1,1,P17+P131,1
Q12551351,0,1,P131_only,1
Q30952375,1,1,P17+P131,1
Q12552998,1,1,P17+P131,1
Q12563000,1,0,P17_only,1
Q16681134,1,1,P17+P131,0
Q16273959,1,1,P17+P131,1
Q27347336,1,0,P17_only,0
Q139806551,1,0,P17_only,1
Q13645682,1,1,P17+P131,1
Q12541937,0,1,P131_only,1
Q115918291,1,0,P17_only,0
Q32204180,1,0,P17_only,0
Q135828754,1,0,P17_only,0
Q12578029,1,0,P17_only,1
Q27352097,1,0,P17_only,0
Q101228860,1,0,P17_only,1
Q13651907,1,1,P17+P131,1
Q32214875,1,0,P17_only,0
Q129880593,1,1,P17+P131,1
Q16699139,1,1,P17+P131,1
Q12545224,1,0,P17_only,1
Q12548368,1,0,P17_only,1
Q118144031,1,0,P17_only,1
Q20486261,1,0,P17_only,1
Q12574999,1,0,P17_only,1
Q48941675,1,0,P17_only,0
Q27354459,1,0,P17_only,1
Q30975036,1,1,P17+P131,1
Q135829831,1,0,P17_only,0
Q13664413,1,1,P17+P131,1
Q36156,1,1,P17+P131,1
Q13652230,1,1,P17+P131,1
Q13656022,1,1,P17+P131,1
Q16273624,1,1,P17+P131,1
Q123484615,1,0,P17_only,1
Q12529579,1,0,P17_only,1
Q16431488,1,1,P17+P131,1
Q123363739,1,0,P17_only,0
Q371287,1,0,P17_only,1
Q13643647,1,1,P17+P131,1
Q125148341,1,1,P17+P131,1
Q16668753,1,1,P17+P131,1
Q12568188,1,1,P17+P131,1
Q32387,1,1,P17+P131,1
Q12701534,1,0,P17_only,0
Q13377689,0,1,P131_only,1
Q27351325,1,0,P17_only,0
Q13645791,1,1,P17+P131,1
Q84080599,1,0,P17_only,0
Q20243204,1,0,P17_only,1
Q16673599,1,1,P17+P131,1
Q13656049,1,1,P17+P131,1
Q56367107,1,1,P17+P131,1
Q1105789,1,0,P17_only,1
Q65172468,1,1,P17+P131,0
Q27430948,1,0,P17_only,0
Q573362,1,1,P17+P131,1
Q13663960,1,1,P17+P131,1
Q32204759,1,0,P17_only,0
Q12528323,1,0,P17_only,1
Q18399665,1,1,P17+P131,1
Q12550567,1,0,P17_only,1
Q64197162,1,0,P17_only,1
Q13652847,0,1,P131_only,1
Q18408856,1,1,P17+P131,1
Q12528936,1,1,P17+P131,1
Q12538445,1,1,P17+P131,1
Q12526267,1,0,P17_only,1
Q13641712,1,1,P17+P131,1
Q13220395,0,1,P131_only,1
Q110114453,1,0,P17_only,1
Q27355033,1,0,P17_only,0
Q123225285,1,0,P17_only,0
Q4071096,1,1,P17+P131,1
Q1473986,1,1,P17+P131,1
Q18396397,1,1,P17+P131,1
Q124541719,1,0,P17_only,0
Q4201716,1,0,P17_only,1
Q12562575,1,1,P17+P131,1
Q12684123,1,1,P17+P131,1
Q20738694,1,0,P17_only,0
Q20486066,1,0,P17_only,1
Q16274394,1,1,P17+P131,1
Q32185406,1,0,P17_only,0
Q12561165,1,0,P17_only,1
Q16690904,1,1,P17+P131,1
Q2324530,1,1,P17+P131,1
Q2635729,1,0,P17_only,1
Q137551669,1,1,P17+P131,0
Q27356979,1,0,P17_only,0
Q32173020,1,0,P17_only,0
Q13651826,1,1,P17+P131,1
Q123363592,1,0,P17_only,0
Q27354395,1,0,P17_only,1
Q12574502,1,0,P17_only,1
Q32211991,1,0,P17_only,0
Q16652273,1,1,P17+P131,1
Q30972854,1,1,P17+P131,1
Q43304715,1,0,P17_only,0
Q27352185,1,1,P17+P131,0
Q104880097,1,0,P17_only,0
Q12532355,1,0,P17_only,1
Q12532090,1,0,P17_only,1
Q12545356,1,0,P17_only,1
Q16431939,1,0,P17_only,1
Q12544835,1,1,P17+P131,1
Q16433088,1,0,P17_only,1
Q4288851,1,0,P17_only,1
Q12528571,1,0,P17_only,1
Q12709016,1,0,P17_only,0
Q135829958,1,0,P17_only,0
Q13651678,1,1,P17+P131,1
Q30897537,1,1,P17+P131,1
Q61985294,1,1,P17+P131,0
Q12535179,1,1,P17+P131,1
Q12533342,1,1,P17+P131,1
Q16670612,1,1,P17+P131,1
Q128128189,1,1,P17+P131,1
Q135828972,1,0,P17_only,0
Q12685792,1,0,P17_only,0
Q13640924,1,1,P17+P131,1
Q135647378,1,1,P17+P131,1
Q12569779,1,1,P17+P131,0
Q56367452,1,1,P17+P131,1
Q2737276,1,1,P17+P131,1
Q109452597,1,0,P17_only,0
Q4474241,1,1,P17+P131,1
Q16431264,1,1,P17+P131,1
Q116142267,1,0,P17_only,0
Q16705615,1,1,P17+P131,1
Q32212417,1,0,P17_only,0
Q16434172,1,1,P17+P131,1
Q12548911,1,0,P17_only,1
Q16433810,1,0,P17_only,1
Q20486119,1,0,P17_only,1
Q27357167,1,0,P17_only,0
Q32211025,1,0,P17_only,0
Q12566655,1,1,P17+P131,1
Q86665189,1,0,P17_only,0
Q28671121,1,0,P17_only,1
Q16681468,1,1,P17+P131,1
Q12532173,1,0,P17_only,1
Q4074920,1,1,P17+P131,1
Q14554891,1,0,P17_only,1
Q135829539,1,0,P17_only,0
Q127417493,1,1,P17+P131,0
Q27354734,1,0,P17_only,0
Q27357486,1,0,P17_only,0
Q27357218,1,0,P17_only,0
Q61368027,1,1,P17+P131,1
Q55658106,1,0,P17_only,0
Q122942158,1,0,P17_only,0
Q16431139,1,1,P17+P131,1
Q4408840,1,0,P17_only,1
Q27351962,1,1,P17+P131,1
Q129880619,1,1,P17+P131,1
Q12528557,1,1,P17+P131,1
Q18408795,1,1,P17+P131,1
Q16431680,1,1,P17+P131,1
Q61975445,1,0,P17_only,0
Q25512,1,1,P17+P131,1
Q16704091,1,1,P17+P131,1
Q27351837,1,0,P17_only,0
Q16715400,1,1,P17+P131,1
Q27354654,1,0,P17_only,0
Q12567468,1,0,P17_only,1
Q12528511,1,0,P17_only,1
Q12558544,1,1,P17+P131,1
Q27350988,1,0,P17_only,0
Q30969635,1,1,P17+P131,1
Q13664187,1,1,P17+P131,1
Q12574569,1,0,P17_only,1
Q2454806,1,1,P17+P131,1
Q3612738,1,0,P17_only,0
Q14205236,1,1,P17+P131,0
Q12542914,1,0,P17_only,1
Q12529701,1,0,P17_only,1
Q6751525,1,0,P17_only,0
Q27354813,1,0,P17_only,0
Q12528011,1,0,P17_only,1
Q12566088,1,0,P17_only,1
Q16650845,1,1,P17+P131,1
Q6380835,1,0,P17_only,1
Q134313492,1,1,P17+P131,1
P10933,1,0,P17_only,0
Q16272777,1,1,P17+P131,1
Q120434264,1,0,P17_only,0
Q12577558,1,0,P17_only,1
Q124249399,1,0,P17_only,0
Q27357982,1,0,P17_only,0
Q13645733,1,1,P17+P131,1
Q108861980,1,0,P17_only,0
Q137527275,1,0,P17_only,0
Q17749619,1,1,P17+P131,1
Q16650925,1,1,P17+P131,1
Q18399291,1,1,P17+P131,1
Q124214648,1,0,P17_only,0
Q32197550,1,0,P17_only,0
Q106043567,1,0,P17_only,0
Q20098499,1,1,P17+P131,1
Q3011844,1,1,P17+P131,1
Q11494052,1,1,P17+P131,1
Q32187727,1,1,P17+P131,0
Q4243769,1,0,P17_only,1
Q16432653,1,0,P17_only,1
Q4810409,1,0,P17_only,0
Q20098489,1,1,P17+P131,1
Q21659749,1,0,P17_only,0
Q27355035,1,0,P17_only,0
Q16670968,1,1,P17+P131,1
Q10425961,1,0,P17_only,0
Q123363810,1,0,P17_only,0
Q13651731,1,1,P17+P131,1
Q12545046,1,0,P17_only,1
Q15617610,1,1,P17+P131,1
Q131306453,1,0,P17_only,0
Q4477036,1,0,P17_only,1
Q5445962,1,0,P17_only,0
Q57315182,1,1,P17+P131,0
Q97659510,1,0,P17_only,0
Q32206564,1,0,P17_only,0
Q30972244,1,1,P17+P131,1
Q56367305,1,1,P17+P131,1
Q12556673,1,1,P17+P131,1
Q22906198,1,0,P17_only,0
Q108533894,1,0,P17_only,0
Q16431818,1,1,P17+P131,1
Q27352103,1,0,P17_only,0
Q101252584,1,0,P17_only,0
Q16656978,1,0,P17_only,0
Q12575219,1,0,P17_only,1
Q20098143,1,1,P17+P131,1
Q135829020,1,0,P17_only,0
Q16434417,1,1,P17+P131,1
Q55659387,1,0,P17_only,0
Q13416170,0,1,P131_only,1
Q27355152,1,0,P17_only,0
Q44380148,1,0,P17_only,0
Q30973291,1,1,P17+P131,1
Q4393618,1,0,P17_only,1
Q27430937,1,0,P17_only,0
Q12568021,1,0,P17_only,1
Q1349607,1,0,P17_only,0
Q56325293,1,0,P17_only,0
Q55659087,1,0,P17_only,0
Q18401438,1,1,P17+P131,1
Q12531337,1,0,P17_only,1
Q27430637,1,0,P17_only,0
Q12564777,1,0,P17_only,1
Q31529645,1,0,P17_only,0
Q56367009,1,1,P17+P131,1
Q32213886,1,1,P17+P131,0
Q13640827,1,1,P17+P131,1
Q30897565,1,1,P17+P131,0
Q12572303,1,0,P17_only,1
Q32193593,1,0,P17_only,0
Q105492422,1,0,P17_only,0
Q13414788,0,1,P131_only,1
Q16648309,1,1,P17+P131,1
Q109332014,1,0,P17_only,0
Q20486107,1,0,P17_only,1
Q12577139,1,0,P17_only,1
Q108532415,1,1,P17+P131,0
Q114171043,1,0,P17_only,1
Q123363604,1,0,P17_only,0
Q108177042,1,0,P17_only,0
Q4416131,1,0,P17_only,1
Q16680250,1,1,P17+P131,1
Q27351520,1,0,P17_only,0
Q12570359,1,1,P17+P131,1
Q12571243,1,1,P17+P131,1
Q27357379,1,0,P17_only,0
Q16434174,1,0,P17_only,1
Q14623187,1,0,P17_only,0
Q112003951,1,0,P17_only,0
Q13646533,1,1,P17+P131,1
Q32216069,1,0,P17_only,0
Q12543076,1,0,P17_only,1
Q1651033,1,1,P17+P131,1
Q6358408,1,1,P17+P131,1
Q16432131,1,0,P17_only,1
Q12531269,1,1,P17+P131,1
Q13648497,1,1,P17+P131,1
Q12531225,1,0,P17_only,1
Q32218717,1,0,P17_only,0
Q13476134,0,1,P131_only,1
Q115936347,1,0,P17_only,0
Q27350728,1,0,P17_only,0
Q12549122,1,1,P17+P131,1
Q13642290,1,1,P17+P131,1
Q18399951,1,1,P17+P131,1
Q15617714,1,1,P17+P131,1
Q32214833,1,0,P17_only,0
Q93294057,1,1,P17+P131,0
Q12563842,1,1,P17+P131,1
Q16432877,1,1,P17+P131,1
Q136268951,1,0,P17_only,0
Q13653322,0,1,P131_only,1
Q111125781,1,0,P17_only,0
Q18408857,1,1,P17+P131,1
Q16721125,1,1,P17+P131,1
Q25504675,1,0,P17_only,1
Q12530542,1,1,P17+P131,1
Q27351480,1,0,P17_only,1
Q13645951,1,1,P17+P131,1
Q12565346,1,0,P17_only,1
Q16661733,1,1,P17+P131,1
Q12577566,1,1,P17+P131,1
Q23985128,1,1,P17+P131,1
Q13643317,1,1,P17+P131,1
Q12563875,1,0,P17_only,1
Q97210601,1,1,P17+P131,1
Q16715317,1,1,P17+P131,0
Q45728504,1,0,P17_only,0
Q12549281,1,0,P17_only,1
P4838,1,0,P17_only,0
Q21996398,1,0,P17_only,0
Q135553586,1,0,P17_only,0
Q16433064,1,0,P17_only,1
Q422091,1,0,P17_only,1
Q18399892,1,1,P17+P131,1
Q4477476,1,1,P17+P131,1
Q12556117,1,0,P17_only,1
Q12531758,1,1,P17+P131,1
Q13667024,1,1,P17+P131,1
Q12545879,1,1,P17+P131,1
Q12560158,1,0,P17_only,1
Q12698984,1,0,P17_only,0
Q16661861,1,1,P17+P131,1
Q12554729,1,0,P17_only,1
Q20485915,1,0,P17_only,1
Q16273349,1,1,P17+P131,1
Q16434008,1,1,P17+P131,1
Q16432408,1,0,P17_only,1
Q123363765,1,0,P17_only,0
Q12574412,1,0,P17_only,1
Q22910831,1,1,P17+P131,0
Q12568644,1,0,P17_only,1
Q112003979,1,0,P17_only,0
Q16691727,1,1,P17+P131,1
Q137527463,1,0,P17_only,0
Q4126492,1,1,P17+P131,1
Q13643181,0,1,P131_only,1
Q16272277,0,1,P131_only,1
Q13664311,1,1,P17+P131,1
Q12544813,1,0,P17_only,1
Q12545017,1,0,P17_only,1
Q27354829,1,0,P17_only,0
Q32211748,1,1,P17+P131,0
Q27357172,1,0,P17_only,0
Q16651678,1,1,P17+P131,1
Q27354853,1,0,P17_only,0
Q32200204,1,0,P17_only,0
Q12535230,1,0,P17_only,1
Q1256527,1,0,P17_only,0
Q32206506,1,0,P17_only,0
Q55564419,1,0,P17_only,0
Q5474,1,1,P17+P131,1
Q59324564,1,0,P17_only,0
Q1010136,1,1,P17+P131,1
Q39970975,1,0,P17_only,0
Q13648449,1,1,P17+P131,1
Q25500260,1,1,P17+P131,1
Q32190798,1,0,P17_only,0
Q16716320,1,1,P17+P131,1
Q12575169,1,0,P17_only,1
Q13643251,1,1,P17+P131,1
Q56367166,1,1,P17+P131,1
Q15845735,1,1,P17+P131,1
Q4069760,1,1,P17+P131,0
Q12539067,1,1,P17+P131,1
Q2216473,1,1,P17+P131,1
Q16704839,1,1,P17+P131,1
Q16432508,1,1,P17+P131,1
Q12535191,1,1,P17+P131,1
Q13649122,1,1,P17+P131,1
Q32213647,1,0,P17_only,0
Q12566069,1,1,P17+P131,1
Q13663964,1,1,P17+P131,1
Q27351932,1,0,P17_only,0
Q13641776,1,1,P17+P131,1
Q108533808,1,0,P17_only,0
Q97616215,1,0,P17_only,0
Q30888733,1,0,P17_only,0
Q12571889,1,0,P17_only,1
Q13651522,1,1,P17+P131,1
Q108785076,1,0,P17_only,0
Q97664311,1,0,P17_only,0
Q1514184,1,0,P17_only,1
Q12577630,1,1,P17+P131,1
Q16648411,1,1,P17+P131,1
Q48948612,1,0,P17_only,0
Q32197912,1,0,P17_only,0
Q32187919,1,0,P17_only,1
Q12550480,1,1,P17+P131,1
Q27355107,1,0,P17_only,1
Q56367282,1,1,P17+P131,1
Q46118,1,0,P17_only,1
Q12574174,1,1,P17+P131,1
Q124331126,1,1,P17+P131,1
Q1304628,1,0,P17_only,0
Q622765,1,1,P17+P131,1
Q13220056,1,1,P17+P131,1
Q56366850,1,1,P17+P131,1
Q65261075,1,0,P17_only,0
Q15617546,1,1,P17+P131,1
Q13643547,1,1,P17+P131,1
Q12572606,1,1,P17+P131,1
Q1795306,1,1,P17+P131,0
Q60852541,1,0,P17_only,1
Q65175388,1,0,P17_only,0
Q16669509,1,1,P17+P131,1
Q65251508,1,0,P17_only,1
Q32217234,1,0,P17_only,0
Q32214439,1,0,P17_only,1
Q13655963,1,1,P17+P131,1
Q13646742,1,1,P17+P131,1
Q16431298,1,0,P17_only,1
Q32193147,1,0,P17_only,0
Q2726480,1,1,P17+P131,1
Q65375367,1,0,P17_only,0
Q123363655,1,0,P17_only,0
Q16433443,1,0,P17_only,1
Q20098184,1,1,P17+P131,1
Q33642031,1,1,P17+P131,0
Q12567089,1,0,P17_only,1
Q20098512,1,1,P17+P131,1
Q32170763,0,1,P131_only,0
Q12570536,1,1,P17+P131,1
Q111402851,1,0,P17_only,0
Q13416164,0,1,P131_only,1
Q20485865,1,0,P17_only,1
Q12545472,1,0,P17_only,1
Q9352982,1,1,P17+P131,1
Q16272325,0,1,P131_only,1
Q12530682,1,1,P17+P131,1
Q12565744,1,1,P17+P131,1
Q13655935,1,1,P17+P131,1
Q12536440,1,1,P17+P131,1
Q12557001,1,1,P17+P131,1
Q13642241,1,1,P17+P131,0
Q25503099,1,0,P17_only,1
Q4263406,1,0,P17_only,1
Q16272924,1,1,P17+P131,0
Q12527039,1,0,P17_only,1
Q135829082,1,0,P17_only,0
Q16706543,1,1,P17+P131,0
Q20484970,1,0,P17_only,1
Q32217001,1,0,P17_only,0
Q12573152,1,0,P17_only,1
Q135830011,1,0,P17_only,0
Q12546754,1,0,P17_only,1
Q27355034,1,0,P17_only,0
Q32201341,1,0,P17_only,0
Q12532655,1,1,P17+P131,1
Q16651014,1,1,P17+P131,1
Q27351459,1,0,P17_only,0
Q32219416,1,0,P17_only,0
Q4252248,1,1,P17+P131,1
Q20486036,1,0,P17_only,1
Q27354376,1,0,P17_only,0
Q12553381,1,1,P17+P131,1
Q32191291,1,0,P17_only,0
Q20098353,1,1,P17+P131,1
Q12565517,1,1,P17+P131,1
Q13643486,1,1,P17+P131,1
Q18409366,1,1,P17+P131,1
Q56274350,1,0,P17_only,0
Q4273789,1,0,P17_only,1
Q27357508,1,0,P17_only,0
Q27356885,1,0,P17_only,0
Q86663328,1,0,P17_only,0
Q4099708,1,1,P17+P131,1
Q112003988,1,0,P17_only,0
Q30973163,1,1,P17+P131,1
Q12538312,1,1,P17+P131,1
Q56368450,1,1,P17+P131,1
Q16273664,1,1,P17+P131,1
Q18408951,1,1,P17+P131,1
Q12565628,1,1,P17+P131,1
Q12709150,1,0,P17_only,0
Q56295796,1,0,P17_only,0
Q13643355,1,1,P17+P131,1
Q13664240,1,1,P17+P131,1
Q136268957,1,0,P17_only,0
Q16715311,1,1,P17+P131,1
Q3668413,1,0,P17_only,1
Q32195378,1,0,P17_only,0
Q16693700,1,1,P17+P131,0
Q20486072,1,0,P17_only,1
Q130772591,1,0,P17_only,1
Q1105776,1,0,P17_only,1
Q27355063,1,0,P17_only,0
Q27430821,1,1,P17+P131,0
Q13648597,1,1,P17+P131,1
Q65256058,1,0,P17_only,0
Q12712752,1,0,P17_only,0
Q13640676,0,1,P131_only,1
Q56368535,1,1,P17+P131,0
Q444958,1,1,P17+P131,1
Q32214482,1,0,P17_only,0
Q12536346,1,1,P17+P131,1
Q20485742,1,0,P17_only,1
Q12529606,1,1,P17+P131,1
Q20098602,1,1,P17+P131,1
Q27357827,1,0,P17_only,0
Q32213407,1,0,P17_only,1
Q137047600,1,0,P17_only,0
Q19992043,0,1,P131_only,0
Q12541812,0,1,P131_only,1
Q32205952,1,1,P17+P131,0
Q12553434,1,0,P17_only,1
Q31195516,1,0,P17_only,1
Q11287192,1,0,P17_only,0
Q13662928,1,1,P17+P131,1
Q12574665,1,1,P17+P131,1
Q4513169,1,1,P17+P131,1
Q12562766,1,1,P17+P131,1
Q13641640,1,1,P17+P131,1
Q18649659,1,0,P17_only,0
Q12552640,1,1,P17+P131,1
Q16431510,1,0,P17_only,1
Q7901873,1,1,P17+P131,0
Q15845721,1,1,P17+P131,1
Q25501108,1,0,P17_only,1
Q16434281,1,0,P17_only,1
Q25483519,1,0,P17_only,1
Q16700873,1,1,P17+P131,1
Q4391977,1,0,P17_only,1
Q27357099,1,0,P17_only,0
Q108533840,1,0,P17_only,0
Q13655940,1,1,P17+P131,1
Q140760272,1,0,P17_only,0
Q16431585,1,1,P17+P131,1
Q4243764,1,0,P17_only,1
Q1163044,1,0,P17_only,1
Q12561851,1,1,P17+P131,1
Q4213563,1,0,P17_only,1
Q12527297,1,0,P17_only,1
Q4250241,1,1,P17+P131,1
Q31341164,1,0,P17_only,0
Q32178139,1,0,P17_only,0
Q12562684,1,0,P17_only,1
Q60851909,1,1,P17+P131,0
Q2952943,1,0,P17_only,1
Q32191738,1,0,P17_only,0
Q30897524,1,1,P17+P131,0
Q13646390,1,1,P17+P131,1
Q27357164,1,0,P17_only,0
Q13649115,1,1,P17+P131,1
Q12531692,1,0,P17_only,1
Q108783936,1,1,P17+P131,0
Q16685613,1,1,P17+P131,1
Q16720783,1,1,P17+P131,1
Q123363558,1,0,P17_only,0
Q28520317,1,1,P17+P131,0
Q13648475,1,1,P17+P131,1
Q12567199,1,1,P17+P131,1
Q50036219,1,0,P17_only,0
Q18676717,1,0,P17_only,1
Q139488347,1,0,P17_only,0
Q12563463,1,1,P17+P131,1
Q32205839,1,0,P17_only,1
Q12683534,1,0,P17_only,0
Q32182812,1,0,P17_only,0
Q12533054,1,0,P17_only,1
Q16708303,1,1,P17+P131,1
Q126975098,1,0,P17_only,0
Q13665063,1,1,P17+P131,1
Q12560351,1,1,P17+P131,1
Q12576844,1,1,P17+P131,1
Q27358068,1,1,P17+P131,0
Q13643449,1,1,P17+P131,0
Q30296117,1,1,P17+P131,0
Q140473689,1,0,P17_only,1
Q16699693,1,1,P17+P131,1
Q97616211,1,0,P17_only,0
Q2135515,1,1,P17+P131,1
Q13652076,1,1,P17+P131,1
Q64186894,1,0,P17_only,0
Q4174904,1,0,P17_only,1
Q27430582,1,0,P17_only,0
Q20092731,1,1,P17+P131,1
Q13646675,1,1,P17+P131,1
Q115906683,1,0,P17_only,0
Q135829707,1,0,P17_only,0
Q16697089,1,1,P17+P131,1
Q61931548,1,0,P17_only,0
Q16653319,1,1,P17+P131,1
Q32184623,1,0,P17_only,0
Q12530155,1,0,P17_only,1
Q20098426,1,1,P17+P131,1
Q20098476,1,1,P17+P131,1
Q97214294,1,0,P17_only,1
Q16433439,1,0,P17_only,1
Q30972190,1,1,P17+P131,1
Q32203539,1,0,P17_only,0
Q123363617,1,0,P17_only,0
Q13652548,0,1,P131_only,1
Q13646172,1,1,P17+P131,1
Q16433826,1,0,P17_only,1
Q15617616,1,1,P17+P131,1
Q27350755,1,0,P17_only,0
Q75318,1,1,P17+P131,1
Q12535183,1,1,P17+P131,1
Q12574414,1,0,P17_only,1
Q20098585,1,1,P17+P131,1
Q2052602,1,1,P17+P131,1
Q32186614,1,0,P17_only,1
Q6352795,1,1,P17+P131,1
Q13648627,1,1,P17+P131,1
Q56366941,1,1,P17+P131,1
Q32198013,1,0,P17_only,0
Q12577738,1,0,P17_only,1
Q131290296,1,0,P17_only,1
Q137527446,1,0,P17_only,0
Q12570919,1,0,P17_only,1
Q16694888,1,1,P17+P131,1
Q20486168,1,0,P17_only,1
Q56368482,1,1,P17+P131,1
Q18396325,1,1,P17+P131,1
Q7082688,1,1,P17+P131,1
Q16661958,1,1,P17+P131,1
Q32199440,1,0,P17_only,0
Q55658413,1,0,P17_only,0
Q16700611,1,1,P17+P131,1
Q12530123,1,0,P17_only,1
Q4361532,1,0,P17_only,0
Q16720800,1,1,P17+P131,1
Q139891688,1,1,P17+P131,0
Q123363830,1,0,P17_only,0
Q32190403,1,0,P17_only,0
Q12546025,1,0,P17_only,1
Q27355142,1,0,P17_only,0
Q18399884,1,1,P17+P131,1
Q32205072,1,0,P17_only,0
Q13652443,0,1,P131_only,1
Q133255,1,0,P17_only,1
Q12562867,1,0,P17_only,1
Q32203769,1,0,P17_only,0
Q135829659,1,0,P17_only,0
Q32207362,0,1,P131_only,0
Q16648394,1,1,P17+P131,1
Q13642428,0,1,P131_only,1
Q32217687,1,0,P17_only,0
Q21655361,1,0,P17_only,1
Q15617649,1,1,P17+P131,1
Q27352697,0,1,P131_only,0
Q16675115,1,1,P17+P131,1
Q16433869,1,1,P17+P131,1
Q27352333,1,0,P17_only,0
Q32192074,1,0,P17_only,0
Q20486021,1,0,P17_only,1
Q20072751,0,1,P131_only,1
Q12575386,1,0,P17_only,1
Q16700526,1,1,P17+P131,1
Q12533441,1,1,P17+P131,1
Q13643503,1,1,P17+P131,1
Q16710586,1,1,P17+P131,1
Q13552864,0,1,P131_only,1
Q108533800,1,0,P17_only,0
Q137527307,1,0,P17_only,0
Q13647397,1,1,P17+P131,1
Q32212058,1,0,P17_only,0
Q13655776,1,1,P17+P131,1
Q12554476,1,1,P17+P131,1
Q56367032,1,1,P17+P131,1
Q135829052,1,0,P17_only,0
Q32187016,1,0,P17_only,0
Q4286795,1,0,P17_only,1
Q107752585,1,0,P17_only,0
Q30897529,1,1,P17+P131,0
Q20098144,1,1,P17+P131,1
Q20073857,1,1,P17+P131,1
Q1210359,1,0,P17_only,1
Q131872288,1,0,P17_only,0
Q22806727,1,0,P17_only,0
Q124606437,1,1,P17+P131,1
Q32214687,1,0,P17_only,0
Q56366902,1,1,P17+P131,1
Q44775299,1,0,P17_only,0
Q56295219,1,0,P17_only,0
Q32200080,1,0,P17_only,0
Q135829147,1,0,P17_only,0
Q13645754,1,1,P17+P131,1
Q123363679,1,0,P17_only,0
Q12546686,1,0,P17_only,1
Q12531254,1,0,P17_only,1
Q31193983,1,0,P17_only,1
Q12532368,1,1,P17+P131,1
Q6361919,1,1,P17+P131,1
Q27348285,1,0,P17_only,0
Q20098645,1,1,P17+P131,1
Q12536431,1,0,P17_only,1
Q4174665,1,0,P17_only,0
Q32201018,1,0,P17_only,0
Q15918853,1,1,P17+P131,1
Q27357111,1,0,P17_only,0
Q27356999,1,0,P17_only,0
Q27430734,1,0,P17_only,0
Q12574747,1,1,P17+P131,1
Q18406956,1,1,P17+P131,1
Q20093835,1,1,P17+P131,1
Q18404843,1,1,P17+P131,1
Q12553470,1,0,P17_only,1
Q12564511,1,1,P17+P131,1
Q12266391,1,0,P17_only,1
Q17562705,1,1,P17+P131,1
Q120849463,1,0,P17_only,0
Q12531804,1,0,P17_only,1
Q4246531,1,1,P17+P131,0
Q32203399,1,0,P17_only,0
Q123363631,1,0,P17_only,0
Q56366855,1,1,P17+P131,1
Q12554277,1,1,P17+P131,1
Q18407810,1,1,P17+P131,1
Q12532338,1,1,P17+P131,1
Q32214928,1,0,P17_only,0
Q16431109,1,0,P17_only,1
Q13643795,1,1,P17+P131,1
Q32198483,1,0,P17_only,0
Q15072596,1,0,P17_only,1
Q25530591,1,0,P17_only,1
Q12555691,1,1,P17+P131,1
Q135326004,1,0,P17_only,0
Q32197509,1,0,P17_only,0
Q27352338,1,0,P17_only,0
Q13649108,1,1,P17+P131,1
Q4227440,1,0,P17_only,1
Q12570888,1,0,P17_only,1
Q16681886,1,1,P17+P131,1
Q32192543,1,0,P17_only,0
Q17749635,1,1,P17+P131,1
Q12574083,1,0,P17_only,1
Q16696119,1,1,P17+P131,1
Q16433950,1,1,P17+P131,1
Q12532064,1,0,P17_only,1
Q1046946,1,1,P17+P131,1
Q12541780,0,1,P131_only,1
Q27430857,1,0,P17_only,0
Q42811699,1,1,P17+P131,0
Q135829899,1,0,P17_only,0
Q1737474,1,1,P17+P131,1
Q2062939,1,0,P17_only,1
Q16692315,1,1,P17+P131,1
Q27430794,1,0,P17_only,0
Q17494737,1,1,P17+P131,1
Q20098530,1,1,P17+P131,1
Q30973186,1,1,P17+P131,1
Q18401069,1,1,P17+P131,0
Q32185103,1,0,P17_only,0
Q32179283,1,1,P17+P131,0
Q4454312,1,0,P17_only,1
Q18396359,1,1,P17+P131,1
Q12559115,1,0,P17_only,1
Q13648418,1,1,P17+P131,1
Q4062692,1,1,P17+P131,1
Q136268948,1,0,P17_only,0
Q135829495,1,0,P17_only,0
Q16272665,1,1,P17+P131,1
Q117766,1,0,P17_only,1
Q13664244,1,1,P17+P131,1
Q16720948,1,1,P17+P131,1
Q32194125,1,0,P17_only,0
Q35362,1,1,P17+P131,1
Q12554064,1,1,P17+P131,1
Q12531654,1,1,P17+P131,1
Q114976765,1,0,P17_only,1
Q19981964,0,1,P131_only,1
Q16434374,1,0,P17_only,1
Q32185000,1,0,P17_only,0
Q16681632,1,1,P17+P131,1
Q12564108,1,1,P17+P131,1
Q4210041,1,1,P17+P131,1
Q13646964,1,1,P17+P131,1
Q63120276,1,1,P17+P131,0
Q12568917,1,1,P17+P131,1
Q126990984,1,1,P17+P131,0
Q27494272,1,0,P17_only,0
Q112518828,1,0,P17_only,0
Q65007090,1,0,P17_only,0
Q12549750,1,1,P17+P131,1
Q13641667,1,1,P17+P131,1
Q27357590,1,0,P17_only,0
Q30975164,1,1,P17+P131,1
Q25514766,1,0,P17_only,1
Q135829604,1,0,P17_only,0
Q12530540,1,0,P17_only,1
Q65256542,1,1,P17+P131,1
Q48807767,1,1,P17+P131,0
Q18401828,1,1,P17+P131,1
Q12699088,1,0,P17_only,0
Q12531519,1,1,P17+P131,1
Q12545113,1,0,P17_only,1
Q32200713,1,0,P17_only,0
Q123363654,1,0,P17_only,0
Q32205271,1,1,P17+P131,0
Q19742629,0,1,P131_only,0
Q12573506,1,0,P17_only,1
Q18396424,1,1,P17+P131,1
Q32186999,1,0,P17_only,0
Q56368943,1,1,P17+P131,1
Q16433166,1,0,P17_only,1
Q19982046,0,1,P131_only,1
Q16431219,1,0,P17_only,1
Q12530110,1,0,P17_only,1
Q27357112,1,0,P17_only,0
Q111297006,1,0,P17_only,0
Q16432444,1,0,P17_only,1
Q2946900,1,1,P17+P131,1
Q16434701,1,0,P17_only,1
Q13664204,1,1,P17+P131,1
Q108861991,1,0,P17_only,0
Q12575476,1,1,P17+P131,1
Q129880633,1,1,P17+P131,1
Q12544795,1,1,P17+P131,1
Q27352353,1,1,P17+P131,0
Q56367247,1,1,P17+P131,1
Q97274773,1,1,P17+P131,0
Q135829619,1,0,P17_only,0
Q13641604,1,1,P17+P131,1
Q36748,1,0,P17_only,0
Q97760475,1,0,P17_only,0
Q21103540,1,0,P17_only,1
Q27352443,1,0,P17_only,0
Q43304672,1,0,P17_only,0
Q13653561,1,1,P17+P131,1
Q20486151,1,0,P17_only,1
Q16432612,1,0,P17_only,1
Q152805,1,0,P17_only,1
Q18407448,1,1,P17+P131,1
Q97640734,1,0,P17_only,0
Q65131977,1,1,P17+P131,1
Q32205348,1,1,P17+P131,0
Q4429306,1,0,P17_only,0
Q25394505,0,1,P131_only,0
Q17494792,1,1,P17+P131,1
Q55239193,1,0,P17_only,0
Q2894252,1,0,P17_only,1
Q27357859,1,0,P17_only,0
Q20072684,0,1,P131_only,1
Q12528552,1,0,P17_only,1
Q131723745,1,0,P17_only,0
Q16688431,1,1,P17+P131,1
Q64200836,1,0,P17_only,1
Q124214646,1,0,P17_only,0
Q12699736,1,0,P17_only,0
Q12565625,1,0,P17_only,0
Q19907976,0,1,P131_only,0
Q16432413,1,0,P17_only,1
Q20486178,1,0,P17_only,1
Q757029,1,1,P17+P131,1
Q16684130,1,1,P17+P131,1
Q43376526,1,1,P17+P131,0
Q12570529,1,0,P17_only,1
Q30969503,1,1,P17+P131,1
Q25390824,1,1,P17+P131,0
Q12570860,1,0,P17_only,1
Q135829470,1,0,P17_only,0
Q45728494,1,0,P17_only,0
Q13651920,1,1,P17+P131,1
Q19819934,0,1,P131_only,1
Q32199852,1,1,P17+P131,1
Q137527285,1,0,P17_only,0
Q16670757,1,1,P17+P131,1
Q12561375,1,1,P17+P131,1
Q4219231,1,0,P17_only,1
Q21655419,1,1,P17+P131,0
Q22201314,1,1,P17+P131,1
Q123363666,1,0,P17_only,0
Q16432628,1,0,P17_only,1
Q16669016,1,1,P17+P131,1
Q27348299,1,0,P17_only,0
Q27356853,1,0,P17_only,0
Q135829562,1,0,P17_only,0
Q18406080,1,1,P17+P131,1
Q16272413,0,1,P131_only,1
Q12528007,1,0,P17_only,1
Q27430901,1,0,P17_only,0
Q13647871,1,1,P17+P131,1
Q16431331,1,0,P17_only,1
Q16433554,1,0,P17_only,1
Q95823803,1,0,P17_only,0
Q13646894,1,1,P17+P131,1
Q16691840,1,1,P17+P131,1
Q13652471,0,1,P131_only,1
Q115936437,1,0,P17_only,0
Q32214728,1,1,P17+P131,0
Q13643453,1,1,P17+P131,1
Q12561765,1,1,P17+P131,1
Q32188708,1,0,P17_only,0
Q12576186,1,0,P17_only,1
Q1359850,1,1,P17+P131,1
Q4348955,1,0,P17_only,1
Q18125175,1,1,P17+P131,1
Q32199837,1,0,P17_only,0
Q102047169,1,1,P17+P131,1
Q4281845,1,1,P17+P131,1
Q12570634,1,1,P17+P131,1
Q16431925,1,1,P17+P131,1
Q16653317,1,1,P17+P131,1
Q135829969,1,0,P17_only,0
Q12569998,1,0,P17_only,1
Q55604807,1,0,P17_only,0
Q4158245,1,0,P17_only,0
Q27354714,1,0,P17_only,0
Q139792027,1,0,P17_only,0
Q16432548,1,0,P17_only,1
Q18401602,1,1,P17+P131,1
Q16651864,1,1,P17+P131,1
Q30974977,1,1,P17+P131,1
Q55658570,1,0,P17_only,0
Q16690861,1,1,P17+P131,1
Q16651266,1,1,P17+P131,1
Q12576484,1,1,P17+P131,1
Q32210549,0,1,P131_only,0
Q13664383,1,1,P17+P131,1
Q129880687,1,1,P17+P131,1
Q16641589,0,1,P131_only,1
Q16697486,1,1,P17+P131,1
Q28671097,1,1,P17+P131,1
Q13664003,1,1,P17+P131,1
Q2003656,1,1,P17+P131,1
Q16431452,1,0,P17_only,1
Q13664709,1,1,P17+P131,1
Q20485932,1,0,P17_only,1
Q20484599,1,0,P17_only,1
Q97315416,1,1,P17+P131,1
Q13651724,1,1,P17+P131,1
Q16533147,0,1,P131_only,1
Q32212333,1,0,P17_only,0
Q4508421,1,1,P17+P131,1
Q16431051,1,0,P17_only,1
Q4160228,1,0,P17_only,1
Q27356980,1,0,P17_only,0
Q20098174,1,1,P17+P131,1
Q13646386,1,1,P17+P131,1
Q13653165,0,1,P131_only,1
Q16657080,1,1,P17+P131,1
Q56370338,1,1,P17+P131,1
Q112004046,1,0,P17_only,0
Q16433483,1,1,P17+P131,1
Q2029854,1,1,P17+P131,1
Q32172138,1,0,P17_only,0
Q27354856,1,0,P17_only,0
Q65252921,1,0,P17_only,1
Q24040959,1,0,P17_only,0
Q97165809,1,0,P17_only,0
Q123363572,1,0,P17_only,0
Q30974360,1,1,P17+P131,1
Q16432758,1,1,P17+P131,1
Q138354759,1,0,P17_only,0
Q21103799,1,1,P17+P131,0
Q137551666,1,1,P17+P131,0
Q27352317,1,1,P17+P131,1
Q32170997,1,1,P17+P131,0
Q27351943,1,1,P17+P131,0
Q17195708,1,1,P17+P131,1
Q4214344,1,1,P17+P131,1
Q114561243,1,1,P17+P131,0
Q65253806,1,0,P17_only,0
Q12573335,1,0,P17_only,1
Q27430746,1,0,P17_only,0
Q20072650,0,1,P131_only,1
Q65175748,1,1,P17+P131,1
Q135829747,1,0,P17_only,0
Q16533182,0,1,P131_only,1
Q32176565,1,0,P17_only,0
Q12574383,1,1,P17+P131,1
Q56367249,1,1,P17+P131,1
Q68036932,1,0,P17_only,0
Q68036951,1,0,P17_only,0
Q6362715,1,1,P17+P131,1
Q129880801,1,1,P17+P131,1
Q4505948,1,1,P17+P131,1
Q16431529,1,1,P17+P131,1
Q6380779,1,0,P17_only,0
Q12564837,1,1,P17+P131,1
Q16664657,1,1,P17+P131,1
Q97168259,1,1,P17+P131,1
Q16431787,1,1,P17+P131,1
Q6358527,1,1,P17+P131,1
Q32218786,1,0,P17_only,0
Q123363723,1,0,P17_only,0
Q4506253,1,1,P17+P131,1
Q16535045,0,1,P131_only,1
Q32185506,1,0,P17_only,0
Q4318120,1,0,P17_only,1
Q16686005,1,1,P17+P131,1
Q135829060,1,0,P17_only,0
Q12529107,1,1,P17+P131,1
Q12533556,1,0,P17_only,1
Q12537679,1,1,P17+P131,1
Q4509505,1,1,P17+P131,1
Q2556049,1,1,P17+P131,1
Q56293253,1,0,P17_only,0
Q32195818,1,0,P17_only,0
Q17562734,1,1,P17+P131,1
Q12547971,1,0,P17_only,1
Q4059046,1,0,P17_only,1
Q12546059,1,0,P17_only,1
Q12550825,1,0,P17_only,1
Q12556387,1,1,P17+P131,1
Q12543075,1,0,P17_only,1
Q16273669,1,1,P17+P131,1
Q13643742,1,1,P17+P131,1
Q16684614,1,0,P17_only,0
Q16648901,1,1,P17+P131,1
Q12541021,0,1,P131_only,1
Q27350966,1,0,P17_only,0
Q20468031,1,0,P17_only,0
Q20098492,1,1,P17+P131,1
Q32198784,1,0,P17_only,0
Q32212322,1,1,P17+P131,0
Q13666980,1,1,P17+P131,1
Q2472329,1,0,P17_only,1
Q129880641,1,1,P17+P131,1
Q17494789,1,1,P17+P131,1
Q22201269,1,1,P17+P131,1
Q27350695,1,1,P17+P131,1
Q16272861,1,1,P17+P131,1
Q107752348,1,0,P17_only,0
Q16666239,1,1,P17+P131,0
Q64196265,1,0,P17_only,1
Q13647997,1,1,P17+P131,1
Q4426677,1,0,P17_only,0
Q4319094,1,1,P17+P131,1
Q2619449,1,0,P17_only,1
Q16445833,0,1,P131_only,1
Q20098119,1,1,P17+P131,1
Q13664721,1,1,P17+P131,1
Q121076590,1,0,P17_only,0
Q13652220,1,1,P17+P131,1
Q56367075,1,1,P17+P131,1
Q16717997,1,1,P17+P131,1
Q12564639,1,0,P17_only,1
Q16272815,1,1,P17+P131,1
Q12560466,1,1,P17+P131,1
Q12562711,1,0,P17_only,1
Q16672826,1,1,P17+P131,0
Q16693314,1,1,P17+P131,1
Q16274604,1,1,P17+P131,0
Q130108094,1,0,P17_only,0
Q4160049,1,0,P17_only,1
Q12557165,1,1,P17+P131,1
Q15617602,1,1,P17+P131,1
Q27352829,1,0,P17_only,0
Q20098690,1,1,P17+P131,1
Q27430980,1,0,P17_only,0
Q13667016,1,1,P17+P131,1
Q20098090,1,1,P17+P131,1
Q32216992,1,0,P17_only,0
Q13650467,1,1,P17+P131,1
Q38694701,1,0,P17_only,0
Q13655978,1,1,P17+P131,1
Q56367045,1,1,P17+P131,1
Q432481,1,1,P17+P131,1
Q16693427,1,1,P17+P131,1
Q55239182,1,0,P17_only,0
Q32201046,1,0,P17_only,0
Q746263,1,0,P17_only,1
Q16635357,0,1,P131_only,0
Q12542411,1,0,P17_only,1
Q126661227,1,1,P17+P131,0
Q20098427,1,1,P17+P131,1
Q16274627,1,1,P17+P131,1
Q67893175,1,0,P17_only,0
Q56368492,1,1,P17+P131,1
Q12546658,1,0,P17_only,1
Q16673291,1,1,P17+P131,1
Q13359416,0,1,P131_only,1
Q16679348,1,1,P17+P131,1
Q13652058,1,1,P17+P131,1
Q15298213,1,1,P17+P131,0
Q16652330,1,1,P17+P131,1
Q999142,1,1,P17+P131,1
Q18404613,1,1,P17+P131,1
Q13647404,1,1,P17+P131,1
Q27358013,1,0,P17_only,0
Q113377220,0,1,P131_only,0
Q30894221,1,1,P17+P131,0
Q32214666,1,0,P17_only,0
Q17494746,1,1,P17+P131,1
Q12558598,1,1,P17+P131,1
Q20098536,1,1,P17+P131,1
Q18400669,1,1,P17+P131,1
Q12577825,1,1,P17+P131,1
Q4529408,1,0,P17_only,1
Q13664223,1,1,P17+P131,1
Q20098626,1,1,P17+P131,1
Q32217748,1,0,P17_only,0
Q16432631,1,0,P17_only,1
Q32182708,1,0,P17_only,0
Q111862467,1,1,P17+P131,0
Q55658264,1,0,P17_only,0
Q13652353,0,1,P131_only,1
Q18406975,1,1,P17+P131,1
Q13646041,1,1,P17+P131,1
Q32218342,1,0,P17_only,0
Q32188145,1,0,P17_only,0
Q16664317,1,1,P17+P131,0
Q74528464,1,0,P17_only,0
Q13646640,1,1,P17+P131,1
Q65252398,1,0,P17_only,0
Q16684607,1,0,P17_only,0
Q20082517,1,1,P17+P131,1
Q12529703,1,0,P17_only,1
Q32183050,1,1,P17+P131,0
Q122583431,1,1,P17+P131,0
Q12547708,1,0,P17_only,1
Q27350575,1,0,P17_only,0
Q25380644,1,0,P17_only,1
Q32202864,1,0,P17_only,0
Q12578884,1,0,P17_only,1
Q12570938,1,1,P17+P131,1
Q16434169,1,0,P17_only,1
Q13393346,0,1,P131_only,1
Q135828902,1,0,P17_only,0
Q12528939,1,0,P17_only,1
Q2663223,1,0,P17_only,0
Q27350680,1,0,P17_only,0
Q60289693,1,0,P17_only,0
Q123363863,1,0,P17_only,0
Q18401026,1,1,P17+P131,1
Q13648078,1,1,P17+P131,1
Q16651375,1,1,P17+P131,1
Q25481811,1,0,P17_only,1
Q20073343,1,0,P17_only,0
Q13647330,1,1,P17+P131,1
Q4505007,1,1,P17+P131,1
Q4539162,1,1,P17+P131,1
Q30274337,1,1,P17+P131,0
Q13652661,0,1,P131_only,1
Q16431555,1,0,P17_only,1
Q16713121,1,0,P17_only,1
Q139570598,1,1,P17+P131,0
Q13655946,1,1,P17+P131,1
Q20082162,1,1,P17+P131,1
Q135828735,1,0,P17_only,0
Q27357700,1,0,P17_only,0
Q12574712,1,1,P17+P131,1
Q16433701,1,0,P17_only,1
Q13664295,1,1,P17+P131,1
Q25420041,1,1,P17+P131,1
Q13642284,1,1,P17+P131,1
Q16433616,1,1,P17+P131,1
Q16654964,1,1,P17+P131,1
Q123363801,1,0,P17_only,0
Q129880732,1,1,P17+P131,1
Q25504110,1,0,P17_only,1
Q32185255,1,1,P17+P131,0
Q32189365,1,0,P17_only,0
Q2632015,1,1,P17+P131,0
Q16691526,1,1,P17+P131,1
Q27430579,1,0,P17_only,0
Q27357599,1,0,P17_only,0
Q276776,1,1,P17+P131,0
Q20485976,1,0,P17_only,1
Q13653359,0,1,P131_only,1
Q128123080,1,0,P17_only,0
Q12546562,1,0,P17_only,1
Q2034590,1,1,P17+P131,1
Q116471453,1,0,P17_only,0
Q16432538,1,1,P17+P131,1
Q16699749,1,1,P17+P131,1
Q16433558,1,0,P17_only,1
Q135829768,1,0,P17_only,0
Q116312999,1,0,P17_only,0
Q67893071,1,0,P17_only,0
Q20098363,1,1,P17+P131,1
Q12572777,1,0,P17_only,1
Q19613159,0,1,P131_only,1
Q13656037,1,1,P17+P131,1
Q1305801,1,1,P17+P131,1
Q108533848,1,0,P17_only,0
Q13653564,1,1,P17+P131,1
Q12548608,1,0,P17_only,1
Q55564267,1,0,P17_only,0
Q13641897,1,1,P17+P131,1
Q97496711,1,0,P17_only,0
Q779673,1,1,P17+P131,1
Q13648557,1,1,P17+P131,1
Q58751291,1,0,P17_only,0
Q102245212,1,0,P17_only,0
Q135828668,1,0,P17_only,0
Q16688419,1,1,P17+P131,1
Q19616474,0,1,P131_only,1
Q20098545,1,1,P17+P131,1
Q32211695,1,0,P17_only,0
Q32190388,1,0,P17_only,0
Q104846359,1,0,P17_only,0
Q56628275,1,0,P17_only,0
Q13649437,1,1,P17+P131,1
Q12543124,1,0,P17_only,1
Q20098459,1,1,P17+P131,1
Q20098452,1,1,P17+P131,1
Q16696081,1,1,P17+P131,1
Q12569441,1,1,P17+P131,1
Q12550400,1,0,P17_only,1
Q30969561,1,1,P17+P131,1
Q55659932,1,0,P17_only,0
Q32183905,1,0,P17_only,0
Q12145861,1,0,P17_only,0
Q16668619,1,1,P17+P131,0
Q16683871,1,1,P17+P131,1
Q13664880,1,1,P17+P131,1
Q61368181,1,1,P17+P131,1
Q22203409,1,1,P17+P131,1
Q19916731,0,1,P131_only,0
Q12564407,1,0,P17_only,1
Q12547473,1,0,P17_only,1
Q27430779,1,0,P17_only,0
Q32215158,1,0,P17_only,0
Q111297046,1,0,P17_only,0
Q16651256,1,1,P17+P131,1
Q32214321,1,1,P17+P131,0
Q27351843,1,0,P17_only,0
Q13640644,0,1,P131_only,1
Q13664246,1,1,P17+P131,1
Q13641764,1,1,P17+P131,1
Q123363636,1,0,P17_only,0
Q4517332,1,0,P17_only,1
Q12548925,1,0,P17_only,1
Q15617578,1,1,P17+P131,1
Q20098654,1,1,P17+P131,1
Q16667652,1,1,P17+P131,1
Q20076477,1,1,P17+P131,1
Q12546160,1,0,P17_only,1
Q18408162,1,1,P17+P131,1
Q25505191,1,1,P17+P131,1
Q12527721,1,0,P17_only,1
Q16272486,1,1,P17+P131,1
Q13649762,1,1,P17+P131,1
Q13643414,1,1,P17+P131,1
Q32204196,1,0,P17_only,0
Q135830014,1,0,P17_only,0
Q12564613,1,1,P17+P131,1
Q18404946,1,1,P17+P131,1
Q74432511,1,0,P17_only,0
Q12533796,1,1,P17+P131,1
Q12032148,1,1,P17+P131,1
Q32169923,0,1,P131_only,0
Q16663078,1,1,P17+P131,1
Q27352454,1,0,P17_only,1
Q67893104,1,0,P17_only,0
Q13664377,1,1,P17+P131,1
Q32189305,1,0,P17_only,0
Q27352886,1,0,P17_only,0
Q32217011,1,0,P17_only,0
Q111145689,1,0,P17_only,0
Q20098216,1,1,P17+P131,1
Q3260005,1,1,P17+P131,1
Q27358044,1,0,P17_only,0
Q4505929,1,1,P17+P131,1
Q65172477,1,1,P17+P131,0
Q12528561,1,0,P17_only,1
Q796184,1,0,P17_only,1
Q124646981,1,0,P17_only,1
Q32193126,1,1,P17+P131,0
Q27350817,1,1,P17+P131,0
Q16672873,1,1,P17+P131,0
Q13640897,1,1,P17+P131,1
Q27348289,1,0,P17_only,0
Q13359442,0,1,P131_only,1
Q68036766,1,0,P17_only,0
Q123363633,1,0,P17_only,0
Q18405051,1,1,P17+P131,1
Q18404774,1,1,P17+P131,0
Q123670973,1,1,P17+P131,0
Q25388963,1,1,P17+P131,0
Q56416799,1,1,P17+P131,0
Q13643058,0,1,P131_only,1
Q4273776,1,0,P17_only,1
Q15918895,1,1,P17+P131,1
Q12532172,1,0,P17_only,1
Q135829109,1,0,P17_only,0
Q17494781,1,1,P17+P131,1
Q12573117,1,0,P17_only,1
Q135829302,1,0,P17_only,0
Q135829729,1,0,P17_only,0
Q25504619,1,0,P17_only,1
Q25500428,1,0,P17_only,1
Q16434579,1,0,P17_only,0
Q32219074,1,1,P17+P131,0
Q12531707,1,0,P17_only,1
Q18407291,1,1,P17+P131,1
Q27354794,1,0,P17_only,0
Q32193194,1,0,P17_only,0
Q797060,1,0,P17_only,1
Q16704336,1,1,P17+P131,1
Q13646006,1,1,P17+P131,1
Q12535045,1,1,P17+P131,1
Q13648707,1,1,P17+P131,1
Q27350930,1,0,P17_only,0
Q16432022,1,0,P17_only,1
Q2412224,1,0,P17_only,0
Q24956853,1,0,P17_only,1
Q27347347,1,0,P17_only,0
Q4056869,1,0,P17_only,1
Q16272678,1,1,P17+P131,1
Q3722787,1,0,P17_only,1
Q22203687,1,1,P17+P131,1
Q12555436,1,1,P17+P131,1
Q16274667,1,1,P17+P131,1
Q65437509,1,0,P17_only,0
Q16641876,0,1,P131_only,1
Q12531676,1,0,P17_only,1
Q13646014,1,1,P17+P131,1
Q32202759,1,0,P17_only,0
Q12546463,1,0,P17_only,1
Q13419175,0,1,P131_only,1
Q12535986,1,0,P17_only,1
Q20485802,1,0,P17_only,1
Q63399510,1,0,P17_only,0
Q4505599,1,1,P17+P131,1
Q13645788,1,1,P17+P131,1
Q127431358,1,0,P17_only,0
Q137527282,1,0,P17_only,0
Q55659957,1,0,P17_only,1
Q18408932,1,1,P17+P131,1
Q13645985,1,1,P17+P131,1
Q27348168,1,1,P17+P131,0
Q18404530,1,1,P17+P131,1
Q16273084,1,1,P17+P131,1
Q12551011,1,1,P17+P131,1
Q137527276,1,0,P17_only,0
Q25481641,1,0,P17_only,1
Q4059960,1,1,P17+P131,1
Q27430516,1,1,P17+P131,1
Q12575354,1,0,P17_only,1
Q18409618,1,1,P17+P131,1
Q27358202,1,0,P17_only,0
Q13377661,0,1,P131_only,1
Q12576349,1,0,P17_only,1
Q27351052,1,0,P17_only,0
Q12553043,1,0,P17_only,1
Q135829962,1,0,P17_only,0
Q13646140,0,1,P131_only,1
Q55659621,1,0,P17_only,0
Q13640642,0,1,P131_only,1
Q25505135,1,0,P17_only,1
Q25447956,1,0,P17_only,1
Q123363479,1,0,P17_only,0
Q116210448,1,0,P17_only,0
Q32178770,1,0,P17_only,0
Q135828993,1,0,P17_only,0
Q16699141,1,1,P17+P131,1
Q13642395,0,1,P131_only,1
Q1734787,1,0,P17_only,0
Q12572985,1,0,P17_only,1
Q25387555,1,0,P17_only,0
Q12687055,1,0,P17_only,0
Q15410355,1,0,P17_only,0
Q4042027,1,0,P17_only,0
Q12544193,0,1,P131_only,1
Q23958821,1,0,P17_only,1
Q21659355,1,0,P17_only,0
Q27357009,1,0,P17_only,0
Q27354792,1,0,P17_only,0
Q32196845,1,0,P17_only,0
Q20485045,1,0,P17_only,1
Q56367205,1,1,P17+P131,1
Q16661717,1,1,P17+P131,1
Q1105771,1,0,P17_only,1
Q13640673,0,1,P131_only,1
Q56367046,1,1,P17+P131,1
Q18409706,1,1,P17+P131,1
Q65260401,1,0,P17_only,0
Q134484469,1,1,P17+P131,0
Q27350579,1,0,P17_only,0
Q12545000,1,0,P17_only,1
Q1977249,1,0,P17_only,1
Q20203135,1,0,P17_only,1
Q19405533,0,1,P131_only,1
Q27354643,1,0,P17_only,0
Q12532461,1,0,P17_only,1
Q13359419,0,1,P131_only,1
Q13648446,1,1,P17+P131,1
Q16433236,1,1,P17+P131,1
Q28450016,1,0,P17_only,0
Q12576824,1,0,P17_only,1
Q12538974,1,0,P17_only,1
Q12530676,1,0,P17_only,1
Q14942526,1,0,P17_only,0
Q32171049,1,1,P17+P131,0
Q16432261,1,0,P17_only,1
Q15845893,1,1,P17+P131,1
Q13662907,1,1,P17+P131,1
Q27354293,1,1,P17+P131,0
Q12530030,1,1,P17+P131,1
Q20098195,1,1,P17+P131,1
Q13643808,1,1,P17+P131,1
Q16698708,1,1,P17+P131,1
Q27357405,1,0,P17_only,0
Q2349433,1,0,P17_only,0
Q13642963,0,1,P131_only,1
Q27430945,1,0,P17_only,0
Q27353912,1,0,P17_only,1
Q30972331,1,1,P17+P131,1
Q16718077,1,1,P17+P131,1
Q32188215,1,0,P17_only,0
Q32185186,1,1,P17+P131,0
Q12550384,1,0,P17_only,1
Q13652114,1,1,P17+P131,1
Q12570212,1,1,P17+P131,1
Q4075760,1,0,P17_only,1
Q27352253,1,0,P17_only,0
Q27351337,1,1,P17+P131,0
Q18409078,1,1,P17+P131,1
Q123363587,1,0,P17_only,0
Q136673996,1,0,P17_only,0
Q117776205,1,0,P17_only,0
Q55662886,1,0,P17_only,0
Q60853063,1,0,P17_only,1
Q16685611,1,1,P17+P131,1
Q12532251,1,0,P17_only,1
Q662647,1,0,P17_only,0
Q56368775,1,1,P17+P131,1
Q15936164,1,0,P17_only,0
Q6362696,1,1,P17+P131,1
Q65270279,1,0,P17_only,0
Q12531898,1,1,P17+P131,1
Q80166335,1,0,P17_only,0
Q117214341,1,0,P17_only,1
Q4447937,1,0,P17_only,1
Q111862472,1,0,P17_only,0
Q32182665,1,0,P17_only,0
Q134238962,1,0,P17_only,0
Q12531248,1,0,P17_only,1
Q32199070,1,1,P17+P131,0
Q312574,1,0,P17_only,0
Q129880768,1,0,P17_only,1
Q13107387,1,1,P17+P131,1
Q12562921,1,0,P17_only,1
Q16272423,0,1,P131_only,1
Q16686713,1,1,P17+P131,1
Q30974967,1,1,P17+P131,0
Q135829654,1,0,P17_only,0
Q16431011,1,0,P17_only,1
Q1735177,1,0,P17_only,1
Q27357468,1,0,P17_only,0
Q27430846,1,0,P17_only,0
Q14718934,1,0,P17_only,1
Q27347352,1,0,P17_only,0
Q55601587,1,0,P17_only,0
Q21072766,1,0,P17_only,0
Q56367446,1,1,P17+P131,1
Q25531011,1,0,P17_only,1
Q61368433,1,1,P17+P131,1
Q135828683,1,0,P17_only,0
Q4179406,1,0,P17_only,0
Q72604622,1,1,P17+P131,0
Q65684190,1,0,P17_only,0
Q27354916,1,0,P17_only,0
Q4062912,1,0,P17_only,1
Q15845730,1,1,P17+P131,1
Q12575487,1,1,P17+P131,1
Q20098135,1,1,P17+P131,1
Q13661858,1,1,P17+P131,1
Q27351036,1,0,P17_only,0
Q4059610,1,0,P17_only,1
Q13664460,1,1,P17+P131,1
Q18407531,1,1,P17+P131,1
Q138300268,1,0,P17_only,0
Q55659127,1,0,P17_only,0
Q6363604,1,1,P17+P131,1
Q129880683,1,1,P17+P131,1
Q32186121,1,0,P17_only,0
Q136568384,1,0,P17_only,0
Q138460457,1,0,P17_only,0
Q15617598,1,1,P17+P131,1
Q12549513,1,1,P17+P131,1
Q139982536,1,1,P17+P131,0
Q16434166,1,0,P17_only,1
Q16719035,1,1,P17+P131,0
Q20486208,1,0,P17_only,1
Q12117630,1,0,P17_only,0
Q16719187,1,1,P17+P131,1
Q16648428,1,1,P17+P131,1
Q32214903,1,0,P17_only,0
Q16669528,1,1,P17+P131,1
Q4060566,1,0,P17_only,1
Q55564279,1,0,P17_only,0
Q13359364,0,1,P131_only,1
Q25501891,1,0,P17_only,1
Q27430886,1,0,P17_only,0
Q135829472,1,0,P17_only,0
Q16723619,1,1,P17+P131,1
Q41215,1,1,P17+P131,1
Q16432678,1,0,P17_only,1
Q1704625,1,0,P17_only,1
Q56367458,1,1,P17+P131,1
Q83284367,1,0,P17_only,0
Q27354799,1,0,P17_only,0
Q108533909,1,0,P17_only,0
Q136090924,1,0,P17_only,0
Q22094742,1,1,P17+P131,1
Q16272166,0,1,P131_only,1
Q75810734,1,0,P17_only,0
Q20098648,1,1,P17+P131,1
Q12557907,1,0,P17_only,1
Q56368524,1,1,P17+P131,1
Q110945471,1,0,P17_only,0
Q20484949,1,0,P17_only,1
Q18404817,1,1,P17+P131,1
Q127125539,1,0,P17_only,1
Q112003955,1,0,P17_only,0
Q12529990,1,1,P17+P131,1
Q12528537,1,0,P17_only,1
Q20098192,1,1,P17+P131,1
Q22205010,1,1,P17+P131,1
Q48941331,1,0,P17_only,0
Q135828699,1,0,P17_only,0
Q135829309,1,0,P17_only,0
Q12549586,1,0,P17_only,1
Q15882509,1,0,P17_only,1
Q544079,1,0,P17_only,1
Q6380813,1,0,P17_only,0
Q18407552,1,1,P17+P131,1
Q135829871,1,0,P17_only,0
Q16664396,1,1,P17+P131,1
Q32175600,1,0,P17_only,0
Q16652436,1,1,P17+P131,1
Q25055788,1,0,P17_only,1
Q12535154,1,1,P17+P131,1
Q18086370,1,0,P17_only,0
Q16682801,1,1,P17+P131,0
Q16688394,1,1,P17+P131,1
Q138317443,1,1,P17+P131,0
Q27351936,1,1,P17+P131,0
Q123363707,1,0,P17_only,0
Q12531669,1,1,P17+P131,1
Q131723742,1,0,P17_only,0
Q27348296,1,0,P17_only,0
Q64173096,1,0,P17_only,0
Q108533797,1,0,P17_only,0
Q107371068,1,0,P17_only,0
Q59537065,1,0,P17_only,0
Q129880569,1,1,P17+P131,1
Q12577797,1,0,P17_only,1
Q137527468,1,0,P17_only,0
Q15617726,1,1,P17+P131,1
Q32194515,1,0,P17_only,0
Q25505156,1,1,P17+P131,1
Q32195620,1,0,P17_only,0
Q13664549,1,1,P17+P131,1
Q12534882,1,1,P17+P131,1
Q139882526,1,0,P17_only,0
Q16661891,1,1,P17+P131,1
Q27350751,1,0,P17_only,0
Q32195458,1,1,P17+P131,0
Q32216594,1,1,P17+P131,0
Q137551665,1,1,P17+P131,0
Q32171015,1,1,P17+P131,0
Q20098479,1,1,P17+P131,1
Q20098573,1,1,P17+P131,1
Q61366624,1,1,P17+P131,1
Q16272298,0,1,P131_only,1
Q13645717,1,1,P17+P131,1
Q32202279,1,0,P17_only,0
Q13663147,1,1,P17+P131,1
Q112113808,1,0,P17_only,1
Q123363624,1,0,P17_only,0
Q135828811,1,0,P17_only,0
Q4098341,1,1,P17+P131,1
Q13641822,1,1,P17+P131,1
Q27352114,1,0,P17_only,0
Q12532114,1,0,P17_only,1
Q32217138,1,0,P17_only,0
Q25505083,1,0,P17_only,1
Q32192603,1,1,P17+P131,0
Q56375118,1,1,P17+P131,1
Q32201031,1,0,P17_only,0
Q16650928,1,1,P17+P131,1
Q20098321,1,1,P17+P131,0
Q35583680,1,0,P17_only,0
Q25504824,1,0,P17_only,1
Q13652456,0,1,P131_only,1
Q25481773,1,0,P17_only,1
Q16708239,1,1,P17+P131,1
Q27430914,1,0,P17_only,0
Q111862469,1,0,P17_only,0
Q20486043,1,0,P17_only,1
Q13643421,1,1,P17+P131,0
Q4509383,1,0,P17_only,0
Q18920162,1,1,P17+P131,0
Q32193577,1,0,P17_only,0
Q13640816,1,1,P17+P131,1
Q139832045,1,1,P17+P131,0
Q12550999,1,0,P17_only,1
Q7111029,1,0,P17_only,0
Q111125776,1,0,P17_only,0
Q55657535,1,0,P17_only,0
Q3730648,1,1,P17+P131,1
Q106477221,1,1,P17+P131,0
Q16536084,0,1,P131_only,1
Q12576445,1,0,P17_only,1
Q12528832,1,1,P17+P131,1
Q18404931,1,1,P17+P131,0
Q27357835,1,0,P17_only,0
Q12543166,1,1,P17+P131,1
Q16676724,1,1,P17+P131,1
Q16663112,1,1,P17+P131,1
Q12547700,1,0,P17_only,1
Q3281919,1,0,P17_only,0
Q19953537,0,1,P131_only,0
Q13651806,1,1,P17+P131,1
Q12573701,1,1,P17+P131,1
Q116838141,1,1,P17+P131,0
Q7311193,0,1,P131_only,1
Q16272530,1,1,P17+P131,1
Q19979911,0,1,P131_only,1
Q16650884,1,1,P17+P131,1
Q12543153,1,1,P17+P131,1
Q21663178,1,0,P17_only,0
Q12536173,0,1,P131_only,1
Q30975018,1,1,P17+P131,1
Q62019072,1,0,P17_only,1
Q18401127,1,1,P17+P131,1
Q27358119,1,1,P17+P131,0
Q32174434,0,1,P131_only,0
Q16701337,1,1,P17+P131,1
Q20098649,1,1,P17+P131,1
Q27357838,1,0,P17_only,0
Q27352626,0,1,P131_only,0
Q4466184,1,1,P17+P131,1
Q15617566,1,1,P17+P131,1
Q13649838,1,1,P17+P131,1
Q13649850,1,1,P17+P131,1
Q13666723,1,1,P17+P131,1
Q48950721,1,0,P17_only,1
Q134007261,1,1,P17+P131,1
Q4495286,1,0,P17_only,1
Q12545942,1,1,P17+P131,1
Q135828596,1,0,P17_only,0
Q20484136,1,0,P17_only,1
Q136090681,1,0,P17_only,0
Q12550978,1,0,P17_only,1
Q123363658,1,0,P17_only,0
Q32206674,1,1,P17+P131,0
Q32185221,1,1,P17+P131,0
Q16661515,1,1,P17+P131,1
Q12558945,1,1,P17+P131,0
Q16718601,1,1,P17+P131,1
Q12702563,1,0,P17_only,0
Q32213573,1,1,P17+P131,0
Q123363671,1,0,P17_only,0
Q20097122,1,1,P17+P131,1
Q32213981,1,0,P17_only,0
Q114352473,1,0,P17_only,0
Q16274262,1,1,P17+P131,1
Q13648634,1,1,P17+P131,1
Q27350760,1,1,P17+P131,0
Q16274589,1,1,P17+P131,1
Q5207552,1,0,P17_only,0
Q29583140,0,1,P131_only,1
Q18404959,1,1,P17+P131,1
Q11773230,1,1,P17+P131,1
Q16704797,1,1,P17+P131,1
Q12683666,1,0,P17_only,0
Q18407813,1,1,P17+P131,1
Q135106379,1,1,P17+P131,0
Q139622684,1,0,P17_only,0
Q12562531,1,0,P17_only,1
Q16651232,1,1,P17+P131,1
Q16690763,1,1,P17+P131,1
Q16432189,1,0,P17_only,1
Q32211707,1,0,P17_only,0
Q16683818,1,1,P17+P131,0
Q16433931,1,0,P17_only,1
Q13667509,1,1,P17+P131,1
Q4518802,1,1,P17+P131,0
Q32191603,1,1,P17+P131,0
Q4178633,1,1,P17+P131,1
Q32205635,1,1,P17+P131,0
Q12574241,1,0,P17_only,1
Q4506554,1,1,P17+P131,0
Q114895105,1,0,P17_only,1
Q25530310,1,0,P17_only,1
Q25509074,1,0,P17_only,1
Q2457587,1,0,P17_only,0
Q135828692,1,0,P17_only,0
Q16691769,1,1,P17+P131,1
Q16703765,1,1,P17+P131,1
Q12534113,1,0,P17_only,1
Q123363789,1,0,P17_only,0
Q12575140,1,1,P17+P131,1
Q13647317,1,1,P17+P131,1
Q16723680,1,1,P17+P131,1
Q32189884,1,0,P17_only,0
Q4230441,1,1,P17+P131,1
Q32183648,1,0,P17_only,0
Q12534083,1,0,P17_only,1
Q12576406,1,0,P17_only,1
Q32190686,1,0,P17_only,0
Q12548371,1,0,P17_only,1
Q16706587,1,1,P17+P131,1
Q13645760,1,1,P17+P131,1
Q27430775,1,0,P17_only,0
Q135828825,1,0,P17_only,0
Q13256161,0,1,P131_only,1
Q20098208,1,1,P17+P131,1
Q12543382,1,1,P17+P131,1
Q17393528,1,0,P17_only,0
Q32217882,1,0,P17_only,0
Q114071905,1,1,P17+P131,0
Q12531713,1,0,P17_only,1
Q13665047,1,1,P17+P131,1
Q13643460,1,1,P17+P131,1
Q61931589,1,0,P17_only,1
Q61085369,1,0,P17_only,0
Q12538683,1,1,P17+P131,1
Q16272968,1,1,P17+P131,1
Q12543053,1,1,P17+P131,1
Q32216307,1,0,P17_only,0
Q11206809,1,1,P17+P131,1
Q27962628,1,0,P17_only,0
Q16431983,1,0,P17_only,1
Q12712221,1,0,P17_only,0
Q18170573,1,1,P17+P131,0
Q16662707,1,1,P17+P131,1
Q32171465,1,0,P17_only,0
Q13652425,0,1,P131_only,1
Q32214460,1,0,P17_only,0
Q16432601,1,0,P17_only,1
Q19177064,1,0,P17_only,0
Q13661796,1,1,P17+P131,1
Q4094623,1,1,P17+P131,1
Q43304695,1,0,P17_only,0
Q32190019,1,0,P17_only,0
Q10862381,1,1,P17+P131,1
Q11737511,1,0,P17_only,1
Q31195919,1,1,P17+P131,1
Q139915707,1,0,P17_only,0
Q16431714,1,0,P17_only,1
Q18401921,1,1,P17+P131,1
Q13416815,0,1,P131_only,1
Q1113054,1,0,P17_only,0
Q4188988,1,1,P17+P131,1
Q123363563,1,0,P17_only,0
Q8134211,1,1,P17+P131,1
Q13646126,1,1,P17+P131,1
Q27354964,1,0,P17_only,0
Q65254613,1,0,P17_only,0
Q12531437,1,0,P17_only,1
Q57314951,1,1,P17+P131,0
Q137527475,1,0,P17_only,0
Q16432146,1,1,P17+P131,1
Q56366796,1,1,P17+P131,1
Q11722080,1,1,P17+P131,1
Q27350777,1,0,P17_only,0
Q20098122,1,1,P17+P131,1
Q135830059,1,0,P17_only,0
Q27430940,1,0,P17_only,0
Q12527135,1,0,P17_only,1
Q27354968,1,0,P17_only,0
Q112654968,0,1,P131_only,0
Q20484827,1,0,P17_only,1
Q27430600,1,0,P17_only,0
Q13652400,0,1,P131_only,1
Q1554375,1,1,P17+P131,1
Q16704310,1,1,P17+P131,0
Q27358060,1,0,P17_only,0
Q27354884,1,0,P17_only,0
Q976752,1,1,P17+P131,1
Q25504188,1,0,P17_only,1
Q12563947,1,1,P17+P131,1
Q12558663,1,0,P17_only,1
Q97163166,1,0,P17_only,0
Q114347070,1,1,P17+P131,0
Q32170087,0,1,P131_only,0
Q32196874,1,0,P17_only,0
Q136568383,1,0,P17_only,0
Q20098413,1,1,P17+P131,1
Q32194028,1,1,P17+P131,0
Q16272284,0,1,P131_only,1
Q27350640,1,1,P17+P131,0
Q3002593,1,0,P17_only,0
Q32191586,1,1,P17+P131,1
Q4454464,1,1,P17+P131,0
Q13663016,1,1,P17+P131,1
Q13651889,1,1,P17+P131,1
Q4740645,1,1,P17+P131,1
Q27358046,1,0,P17_only,0
Q32184980,1,0,P17_only,0
Q118236496,1,1,P17+P131,0
Q7574420,1,1,P17+P131,1
Q12561247,1,1,P17+P131,1
Q32201440,1,0,P17_only,0
Q18400137,1,1,P17+P131,1
Q27348422,1,1,P17+P131,0
Q32185321,1,0,P17_only,0
Q21843640,1,0,P17_only,1
Q27350647,1,0,P17_only,0
Q17562686,1,1,P17+P131,1
Q12541415,0,1,P131_only,1
Q48941379,1,1,P17+P131,1
Q27430773,1,0,P17_only,0
Q18407279,1,1,P17+P131,1
Q2386823,1,1,P17+P131,1
Q16434631,1,1,P17+P131,1
Q16432795,1,0,P17_only,1
Q12577606,1,0,P17_only,1
Q32175004,1,0,P17_only,0
Q12528027,1,1,P17+P131,1
Q27354759,1,0,P17_only,0
Q13664395,1,1,P17+P131,1
Q16651109,1,1,P17+P131,1
Q60851974,1,1,P17+P131,0
Q12540907,0,1,P131_only,1
Q32188835,1,0,P17_only,0
Q42531589,1,1,P17+P131,0
Q4505043,1,1,P17+P131,1
Q110116567,1,0,P17_only,1
Q16433179,1,1,P17+P131,1
Q135828465,1,0,P17_only,0
Q13382279,0,1,P131_only,1
Q13640687,0,1,P131_only,1
Q27430795,1,0,P17_only,0
Q112113713,1,0,P17_only,0
Q67893028,1,0,P17_only,0
Q16661588,1,1,P17+P131,0
Q13664511,1,1,P17+P131,1
Q64200469,1,0,P17_only,1
Q2550792,1,1,P17+P131,1
Q135829458,1,0,P17_only,0
Q12542406,1,0,P17_only,1
Q32211581,1,0,P17_only,0
Q137925241,1,0,P17_only,0
Q13664719,1,1,P17+P131,1
Q32216503,1,0,P17_only,0
Q32176882,1,0,P17_only,0
Q12573554,1,0,P17_only,1
Q12553377,1,1,P17+P131,1
Q12545464,1,0,P17_only,1
Q16431132,1,0,P17_only,1
Q48780885,1,1,P17+P131,1
Q18400089,1,1,P17+P131,1
Q16272638,1,1,P17+P131,1
Q6352783,1,1,P17+P131,1
Q12569811,1,1,P17+P131,1
Q13642367,0,1,P131_only,1
Q27431021,1,0,P17_only,0
Q16667483,1,1,P17+P131,0
Q27354986,1,0,P17_only,0
Q12529742,1,0,P17_only,1
Q12701529,1,0,P17_only,0
Q4177934,1,1,P17+P131,1
Q56368941,1,1,P17+P131,1
Q18400341,1,1,P17+P131,0
Q2485227,1,0,P17_only,0
Q20484119,1,0,P17_only,1
Q13643062,0,1,P131_only,1
Q7101994,1,0,P17_only,0
Q4146748,1,1,P17+P131,1
Q64805162,1,0,P17_only,0
Q135830072,1,0,P17_only,0
Q25387138,1,0,P17_only,1
Q112003961,1,0,P17_only,0
Q25495527,1,1,P17+P131,1
Q4516491,1,1,P17+P131,1
Q13647992,1,1,P17+P131,1
Q114976073,1,0,P17_only,1
Q20484233,1,0,P17_only,1
Q79140652,1,1,P17+P131,0
Q12527676,1,0,P17_only,1
Q16710900,1,0,P17_only,1
Q27430634,1,0,P17_only,0
Q16693976,1,1,P17+P131,1
Q12529295,1,1,P17+P131,1
Q139575101,1,1,P17+P131,0
Q16666245,1,1,P17+P131,1
Q12561163,1,1,P17+P131,1
Q16663626,1,1,P17+P131,1
Q16666985,1,1,P17+P131,1
Q64200223,1,0,P17_only,1
Q65252960,1,0,P17_only,0
Q1147380,1,0,P17_only,0
Q115190155,1,0,P17_only,0
Q658832,1,0,P17_only,1
Q4405259,1,1,P17+P131,1
Q13650111,1,1,P17+P131,1
Q32185354,1,0,P17_only,0
Q12534008,1,1,P17+P131,1
Q68036737,1,0,P17_only,0
Q13359434,0,1,P131_only,1
Q16682465,1,1,P17+P131,1
Q27350700,1,1,P17+P131,0
Q18703220,1,1,P17+P131,0
Q25448161,1,1,P17+P131,1
Q32182686,1,0,P17_only,0
Q12553551,1,0,P17_only,1
Q1458591,1,0,P17_only,0
Q12574848,1,0,P17_only,1
Q13651673,1,1,P17+P131,1
Q13642110,1,1,P17+P131,1
Q27357640,1,0,P17_only,0
Q15918865,1,1,P17+P131,1
Q27356930,1,0,P17_only,0
Q47466036,1,0,P17_only,1
Q2496769,1,0,P17_only,1
Q13645998,1,1,P17+P131,1
Q12576867,1,1,P17+P131,1
Q18407048,1,1,P17+P131,1
Q25397134,1,0,P17_only,0
Q27351942,1,0,P17_only,0
Q60850978,1,0,P17_only,1
Q12526216,1,1,P17+P131,1
Q19986158,0,1,P131_only,0
Q16661796,1,1,P17+P131,0
Q12527776,1,0,P17_only,1
Q13641890,1,1,P17+P131,1
Q109986374,0,1,P131_only,1
Q13640956,1,1,P17+P131,1
Q17562687,1,1,P17+P131,1
Q110114342,1,0,P17_only,1
Q486657,1,1,P17+P131,1
Q1734762,1,1,P17+P131,1
Q16434270,1,0,P17_only,1
Q12531844,1,1,P17+P131,1
Q12548043,1,0,P17_only,1
Q20098423,1,1,P17+P131,1
Q2583784,1,0,P17_only,1
Q31194976,1,1,P17+P131,1
Q20098504,1,1,P17+P131,1
Q20098474,1,1,P17+P131,1
Q13664453,1,1,P17+P131,1
Q135828782,1,0,P17_only,0
Q13666738,1,1,P17+P131,1
Q32217408,1,1,P17+P131,0
Q769071,1,1,P17+P131,1
Q135828841,1,0,P17_only,0
Q27357571,1,0,P17_only,0
Q18407113,1,1,P17+P131,0
Q4208120,1,0,P17_only,0
Q27431024,1,0,P17_only,0
Q27357299,1,0,P17_only,0
Q16434705,1,0,P17_only,1
Q15918925,1,1,P17+P131,1
Q16707062,1,1,P17+P131,1
Q13359430,0,1,P131_only,1
Q30975182,1,1,P17+P131,1
Q20098201,1,1,P17+P131,1
Q32172234,1,0,P17_only,0
Q2150869,1,1,P17+P131,1
Q13651931,1,1,P17+P131,1
Q12531619,1,1,P17+P131,1
Q107642785,1,1,P17+P131,0
Q32211966,1,1,P17+P131,1
Q30975025,1,1,P17+P131,1
Q55698921,1,0,P17_only,0
Q13652333,0,1,P131_only,1
Q32213384,1,0,P17_only,0
Q16708259,1,1,P17+P131,1
Q1005407,1,1,P17+P131,1
Q12550764,1,1,P17+P131,1
Q86673131,1,0,P17_only,0
Q25495302,1,0,P17_only,1
Q27354815,1,0,P17_only,0
Q32218216,1,1,P17+P131,0
Q27357170,1,0,P17_only,0
Q13419189,0,1,P131_only,1
Q61369175,1,1,P17+P131,1
Q30972247,1,1,P17+P131,1
Q97357198,1,0,P17_only,0
Q12574839,1,0,P17_only,1
Q135828947,1,0,P17_only,0
Q119873164,0,1,P131_only,0
Q137527466,1,0,P17_only,0
Q79861181,1,0,P17_only,0
Q4208095,1,0,P17_only,1
Q27357951,1,0,P17_only,0
Q12528475,1,1,P17+P131,1
Q27350600,1,1,P17+P131,0
Q13642234,1,1,P17+P131,1
Q4478423,1,1,P17+P131,0
Q13646144,0,1,P131_only,1
Q18406314,1,1,P17+P131,0
Q12570635,1,0,P17_only,1
Q93647,1,0,P17_only,1
Q12574742,1,1,P17+P131,1
Q20181608,1,0,P17_only,0
Q135830029,1,0,P17_only,0
Q12556575,1,1,P17+P131,1
Q18400199,1,1,P17+P131,0
Q32186674,1,1,P17+P131,0
Q27355036,1,0,P17_only,0
Q115936066,1,0,P17_only,0
Q13641647,1,1,P17+P131,1
Q16715413,1,1,P17+P131,1
Q137527456,1,0,P17_only,0
Q32212382,1,1,P17+P131,0
Q60851576,1,0,P17_only,1
Q65263247,1,0,P17_only,0
Q999149,1,1,P17+P131,1
Q12535620,1,1,P17+P131,1
Q56368948,1,1,P17+P131,1
Q27357607,1,0,P17_only,0
Q21656707,1,0,P17_only,1
Q56367201,1,1,P17+P131,1
Q12547729,1,0,P17_only,1
Q25380778,1,0,P17_only,0
Q61368566,1,1,P17+P131,1
Q27348280,1,0,P17_only,0
Q32194313,1,0,P17_only,0
Q16533408,0,1,P131_only,1
Q20098466,1,1,P17+P131,1
Q98908364,0,1,P131_only,0
Q27350598,1,0,P17_only,0
Q32205999,1,0,P17_only,0
Q30973273,1,1,P17+P131,0
Q32206788,1,0,P17_only,0
Q1737486,1,0,P17_only,1
Q30972379,1,1,P17+P131,1
Q32190713,1,0,P17_only,0
Q21847093,1,0,P17_only,0
Q32195742,1,0,P17_only,0
Q135830017,1,0,P17_only,0
Q61369172,1,1,P17+P131,1
Q15918881,1,1,P17+P131,1
Q27430760,1,0,P17_only,0
Q130719506,1,0,P17_only,1
Q32205531,1,1,P17+P131,0
Q12560315,1,0,P17_only,1
Q769056,1,1,P17+P131,1
Q136260761,1,0,P17_only,0
Q13642267,1,1,P17+P131,1
Q115867172,1,0,P17_only,0
Q18396348,1,1,P17+P131,1
Q32380,1,1,P17+P131,1
Q1734784,1,0,P17_only,0
Q61366766,1,1,P17+P131,1
Q12567586,1,1,P17+P131,1
Q12546495,1,0,P17_only,1
Q13661801,1,1,P17+P131,1
Q13645577,1,1,P17+P131,1
Q1078094,1,1,P17+P131,1
Q27357350,1,0,P17_only,0
Q27430974,1,0,P17_only,0
Q6380805,1,0,P17_only,0
Q12555394,1,1,P17+P131,1
Q13645836,1,1,P17+P131,1
Q12559474,1,1,P17+P131,1
Q137527472,1,0,P17_only,0
Q32217727,1,0,P17_only,0
Q111841979,1,0,P17_only,0
Q12573540,1,0,P17_only,1
Q12556435,1,1,P17+P131,1
Q2550369,1,1,P17+P131,1
Q135828543,1,0,P17_only,0
Q6380799,1,0,P17_only,0
Q61366765,1,1,P17+P131,1
Q27357497,1,0,P17_only,0
Q13648093,1,1,P17+P131,1
Q4827578,1,0,P17_only,0
Q18406297,1,1,P17+P131,1
Q18407299,1,1,P17+P131,1
Q32196786,1,0,P17_only,0
Q32211850,1,1,P17+P131,0
Q16640922,0,1,P131_only,1
Q20485021,1,0,P17_only,1
Q13399050,0,1,P131_only,1
Q32205013,1,1,P17+P131,0
Q12560855,1,1,P17+P131,1
Q18401178,1,1,P17+P131,1
Q123363711,1,0,P17_only,0
Q67893164,1,0,P17_only,0
Q18409541,1,1,P17+P131,1
Q12533453,1,0,P17_only,1
Q2635747,1,1,P17+P131,1
Q20098267,1,1,P17+P131,1
Q4294440,1,0,P17_only,1
Q20073453,1,1,P17+P131,1
Q980302,1,1,P17+P131,1
Q486282,1,1,P17+P131,1
Q11313579,1,0,P17_only,0
Q105755669,1,0,P17_only,0
Q12876717,1,0,P17_only,0
Q5152052,1,0,P17_only,0
Q32193609,1,0,P17_only,0
Q16432661,1,1,P17+P131,1
Q12687102,1,0,P17_only,0
Q20098515,1,1,P17+P131,1
Q27430924,1,0,P17_only,0
Q27352825,1,0,P17_only,0
Q16433106,1,1,P17+P131,1
Q16650837,1,0,P17_only,1
Q13653176,0,1,P131_only,1
Q12572318,1,1,P17+P131,1
Q16432326,1,0,P17_only,1
Q16433419,1,1,P17+P131,1
Q20072699,0,1,P131_only,1
Q12548083,1,1,P17+P131,1
Q18396364,1,1,P17+P131,1
Q30294525,1,1,P17+P131,0
Q12564170,1,1,P17+P131,1
Q16433219,1,0,P17_only,1
Q12571135,1,0,P17_only,1
Q12578139,1,0,P17_only,1
Q27355126,1,0,P17_only,0
Q32177698,1,0,P17_only,0
Q12711147,1,0,P17_only,0
Q137527284,1,0,P17_only,0
Q12536163,0,1,P131_only,1
Q16718967,1,1,P17+P131,1
Q12530425,1,0,P17_only,1
Q18396394,1,1,P17+P131,1
Q20098404,1,1,P17+P131,1
Q137039514,1,0,P17_only,0
Q12549284,1,1,P17+P131,1
Q27355165,1,0,P17_only,0
Q13664016,1,1,P17+P131,1
Q16702384,1,1,P17+P131,1
Q16664598,1,1,P17+P131,1
Q20484149,1,1,P17+P131,1
Q2472280,1,0,P17_only,1
Q13646973,1,1,P17+P131,1
Q27430889,1,0,P17_only,0
Q16688904,1,1,P17+P131,0
Q191862,1,0,P17_only,1
Q25057344,1,0,P17_only,1
Q131553037,1,0,P17_only,1
Q12551010,1,0,P17_only,1
Q12701506,1,0,P17_only,0
Q132731955,1,1,P17+P131,1
Q140317841,1,0,P17_only,0
Q12543138,1,1,P17+P131,1
Q32211569,1,0,P17_only,0
Q32212859,1,1,P17+P131,0
Q18400446,1,1,P17+P131,1
Q16651964,1,1,P17+P131,1
Q32216781,1,0,P17_only,0
Q16692977,1,1,P17+P131,1
Q16431318,1,0,P17_only,1
Q12534078,1,0,P17_only,1
Q16709886,1,1,P17+P131,1
Q2469371,1,0,P17_only,0
Q16669441,1,1,P17+P131,1
Q25448198,1,1,P17+P131,1
Q132860541,1,0,P17_only,0
Q123225270,1,0,P17_only,0
Q30274253,0,1,P131_only,0
Q12575026,1,0,P17_only,1
Q32187654,1,0,P17_only,0
Q135829316,1,0,P17_only,0
Q4272150,1,0,P17_only,0
Q129880741,1,0,P17_only,1
Q30974404,1,1,P17+P131,1
Q32218983,1,0,P17_only,1
Q27351558,1,0,P17_only,0
Q12553694,1,1,P17+P131,1
Q135829762,1,0,P17_only,0
Q12545261,1,0,P17_only,1
Q722871,1,0,P17_only,1
Q32187350,1,0,P17_only,0
Q16692532,1,1,P17+P131,1
Q12558359,1,1,P17+P131,1
Q20098183,1,1,P17+P131,1
Q12575862,1,0,P17_only,1
Q135734989,1,0,P17_only,1
Q138411574,1,0,P17_only,0
Q13416167,0,1,P131_only,1
Q42531441,1,1,P17+P131,0
Q13648560,1,1,P17+P131,1
Q12570077,1,1,P17+P131,1
Q4287136,1,0,P17_only,1
Q56367169,1,1,P17+P131,1
Q56368530,1,1,P17+P131,1
Q4062681,1,1,P17+P131,1
Q135829694,1,0,P17_only,0
Q18404554,1,1,P17+P131,0
Q12538336,1,0,P17_only,1
Q140869751,1,0,P17_only,0
Q32190814,1,1,P17+P131,0
Q44249124,1,0,P17_only,1
Q12574490,1,0,P17_only,1
Q135828508,1,0,P17_only,0
Q32171789,1,0,P17_only,0
Q106840712,1,1,P17+P131,0
Q12532364,1,0,P17_only,1
Q16651122,1,1,P17+P131,1
Q77722855,1,1,P17+P131,0
Q12564722,1,1,P17+P131,1
Q42422250,1,1,P17+P131,1
Q13641949,1,1,P17+P131,1
Q96379735,1,1,P17+P131,0
Q20098989,1,1,P17+P131,1
Q64196569,1,0,P17_only,1
Q16433339,1,0,P17_only,1
Q4059554,1,1,P17+P131,1
Q13642187,1,1,P17+P131,1
Q32181564,1,0,P17_only,0
Q12531760,1,0,P17_only,1
Q27357040,1,0,P17_only,0
Q32204045,1,0,P17_only,0
Q18400434,1,1,P17+P131,1
Q65174665,1,0,P17_only,0
Q16432228,1,0,P17_only,1
Q12690263,1,0,P17_only,0
Q21190663,1,0,P17_only,0
Q27350768,1,0,P17_only,0
Q16433451,1,0,P17_only,1
Q27430624,1,0,P17_only,1
Q3853541,1,0,P17_only,1
Q12574227,1,1,P17+P131,1
Q12576612,1,1,P17+P131,1
Q20486139,1,0,P17_only,1
Q27350679,1,1,P17+P131,0
Q12575362,1,0,P17_only,1
Q32185648,1,0,P17_only,0
Q21634746,1,1,P17+P131,1
Q32196385,1,0,P17_only,0
Q65255571,1,0,P17_only,1
Q12574723,1,1,P17+P131,1
Q12546419,1,0,P17_only,1
Q12570852,1,1,P17+P131,1
Q12536202,1,0,P17_only,1
Q12543111,1,0,P17_only,1
Q12527756,1,0,P17_only,1
Q32187034,1,0,P17_only,1
Q12579600,1,1,P17+P131,1
Q16710001,1,1,P17+P131,1
Q32205000,1,1,P17+P131,0
Q139880118,1,1,P17+P131,0
Q32205241,1,1,P17+P131,0
Q65264491,1,0,P17_only,0
Q12572685,1,0,P17_only,1
Q16433699,1,0,P17_only,1
Q30973879,1,1,P17+P131,1
Q55657710,1,0,P17_only,0
Q12528017,1,1,P17+P131,1
Q140642511,1,0,P17_only,1
Q65257602,1,0,P17_only,0
Q20486248,1,0,P17_only,1
Q13664302,1,1,P17+P131,1
Q16664594,1,1,P17+P131,1
Q4274912,1,1,P17+P131,1
Q135829018,1,0,P17_only,0
Q16669464,1,1,P17+P131,1
Q13655989,1,1,P17+P131,1
Q12574539,1,0,P17_only,1
Q27357954,1,0,P17_only,0
Q135647332,1,1,P17+P131,1
Q27354433,1,0,P17_only,1
Q17494741,1,1,P17+P131,1
Q13643727,1,1,P17+P131,1
Q20098138,1,1,P17+P131,1
Q86669813,1,0,P17_only,0
Q13662935,1,1,P17+P131,1
Q28520321,1,1,P17+P131,0
Q27430660,1,1,P17+P131,1
Q61985245,1,1,P17+P131,0
Q16434170,1,0,P17_only,1
Q18405719,1,1,P17+P131,1
Q18407481,1,1,P17+P131,1
Q112004010,1,0,P17_only,0
Q55659323,1,0,P17_only,0
Q12530524,1,1,P17+P131,1
Q12552389,1,1,P17+P131,1
Q16432479,1,0,P17_only,1
Q13646600,1,1,P17+P131,1
Q12981954,1,0,P17_only,1
Q32196508,1,0,P17_only,0
Q125869117,1,1,P17+P131,0
Q12577883,1,1,P17+P131,1
Q13643743,1,1,P17+P131,1
Q32184383,1,0,P17_only,0
Q61369266,1,1,P17+P131,1
Q15938468,1,0,P17_only,1
Q12548886,1,0,P17_only,1
Q80040,1,0,P17_only,1
Q4378109,1,0,P17_only,1
Q17277933,1,1,P17+P131,0
Q121047644,1,0,P17_only,0
Q123363504,1,0,P17_only,0
Q16432299,1,1,P17+P131,1
Q18408113,1,1,P17+P131,1
Q18407007,1,1,P17+P131,0
Q67893170,1,0,P17_only,0
Q12531612,1,0,P17_only,1
Q13652594,0,1,P131_only,1
Q30972539,1,1,P17+P131,1
Q104865350,1,0,P17_only,0
Q12551002,1,0,P17_only,1
Q1046680,1,0,P17_only,1
Q75811099,1,0,P17_only,0
Q143852,1,0,P17_only,1
Q6363324,1,1,P17+P131,1
Q12537442,1,1,P17+P131,1
Q20484567,1,0,P17_only,1
Q12574995,1,1,P17+P131,1
Q4322894,1,0,P17_only,0
Q13668720,1,1,P17+P131,1
Q110259455,1,0,P17_only,0
Q32192012,1,0,P17_only,0
Q4483563,1,1,P17+P131,1
Q135153097,1,0,P17_only,0
Q13642409,0,1,P131_only,1
Q32186102,1,0,P17_only,1
Q20458740,1,0,P17_only,0
Q136551016,1,0,P17_only,0
Q16979252,1,1,P17+P131,0
Q135829344,1,0,P17_only,0
Q32198435,1,0,P17_only,0
Q123363460,1,0,P17_only,0
Q524206,1,1,P17+P131,1
Q12574760,1,0,P17_only,1
Q16433895,1,0,P17_only,1
Q16630039,0,1,P131_only,1
Q122158735,1,0,P17_only,0
Q32218610,1,0,P17_only,0
Q56366893,1,1,P17+P131,1
Q11732933,1,0,P17_only,0
Q55658399,1,0,P17_only,1
Q32190845,1,0,P17_only,0
Q4167210,1,0,P17_only,1
Q16272749,1,1,P17+P131,1
Q27354728,1,0,P17_only,0
Q27430897,1,0,P17_only,0
Q20098272,1,1,P17+P131,1
Q135830003,1,0,P17_only,0
Q16431360,1,0,P17_only,1
Q13653153,0,1,P131_only,1
Q2554498,1,1,P17+P131,1
Q12683723,1,0,P17_only,0
Q18407590,1,1,P17+P131,1
Q12533395,1,1,P17+P131,1
Q96257498,1,1,P17+P131,0
Q2736634,1,1,P17+P131,1
Q25504858,1,1,P17+P131,1
Q107155404,1,0,P17_only,0
Q16434757,1,0,P17_only,1
Q2841645,1,0,P17_only,0
Q120266391,1,1,P17+P131,0
Q16653151,1,0,P17_only,1
Q23958182,1,1,P17+P131,1
Q18396252,1,1,P17+P131,1
Q4201880,1,0,P17_only,1
Q12546242,1,1,P17+P131,1
Q12701570,1,0,P17_only,0
Q123363648,1,0,P17_only,0
Q27430602,1,0,P17_only,0
Q27357373,1,0,P17_only,0
Q4442183,1,1,P17+P131,1
Q4181072,1,1,P17+P131,1
Q20098667,1,1,P17+P131,1
Q4505052,1,1,P17+P131,0
Q13641643,1,1,P17+P131,1
Q16657366,1,1,P17+P131,0
Q25494038,1,0,P17_only,1
Q16718999,1,1,P17+P131,1
Q64150385,1,0,P17_only,0
Q4507126,1,1,P17+P131,1
Q16715439,1,1,P17+P131,1
Q16661835,1,1,P17+P131,0
Q108789704,1,1,P17+P131,0
Q13646920,1,1,P17+P131,1
Q32188530,1,0,P17_only,0
Q123363756,1,0,P17_only,0
Q1122209,1,0,P17_only,1
Q56366845,1,1,P17+P131,1
Q13642150,1,1,P17+P131,1
Q61366410,1,1,P17+P131,1
Q21645474,1,1,P17+P131,0
Q65259477,1,0,P17_only,0
Q16433234,1,1,P17+P131,1
Q65256550,1,0,P17_only,0
Q12561125,1,1,P17+P131,1
Q22203207,1,1,P17+P131,1
Q16650943,1,1,P17+P131,1
Q13652369,0,1,P131_only,1
Q32177426,1,1,P17+P131,0
Q20098367,1,1,P17+P131,1
Q13489700,0,1,P131_only,1
Q21190725,1,0,P17_only,0
Q13640915,1,1,P17+P131,1
Q16673335,1,1,P17+P131,1
Q27355098,1,0,P17_only,0
Q4076681,1,1,P17+P131,1
Q22203006,1,1,P17+P131,1
Q137527326,1,0,P17_only,0
Q12579402,1,0,P17_only,1
Q27430686,1,1,P17+P131,1
Q16273433,1,1,P17+P131,1
Q16433740,1,0,P17_only,0
Q60851968,1,1,P17+P131,0
Q12580454,1,0,P17_only,0
Q48941987,1,0,P17_only,0
Q15617732,1,1,P17+P131,1
Q27350648,1,0,P17_only,0
Q27357383,1,0,P17_only,0
Q20098127,1,1,P17+P131,1
Q13641642,1,1,P17+P131,1
Q16272512,1,1,P17+P131,1
Q12532083,1,0,P17_only,1
Q12564428,1,0,P17_only,1
Q1650873,1,1,P17+P131,1
Q20076759,1,1,P17+P131,1
Q32215481,1,0,P17_only,0
Q4698516,1,0,P17_only,0
Q12574530,1,1,P17+P131,1
Q26257074,1,0,P17_only,0
Q18400903,1,1,P17+P131,1
Q20072648,0,1,P131_only,1
Q65268256,1,0,P17_only,0
Q12566364,1,1,P17+P131,1
Q15617524,1,1,P17+P131,0
Q16669438,1,1,P17+P131,1
Q32219184,1,1,P17+P131,0
Q28147184,1,0,P17_only,0
Q16431805,1,1,P17+P131,1
Q13647861,1,1,P17+P131,1
Q12575364,1,1,P17+P131,1
Q1832411,1,0,P17_only,0
Q12538571,1,1,P17+P131,1
Q56367461,1,1,P17+P131,1
Q12574679,1,0,P17_only,1
Q16651260,1,1,P17+P131,1
Q98908403,0,1,P131_only,0
Q16661775,1,1,P17+P131,1
Q56367390,1,1,P17+P131,1
Q32213052,1,0,P17_only,0
Q16433233,1,0,P17_only,1
Q72915148,1,0,P17_only,0
Q13647874,1,1,P17+P131,1
Q32200504,1,0,P17_only,0
Q85402603,1,0,P17_only,1
Q27357771,1,0,P17_only,0
Q56367661,1,1,P17+P131,1
Q16701000,1,1,P17+P131,1
Q137527321,1,0,P17_only,0
Q4478424,1,0,P17_only,0
Q4313309,1,0,P17_only,1
Q20486230,1,0,P17_only,1
Q12528514,1,0,P17_only,1
Q123363632,1,0,P17_only,0
Q12533010,1,0,P17_only,1
Q16433135,1,1,P17+P131,1
Q16434126,1,0,P17_only,1
Q22828890,1,0,P17_only,0
Q111862458,1,0,P17_only,0
Q7699829,1,1,P17+P131,0
Q16664103,1,1,P17+P131,0
Q6354044,1,1,P17+P131,1
Q43304704,1,0,P17_only,0
Q16694762,1,1,P17+P131,1
Q135830027,1,0,P17_only,0
Q18396406,1,1,P17+P131,1
Q16650937,1,1,P17+P131,1
Q13643482,1,1,P17+P131,1
Q16650995,1,1,P17+P131,1
Q12542265,1,1,P17+P131,1
Q13359412,0,1,P131_only,1
Q13365609,0,1,P131_only,1
Q12563873,1,0,P17_only,1
Q27357461,1,0,P17_only,0
Q120824201,1,0,P17_only,0
Q12550224,1,1,P17+P131,1
Q20098400,1,1,P17+P131,1
Q27799375,1,0,P17_only,0
Q116484175,1,0,P17_only,0
Q30975086,1,1,P17+P131,1
Q12526209,1,1,P17+P131,1
Q20485826,1,0,P17_only,1
Q12557396,1,1,P17+P131,1
Q32202821,1,0,P17_only,0
Q126690478,1,0,P17_only,1
Q20098552,1,1,P17+P131,1
Q12536889,1,0,P17_only,1
Q106603962,1,1,P17+P131,0
Q12527990,1,0,P17_only,1
Q123363538,1,0,P17_only,0
Q12558714,1,0,P17_only,1
Q104310235,1,0,P17_only,0
Q114853141,1,1,P17+P131,1
Q13651924,1,1,P17+P131,1
Q796146,1,0,P17_only,0
Q135829581,1,0,P17_only,0
Q20484887,1,0,P17_only,1
Q115254592,1,0,P17_only,0
Q12697476,1,0,P17_only,0
Q81068910,1,0,P17_only,1
Q4458415,1,0,P17_only,1
Q109452560,1,0,P17_only,0
Q32217081,1,0,P17_only,0
Q20098392,1,1,P17+P131,1
Q27357950,1,0,P17_only,0
Q111113606,1,0,P17_only,0
Q12570324,1,1,P17+P131,1
Q20098107,1,1,P17+P131,1
Q56366892,1,1,P17+P131,1
Q12698995,1,0,P17_only,0
Q32192506,1,0,P17_only,0
Q16694781,1,1,P17+P131,1
Q65175647,1,0,P17_only,0
Q32202414,1,0,P17_only,0
Q28135463,1,0,P17_only,0
Q27354687,1,0,P17_only,0
Q4059055,1,0,P17_only,1
Q16719025,1,1,P17+P131,1
Q27430873,1,0,P17_only,0
Q13646079,1,1,P17+P131,1
Q32172940,1,1,P17+P131,0
Q16630824,0,1,P131_only,1
Q485056,1,1,P17+P131,1
Q12548044,1,0,P17_only,1
Q27347338,1,0,P17_only,0
Q18408690,1,1,P17+P131,1
Q4389939,1,0,P17_only,1
Q32194940,1,0,P17_only,0
Q65344015,1,0,P17_only,0
Q16704505,1,1,P17+P131,1
Q2877789,1,1,P17+P131,1
Q4481850,1,0,P17_only,0
Q18409001,1,1,P17+P131,1
Q17749628,1,1,P17+P131,1
Q112518821,1,0,P17_only,0
Q68187396,1,0,P17_only,0
Q129880690,1,1,P17+P131,1
Q12574762,1,1,P17+P131,1
Q4506418,1,1,P17+P131,1
Q16691670,1,0,P17_only,0
Q123363698,1,0,P17_only,0
Q32215933,1,1,P17+P131,0
Q32217978,1,0,P17_only,1
Q129880806,1,1,P17+P131,1
Q11722001,1,1,P17+P131,1
Q4277624,1,1,P17+P131,1
Q12578085,1,0,P17_only,1
Q25397262,1,1,P17+P131,0
Q16695904,1,1,P17+P131,1
Q27357941,1,0,P17_only,0
Q32172981,1,0,P17_only,0
Q32210773,0,1,P131_only,1
Q96369008,1,0,P17_only,0
Q16272662,1,1,P17+P131,1
Q13643013,0,1,P131_only,0
Q16681910,1,1,P17+P131,1
Q18399274,1,1,P17+P131,1
Q61366670,1,1,P17+P131,1
Q12561965,1,0,P17_only,1
Q30887703,1,1,P17+P131,0
Q13640663,0,1,P131_only,1
Q12577401,1,1,P17+P131,1
Q13647945,1,1,P17+P131,1
Q13662931,1,1,P17+P131,1
Q32216156,1,0,P17_only,0
Q27348084,1,1,P17+P131,0
Q12531252,1,0,P17_only,1
Q59536479,1,0,P17_only,0
Q12562103,1,0,P17_only,1
Q12571006,1,1,P17+P131,1
Q61369259,1,1,P17+P131,1
Q12527795,1,0,P17_only,1
Q18640081,1,0,P17_only,1
Q12560375,1,0,P17_only,1
Q27357940,1,0,P17_only,0
Q64613432,1,0,P17_only,0
Q32205331,1,0,P17_only,0
Q27351939,1,0,P17_only,0
Q12712744,1,0,P17_only,0
Q12534861,1,1,P17+P131,1
Q130364404,1,0,P17_only,0
Q12568597,1,0,P17_only,1
Q13665036,1,1,P17+P131,1
Q16664380,1,1,P17+P131,1
Q16696460,1,1,P17+P131,1
Q12535823,1,0,P17_only,1
Q138326490,1,1,P17+P131,0
Q13642209,1,1,P17+P131,1
Q16652045,1,1,P17+P131,1
Q4793359,1,0,P17_only,1
Q12561221,1,0,P17_only,1
Q20486090,1,0,P17_only,1
Q30974972,1,1,P17+P131,1
Q32202252,1,0,P17_only,0
Q27430847,1,0,P17_only,0
Q27352846,1,0,P17_only,0
Q27430934,1,0,P17_only,0
Q135829114,1,0,P17_only,0
Q20485750,1,0,P17_only,1
Q18401389,1,1,P17+P131,1
Q96371640,1,0,P17_only,0
Q32185630,1,0,P17_only,0
Q27357724,1,0,P17_only,0
Q136090752,1,0,P17_only,0
Q111113604,1,0,P17_only,0
Q20454163,1,0,P17_only,0
Q12574832,1,0,P17_only,1
Q16720798,1,1,P17+P131,1
Q12572629,1,1,P17+P131,1
Q111297009,1,0,P17_only,0
Q16431099,1,0,P17_only,1
Q16709661,1,1,P17+P131,1
Q27351730,1,1,P17+P131,0
Q16274274,1,1,P17+P131,1
Q32205147,1,0,P17_only,0
Q32217829,1,0,P17_only,0
Q27355077,1,0,P17_only,0
Q13652551,0,1,P131_only,1
Q110114404,1,0,P17_only,1
Q20485864,1,0,P17_only,1
Q27352000,1,0,P17_only,0
Q25507117,1,0,P17_only,1
Q138300225,1,0,P17_only,0
Q4506272,1,1,P17+P131,1
Q9352596,1,1,P17+P131,1
Q27357708,1,0,P17_only,0
Q16646037,0,1,P131_only,1
Q12574605,1,0,P17_only,1
Q30893996,1,1,P17+P131,1
Q4189864,1,0,P17_only,1
Q139900407,1,1,P17+P131,0
Q12541864,0,1,P131_only,1
Q32211176,1,1,P17+P131,0
Q32210785,0,1,P131_only,0
Q16431371,1,0,P17_only,1
Q135829699,1,0,P17_only,0
Q129880721,1,1,P17+P131,1
Q32189287,1,0,P17_only,0
Q18400630,1,1,P17+P131,1
Q55602286,1,0,P17_only,0
Q111987764,1,1,P17+P131,0
Q27354699,1,1,P17+P131,0
Q19953196,0,1,P131_only,0
Q27355167,1,0,P17_only,0
Q30972856,1,1,P17+P131,0
Q18401585,1,1,P17+P131,1
Q32214811,1,0,P17_only,0
Q111402852,1,0,P17_only,0
Q12554337,1,0,P17_only,1
Q65259424,1,0,P17_only,0
Q2952942,1,0,P17_only,1
Q4075780,1,0,P17_only,1
Q20098614,1,1,P17+P131,1
Q12538479,1,0,P17_only,1
Q16431260,1,0,P17_only,1
Q12553004,1,1,P17+P131,1
Q32218796,1,0,P17_only,0
Q32183341,1,0,P17_only,0
Q13649982,1,1,P17+P131,1
Q25513214,1,1,P17+P131,1
Q16689534,1,1,P17+P131,1
Q4505912,1,1,P17+P131,1
Q12576202,1,1,P17+P131,1
Q27354850,1,0,P17_only,0
Q4044677,1,0,P17_only,0
Q32168774,0,1,P131_only,0
Q32171310,1,0,P17_only,0
Q12532759,1,1,P17+P131,1
Q64196423,1,0,P17_only,0
Q4506746,1,0,P17_only,0
Q13651784,1,1,P17+P131,1
Q13648958,1,1,P17+P131,1
Q32182539,1,1,P17+P131,0
Q32177274,1,1,P17+P131,0
Q22200775,1,1,P17+P131,1
Q17504651,1,0,P17_only,1
Q61369335,1,1,P17+P131,1
Q4208093,1,0,P17_only,0
Q13643046,0,1,P131_only,1
Q32193267,1,0,P17_only,0
Q12531679,1,1,P17+P131,1
Q79422224,1,1,P17+P131,0
Q27430958,1,0,P17_only,0
Q27352873,1,0,P17_only,0
Q135828942,1,0,P17_only,0
Q15260838,1,0,P17_only,0
Q56366903,1,1,P17+P131,1
Q13643530,1,1,P17+P131,1
Q16431975,1,0,P17_only,1
Q28669277,0,1,P131_only,1
Q12577572,1,1,P17+P131,1
Q13651810,1,1,P17+P131,1
Q32197052,1,0,P17_only,0
Q56367398,1,1,P17+P131,1
Q32206258,1,0,P17_only,0
Q67749022,1,0,P17_only,1
Q25379745,1,1,P17+P131,0
Q16664321,1,1,P17+P131,1
Q12528347,1,1,P17+P131,1
Q13648922,1,1,P17+P131,1
Q12548782,1,0,P17_only,1
Q13656159,1,1,P17+P131,1
Q4227473,1,1,P17+P131,1
Q13646104,1,1,P17+P131,1
Q27357174,1,0,P17_only,0
Q48742985,1,0,P17_only,0
Q12530521,1,1,P17+P131,1
Q32190207,1,0,P17_only,0
Q16432575,1,0,P17_only,1
Q2369181,1,0,P17_only,1
Q2952945,1,0,P17_only,1
Q2622025,1,1,P17+P131,1
Q4092255,1,1,P17+P131,1
Q12684151,1,0,P17_only,0
Q4243773,1,0,P17_only,1
Q18401651,1,1,P17+P131,0
Q110118484,1,0,P17_only,1
Q135828491,1,0,P17_only,0
Q12160490,1,0,P17_only,1
Q32214918,1,0,P17_only,0
Q27430544,1,0,P17_only,0
Q135828733,1,0,P17_only,0
Q135209957,1,0,P17_only,0
Q13643459,1,1,P17+P131,1
Q13359500,0,1,P131_only,1
Q18408308,1,1,P17+P131,1
Q32185088,1,0,P17_only,1
Q16628418,0,1,P131_only,1
Q16434189,1,1,P17+P131,1
Q108783952,1,1,P17+P131,0
Q32176993,1,1,P17+P131,0
Q17277354,1,0,P17_only,0
Q32172400,1,0,P17_only,1
Q61368744,1,1,P17+P131,1
Q12573329,1,0,P17_only,1
Q16433274,1,0,P17_only,1
Q111296996,1,0,P17_only,0
Q56368953,1,1,P17+P131,1
Q16533099,0,1,P131_only,1
Q32184179,1,0,P17_only,0
Q20098416,1,1,P17+P131,1
Q57315103,1,1,P17+P131,0
Q20098234,1,1,P17+P131,1
Q18407579,1,1,P17+P131,1
Q30973009,1,1,P17+P131,1
Q16433916,1,1,P17+P131,1
Q13643068,0,1,P131_only,1
Q32202013,1,0,P17_only,0
Q32198175,1,0,P17_only,0
Q12530056,1,0,P17_only,1
Q12563872,1,0,P17_only,1
Q62286471,1,0,P17_only,0
Q16272533,1,1,P17+P131,1
Q13655949,1,1,P17+P131,1
Q12576392,1,1,P17+P131,1
Q55657537,1,0,P17_only,0
Q16434677,1,0,P17_only,1
Q135829172,1,0,P17_only,0
Q1280576,1,0,P17_only,1
Q1861042,1,0,P17_only,0
Q133835186,1,1,P17+P131,1
Q12545055,1,1,P17+P131,1
Q12575883,1,1,P17+P131,1
Q137527459,1,0,P17_only,0
Q16433216,1,1,P17+P131,1
Q27490453,1,1,P17+P131,1
Q20656248,1,0,P17_only,1
Q18400682,1,1,P17+P131,1
Q19615416,0,1,P131_only,1
Q12531816,1,1,P17+P131,1
Q32182296,1,0,P17_only,0
Q12576394,1,0,P17_only,1
Q12690396,1,0,P17_only,0
Q12531865,1,0,P17_only,1
Q139846247,1,1,P17+P131,0
Q12541027,0,1,P131_only,1
Q27348247,1,0,P17_only,1
Q27430981,1,0,P17_only,0
Q12545482,1,0,P17_only,1
Q16431445,1,0,P17_only,1
Q13651804,1,1,P17+P131,1
Q16704365,1,1,P17+P131,1
Q24069004,1,0,P17_only,0
Q16670755,1,1,P17+P131,0
Q108533889,1,0,P17_only,0
Q124216604,1,0,P17_only,0
Q6380811,1,0,P17_only,1
Q27431017,1,0,P17_only,0
Q108533828,1,0,P17_only,0
Q123363853,1,0,P17_only,0
Q111862436,1,0,P17_only,0
Q16681275,1,1,P17+P131,1
Q97168093,1,1,P17+P131,1
Q18401556,1,1,P17+P131,1
Q123225290,1,0,P17_only,0
Q12576481,1,0,P17_only,1
Q12568027,1,1,P17+P131,1
Q12574915,1,0,P17_only,1
Q12538481,1,1,P17+P131,1
Q12534619,1,1,P17+P131,1
Q30975156,1,1,P17+P131,1
Q64198492,1,0,P17_only,1
Q12563986,1,1,P17+P131,1
Q16432008,1,0,P17_only,1
Q12564509,1,0,P17_only,1
Q123563242,1,0,P17_only,0
Q4336339,1,0,P17_only,0
Q4238694,1,0,P17_only,0
Q12576679,1,0,P17_only,1
Q15845719,1,1,P17+P131,1
Q138030496,1,0,P17_only,0
Q12560065,1,1,P17+P131,1
Q32212725,1,1,P17+P131,0
Q12559639,1,1,P17+P131,1
Q56356571,1,0,P17_only,0
Q87187949,1,0,P17_only,0
Q27355065,1,0,P17_only,0
Q65153741,1,0,P17_only,0
Q12567554,1,1,P17+P131,1
Q16433230,1,0,P17_only,1
Q16683585,1,1,P17+P131,1
Q18401785,1,1,P17+P131,1
Q16699117,1,1,P17+P131,1
Q12546147,1,1,P17+P131,1
Q68036734,1,0,P17_only,0
Q12564327,1,1,P17+P131,1
Q16668764,1,0,P17_only,1
Q32204095,1,0,P17_only,0
Q13665031,1,1,P17+P131,1
Q32190536,1,0,P17_only,0
Q27350743,1,0,P17_only,0
Q2443123,1,0,P17_only,0
Q13643825,1,1,P17+P131,1
Q13359511,0,1,P131_only,1
Q12543330,1,0,P17_only,1
Q4213692,1,1,P17+P131,0
Q65377154,1,0,P17_only,0
Q16433182,1,0,P17_only,1
Q12574353,1,0,P17_only,1
Q16685190,1,1,P17+P131,1
Q12532238,1,0,P17_only,1
Q107565166,1,0,P17_only,0
Q139505037,1,0,P17_only,0
Q133832519,1,1,P17+P131,1
Q20098202,1,1,P17+P131,1
Q4177995,1,1,P17+P131,1
Q15617619,1,1,P17+P131,1
Q13640854,1,1,P17+P131,1
Q13662810,1,1,P17+P131,1
Q16666879,1,1,P17+P131,1
Q16432291,1,0,P17_only,1
Q16637015,0,1,P131_only,0
Q18404787,1,1,P17+P131,1
Q123363630,1,0,P17_only,0
Q65264003,1,0,P17_only,0
Q6681450,1,1,P17+P131,1
Q16274027,1,1,P17+P131,1
Q135829283,1,0,P17_only,0
Q12568915,1,1,P17+P131,1
Q20484880,1,0,P17_only,1
Q55659424,1,0,P17_only,0
Q12554291,1,1,P17+P131,1
Q16433630,1,1,P17+P131,1
Q32188444,1,1,P17+P131,0
Q13665132,1,1,P17+P131,1
Q16709327,1,1,P17+P131,1
Q123363780,1,0,P17_only,0
Q111296982,1,0,P17_only,0
Q125122552,1,0,P17_only,0
Q485437,1,1,P17+P131,1
Q32219083,1,0,P17_only,0
Q25504606,1,0,P17_only,1
Q285377,1,1,P17+P131,1
Q110791892,1,0,P17_only,0
Q27351884,1,0,P17_only,1
Q4506226,1,1,P17+P131,1
Q65270469,1,0,P17_only,0
Q7577116,1,1,P17+P131,1
Q61367825,1,1,P17+P131,1
Q16702033,1,1,P17+P131,0
Q15617563,1,1,P17+P131,1
Q22203284,1,1,P17+P131,1
Q139899882,1,1,P17+P131,0
Q15617728,1,1,P17+P131,1
Q66912044,1,0,P17_only,0
Q16433130,1,0,P17_only,1
Q27354965,1,0,P17_only,0
Q4179780,1,1,P17+P131,1
Q13652818,0,1,P131_only,1
Q12560314,1,1,P17+P131,1
Q18407537,1,1,P17+P131,1
Q4102853,1,1,P17+P131,1
Q12567271,1,0,P17_only,1
Q16690782,1,1,P17+P131,1
Q13652225,1,1,P17+P131,1
Q27348426,1,0,P17_only,0
Q135829213,1,0,P17_only,0
Q135829560,1,0,P17_only,0
Q20098622,1,1,P17+P131,1
Q19916915,0,1,P131_only,0
Q1367560,1,1,P17+P131,0
Q17494760,1,1,P17+P131,1
Q56367386,1,1,P17+P131,1
Q64196521,1,0,P17_only,1
Q1047621,1,0,P17_only,1
Q32219497,1,0,P17_only,0
Q27354825,1,0,P17_only,0
Q12546900,1,1,P17+P131,1
Q3873557,1,0,P17_only,0
Q12542789,1,0,P17_only,0
Q30893047,1,1,P17+P131,1
Q12576329,1,0,P17_only,1
Q13643074,0,1,P131_only,1
Q18396350,1,1,P17+P131,1
Q13649852,1,1,P17+P131,1
Q27357078,1,0,P17_only,0
Q12550415,1,0,P17_only,1
Q27430813,1,1,P17+P131,0
Q15845729,1,1,P17+P131,1
Q4155968,1,1,P17+P131,1
Q20485843,1,0,P17_only,1
Q4506521,1,1,P17+P131,1
Q17749616,1,1,P17+P131,1
Q32215279,1,0,P17_only,0
Q27358205,1,1,P17+P131,0
Q594921,1,0,P17_only,1
Q12557116,1,1,P17+P131,1
Q12573745,1,1,P17+P131,1
Q13643496,1,1,P17+P131,1
Q30972756,1,1,P17+P131,1
Q27357349,1,0,P17_only,0
Q12531687,1,1,P17+P131,1
Q13643078,0,1,P131_only,1
Q12574535,1,0,P17_only,1
Q16676197,1,1,P17+P131,1
Q27357029,1,0,P17_only,0
P13882,1,0,P17_only,0
Q4227422,1,1,P17+P131,1
Q27348414,1,0,P17_only,0
Q27352843,1,0,P17_only,0
Q28671117,1,0,P17_only,0
Q27350826,1,1,P17+P131,1
Q55659551,1,1,P17+P131,0
Q16272041,0,1,P131_only,1
Q32219489,1,0,P17_only,0
Q97771792,1,0,P17_only,0
Q22203731,1,1,P17+P131,1
Q1049341,1,0,P17_only,0
Q59659941,1,0,P17_only,0
Q27357327,1,0,P17_only,0
Q4072416,1,1,P17+P131,1
Q12567540,1,1,P17+P131,1
Q107752295,1,0,P17_only,0
Q13641700,1,1,P17+P131,1
Q16666191,1,0,P17_only,0
Q30975166,1,1,P17+P131,1
Q27356993,1,0,P17_only,0
Q4160587,1,0,P17_only,0
Q12528829,1,1,P17+P131,1
Q50036996,1,1,P17+P131,0
Q65263961,1,0,P17_only,0
Q16430955,1,0,P17_only,1
Q2625029,1,1,P17+P131,1
Q106620006,1,0,P17_only,0
Q13663179,1,1,P17+P131,1
Q12527023,1,1,P17+P131,1
Q32214028,1,0,P17_only,0
Q12530345,1,0,P17_only,1
Q13648774,1,1,P17+P131,1
Q13652500,0,1,P131_only,1
Q16690886,1,1,P17+P131,1
Q119333,1,0,P17_only,1
Q6452967,1,1,P17+P131,1
Q4057389,1,0,P17_only,0
Q65269280,1,0,P17_only,0
Q4213691,1,1,P17+P131,1
Q16851830,1,0,P17_only,1
Q6362971,1,1,P17+P131,1
Q27897241,1,0,P17_only,0
Q27352853,1,0,P17_only,0
Q13641698,1,1,P17+P131,1
Q12574554,1,1,P17+P131,1
Q32172177,1,0,P17_only,0
Q12698993,1,0,P17_only,0
Q12530525,1,0,P17_only,1
Q61985216,1,1,P17+P131,0
Q48954445,1,1,P17+P131,0
Q16273344,1,1,P17+P131,1
Q13649048,1,1,P17+P131,1
Q18399621,1,1,P17+P131,0
Q16708090,1,1,P17+P131,1
Q599529,1,0,P17_only,0
Q27348091,1,1,P17+P131,0
Q27348190,1,0,P17_only,0
Q20484675,1,0,P17_only,1
Q12579275,1,0,P17_only,1
Q123363817,1,0,P17_only,0
Q27357125,1,0,P17_only,0
Q16431444,1,0,P17_only,1
Q4505100,1,1,P17+P131,1
Q16699074,1,1,P17+P131,1
Q55658741,1,0,P17_only,0
Q19985947,0,1,P131_only,0
Q16432229,1,1,P17+P131,1
Q115936740,1,0,P17_only,0
Q27357376,1,0,P17_only,0
Q136090696,1,0,P17_only,0
Q27357155,1,0,P17_only,0
Q15918887,1,1,P17+P131,1
Q135828820,1,0,P17_only,0
Q13653332,0,1,P131_only,1
Q30974457,1,1,P17+P131,1
Q16274657,1,1,P17+P131,1
Q27430793,1,0,P17_only,0
Q27357389,1,0,P17_only,0
Q6992601,1,0,P17_only,0
Q12567665,1,1,P17+P131,1
Q12531668,1,1,P17+P131,1
Q12550348,1,0,P17_only,1
Q137527469,1,0,P17_only,0
Q13663154,1,1,P17+P131,1
Q12552986,1,1,P17+P131,1
Q12576615,1,0,P17_only,1
Q12573531,1,0,P17_only,1
Q13648345,1,1,P17+P131,1
Q109715788,1,1,P17+P131,0
Q32211812,1,1,P17+P131,0
Q1093688,1,0,P17_only,1
Q22202693,1,1,P17+P131,1
Q25394577,1,0,P17_only,1
Q4478421,1,1,P17+P131,0
Q32205826,1,0,P17_only,0
Q18400629,1,1,P17+P131,1
Q16693813,1,1,P17+P131,1
Q20486113,1,0,P17_only,1
Q2229789,1,0,P17_only,0
Q18409665,1,1,P17+P131,0
Q18399256,1,1,P17+P131,1
Q19915655,0,1,P131_only,1
Q16631488,0,1,P131_only,1
Q13642252,1,1,P17+P131,1
Q32219003,1,0,P17_only,0
Q27351358,1,0,P17_only,0
Q12550677,1,0,P17_only,1
Q30972515,1,1,P17+P131,1
Q16273994,1,1,P17+P131,1
Q124251967,1,0,P17_only,0
Q13643558,1,1,P17+P131,1
Q18408797,1,1,P17+P131,1
Q105579279,1,1,P17+P131,0
Q4208131,1,0,P17_only,1
Q27352875,1,1,P17+P131,0
Q27430763,1,0,P17_only,0
Q4506279,1,1,P17+P131,1
Q16665894,1,1,P17+P131,1
Q32201545,1,0,P17_only,0
Q66069129,1,0,P17_only,0
Q27354915,1,0,P17_only,0
Q849889,1,0,P17_only,1
Q32195668,1,0,P17_only,0
Q27354861,1,0,P17_only,0
Q27357432,1,0,P17_only,0
Q20098227,1,1,P17+P131,1
Q112004023,1,0,P17_only,0
Q16684300,1,1,P17+P131,1
Q12531282,1,0,P17_only,1
Q13643641,1,1,P17+P131,1
Q12546540,1,1,P17+P131,1
Q55129398,1,0,P17_only,1
Q23697367,1,0,P17_only,1
Q16432054,1,0,P17_only,1
Q66402262,1,0,P17_only,0
Q121157424,1,0,P17_only,0
Q12574231,1,0,P17_only,1
Q122526919,1,1,P17+P131,0
Q20098176,1,1,P17+P131,1
Q12553374,1,0,P17_only,1
Q16695404,1,1,P17+P131,1
Q18400126,1,1,P17+P131,1
Q17749588,1,1,P17+P131,1
Q20092541,1,1,P17+P131,1
Q42531577,1,1,P17+P131,0
Q2296519,1,0,P17_only,0
Q12563634,1,1,P17+P131,1
Q123363596,1,0,P17_only,0
Q56366943,1,1,P17+P131,1
Q16674570,1,1,P17+P131,1
Q65298666,1,1,P17+P131,1
Q4505877,1,1,P17+P131,0
Q27357734,1,0,P17_only,0
Q13640862,1,1,P17+P131,0
Q111297064,1,0,P17_only,0
Q12550394,1,0,P17_only,1
Q16626546,0,1,P131_only,1
Q20098384,1,0,P17_only,0
Q108861979,1,0,P17_only,0
Q12536776,1,0,P17_only,1
Q16431243,1,1,P17+P131,1
Q12566184,1,0,P17_only,1
Q20098458,1,1,P17+P131,1
Q32170572,0,1,P131_only,0
Q129880575,1,1,P17+P131,1
Q13646503,1,1,P17+P131,1
Q16662219,1,1,P17+P131,1
Q13643599,1,1,P17+P131,1
Q27430859,1,0,P17_only,0
Q12554339,1,0,P17_only,1
Q16691577,1,1,P17+P131,1
Q32190053,1,1,P17+P131,0
Q27348288,1,0,P17_only,0
Q13359425,0,1,P131_only,1
Q2550746,1,1,P17+P131,1
Q12534111,1,0,P17_only,1
Q27348427,1,0,P17_only,1
Q16651047,1,1,P17+P131,1
Q12561260,1,1,P17+P131,1
Q12537176,1,0,P17_only,1
Q35306495,1,0,P17_only,0
Q28520327,1,1,P17+P131,0
Q27354978,1,0,P17_only,0
Q4505825,1,1,P17+P131,1
Q56367285,1,1,P17+P131,1
Q123363758,1,0,P17_only,0
Q30973180,1,1,P17+P131,1
Q12686137,1,0,P17_only,0
Q2139924,1,1,P17+P131,1
Q65257950,1,0,P17_only,0
Q12561389,1,1,P17+P131,1
Q42422166,1,1,P17+P131,0
Q18408957,1,1,P17+P131,0
Q136568265,1,0,P17_only,0
Q12527440,1,0,P17_only,1
Q136090956,1,0,P17_only,0
Q16665448,1,1,P17+P131,1
Q25505353,1,1,P17+P131,1
Q12710305,1,0,P17_only,0
Q16432121,1,0,P17_only,1
Q12527134,1,1,P17+P131,1
Q12560572,1,0,P17_only,1
Q2491673,1,0,P17_only,1
Q55657893,1,1,P17+P131,0
Q17043995,1,1,P17+P131,0
Q20484951,1,0,P17_only,1
Q32175237,1,0,P17_only,0
Q2386528,1,0,P17_only,0
Q12549327,1,0,P17_only,1
Q16714245,1,1,P17+P131,1
Q85773811,1,0,P17_only,0
Q112654953,0,1,P131_only,0
Q12568184,1,0,P17_only,1
Q12535234,1,1,P17+P131,1
Q27354869,1,0,P17_only,0
Q12549576,1,1,P17+P131,1
Q12701302,1,0,P17_only,0
Q32185755,1,0,P17_only,0
Q54828087,1,0,P17_only,0
Q16686348,1,1,P17+P131,1
Q12528547,1,0,P17_only,1
Q32201806,1,0,P17_only,0
Q20467950,1,0,P17_only,0
Q13652560,0,1,P131_only,1
Q16706136,1,1,P17+P131,1
Q27354947,1,0,P17_only,0
Q13648406,1,1,P17+P131,1
Q13652247,1,1,P17+P131,1
Q12532045,1,0,P17_only,1
Q16273036,1,1,P17+P131,1
Q126525212,1,0,P17_only,1
Q13646106,1,1,P17+P131,1
Q25482884,1,0,P17_only,1
Q4185641,1,0,P17_only,0
Q32184921,1,0,P17_only,0
Q20098406,1,1,P17+P131,1
Q20098621,1,1,P17+P131,1
Q16431588,1,0,P17_only,1
Q47499447,1,0,P17_only,0
Q43304676,1,0,P17_only,0
Q12532131,1,1,P17+P131,1
Q1571840,1,0,P17_only,1
Q13643603,1,1,P17+P131,1
Q13655955,1,1,P17+P131,1
Q13655702,1,1,P17+P131,0
Q16701423,1,1,P17+P131,1
Q19618859,0,1,P131_only,0
Q4509807,1,1,P17+P131,1
Q4273746,1,1,P17+P131,1
Q32199643,1,0,P17_only,0
Q27357435,1,0,P17_only,0
Q16661678,1,1,P17+P131,1
Q28669032,1,0,P17_only,1
Q27430986,1,0,P17_only,0
Q12532109,1,1,P17+P131,1
Q114976071,1,0,P17_only,1
Q115906691,1,0,P17_only,0
Q32184883,1,0,P17_only,0
Q16432495,1,0,P17_only,1
Q32215774,1,1,P17+P131,0
Q32187424,1,1,P17+P131,0
Q108783939,1,1,P17+P131,0
Q19981513,0,1,P131_only,1
Q18400020,1,1,P17+P131,1
Q13653139,0,1,P131_only,1
Q16431798,1,1,P17+P131,1
Q27357579,1,0,P17_only,0
Q138746144,1,1,P17+P131,0
Q138315298,1,1,P17+P131,0
Q16431372,1,0,P17_only,1
Q61368600,1,1,P17+P131,1
Q12562652,1,0,P17_only,1
Q12527349,1,0,P17_only,1
Q137527304,1,0,P17_only,0
Q4791651,1,1,P17+P131,1
Q56368493,1,1,P17+P131,1
Q55615767,1,0,P17_only,0
Q123363613,1,0,P17_only,0
Q16433973,1,1,P17+P131,1
Q32195917,1,1,P17+P131,0
Q3716789,1,0,P17_only,1
Q55659207,1,0,P17_only,0
Q12579631,1,0,P17_only,1
Q25513479,1,0,P17_only,1
Q32181340,1,0,P17_only,0
Q12550388,1,0,P17_only,1
Q18409273,1,1,P17+P131,1
Q27430833,1,0,P17_only,0
Q4054780,1,1,P17+P131,1
Q16273007,1,1,P17+P131,1
Q32217382,1,0,P17_only,0
Q27430764,1,0,P17_only,0
Q16689438,1,1,P17+P131,1
Q138746157,1,1,P17+P131,0
Q77252445,1,1,P17+P131,0
Q32191815,1,0,P17_only,0
Q18401268,1,1,P17+P131,1
Q45728455,1,0,P17_only,0
Q57315477,1,1,P17+P131,0
Q12529498,1,0,P17_only,1
Q13643767,1,1,P17+P131,1
Q32185540,1,0,P17_only,0
Q97316621,1,0,P17_only,0
Q20455286,1,0,P17_only,0
Q12531105,1,0,P17_only,1
Q16629170,0,1,P131_only,1
Q12570172,1,1,P17+P131,1
Q16653722,1,1,P17+P131,1
Q22964294,1,1,P17+P131,1
Q32188818,1,0,P17_only,0
Q12546446,1,1,P17+P131,1
Q63979356,1,0,P17_only,1
Q20076753,1,1,P17+P131,1
Q16712718,1,1,P17+P131,0
Q32190224,1,1,P17+P131,0
Q119295677,1,0,P17_only,1
Q30897586,1,1,P17+P131,0
Q32211082,1,0,P17_only,0
Q16434533,1,1,P17+P131,1
Q62116122,1,1,P17+P131,0
Q12685933,1,0,P17_only,0
Q4301962,1,0,P17_only,1
Q13651517,1,1,P17+P131,1
Q12561188,1,1,P17+P131,1
Q16651117,1,1,P17+P131,1
Q12570816,1,0,P17_only,1
Q16654966,1,1,P17+P131,1
Q48851923,1,0,P17_only,0
Q27351428,1,0,P17_only,1
Q99776256,0,1,P131_only,1
Q13652478,0,1,P131_only,1
Q16705782,1,1,P17+P131,1
Q65154388,1,0,P17_only,0
Q32195303,1,0,P17_only,0
Q65153670,1,0,P17_only,0
Q13553680,0,1,P131_only,1
Q13641943,1,1,P17+P131,1
Q27358255,1,0,P17_only,0
Q12570960,1,1,P17+P131,1
Q18408092,1,1,P17+P131,1
Q27430520,1,0,P17_only,0
Q30294514,1,1,P17+P131,0
Q140456094,1,0,P17_only,0
Q13648913,1,1,P17+P131,1
Q123363586,1,0,P17_only,0
Q19985906,0,1,P131_only,1
Q27352792,0,1,P131_only,0
Q16718916,1,1,P17+P131,1
Q12543000,1,1,P17+P131,1
Q15845916,1,1,P17+P131,1
Q16664641,1,1,P17+P131,1
Q16673337,1,1,P17+P131,1
Q12576239,1,1,P17+P131,1
Q16719001,1,1,P17+P131,1
Q112654960,0,1,P131_only,0
Q18409291,1,1,P17+P131,1
Q1882525,1,0,P17_only,0
Q18407844,1,1,P17+P131,1
Q65124476,1,0,P17_only,0
Q15617683,1,1,P17+P131,1
Q65173485,1,1,P17+P131,0
Q750533,1,0,P17_only,1
Q16434611,1,0,P17_only,1
Q4061017,1,0,P17_only,1
Q75810820,1,0,P17_only,0
Q112003984,1,0,P17_only,0
Q13652574,0,1,P131_only,1
Q16668817,1,1,P17+P131,1
Q27357153,1,0,P17_only,0
Q4377517,1,0,P17_only,0
Q32194742,1,0,P17_only,0
Q136288535,1,1,P17+P131,0
Q15617562,1,1,P17+P131,1
Q20077645,1,1,P17+P131,1
Q20098335,1,1,P17+P131,1
Q32189917,1,0,P17_only,0
Q12553192,1,0,P17_only,1
Q13661804,1,1,P17+P131,1
Q13646939,1,1,P17+P131,1
Q35397393,1,0,P17_only,0
Q1795699,1,1,P17+P131,1
Q16433577,1,0,P17_only,1
Q1863237,1,0,P17_only,0
Q32189968,1,0,P17_only,1
Q16693827,1,1,P17+P131,1
Q13642228,1,1,P17+P131,1
Q32193292,1,0,P17_only,0
Q78278606,1,0,P17_only,0
Q12576796,1,1,P17+P131,1
Q30894239,1,1,P17+P131,1
Q12579294,1,1,P17+P131,1
Q12548971,1,0,P17_only,1
Q18400615,1,1,P17+P131,1
Q27358144,1,1,P17+P131,0
Q61993254,1,1,P17+P131,0
Q111862465,1,0,P17_only,0
Q12532191,1,1,P17+P131,1
Q86664316,1,0,P17_only,0
Q2036730,1,0,P17_only,1
Q27358049,1,0,P17_only,0
Q13649089,1,1,P17+P131,1
Q18399993,1,1,P17+P131,1
Q16434565,1,1,P17+P131,1
Q16696099,1,1,P17+P131,1
Q13648092,1,1,P17+P131,1
Q13640685,0,1,P131_only,1
Q13641752,1,1,P17+P131,1
Q61611019,1,0,P17_only,0
Q4701902,1,1,P17+P131,1
Q12565833,1,1,P17+P131,1
Q32194096,1,0,P17_only,0
Q12573684,1,0,P17_only,1
Q16432212,1,0,P17_only,1
Q116966843,1,0,P17_only,0
Q12532039,1,0,P17_only,1
Q16431820,1,1,P17+P131,1
Q123363815,1,0,P17_only,0
Q12577784,1,1,P17+P131,1
Q13647299,1,1,P17+P131,1
Q115936477,1,0,P17_only,0
Q665548,1,0,P17_only,1
Q1829454,1,0,P17_only,0
Q44585528,1,0,P17_only,0
Q123363451,1,0,P17_only,0
Q4452325,1,1,P17+P131,1
Q56367239,1,1,P17+P131,1
Q32194284,1,1,P17+P131,0
Q13646645,1,1,P17+P131,1
Q13646110,1,1,P17+P131,1
Q27357279,1,0,P17_only,0
Q12577020,1,1,P17+P131,1
Q105044156,1,0,P17_only,0
Q12555890,1,1,P17+P131,1
Q123363591,1,0,P17_only,0
Q12550985,1,0,P17_only,1
Q65150855,1,0,P17_only,0
Q20485926,1,1,P17+P131,1
Q12571219,1,1,P17+P131,1
Q20484811,1,0,P17_only,1
Q135829588,1,0,P17_only,0
Q12529164,1,0,P17_only,1
Q11939684,1,0,P17_only,0
Q28671106,1,0,P17_only,0
Q23958854,1,0,P17_only,1
Q64198726,1,0,P17_only,1
Q16431206,1,1,P17+P131,1
Q12534001,1,0,P17_only,1
Q12574761,1,0,P17_only,1
Q13640969,1,1,P17+P131,1
Q61368561,1,1,P17+P131,1
Q1734791,1,0,P17_only,0
Q39059721,1,0,P17_only,1
Q16432298,1,1,P17+P131,1
Q12531270,1,1,P17+P131,1
Q27350764,1,1,P17+P131,0
Q56367120,1,1,P17+P131,1
Q65173283,1,0,P17_only,0
Q16272264,0,1,P131_only,1
Q12551016,1,1,P17+P131,1
Q12527782,1,1,P17+P131,1
Q13665034,1,1,P17+P131,1
Q27347335,1,0,P17_only,0
Q12562573,1,0,P17_only,1
Q12550466,1,0,P17_only,1
Q12701532,1,0,P17_only,0
Q32193490,1,0,P17_only,0
Q12565832,1,0,P17_only,1
Q12563491,1,1,P17+P131,1
Q846879,1,1,P17+P131,1
Q13643556,1,1,P17+P131,1
Q16538419,0,1,P131_only,0
Q10858596,1,1,P17+P131,1
Q27348209,1,0,P17_only,0
Q12570558,1,0,P17_only,1
Q23958949,1,0,P17_only,1
Q32203337,1,0,P17_only,0
Q3612731,1,0,P17_only,0
Q135829313,1,0,P17_only,0
Q30972267,1,1,P17+P131,1
Q27357073,1,0,P17_only,0
Q16434735,1,0,P17_only,1
Q32201483,1,0,P17_only,0
Q36220067,1,1,P17+P131,0
Q27430525,1,0,P17_only,0
Q15680,1,0,P17_only,1
Q12546105,1,1,P17+P131,1
Q13643248,1,1,P17+P131,1
Q25504695,1,0,P17_only,1
Q12532218,1,0,P17_only,1
Q4208439,1,0,P17_only,1
Q16699325,1,1,P17+P131,1
Q13640791,1,1,P17+P131,1
Q111943842,1,0,P17_only,1
Q32216755,1,0,P17_only,0
Q27354875,1,0,P17_only,0
Q4446247,1,0,P17_only,1
Q12529664,1,0,P17_only,1
Q16432741,1,0,P17_only,1
Q27354983,1,0,P17_only,0
Q18391052,1,0,P17_only,0
Q30973858,1,1,P17+P131,1
Q16651973,1,1,P17+P131,1
Q30593231,1,0,P17_only,0
Q137527464,1,0,P17_only,0
Q16682736,1,1,P17+P131,1
Q32193337,1,0,P17_only,0
Q4166101,1,1,P17+P131,1
Q1563937,1,0,P17_only,1
Q12545528,1,1,P17+P131,1
Q27431026,1,0,P17_only,0
Q115936130,1,0,P17_only,0
Q30975236,1,1,P17+P131,1
Q12535005,1,1,P17+P131,1
Q1046348,1,0,P17_only,1
Q63977809,1,0,P17_only,1
Q32201259,1,0,P17_only,0
Q22201565,1,1,P17+P131,1
Q16274418,1,1,P17+P131,1
Q16673339,1,1,P17+P131,1
Q12528455,1,1,P17+P131,1
Q22204606,1,1,P17+P131,1
Q12530039,1,0,P17_only,1
Q15617733,1,1,P17+P131,1
Q20485732,1,0,P17_only,1
Q32203696,1,0,P17_only,0
Q12543558,1,1,P17+P131,1
Q27354723,1,0,P17_only,0
Q135828978,1,0,P17_only,0
Q111862470,1,0,P17_only,0
Q118352578,1,0,P17_only,0
Q12684223,1,0,P17_only,0
Q135829008,1,0,P17_only,0
Q4430724,1,1,P17+P131,1
Q1734771,1,0,P17_only,0
Q125611799,1,0,P17_only,0
Q135829350,1,0,P17_only,0
Q32205196,1,1,P17+P131,0
Q16669551,1,1,P17+P131,1
Q12531375,1,0,P17_only,1
Q68036961,1,0,P17_only,0
Q67893027,1,0,P17_only,0
Q12570480,1,1,P17+P131,1
Q12548439,1,1,P17+P131,1
Q3533944,1,1,P17+P131,1
Q27354895,1,0,P17_only,0
P2815,1,0,P17_only,0
Q16272404,0,1,P131_only,1
Q55632618,1,0,P17_only,0
Q4459684,1,1,P17+P131,1
Q16664428,1,1,P17+P131,1
Q1525942,1,0,P17_only,1
Q32188513,1,0,P17_only,0
Q32181657,1,0,P17_only,0
Q24910078,1,0,P17_only,0
Q12527348,1,1,P17+P131,1
Q12574891,1,0,P17_only,1
Q32198658,1,0,P17_only,0
Q56367359,1,1,P17+P131,1
Q27430768,1,0,P17_only,1
Q108783948,1,1,P17+P131,0
Q140073866,1,0,P17_only,0
Q16431847,1,1,P17+P131,1
Q22202471,1,1,P17+P131,1
Q135974691,1,0,P17_only,0
Q22202551,1,1,P17+P131,1
Q135000615,1,0,P17_only,1
Q97214889,1,0,P17_only,1
Q32194189,1,0,P17_only,0
Q16273799,1,1,P17+P131,1
Q77862826,1,0,P17_only,0
Q13664264,1,1,P17+P131,1
Q18406096,1,1,P17+P131,0
Q1523920,1,0,P17_only,1
Q28520318,1,1,P17+P131,0
Q32201498,1,0,P17_only,0
Q30972167,1,1,P17+P131,1
Q13664385,1,1,P17+P131,1
Q18408833,1,1,P17+P131,0
Q32187523,1,0,P17_only,0
Q16709522,1,1,P17+P131,1
Q135829676,1,0,P17_only,0
Q13646071,1,1,P17+P131,1
Q61368016,1,1,P17+P131,1
Q31447287,1,0,P17_only,0
Q13664027,1,1,P17+P131,1
Q56307626,1,0,P17_only,0
Q139710022,1,1,P17+P131,0
Q15617645,1,1,P17+P131,1
Q101437868,1,1,P17+P131,0
Q138721430,1,0,P17_only,0
Q13651759,1,1,P17+P131,1
Q12542413,1,1,P17+P131,1
Q18399183,1,1,P17+P131,1
Q16433657,1,0,P17_only,1
Q12532268,1,1,P17+P131,1
Q12575557,1,0,P17_only,1
Q4506559,1,1,P17+P131,1
Q1977617,1,1,P17+P131,1
Q1233542,1,1,P17+P131,1
Q107020529,1,0,P17_only,0
Q4509486,1,1,P17+P131,1
Q12576133,1,0,P17_only,1
Q595124,1,1,P17+P131,1
Q4505892,1,1,P17+P131,0
Q65262565,1,0,P17_only,0
Q32197564,1,0,P17_only,0
Q7500006,0,1,P131_only,1
Q135828904,1,0,P17_only,0
Q20098134,1,1,P17+P131,1
Q56366936,1,1,P17+P131,1
Q17494772,1,1,P17+P131,1
Q12564698,1,0,P17_only,1
Q18404616,1,1,P17+P131,1
Q12557495,1,0,P17_only,1
Q13643384,1,1,P17+P131,1
Q1099244,1,1,P17+P131,1
Q15617658,1,1,P17+P131,1
Q12527262,1,0,P17_only,1
Q135829169,1,0,P17_only,0
Q123363449,1,0,P17_only,0
Q12564334,1,1,P17+P131,1
Q60853351,1,1,P17+P131,0
Q16706549,1,1,P17+P131,1
Q13643176,0,1,P131_only,1
Q123363561,1,0,P17_only,0
Q1365936,1,1,P17+P131,1
Q4201463,0,1,P131_only,1
Q13664273,1,1,P17+P131,1
Q12542418,1,1,P17+P131,1
Q68036741,1,0,P17_only,0
Q123484808,1,0,P17_only,1
Q6352789,1,1,P17+P131,1
Q16666393,1,1,P17+P131,1
Q12709564,1,0,P17_only,0
Q12548087,1,1,P17+P131,1
Q18400392,1,1,P17+P131,1
Q32182137,1,0,P17_only,0
Q32179632,1,0,P17_only,0
Q123225216,1,0,P17_only,0
Q32218416,1,0,P17_only,0
Q622740,1,1,P17+P131,1
Q16683595,1,1,P17+P131,1
Q12526012,1,0,P17_only,1
Q13646017,1,1,P17+P131,1
Q27352770,0,1,P131_only,0
Q56677267,1,0,P17_only,0
Q27348152,1,0,P17_only,0
Q109452601,1,0,P17_only,0
Q32172119,1,0,P17_only,0
Q32194203,1,0,P17_only,0
Q48969859,1,0,P17_only,0
Q25530745,1,0,P17_only,0
Q1345202,1,0,P17_only,1
Q12527403,1,0,P17_only,1
Q32204483,1,1,P17+P131,0
Q43304679,1,0,P17_only,0
Q136090726,1,0,P17_only,0
Q66392094,1,0,P17_only,0
Q16700935,1,1,P17+P131,1
Q16718286,1,1,P17+P131,1
Q55833189,1,0,P17_only,0
Q3950946,1,0,P17_only,0
Q12565196,1,0,P17_only,1
Q32177010,1,0,P17_only,0
Q19911057,0,1,P131_only,1
Q16663637,1,1,P17+P131,0
Q56367449,1,1,P17+P131,1
Q25503057,1,1,P17+P131,1
Q1667337,1,0,P17_only,0
Q12529611,1,0,P17_only,1
Q27351403,1,0,P17_only,0
Q13518211,0,1,P131_only,1
Q56368494,1,1,P17+P131,1
Q18466441,1,0,P17_only,0
Q16691532,1,0,P17_only,0
Q32205515,1,0,P17_only,0
Q12544178,0,1,P131_only,1
Q4479958,1,0,P17_only,0
Q32183366,1,0,P17_only,0
Q135829616,1,0,P17_only,0
Q12551533,0,1,P131_only,1
Q13640783,1,1,P17+P131,1
Q13664877,1,1,P17+P131,1
Q12532049,1,0,P17_only,1
Q27348253,1,0,P17_only,1
Q13641638,1,1,P17+P131,1
Q4506219,1,1,P17+P131,1
Q12549984,1,1,P17+P131,1
Q32192466,1,0,P17_only,0
Q123363450,1,0,P17_only,0
Q12578106,1,0,P17_only,1
Q30889263,1,0,P17_only,0
Q12531637,1,1,P17+P131,1
Q18409702,1,1,P17+P131,1
Q135829351,1,0,P17_only,0
Q20486071,1,0,P17_only,1
Q6680093,1,1,P17+P131,1
Q608494,1,1,P17+P131,1
Q12555968,1,1,P17+P131,1
Q12547737,1,0,P17_only,1
Q27430578,1,0,P17_only,0
Q109986311,0,1,P131_only,1
Q111862457,1,0,P17_only,0
Q12577633,1,1,P17+P131,1
Q32212562,1,1,P17+P131,0
Q16710287,1,1,P17+P131,1
Q27350779,1,1,P17+P131,0
Q10858348,1,1,P17+P131,1
Q17749601,1,1,P17+P131,1
Q32201559,1,0,P17_only,0
Q16663123,1,1,P17+P131,1
Q30897543,1,1,P17+P131,0
Q4155073,1,1,P17+P131,1
Q32180912,1,0,P17_only,0
Q86681732,1,0,P17_only,0
Q135828855,1,0,P17_only,0
Q27357067,1,0,P17_only,0
Q4513183,1,1,P17+P131,1
Q123363836,1,0,P17_only,0
Q64427350,1,0,P17_only,0
Q12572240,1,1,P17+P131,1
Q4220187,1,1,P17+P131,1
Q12569428,1,1,P17+P131,1
Q3247590,1,0,P17_only,0
Q16432767,1,1,P17+P131,1
Q59162238,1,0,P17_only,1
Q16432734,1,0,P17_only,1
Q4179773,1,0,P17_only,1
Q28671100,1,1,P17+P131,1
Q13648204,1,1,P17+P131,1
Q12550952,1,1,P17+P131,1
Q12527130,1,1,P17+P131,1
Q32215136,1,1,P17+P131,0
Q13651588,1,1,P17+P131,1
Q68036963,1,0,P17_only,0
Q12560369,1,1,P17+P131,1
Q16431291,1,0,P17_only,1
Q27354883,1,0,P17_only,0
Q112004020,1,0,P17_only,0
Q16272306,0,1,P131_only,1
Q16709882,1,0,P17_only,0
Q60289782,1,0,P17_only,0
Q32197460,1,0,P17_only,0
Q11601021,1,0,P17_only,0
Q123363471,1,0,P17_only,0
Q141133790,1,0,P17_only,0
Q3089100,1,0,P17_only,1
Q13641778,1,1,P17+P131,1
Q32196205,1,0,P17_only,0
Q135829895,1,0,P17_only,0
Q14102921,1,1,P17+P131,1
Q112003967,1,0,P17_only,0
Q16433071,1,0,P17_only,1
Q16650870,1,1,P17+P131,1
Q11201097,1,1,P17+P131,0
Q4126493,1,1,P17+P131,1
Q13652449,0,1,P131_only,1
Q63397186,1,0,P17_only,0
Q135829766,1,0,P17_only,0
Q16648408,1,1,P17+P131,1
Q4506086,1,1,P17+P131,1
Q12553288,1,0,P17_only,1
Q13647953,1,1,P17+P131,1
Q16651342,1,1,P17+P131,0
Q4214673,1,1,P17+P131,1
Q18400652,1,1,P17+P131,1
Q16273560,1,1,P17+P131,1
Q17749599,1,1,P17+P131,1
Q2289560,1,0,P17_only,0
Q16656480,1,1,P17+P131,1
Q16690819,1,1,P17+P131,0
Q18408986,1,1,P17+P131,1
Q32195257,1,1,P17+P131,0
Q135829058,1,0,P17_only,0
Q18701884,1,0,P17_only,0
Q4466139,1,1,P17+P131,1
Q20485807,1,0,P17_only,1
Q20098314,1,1,P17+P131,1
Q1734796,1,0,P17_only,0
Q4459113,1,0,P17_only,1
Q18408821,1,1,P17+P131,1
Q27430612,1,0,P17_only,0
Q64637485,1,0,P17_only,0
Q12574694,1,0,P17_only,1
Q12550949,1,0,P17_only,1
Q1322976,1,0,P17_only,0
Q123363582,1,0,P17_only,0
Q13643073,0,1,P131_only,1
Q18399930,1,1,P17+P131,1
Q135830019,1,0,P17_only,0
Q30972359,1,1,P17+P131,1
Q12544912,1,0,P17_only,1
Q32213074,1,0,P17_only,0
Q27348115,1,1,P17+P131,0
Q27348219,1,0,P17_only,0
Q32189689,1,0,P17_only,0
Q61367832,1,1,P17+P131,1
Q20098993,1,1,P17+P131,1
Q32200769,1,0,P17_only,0
Q27358134,1,0,P17_only,0
Q4273750,1,0,P17_only,1
Q25504620,1,0,P17_only,1
Q135829304,1,0,P17_only,0
Q12560832,1,1,P17+P131,1
Q16664935,1,1,P17+P131,1
Q32188462,1,1,P17+P131,0
Q18396477,1,1,P17+P131,1
Q27357287,1,1,P17+P131,0
Q7274205,1,1,P17+P131,1
Q4376803,1,0,P17_only,0
Q25388473,1,0,P17_only,0
Q16652048,1,1,P17+P131,0
Q32197092,1,0,P17_only,0
Q19911030,0,1,P131_only,1
Q13652844,0,1,P131_only,1
Q12550515,1,0,P17_only,1
Q12552705,1,1,P17+P131,1
Q12527351,1,1,P17+P131,1
Q27356874,1,0,P17_only,0
Q13648023,1,1,P17+P131,1
Q32192722,1,0,P17_only,0
Q7497199,1,1,P17+P131,1
Q13651837,1,1,P17+P131,1
Q16433151,1,1,P17+P131,1
Q20098341,1,1,P17+P131,1
Q16704822,1,1,P17+P131,0
Q111296995,1,0,P17_only,0
Q12529822,1,1,P17+P131,1
Q4075851,1,0,P17_only,1
Q27358240,1,0,P17_only,0
Q12551059,0,1,P131_only,1
Q12578328,1,1,P17+P131,1
Q135828737,1,0,P17_only,0
Q13646677,1,1,P17+P131,1
Q30972754,1,1,P17+P131,1
Q12561140,1,1,P17+P131,1
Q32204662,1,0,P17_only,0
Q12550422,1,0,P17_only,1
Q27357058,1,0,P17_only,0
Q68036739,1,0,P17_only,0
Q27350864,1,0,P17_only,0
Q32192206,1,0,P17_only,0
Q20485737,1,0,P17_only,1
Q12534916,1,0,P17_only,1
Q20098475,1,1,P17+P131,1
Q12527657,1,0,P17_only,1
Q74737741,1,0,P17_only,0
Q8031454,1,0,P17_only,1
Q19981647,0,1,P131_only,1
Q23929299,1,0,P17_only,1
Q32214524,1,0,P17_only,0
Q27348217,1,0,P17_only,0
Q32214372,1,0,P17_only,0
Q32176397,1,1,P17+P131,0
Q27357792,1,0,P17_only,0
Q15617715,1,1,P17+P131,1
Q2726463,1,1,P17+P131,1
Q18404797,1,1,P17+P131,1
Q13263,1,0,P17_only,1
Q16431906,1,0,P17_only,1
Q115921434,1,0,P17_only,0
Q12542254,1,0,P17_only,1
Q16434391,1,0,P17_only,1
Q12549164,1,0,P17_only,1
Q16709549,1,1,P17+P131,1
Q32202109,1,0,P17_only,0
Q32203984,1,0,P17_only,0
Q70379810,1,1,P17+P131,0
Q12564660,1,1,P17+P131,1
Q12532694,1,0,P17_only,1
Q4250751,1,0,P17_only,1
Q123363495,1,0,P17_only,0
Q22203966,1,1,P17+P131,1
Q108533903,1,0,P17_only,0
Q16434590,1,1,P17+P131,1
Q13665044,1,1,P17+P131,1
Q31195587,1,0,P17_only,1
Q32194895,1,0,P17_only,0
Q16715405,1,1,P17+P131,1
Q139882596,1,1,P17+P131,0
Q13643211,0,1,P131_only,1
Q12545581,1,0,P17_only,1
Q32215336,1,0,P17_only,0
Q12531631,1,1,P17+P131,1
Q16432606,1,0,P17_only,1
Q25386239,1,0,P17_only,1
Q12531149,1,1,P17+P131,1
Q16434310,1,0,P17_only,1
Q18408243,1,1,P17+P131,1
Q74846902,1,0,P17_only,0
Q63320622,1,0,P17_only,0
Q137908558,1,0,P17_only,0
Q27350698,1,0,P17_only,0
Q16693829,1,1,P17+P131,1
Q16708996,1,1,P17+P131,1
Q12570840,1,0,P17_only,1
Q13643088,0,1,P131_only,1
Q86665986,1,0,P17_only,1
Q4214015,1,0,P17_only,0
Q12549878,1,0,P17_only,1
Q15918875,1,1,P17+P131,1
Q20098563,1,1,P17+P131,1
Q55657131,1,0,P17_only,0
Q4290235,1,1,P17+P131,0
Q12576729,1,0,P17_only,1
Q12550481,1,0,P17_only,1
Q17494747,1,1,P17+P131,1
Q27430749,1,0,P17_only,0
Q32210686,0,1,P131_only,0
Q123363770,1,0,P17_only,0
Q12528517,1,0,P17_only,1
Q15617723,1,1,P17+P131,1
Q136090959,1,0,P17_only,0
Q108533830,1,0,P17_only,0
Q12547275,1,1,P17+P131,1
Q30969873,1,1,P17+P131,1
Q27357230,1,0,P17_only,0
Q16692026,1,1,P17+P131,0
Q125422676,1,1,P17+P131,0
Q16720778,1,1,P17+P131,1
Q12536224,1,0,P17_only,1
Q182404,1,0,P17_only,1
Q12571226,1,0,P17_only,1
Q16431500,1,1,P17+P131,1
Q114976703,1,0,P17_only,1
Q764289,1,1,P17+P131,0
Q11899400,0,1,P131_only,0
Q4509126,1,1,P17+P131,0
Q27354910,1,0,P17_only,0
Q16431994,1,1,P17+P131,1
Q20098385,1,1,P17+P131,1
Q32172826,1,0,P17_only,1
Q4208478,1,1,P17+P131,1
Q7449252,1,0,P17_only,1
Q12545239,1,0,P17_only,1
Q12543324,1,1,P17+P131,1
Q27358226,1,0,P17_only,0
Q16434379,1,0,P17_only,1
Q56367309,1,1,P17+P131,1
Q27430807,1,0,P17_only,0
Q16433410,1,0,P17_only,1
Q13664471,1,1,P17+P131,1
Q32179378,1,0,P17_only,0
Q18398852,1,1,P17+P131,0
Q135829714,1,0,P17_only,0
Q123363493,1,0,P17_only,0
Q13651684,1,1,P17+P131,1
Q20076476,1,1,P17+P131,1
Q20098133,1,1,P17+P131,1
Q15617583,1,1,P17+P131,1
Q135828739,1,0,P17_only,0
Q622786,1,1,P17+P131,1
Q16723825,1,1,P17+P131,1
Q13640983,1,1,P17+P131,1
Q32185169,1,0,P17_only,0
Q18401444,1,1,P17+P131,1
Q112654957,0,1,P131_only,0
Q12532041,1,0,P17_only,1
Q12573943,1,1,P17+P131,1
Q16433636,1,1,P17+P131,1
Q116686278,1,0,P17_only,1
Q16668770,1,1,P17+P131,0
Q108533870,1,0,P17_only,0
Q13652305,1,1,P17+P131,1
Q12556498,1,0,P17_only,1
Q12574807,1,0,P17_only,1
Q4310520,1,1,P17+P131,0
Q13642168,1,1,P17+P131,1
Q32215448,1,0,P17_only,1
Q111297027,1,0,P17_only,0
Q13653552,1,1,P17+P131,1
Q20485972,1,0,P17_only,1
Q4479952,1,0,P17_only,0
Q135828587,1,0,P17_only,0
Q13652579,0,1,P131_only,1
Q12548765,1,0,P17_only,1
Q135829175,1,0,P17_only,0
Q13655789,1,1,P17+P131,1
Q5256775,1,0,P17_only,1
Q12573949,1,0,P17_only,1
Q55658190,1,0,P17_only,0
Q32201137,1,0,P17_only,0
Q4219257,1,0,P17_only,0
Q28671107,1,0,P17_only,0
Q131823729,1,1,P17+P131,1
Q12531820,1,1,P17+P131,1
Q1418264,1,0,P17_only,1
Q16647553,1,1,P17+P131,1
Q12533323,1,1,P17+P131,1
Q18608207,1,0,P17_only,0
Q13662926,1,1,P17+P131,1
Q137527298,1,0,P17_only,0
Q12545221,1,0,P17_only,1
Q4299925,1,1,P17+P131,1
Q12536494,1,0,P17_only,1
Q745694,1,1,P17+P131,1
Q4504973,1,1,P17+P131,1
Q13365393,0,1,P131_only,1
Q17749580,1,1,P17+P131,1
Q27350707,1,0,P17_only,0
Q12537444,1,1,P17+P131,1
Q27348210,1,0,P17_only,0
Q12574305,1,1,P17+P131,1
Q13643543,1,1,P17+P131,1
Q16719057,1,1,P17+P131,1
Q720422,1,1,P17+P131,1
Q25505151,1,1,P17+P131,1
Q13640628,0,1,P131_only,1
Q16431028,1,1,P17+P131,1
Q4073929,1,0,P17_only,1
Q32199083,1,0,P17_only,0
Q135095131,1,0,P17_only,0
Q32173881,0,1,P131_only,0
Q12552351,1,1,P17+P131,1
Q136315417,1,1,P17+P131,1
Q12572201,1,1,P17+P131,1
Q4313635,1,0,P17_only,0
Q12555684,1,0,P17_only,1
Q32175581,1,0,P17_only,0
Q16693428,1,1,P17+P131,0
Q111296974,1,0,P17_only,0
Q20485951,1,0,P17_only,1
Q16651358,1,1,P17+P131,1
Q22202893,1,1,P17+P131,1
Q12544933,1,0,P17_only,1
Q126946783,1,0,P17_only,0
Q32219063,1,0,P17_only,0
Q13640978,1,1,P17+P131,1
Q13653145,0,1,P131_only,1
Q12574504,1,0,P17_only,1
Q1313881,1,1,P17+P131,1
Q21901273,1,0,P17_only,0
Q4177926,1,0,P17_only,1
Q12549202,1,0,P17_only,1
Q13651739,1,1,P17+P131,1
Q16681554,1,1,P17+P131,0
Q32199457,1,0,P17_only,0
Q129791543,1,0,P17_only,0
Q12709609,1,0,P17_only,0
Q38183814,1,1,P17+P131,1
Q16666249,1,1,P17+P131,1
Q65258025,1,0,P17_only,0
Q123363712,1,0,P17_only,0
Q16722840,1,1,P17+P131,1
Q4071940,1,1,P17+P131,1
Q20098595,1,1,P17+P131,1
Q12552908,1,1,P17+P131,1
Q123363556,1,0,P17_only,0
Q12572639,1,0,P17_only,1
Q20093836,1,1,P17+P131,1
Q12532032,1,0,P17_only,1
Q61368680,1,1,P17+P131,1
Q27355010,1,0,P17_only,0
Q56366859,1,1,P17+P131,1
Q16705786,1,1,P17+P131,1
Q66074908,1,0,P17_only,0
Q30916278,1,0,P17_only,0
Q16718012,1,1,P17+P131,1
Q16641691,0,1,P131_only,1
Q64425340,1,0,P17_only,0
Q97663396,1,0,P17_only,0
Q20098120,1,1,P17+P131,1
Q4523710,1,1,P17+P131,1
Q129880809,1,1,P17+P131,1
Q18406641,1,1,P17+P131,1
Q32187782,1,0,P17_only,0
Q16669186,1,1,P17+P131,1
Q25493985,1,0,P17_only,1
Q16432245,1,0,P17_only,1
Q135829598,1,0,P17_only,0
Q27352866,1,0,P17_only,0
Q15617548,1,1,P17+P131,1
Q32211292,1,0,P17_only,0
Q13648637,1,1,P17+P131,1
Q4208084,1,0,P17_only,1
Q4405501,1,1,P17+P131,1
Q61367346,1,1,P17+P131,1
Q32177485,1,1,P17+P131,0
Q32178549,1,1,P17+P131,0
Q136090960,1,0,P17_only,0
Q16431660,1,0,P17_only,1
Q16431340,1,0,P17_only,1
Q30973974,1,1,P17+P131,1
Q27348102,1,0,P17_only,1
Q16695691,1,1,P17+P131,1
Q16699227,1,1,P17+P131,1
Q12550903,1,0,P17_only,1
Q13416199,0,1,P131_only,1
Q12543413,1,0,P17_only,1
Q20098255,1,1,P17+P131,1
Q27430661,1,1,P17+P131,1
Q30972214,1,1,P17+P131,1
Q139942216,1,1,P17+P131,0
Q111862453,1,0,P17_only,0
Q13653393,1,1,P17+P131,1
Q27430713,1,0,P17_only,0
Q27351568,1,1,P17+P131,0
Q12559642,1,1,P17+P131,1
Q20744900,1,0,P17_only,0
Q55659052,1,0,P17_only,1
Q16431125,1,1,P17+P131,1
Q32183416,1,0,P17_only,0
Q13646491,1,1,P17+P131,1
Q1769149,1,0,P17_only,1
Q12526208,1,1,P17+P131,1
Q4000371,1,0,P17_only,1
Q4085501,1,1,P17+P131,0
Q4480195,1,0,P17_only,0
Q111279364,1,1,P17+P131,1
Q16431746,1,1,P17+P131,1
Q12555930,1,1,P17+P131,1
Q136090727,1,0,P17_only,0
Q131463877,1,1,P17+P131,1
Q20446889,1,0,P17_only,0
Q32210193,0,1,P131_only,1
Q13648767,1,1,P17+P131,1
Q135829107,1,0,P17_only,0
Q137874551,1,0,P17_only,0
Q12537447,1,1,P17+P131,1
Q16661560,1,1,P17+P131,1
Q108533835,1,0,P17_only,0
Q13647389,1,1,P17+P131,1
Q20098546,1,1,P17+P131,1
Q18399694,1,1,P17+P131,0
Q138654928,1,0,P17_only,0
Q13648920,1,1,P17+P131,1
Q12528834,1,1,P17+P131,1
Q134342437,1,0,P17_only,0
Q4479953,1,0,P17_only,0
Q27358093,1,0,P17_only,0
Q61367987,1,1,P17+P131,1
Q15729821,1,1,P17+P131,1
Q27358224,1,0,P17_only,0
Q16274264,1,1,P17+P131,1
Q61368931,1,1,P17+P131,1
Q27348211,1,0,P17_only,0
Q135828846,1,0,P17_only,0
Q75811097,1,0,P17_only,0
Q12552557,1,1,P17+P131,1
Q2115182,1,1,P17+P131,1
Q12536186,1,0,P17_only,1
Q27357481,1,0,P17_only,0
Q13416813,0,1,P131_only,1
Q16431426,1,1,P17+P131,1
Q12537426,1,0,P17_only,1
Q61368749,1,1,P17+P131,1
Q16433317,1,0,P17_only,1
Q12542555,1,0,P17_only,1
Q16682965,1,1,P17+P131,1
Q16432011,1,0,P17_only,1
Q4427602,1,1,P17+P131,1
Q1557559,1,1,P17+P131,1
Q12563109,1,0,P17_only,1
Q32191220,1,0,P17_only,0
Q16722693,1,1,P17+P131,1
Q12579045,1,0,P17_only,1
Q4362537,1,1,P17+P131,0
Q32206990,1,0,P17_only,0
Q135829068,1,0,P17_only,0
Q13641856,1,1,P17+P131,1
Q27357316,1,0,P17_only,0
Q4192660,1,0,P17_only,1
Q13648693,1,1,P17+P131,1
Q20098627,1,1,P17+P131,1
Q135829084,1,0,P17_only,0
Q32202472,1,0,P17_only,0
Q18408693,1,1,P17+P131,1
Q12555724,1,0,P17_only,1
Q16663125,1,1,P17+P131,1
Q28482127,1,0,P17_only,1
Q32172509,1,1,P17+P131,0
Q16686183,1,0,P17_only,0
Q45728574,1,0,P17_only,0
Q12576485,1,0,P17_only,1
Q13416756,0,1,P131_only,1
Q27357956,1,0,P17_only,0
Q12561560,1,1,P17+P131,1
Q60651191,1,0,P17_only,0
Q125869087,1,1,P17+P131,0
Q483047,1,0,P17_only,1
Q21663443,1,0,P17_only,0
Q123363486,1,0,P17_only,0
Q16691540,1,1,P17+P131,1
Q16431406,1,1,P17+P131,1
Q13661818,1,1,P17+P131,1
Q12543311,1,1,P17+P131,1
Q4212822,1,1,P17+P131,1
Q56368940,1,1,P17+P131,1
Q304839,1,1,P17+P131,1
Q16274502,1,1,P17+P131,1
Q12549462,1,1,P17+P131,1
Q20098217,1,1,P17+P131,1
Q12531322,1,0,P17_only,1
Q16273354,1,1,P17+P131,1
Q25504560,1,0,P17_only,1
Q13645978,1,1,P17+P131,1
Q12526545,1,1,P17+P131,1
Q13640811,1,1,P17+P131,1
Q30638021,1,1,P17+P131,0
Q13648209,1,1,P17+P131,1
Q12545327,1,0,P17_only,1
Q12572611,1,0,P17_only,1
Q20485847,1,1,P17+P131,1
Q32216462,1,1,P17+P131,0
Q135830041,1,0,P17_only,0
Q7635379,1,0,P17_only,1
Q27357278,1,0,P17_only,0
Q12537911,1,0,P17_only,1
Q18434116,1,0,P17_only,0
Q65608302,1,0,P17_only,0
Q68036956,1,0,P17_only,0
Q12550347,1,0,P17_only,1
Q12576571,1,0,P17_only,1
Q135830051,1,0,P17_only,0
Q18408723,1,1,P17+P131,1
Q133719569,1,1,P17+P131,1
Q135829491,1,0,P17_only,0
Q16685415,1,0,P17_only,1
Q18589314,1,0,P17_only,0
Q2550413,1,1,P17+P131,1
Q123363478,1,0,P17_only,0
Q13663352,1,1,P17+P131,1
Q13642279,1,1,P17+P131,1
Q20485850,1,0,P17_only,1
Q22204506,1,1,P17+P131,1
Q740568,1,0,P17_only,1
Q27355029,1,0,P17_only,0
Q20097536,1,1,P17+P131,1
Q27352814,1,1,P17+P131,0
Q27354729,1,0,P17_only,0
Q106437540,1,1,P17+P131,0
Q13662879,1,1,P17+P131,1
Q27430984,1,0,P17_only,0
Q86666214,1,0,P17_only,0
Q32206137,1,0,P17_only,0
Q118236482,1,1,P17+P131,0
Q16433796,1,0,P17_only,1
Q16705341,1,1,P17+P131,1
Q17057133,1,1,P17+P131,1
Q16432259,1,0,P17_only,1
Q122681121,1,1,P17+P131,1
Q56367301,1,1,P17+P131,1
Q16702083,1,1,P17+P131,1
Q27348403,1,1,P17+P131,0
Q12560835,1,1,P17+P131,1
Q27430620,1,0,P17_only,0
Q123363740,1,0,P17_only,0
Q135829515,1,0,P17_only,0
Q12528600,1,0,P17_only,1
Q18407305,1,1,P17+P131,1
Q4178632,1,1,P17+P131,1
Q123363794,1,0,P17_only,0
Q111297045,1,0,P17_only,0
Q32198981,1,0,P17_only,0
Q61367480,1,1,P17+P131,1
Q67569588,1,1,P17+P131,0
Q97163750,1,1,P17+P131,0
Q32199166,1,0,P17_only,0
Q13643379,1,1,P17+P131,1
Q56367632,1,1,P17+P131,1
Q16273011,1,1,P17+P131,1
Q15280799,1,0,P17_only,0
Q16433069,1,0,P17_only,1
Q4219531,1,1,P17+P131,1
Q21044862,1,0,P17_only,0
Q12554243,1,0,P17_only,1
Q27357772,1,0,P17_only,0
Q97369516,1,0,P17_only,0
Q13643601,1,1,P17+P131,1
Q27430943,1,0,P17_only,0
Q2393071,1,1,P17+P131,1
Q32204211,1,1,P17+P131,0
Q16699300,1,1,P17+P131,1
Q12530084,1,0,P17_only,1
Q32194837,1,0,P17_only,0
Q20078445,1,1,P17+P131,1
Q12690397,1,0,P17_only,0
Q27351528,1,0,P17_only,0
Q12543140,1,1,P17+P131,1
Q12690325,1,0,P17_only,0
Q12532940,1,0,P17_only,1
Q13309166,0,1,P131_only,1
Q13646674,1,1,P17+P131,1
Q64195771,1,0,P17_only,0
Q12574391,1,0,P17_only,1
Q32218320,1,1,P17+P131,0
Q123363494,1,0,P17_only,0
Q13652413,0,1,P131_only,1
Q16694939,1,0,P17_only,1
Q68036928,1,0,P17_only,0
Q56367237,1,1,P17+P131,1
Q304827,1,1,P17+P131,1
Q97161782,1,0,P17_only,0
Q135828985,1,0,P17_only,0
Q32183761,1,0,P17_only,0
Q12528084,1,1,P17+P131,1
Q23958838,1,0,P17_only,1
Q12561124,1,1,P17+P131,1
Q123363669,1,0,P17_only,0
Q4300575,1,1,P17+P131,1
Q16431215,1,1,P17+P131,1
Q20485054,1,0,P17_only,1
Q12534455,1,0,P17_only,1
Q27357338,1,1,P17+P131,0
Q13641780,1,1,P17+P131,1
Q13640692,0,1,P131_only,1
Q32189655,1,0,P17_only,0
Q12553753,1,0,P17_only,1
Q18407502,1,1,P17+P131,1
Q56367379,1,1,P17+P131,1
Q13648160,1,1,P17+P131,1
Q32213440,1,0,P17_only,0
Q67893057,1,0,P17_only,0
Q12531725,1,0,P17_only,1
Q32189814,1,0,P17_only,0
Q16431984,1,1,P17+P131,1
Q4208076,1,1,P17+P131,1
Q20486104,1,0,P17_only,1
Q135829200,1,0,P17_only,0
Q13643555,1,1,P17+P131,1
Q16432004,1,0,P17_only,0
Q56368780,1,1,P17+P131,1
Q27430957,1,0,P17_only,0
Q114976711,1,0,P17_only,1
Q17517454,1,1,P17+P131,1
Q16646713,1,1,P17+P131,1
Q135828627,1,0,P17_only,0
Q27357944,1,0,P17_only,0
Q12579795,1,1,P17+P131,1
Q16720729,1,1,P17+P131,1
Q6380815,1,0,P17_only,0
Q13645814,1,1,P17+P131,1
Q21103583,1,1,P17+P131,1
Q56367104,1,1,P17+P131,1
Q55582640,1,0,P17_only,0
Q12134265,1,1,P17+P131,1
Q32175548,1,0,P17_only,0
Q12561186,1,1,P17+P131,1
Q12540903,0,1,P131_only,1
Q25503061,1,1,P17+P131,1
Q4080345,1,1,P17+P131,1
Q16273566,1,1,P17+P131,1
Q12536355,1,0,P17_only,1
Q135829756,1,0,P17_only,0
Q13640922,1,1,P17+P131,1
Q1186465,1,1,P17+P131,1
Q18407500,1,1,P17+P131,1
Q123363531,1,0,P17_only,0
Q348950,1,0,P17_only,1
Q16272646,1,1,P17+P131,1
Q55659098,1,0,P17_only,0
Q15617690,1,1,P17+P131,1
Q24901728,1,0,P17_only,0
Q13647297,1,1,P17+P131,1
Q13642219,1,1,P17+P131,1
Q61366342,1,1,P17+P131,1
Q27430841,1,0,P17_only,0
Q112004030,1,0,P17_only,0
Q23899558,1,0,P17_only,0
Q32197392,1,0,P17_only,0
Q21646466,1,0,P17_only,1
Q13662881,1,1,P17+P131,1
Q13641788,1,1,P17+P131,1
Q56367666,1,1,P17+P131,1
Q123363659,1,0,P17_only,0
Q30972139,1,1,P17+P131,0
Q4286176,1,1,P17+P131,0
Q12527397,1,0,P17_only,1
Q97212648,1,1,P17+P131,0
Q16434325,1,0,P17_only,1
Q16721571,1,1,P17+P131,1
Q32185886,1,0,P17_only,0
Q56367395,1,1,P17+P131,1
Q12573356,1,0,P17_only,1
Q28224825,1,0,P17_only,0
Q20098693,1,1,P17+P131,1
Q112004032,1,0,P17_only,0
Q18401691,1,1,P17+P131,1
Q13647844,1,1,P17+P131,1
Q97161539,1,0,P17_only,0
Q135829570,1,0,P17_only,0
Q2550757,1,1,P17+P131,1
Q13646080,1,1,P17+P131,1
Q27430997,1,0,P17_only,0
Q27357044,1,0,P17_only,0
Q4026599,1,0,P17_only,0
Q56367347,1,1,P17+P131,1
Q12546547,1,1,P17+P131,1
Q27348418,1,0,P17_only,1
Q4150261,1,1,P17+P131,1
Q12574451,1,0,P17_only,1
Q12558546,1,1,P17+P131,1
Q32212171,1,1,P17+P131,0
Q13642972,0,1,P131_only,1
Q16639802,0,1,P131_only,1
Q32218929,1,0,P17_only,0
Q32188302,1,0,P17_only,0
Q61366512,1,1,P17+P131,1
Q27356920,1,0,P17_only,0
Q1420565,1,0,P17_only,0
Q16679628,1,1,P17+P131,0
Q108852960,1,0,P17_only,0
Q32218104,1,0,P17_only,0
Q12544804,1,0,P17_only,1
Q12530072,1,0,P17_only,1
Q23958952,1,0,P17_only,1
Q12532506,1,0,P17_only,1
Q64148911,1,0,P17_only,1
Q27352865,1,0,P17_only,0
Q16709486,1,1,P17+P131,1
Q32214854,1,0,P17_only,0
Q3309948,1,0,P17_only,1
Q24264094,1,0,P17_only,0
Q16274400,1,1,P17+P131,1
Q60828703,1,0,P17_only,0
Q27430585,1,0,P17_only,0
Q27355012,1,0,P17_only,0
Q27430548,1,0,P17_only,0
Q16664586,1,1,P17+P131,1
Q16666206,1,1,P17+P131,1
Q18406859,1,1,P17+P131,1
Q15617554,1,1,P17+P131,1
Q27357901,1,0,P17_only,0
Q16709203,1,1,P17+P131,1
Q20098430,1,1,P17+P131,1
Q4509816,1,1,P17+P131,1
Q16433647,1,1,P17+P131,1
Q12546163,1,1,P17+P131,1
Q16661531,1,1,P17+P131,1
Q86517752,1,1,P17+P131,1
Q123363672,1,0,P17_only,0
Q12557075,1,1,P17+P131,1
Q27351648,1,0,P17_only,1
Q97678497,1,0,P17_only,0
Q32185700,1,1,P17+P131,0
Q12575556,1,0,P17_only,1
Q16434742,1,0,P17_only,1
Q6426875,1,0,P17_only,1
Q15918897,1,1,P17+P131,1
Q16433048,1,0,P17_only,1
Q16433086,1,1,P17+P131,1
Q20484775,1,0,P17_only,1
Q4280262,1,0,P17_only,1
Q12546420,1,0,P17_only,1
Q12531838,1,1,P17+P131,1
Q12556340,1,0,P17_only,1
Q31341163,1,0,P17_only,0
Q28028155,1,0,P17_only,0
Q128746171,1,1,P17+P131,0
Q2037107,1,1,P17+P131,1
Q12697833,1,0,P17_only,0
Q32215901,1,0,P17_only,0
Q12574630,1,0,P17_only,1
Q12683668,1,0,P17_only,0
Q27430735,1,0,P17_only,0
Q140278178,1,0,P17_only,0
Q12530127,1,0,P17_only,1
Q12546404,1,0,P17_only,1
Q27357068,1,0,P17_only,0
Q27357997,1,0,P17_only,0
Q16432135,1,0,P17_only,1
Q3224544,1,0,P17_only,0
Q131702317,1,1,P17+P131,0
Q20485769,1,0,P17_only,1
Q27357063,1,0,P17_only,0
Q13640858,1,1,P17+P131,0
Q16720350,1,1,P17+P131,0
Q32202000,1,0,P17_only,0
Q63992975,1,0,P17_only,1
Q105084502,1,1,P17+P131,0
Q20098575,1,1,P17+P131,1
Q32219562,1,0,P17_only,0
Q858844,1,1,P17+P131,1
Q15617568,1,1,P17+P131,1
Q16719182,1,1,P17+P131,1
Q1269063,1,0,P17_only,0
Q56367360,1,1,P17+P131,1
Q135829186,1,0,P17_only,0
Q16673708,1,1,P17+P131,1
Q135828541,1,0,P17_only,0
Q12572317,1,1,P17+P131,1
Q27353821,1,0,P17_only,1
Q16701702,1,1,P17+P131,1
Q4094451,1,0,P17_only,0
Q20093962,1,1,P17+P131,1
Q129880780,1,1,P17+P131,1
Q27431000,1,1,P17+P131,0
Q27351653,1,0,P17_only,0
Q32182277,1,0,P17_only,0
Q13642144,1,1,P17+P131,1
Q18409008,1,1,P17+P131,1
Q56367251,1,1,P17+P131,1
Q16652336,1,1,P17+P131,1
Q123363508,1,0,P17_only,0
Q16646095,0,1,P131_only,1
Q25058459,1,0,P17_only,1
Q4733722,1,1,P17+P131,0
Q16431838,1,0,P17_only,1
Q27430646,1,0,P17_only,0
Q16273246,1,1,P17+P131,0
Q32171608,1,1,P17+P131,0
Q56367153,1,1,P17+P131,1
Q27357999,1,0,P17_only,0
Q12574811,1,1,P17+P131,1
Q12555863,1,0,P17_only,1
Q20486081,1,0,P17_only,1
Q16709896,1,1,P17+P131,1
Q32191371,1,0,P17_only,0
Q32198341,1,0,P17_only,0
Q12688829,1,0,P17_only,0
Q12560159,1,0,P17_only,1
Q97199861,1,0,P17_only,0
Q135828576,1,0,P17_only,0
Q16433788,1,0,P17_only,1
Q12569707,1,0,P17_only,1
Q12577011,1,1,P17+P131,1
Q27357836,1,0,P17_only,0
Q32177301,1,0,P17_only,0
Q12526327,1,1,P17+P131,1
Q7683139,1,1,P17+P131,1
Q16272077,0,1,P131_only,1
Q67893069,1,0,P17_only,0
Q104551232,1,0,P17_only,0
Q123363465,1,0,P17_only,0
Q135829995,1,0,P17_only,0
Q12554774,1,0,P17_only,1
Q32201790,1,0,P17_only,0
Q16689515,1,1,P17+P131,1
Q13642220,1,1,P17+P131,1
Q4122996,1,1,P17+P131,1
Q13650511,1,1,P17+P131,1
Q16432222,1,1,P17+P131,1
Q21104040,1,1,P17+P131,0
Q123671041,1,1,P17+P131,0
Q118352565,1,0,P17_only,0
Q12569885,1,0,P17_only,1
Q12570050,1,1,P17+P131,1
Q55656394,1,0,P17_only,1
Q27430907,1,0,P17_only,0
Q31193878,1,1,P17+P131,1
Q65251182,1,0,P17_only,1
Q18400343,1,1,P17+P131,1
Q16656352,1,0,P17_only,0
Q16432886,1,1,P17+P131,1
Q13651859,1,1,P17+P131,1
Q32217248,1,0,P17_only,0
Q27431004,1,0,P17_only,0
Q31444411,0,1,P131_only,0
Q55659688,1,0,P17_only,0
Q16644443,0,1,P131_only,1
Q12579280,1,0,P17_only,1
Q135829628,1,0,P17_only,0
Q16664542,1,1,P17+P131,1
Q97673781,1,1,P17+P131,0
Q24908649,1,0,P17_only,0
Q16701021,1,1,P17+P131,1
Q16666450,1,1,P17+P131,1
Q13655915,1,1,P17+P131,1
Q32190937,1,0,P17_only,1
Q16431302,1,1,P17+P131,1
Q16706363,1,1,P17+P131,0
Q32178681,1,0,P17_only,0
Q126992093,1,0,P17_only,1
Q17049145,1,0,P17_only,0
Q27352876,1,0,P17_only,0
Q17749582,1,1,P17+P131,1
Q27354767,1,0,P17_only,0
Q16678727,1,1,P17+P131,1
Q65270663,1,0,P17_only,0
Q135829770,1,0,P17_only,0
Q12570995,1,1,P17+P131,1
Q796152,1,0,P17_only,1
Q13646200,1,1,P17+P131,1
Q12550962,1,0,P17_only,1
Q16682799,1,1,P17+P131,1
Q17562714,1,1,P17+P131,1
Q65007524,1,1,P17+P131,0
Q42422896,1,1,P17+P131,1
Q62519379,1,0,P17_only,0
Q106695978,1,0,P17_only,0
Q12690486,1,0,P17_only,0
Q12574607,1,0,P17_only,1
Q16273369,1,1,P17+P131,1
Q116505969,1,0,P17_only,1
Q12545181,1,1,P17+P131,1
Q65124384,1,0,P17_only,0
Q20098503,1,1,P17+P131,1
Q19916888,0,1,P131_only,1
Q12564090,1,0,P17_only,1
Q27355136,1,0,P17_only,0
Q12565924,1,0,P17_only,1
Q16704013,1,1,P17+P131,1
Q16648416,1,1,P17+P131,1
Q18408691,1,1,P17+P131,1
Q30897504,1,1,P17+P131,0
Q115616515,1,0,P17_only,0
Q12546756,1,0,P17_only,1
Q136090754,1,0,P17_only,0
Q2466344,1,1,P17+P131,1
Q12574882,1,1,P17+P131,1
Q87405176,1,0,P17_only,0
Q13649159,1,1,P17+P131,1
Q25504736,1,1,P17+P131,1
Q61985269,1,1,P17+P131,0
Q12558653,1,1,P17+P131,1
Q27352489,0,1,P131_only,0
Q135828710,1,0,P17_only,0
Q13648479,1,1,P17+P131,1
Q12561169,1,1,P17+P131,1
Q12573940,1,1,P17+P131,1
Q106450841,1,1,P17+P131,0
Q27351889,1,0,P17_only,0
Q12555801,1,1,P17+P131,1
Q135829192,1,0,P17_only,0
Q12564415,1,0,P17_only,1
Q27357331,1,1,P17+P131,0
Q32202399,1,0,P17_only,0
Q16661821,1,1,P17+P131,1
Q4286886,1,0,P17_only,1
Q12554628,1,1,P17+P131,1
Q18409198,1,1,P17+P131,1
Q4341880,1,1,P17+P131,0
Q12542642,1,0,P17_only,1
Q20486015,1,0,P17_only,1
Q16710914,1,1,P17+P131,1
Q32215616,1,0,P17_only,1
Q2250553,1,0,P17_only,1
Q55833151,1,0,P17_only,0
Q30975231,1,1,P17+P131,1
Q32202729,1,0,P17_only,0
Q12528522,1,1,P17+P131,1
Q27357867,1,0,P17_only,0
Q4258638,1,0,P17_only,1
Q32199036,1,0,P17_only,0
Q13662877,1,1,P17+P131,1
Q12701541,1,0,P17_only,0
Q12712750,1,0,P17_only,0
Q4099294,1,1,P17+P131,1
Q16717324,1,1,P17+P131,1
Q32213499,1,0,P17_only,0
Q108403153,1,0,P17_only,0
Q111297001,1,0,P17_only,0
Q16666189,1,1,P17+P131,1
Q12544186,0,1,P131_only,1
Q108533832,1,0,P17_only,0
Q109452592,1,0,P17_only,0
Q27430839,1,0,P17_only,0
Q24913203,1,0,P17_only,0
Q32219432,1,0,P17_only,1
Q13646472,1,1,P17+P131,1
Q16680535,1,1,P17+P131,1
Q16433838,1,0,P17_only,1
Q141130866,1,1,P17+P131,0
Q13648562,1,1,P17+P131,1
Q13647847,1,1,P17+P131,1
Q32194852,1,0,P17_only,0
Q16431526,1,0,P17_only,1
Q13650435,1,1,P17+P131,1
Q13664404,1,1,P17+P131,1
Q16721535,1,1,P17+P131,1
Q27357306,1,0,P17_only,0
Q7498137,0,1,P131_only,1
Q10862289,1,1,P17+P131,1
Q27355022,1,0,P17_only,0
Q13651745,1,1,P17+P131,0
Q16714900,1,1,P17+P131,1
Q65926221,1,1,P17+P131,1
Q9260,1,0,P17_only,1
Q123363593,1,0,P17_only,0
Q17494823,1,1,P17+P131,1
Q16433703,1,1,P17+P131,1
Q16708932,1,1,P17+P131,1
Q16669406,1,1,P17+P131,1
Q116245718,1,1,P17+P131,0
Q955521,1,1,P17+P131,1
Q16683467,1,1,P17+P131,1
Q137551671,1,1,P17+P131,0
Q13651986,1,1,P17+P131,1
Q7498607,0,1,P131_only,1
Q12545821,1,1,P17+P131,1
Q12575877,1,0,P17_only,1
Q135828561,1,0,P17_only,0
Q13646682,1,1,P17+P131,1
Q114976709,1,0,P17_only,1
Q12579726,1,0,P17_only,1
Q12698987,1,0,P17_only,0
Q20098179,1,1,P17+P131,1
Q104865218,1,0,P17_only,1
Q12544865,1,0,P17_only,1
Q42800905,1,0,P17_only,0
Q32178284,1,0,P17_only,0
Q12571231,1,0,P17_only,1
Q12564715,1,1,P17+P131,1
Q32205437,1,0,P17_only,0
Q16721230,1,1,P17+P131,1
Q32189250,1,0,P17_only,0
Q135829941,1,0,P17_only,0
Q18399480,1,1,P17+P131,1
Q117244714,1,0,P17_only,1
Q7498567,0,1,P131_only,1
Q16273254,1,1,P17+P131,1
Q135829134,1,0,P17_only,0
Q16272411,0,1,P131_only,1
Q61369292,1,1,P17+P131,1
Q119909020,1,0,P17_only,0
Q12550959,1,0,P17_only,1
Q12532272,1,0,P17_only,1
Q2726381,1,1,P17+P131,1
Q4237185,1,1,P17+P131,1
Q23958915,1,0,P17_only,1
Q12532445,1,1,P17+P131,0
Q12546449,1,1,P17+P131,1
Q20486180,1,0,P17_only,1
Q4071064,1,1,P17+P131,0
Q12534115,1,0,P17_only,1
Q32173002,1,0,P17_only,1
Q12566986,1,1,P17+P131,0
Q12549045,1,0,P17_only,1
Q4206062,1,0,P17_only,0
Q32186460,1,0,P17_only,0
Q16433522,1,0,P17_only,1
Q32181805,1,0,P17_only,0
Q135829054,1,0,P17_only,0
Q12553768,1,0,P17_only,1
Q13476153,0,1,P131_only,1
Q16663616,1,1,P17+P131,1
Q12545994,1,0,P17_only,1
Q12528534,0,1,P131_only,1
Q16635610,0,1,P131_only,1
Q13652454,0,1,P131_only,1
Q58179,1,1,P17+P131,1
Q12553692,1,1,P17+P131,1
Q18398750,1,1,P17+P131,1
Q27351292,1,0,P17_only,0
Q20484948,1,0,P17_only,1
Q12545329,1,0,P17_only,1
Q56366901,1,1,P17+P131,1
Q23958856,1,0,P17_only,1
Q109385916,1,0,P17_only,0
Q32216182,1,0,P17_only,0
Q64198264,1,0,P17_only,1
Q12564746,1,0,P17_only,1
Q12543606,1,0,P17_only,1
Q32206800,1,1,P17+P131,0
Q27357407,1,0,P17_only,0
Q41229,1,1,P17+P131,1
Q27351905,1,0,P17_only,0
Q13652598,0,1,P131_only,1
Q32182255,1,0,P17_only,0
Q140278775,1,0,P17_only,0
Q16684282,1,1,P17+P131,1
Q1435685,1,0,P17_only,0
Q13663970,1,1,P17+P131,1
Q18398665,1,1,P17+P131,1
Q32199270,1,0,P17_only,0
Q64198596,1,0,P17_only,1
Q27430603,1,0,P17_only,0
Q32197475,1,0,P17_only,0
Q12560959,1,0,P17_only,1
Q56367286,1,1,P17+P131,1
Q111862466,1,1,P17+P131,0
Q12550125,1,1,P17+P131,1
Q16665586,1,1,P17+P131,1
Q140472253,1,0,P17_only,0
Q2631992,1,0,P17_only,0
Q32199598,1,0,P17_only,0
Q4155890,1,1,P17+P131,1
Q2518594,1,0,P17_only,1
Q125886008,1,1,P17+P131,1
Q135830076,1,0,P17_only,0
Q12543150,1,0,P17_only,1
Q61367710,1,1,P17+P131,1
Q4200095,1,0,P17_only,0
Q3702000,0,1,P131_only,1
Q1734767,1,0,P17_only,0
Q16723698,1,1,P17+P131,1
Q125226204,1,1,P17+P131,0
Q13652342,0,1,P131_only,1
Q16705651,1,1,P17+P131,1
Q23958937,1,0,P17_only,1
Q16431918,1,1,P17+P131,1
Q55528449,1,0,P17_only,0
Q32183861,1,0,P17_only,0
Q135828791,1,0,P17_only,0
Q135828686,1,0,P17_only,0
Q13653536,1,1,P17+P131,1
Q16706858,1,1,P17+P131,1
Q32215112,1,1,P17+P131,0
Q1457605,1,1,P17+P131,0
Q20098340,1,1,P17+P131,1
Q61367090,1,1,P17+P131,1
Q32189590,1,0,P17_only,0
Q62620592,1,0,P17_only,0
Q30975022,1,1,P17+P131,1
Q12569253,1,1,P17+P131,1
Q13666982,1,1,P17+P131,1
Q4249057,1,0,P17_only,1
Q575257,1,0,P17_only,0
Q12532765,1,1,P17+P131,1
Q20486158,1,0,P17_only,1
Q114865349,1,1,P17+P131,0
Q13641880,1,1,P17+P131,1
Q27354952,1,0,P17_only,0
Q117835598,1,1,P17+P131,0
Q30974966,1,1,P17+P131,1
Q111297065,1,0,P17_only,0
Q13647346,1,1,P17+P131,1
Q4178703,1,1,P17+P131,0
Q13648538,1,1,P17+P131,1
Q4181398,1,0,P17_only,1
Q13664172,1,1,P17+P131,1
Q32188566,1,0,P17_only,1
Q65264103,1,0,P17_only,0
Q125345963,1,1,P17+P131,0
Q13645621,1,1,P17+P131,1
Q16681564,1,1,P17+P131,1
Q16431808,1,0,P17_only,1
Q12547834,1,1,P17+P131,1
Q16434282,1,0,P17_only,1
Q16648400,1,1,P17+P131,0
Q13359501,0,1,P131_only,1
Q97661005,1,0,P17_only,0
Q111862442,1,0,P17_only,0
Q32184714,1,1,P17+P131,0
Q16653846,1,1,P17+P131,1
Q27358023,1,0,P17_only,0
Q123363729,1,0,P17_only,0
Q21658446,1,0,P17_only,0
Q139849008,1,1,P17+P131,0
Q140669953,1,0,P17_only,0
Q13642346,0,1,P131_only,1
Q12829336,1,1,P17+P131,0
Q16272503,1,1,P17+P131,1
Q16668732,1,0,P17_only,1
Q108533876,1,0,P17_only,0
Q72915147,1,0,P17_only,0
Q4376319,1,0,P17_only,1
Q30969883,1,1,P17+P131,1
Q12570983,1,0,P17_only,1
Q16692255,1,1,P17+P131,1
Q1155555,1,0,P17_only,1
Q8070634,1,1,P17+P131,1
Q4054766,1,1,P17+P131,1
Q16631758,0,1,P131_only,1
Q9392328,1,0,P17_only,0
Q65174546,1,1,P17+P131,0
Q12530085,1,0,P17_only,1
Q20440033,1,0,P17_only,0
Q12550838,1,0,P17_only,1
Q127420499,1,0,P17_only,0
Q32217168,1,0,P17_only,0
Q13646277,1,1,P17+P131,1
Q32205257,1,1,P17+P131,0
Q32182192,1,0,P17_only,0
Q55670190,1,1,P17+P131,0
Q13649954,1,1,P17+P131,1
Q25492952,1,0,P17_only,1
Q12534292,1,0,P17_only,1
Q32205394,1,0,P17_only,0
Q12535219,1,1,P17+P131,1
Q32200489,1,0,P17_only,0
Q16434557,1,0,P17_only,1
Q919359,1,0,P17_only,1
Q20098495,1,1,P17+P131,1
Q12550994,1,0,P17_only,1
Q3087965,1,1,P17+P131,1
Q4506769,1,1,P17+P131,0
Q48951988,1,0,P17_only,0
Q12546596,1,0,P17_only,1
Q12537192,1,1,P17+P131,1
Q13665126,1,1,P17+P131,1
Q32183092,1,0,P17_only,0
Q16699194,1,1,P17+P131,1
Q4076381,1,0,P17_only,1
Q16434545,1,0,P17_only,1
Q90405685,1,1,P17+P131,0
Q12561327,1,1,P17+P131,1
Q16706465,1,1,P17+P131,1
Q32182974,1,1,P17+P131,0
Q43304701,1,0,P17_only,0
Q16691599,1,1,P17+P131,1
Q6635482,1,0,P17_only,1
Q13667370,1,1,P17+P131,1
Q16431732,1,0,P17_only,1
Q32203364,1,0,P17_only,0
Q12545012,1,1,P17+P131,1
Q4200133,1,1,P17+P131,1
Q12546468,1,1,P17+P131,1
Q12528048,1,0,P17_only,1
Q13642238,1,1,P17+P131,1
Q20486128,1,0,P17_only,1
Q16678539,1,1,P17+P131,0
Q612144,1,1,P17+P131,1
Q18693756,1,0,P17_only,0
Q17053025,1,0,P17_only,0
Q12556625,1,0,P17_only,1
Q15617692,1,1,P17+P131,1
Q114347110,1,0,P17_only,0
Q30972474,1,1,P17+P131,1
Q30972163,1,1,P17+P131,1
Q56367152,1,1,P17+P131,1
Q12565873,1,0,P17_only,1
Q13642206,1,1,P17+P131,1
Q27358193,1,1,P17+P131,0
Q13649052,1,1,P17+P131,1
Q27352807,1,0,P17_only,0
Q27357942,1,0,P17_only,0
Q13643505,1,1,P17+P131,0
Q27430993,1,0,P17_only,0
Q16705684,1,1,P17+P131,1
Q108533819,1,0,P17_only,0
Q13359418,0,1,P131_only,1
Q32173217,1,0,P17_only,0
Q13645839,1,1,P17+P131,1
Q27357363,1,0,P17_only,0
Q25563,1,1,P17+P131,1
Q31195790,1,1,P17+P131,1
Q140650922,1,0,P17_only,0
Q55239335,1,0,P17_only,0
Q16431736,1,0,P17_only,1
Q16433260,1,1,P17+P131,1
Q16694791,1,1,P17+P131,1
Q27430916,1,0,P17_only,0
Q16432834,1,1,P17+P131,1
Q32196189,1,0,P17_only,0
Q56459350,1,0,P17_only,1
Q16631534,0,1,P131_only,1
Q27355104,1,0,P17_only,1
Q12550306,1,0,P17_only,1
Q13646512,0,1,P131_only,1
Q135829764,1,0,P17_only,0
Q12544936,1,1,P17+P131,1
Q15714541,1,1,P17+P131,1
Q16431365,1,0,P17_only,1
Q32199657,1,0,P17_only,0
Q20484346,1,0,P17_only,1
Q13640744,1,1,P17+P131,1
Q65421949,1,0,P17_only,0
Q135829321,1,0,P17_only,0
Q16431300,1,1,P17+P131,1
Q110259530,1,0,P17_only,0
Q2554520,1,1,P17+P131,1
Q12569705,1,1,P17+P131,1
Q4429549,1,1,P17+P131,1
Q12565325,1,0,P17_only,1
Q118700149,1,0,P17_only,0
Q4452304,1,1,P17+P131,1
Q30972327,1,1,P17+P131,1
Q135829826,1,0,P17_only,0
Q20098361,1,1,P17+P131,1
Q4076411,1,0,P17_only,1
Q12552670,1,1,P17+P131,1
Q12252372,1,1,P17+P131,1
Q32212233,1,0,P17_only,0
Q12648129,1,0,P17_only,0
Q12573359,1,0,P17_only,1
Q16664895,1,1,P17+P131,1
Q63092316,1,1,P17+P131,0
Q16432935,1,0,P17_only,1
Q3723554,1,0,P17_only,1
Q16432315,1,0,P17_only,1
Q12534988,1,0,P17_only,1
Q60518347,1,0,P17_only,0
Q61368932,1,1,P17+P131,1
Q27354586,1,0,P17_only,1
Q16431929,1,1,P17+P131,1
Q16431072,1,0,P17_only,1
Q16703901,1,1,P17+P131,1
Q32177957,1,0,P17_only,0
Q111297034,1,0,P17_only,0
Q12568338,1,0,P17_only,1
Q13642139,1,1,P17+P131,1
Q4214313,1,0,P17_only,1
Q135829045,1,0,P17_only,0
Q12575367,1,0,P17_only,1
Q13646245,1,1,P17+P131,1
Q25504729,1,0,P17_only,1
Q32198816,1,0,P17_only,0
Q135828647,1,0,P17_only,0
Q16431888,1,0,P17_only,1
Q32215671,1,0,P17_only,0
Q12574835,1,0,P17_only,1
Q12574879,1,1,P17+P131,1
Q32177638,1,1,P17+P131,1
Q138341709,1,0,P17_only,0
Q20098391,1,1,P17+P131,1
Q27357245,1,0,P17_only,0
Q16432278,1,0,P17_only,1
Q12539463,1,0,P17_only,1
Q12536967,1,0,P17_only,1
Q7504649,1,1,P17+P131,1
Q16655838,1,1,P17+P131,1
Q16720230,1,1,P17+P131,1
Q12543452,1,0,P17_only,1
Q10858478,1,1,P17+P131,1
Q135829692,1,0,P17_only,0
Q16653688,1,1,P17+P131,1
Q27431008,1,0,P17_only,0
Q18399269,1,1,P17+P131,1
Q115906679,1,0,P17_only,0
Q4059051,1,0,P17_only,0
Q32212002,1,1,P17+P131,0
Q4509442,1,1,P17+P131,1
Q16695897,1,1,P17+P131,1
Q15617712,1,1,P17+P131,1
Q130131898,1,1,P17+P131,1
Q12550984,1,0,P17_only,1
Q12557384,1,0,P17_only,1
Q135829634,1,0,P17_only,0
Q12557496,1,0,P17_only,1
Q6391784,1,0,P17_only,0
Q27354987,1,0,P17_only,0
Q661750,1,0,P17_only,1
Q56367299,1,1,P17+P131,1
Q12548802,1,1,P17+P131,1
Q32200307,1,0,P17_only,0
Q4341882,1,1,P17+P131,1
Q16723999,1,1,P17+P131,1
Q61368265,1,1,P17+P131,1
Q13667304,1,1,P17+P131,1
Q135828752,1,0,P17_only,0
Q16702545,1,1,P17+P131,1
Q15918885,1,1,P17+P131,1
Q12557492,1,1,P17+P131,1
Q135395641,1,0,P17_only,0
Q4213782,1,1,P17+P131,1
Q64200128,1,0,P17_only,1
Q16657163,1,1,P17+P131,1
Q12562127,1,0,P17_only,1
Q27430631,1,0,P17_only,0
Q28671333,0,1,P131_only,0
Q56367451,1,1,P17+P131,1
Q32216603,1,0,P17_only,0
Q13653188,0,1,P131_only,1
Q9353016,1,1,P17+P131,1
Q61367830,1,1,P17+P131,1
Q135828837,1,0,P17_only,0
Q22204787,1,1,P17+P131,1
Q12543378,1,1,P17+P131,1
Q13652822,0,1,P131_only,1
Q61369265,1,1,P17+P131,1
Q27357588,1,0,P17_only,0
Q20097343,1,1,P17+P131,1
Q16432588,1,1,P17+P131,1
Q12561269,1,1,P17+P131,1
Q4071049,1,1,P17+P131,1
Q123363510,1,0,P17_only,0
Q111297003,1,0,P17_only,0
Q12526202,1,1,P17+P131,1
Q4425981,1,1,P17+P131,0
Q2946879,1,1,P17+P131,1
Q16431959,1,0,P17_only,1
Q20484514,1,0,P17_only,1
Q13643404,1,1,P17+P131,1
Q111862464,1,0,P17_only,0
Q16710855,1,1,P17+P131,1
Q13641844,1,1,P17+P131,1
Q12534998,1,0,P17_only,1
Q32219213,1,0,P17_only,1
Q16677373,1,1,P17+P131,1
Q16705187,1,1,P17+P131,1
Q32186050,1,0,P17_only,0
Q16672644,1,1,P17+P131,1
Q16533198,0,1,P131_only,1
Q13643409,1,1,P17+P131,1
Q16690853,1,1,P17+P131,1
Q17494757,1,1,P17+P131,1
Q12562278,1,0,P17_only,1
Q15617655,1,1,P17+P131,1
Q16692705,1,1,P17+P131,1
Q12573073,1,0,P17_only,0
Q25503054,1,1,P17+P131,1
Q798494,1,1,P17+P131,1
Q111296990,1,0,P17_only,0
Q86664453,1,1,P17+P131,0
Q7574720,1,1,P17+P131,1
Q16651345,1,1,P17+P131,1
Q114289314,1,0,P17_only,1
Q16699224,1,1,P17+P131,1
Q133446743,1,0,P17_only,0
Q12536984,1,0,P17_only,1
Q27351880,1,0,P17_only,0
Q27348248,1,1,P17+P131,0
Q4213724,1,1,P17+P131,1
Q16685411,1,0,P17_only,1
Q28668900,1,0,P17_only,0
Q30972138,1,1,P17+P131,1
Q12550679,1,0,P17_only,1
Q20098328,1,1,P17+P131,1
Q4109062,1,0,P17_only,1
Q9110923,1,1,P17+P131,1
Q27348267,1,0,P17_only,0
Q13653406,1,1,P17+P131,1
Q12531890,1,1,P17+P131,1
Q12555886,1,0,P17_only,1
Q13641723,1,1,P17+P131,1
Q139603509,1,0,P17_only,0
Q136592291,1,1,P17+P131,0
Q16274663,1,1,P17+P131,1
Q135829928,1,0,P17_only,0
Q6380810,1,0,P17_only,0
Q20486228,1,0,P17_only,1
Q27354845,1,0,P17_only,0
Q488990,1,1,P17+P131,1
Q65377193,1,0,P17_only,0
Q12577568,1,1,P17+P131,1
Q16671311,1,1,P17+P131,0
Q16433955,1,1,P17+P131,1
Q4292345,1,1,P17+P131,1
Q104664689,1,1,P17+P131,0
Q13652831,0,1,P131_only,1
Q25529661,1,0,P17_only,1
Q27357118,1,0,P17_only,0
Q112634318,0,1,P131_only,0
Q12531271,1,0,P17_only,1
Q123363807,1,0,P17_only,0
Q13649442,1,1,P17+P131,1
Q13663182,1,1,P17+P131,1
Q20486190,1,0,P17_only,1
Q114939802,1,1,P17+P131,0
Q137527274,1,0,P17_only,0
Q16274596,1,1,P17+P131,0
Q12535780,1,1,P17+P131,1
Q56368747,1,1,P17+P131,1
Q27348230,1,0,P17_only,1
Q16661783,1,1,P17+P131,1
Q4062693,1,0,P17_only,1
Q16683852,1,1,P17+P131,1
Q20484501,1,0,P17_only,1
Q27430750,1,0,P17_only,0
Q4214360,1,1,P17+P131,1
Q20098559,1,1,P17+P131,1
Q18404633,1,1,P17+P131,1
Q947716,0,1,P131_only,1
Q12560294,1,1,P17+P131,1
Q114976718,1,0,P17_only,1
Q28667097,1,0,P17_only,0
Q21663237,1,1,P17+P131,1
Q115058474,1,0,P17_only,1
Q27355120,1,0,P17_only,0
Q20485872,1,0,P17_only,1
Q13640810,1,1,P17+P131,1
Q12578137,1,0,P17_only,1
Q12573559,1,0,P17_only,1
Q18409011,1,1,P17+P131,1
Q56367647,1,1,P17+P131,1
Q32214886,1,1,P17+P131,0
Q25387193,0,1,P131_only,1
Q16666009,1,1,P17+P131,1
Q123702462,1,0,P17_only,0
Q1919649,1,0,P17_only,1
Q12553003,1,1,P17+P131,1
Q15617689,1,1,P17+P131,1
Q16432779,1,0,P17_only,1
Q16655835,1,1,P17+P131,1
Q13646046,1,1,P17+P131,1
Q12543121,1,0,P17_only,1
Q16657039,1,1,P17+P131,1
Q27352343,1,0,P17_only,0
Q25500708,1,1,P17+P131,1
Q27352835,1,1,P17+P131,0
Q16272706,1,1,P17+P131,1
Q12579541,1,0,P17_only,1
Q25505448,1,1,P17+P131,1
Q120913112,1,0,P17_only,0
Q129880674,1,1,P17+P131,1
Q16431210,1,0,P17_only,1
Q27350713,1,0,P17_only,0
Q111862462,1,0,P17_only,0
Q2556162,1,1,P17+P131,1
Q12579594,1,1,P17+P131,1
Q32203196,1,0,P17_only,1
Q19908067,0,1,P131_only,0
Q12564699,1,0,P17_only,1
Q13641768,1,1,P17+P131,1
Q13642204,1,1,P17+P131,1
Q13649948,1,1,P17+P131,1
Q1393670,1,0,P17_only,1
Q16670529,1,1,P17+P131,1
Q12564268,1,0,P17_only,1
Q12536187,1,0,P17_only,1
Q12574895,1,1,P17+P131,1
Q27355150,1,1,P17+P131,0
Q9361790,1,1,P17+P131,0
Q12544199,0,1,P131_only,1
Q65403383,1,0,P17_only,0
Q27357048,1,0,P17_only,0
Q15918860,1,1,P17+P131,1
Q12535825,1,1,P17+P131,1
Q12530383,1,0,P17_only,1
Q12684220,1,1,P17+P131,0
Q97344170,1,0,P17_only,1
Q13646384,1,1,P17+P131,1
Q63978822,1,0,P17_only,1
Q12531888,1,0,P17_only,1
Q32213845,1,0,P17_only,0
Q27348206,1,0,P17_only,0
Q16434522,1,1,P17+P131,1
Q62247578,1,0,P17_only,1
Q20485953,1,0,P17_only,1
Q27357581,1,0,P17_only,0
Q27430799,1,0,P17_only,0
Q4614889,1,0,P17_only,0
Q20098497,1,1,P17+P131,1
Q140438357,1,0,P17_only,0
Q13365409,0,1,P131_only,1
Q13662933,1,1,P17+P131,1
Q18404758,1,1,P17+P131,1
Q27348234,1,0,P17_only,0
Q12548934,1,0,P17_only,1
Q12559121,1,0,P17_only,1
Q136268961,1,0,P17_only,0
Q13649444,1,1,P17+P131,1
Q4299931,1,1,P17+P131,1
Q12578309,1,1,P17+P131,1
Q135829655,1,0,P17_only,0
Q12573526,1,0,P17_only,1
Q135829488,1,0,P17_only,0
Q1655186,1,0,P17_only,0
Q65250653,1,0,P17_only,1
Q20098370,1,1,P17+P131,1
Q16433344,1,0,P17_only,1
Q25501946,1,0,P17_only,1
Q58325786,1,0,P17_only,0
Q65251295,1,0,P17_only,0
Q21658376,1,0,P17_only,0
Q32217177,1,0,P17_only,0
Q111402850,1,0,P17_only,0
Q27356854,1,0,P17_only,0
Q66768718,1,1,P17+P131,0
Q16533431,0,1,P131_only,1
Q16699064,1,1,P17+P131,1
Q13656040,1,1,P17+P131,1
Q32199051,1,0,P17_only,0
Q16723812,1,1,P17+P131,1
Q13645613,1,1,P17+P131,1
Q32215964,1,1,P17+P131,0
Q140309102,1,0,P17_only,0
Q114976770,1,0,P17_only,1
Q746617,1,0,P17_only,0
Q32216983,1,0,P17_only,0
Q16431896,1,0,P17_only,1
Q32214101,1,0,P17_only,0
Q12531266,1,0,P17_only,1
Q18399858,1,1,P17+P131,0
Q15918852,1,1,P17+P131,1
Q27357261,1,0,P17_only,0
Q16629173,0,1,P131_only,1
Q16650987,1,1,P17+P131,1
Q123363734,1,0,P17_only,0
Q16709475,1,1,P17+P131,1
Q123363859,1,0,P17_only,0
Q129632037,1,0,P17_only,0
Q12570850,1,1,P17+P131,1
Q12556493,1,1,P17+P131,1
Q16719368,1,1,P17+P131,1
Q12536421,1,1,P17+P131,1
Q15918877,1,1,P17+P131,1
Q5584346,1,1,P17+P131,1
Q12558872,1,1,P17+P131,1
Q16720151,1,1,P17+P131,1
Q27430780,1,0,P17_only,0
Q12535218,1,0,P17_only,1
Q25387296,1,0,P17_only,1
Q1665441,1,1,P17+P131,1
Q20484593,1,0,P17_only,1
Q16274150,1,1,P17+P131,1
Q65256510,1,0,P17_only,0
Q14554869,1,0,P17_only,1
Q16700151,1,1,P17+P131,1
Q16434445,1,0,P17_only,1
Q32217676,1,1,P17+P131,0
Q18400178,1,1,P17+P131,1
Q48844980,1,0,P17_only,0
Q12532356,1,0,P17_only,1
Q1333219,1,0,P17_only,0
Q32183475,1,1,P17+P131,0
Q27430869,1,0,P17_only,0
Q16431905,1,1,P17+P131,1
Q13642194,1,1,P17+P131,1
Q27351910,1,1,P17+P131,0
Q18409004,1,1,P17+P131,1
Q27430982,1,0,P17_only,0
Q135828718,1,0,P17_only,0
Q32218162,1,0,P17_only,0
Q16692455,1,1,P17+P131,1
Q18409142,1,1,P17+P131,1
Q20098409,1,1,P17+P131,1
Q138746143,1,1,P17+P131,0
Q32196018,1,0,P17_only,0
Q12530170,1,1,P17+P131,1
Q27357310,1,0,P17_only,0
Q4114116,1,0,P17_only,1
Q48807747,1,0,P17_only,0
Q13641589,1,1,P17+P131,1
Q27430961,1,0,P17_only,0
Q12564787,1,1,P17+P131,1
Q32204599,1,1,P17+P131,0
Q12532490,1,0,P17_only,1
Q16696075,1,1,P17+P131,1
Q105334183,1,0,P17_only,0
Q13665157,1,1,P17+P131,1
Q16648413,1,1,P17+P131,0
Q16432955,1,1,P17+P131,1
Q114976716,1,0,P17_only,1
Q111166640,1,1,P17+P131,0
Q111987797,1,0,P17_only,1
Q27353889,1,0,P17_only,0
Q4181135,1,0,P17_only,0
Q12568394,1,1,P17+P131,1
Q65175826,1,0,P17_only,0
Q61931603,1,0,P17_only,0
Q27354828,1,0,P17_only,0
Q4177097,1,1,P17+P131,1
Q135647358,1,1,P17+P131,1
Q4523233,1,0,P17_only,1
Q4221738,1,1,P17+P131,1
Q12533603,1,0,P17_only,1
Q27352432,1,1,P17+P131,0
Q16708670,1,1,P17+P131,1
Q97772183,1,0,P17_only,0
Q16666941,1,1,P17+P131,1
Q32193352,1,0,P17_only,0
Q118352573,1,0,P17_only,0
Q16652774,1,1,P17+P131,1
Q16666565,1,1,P17+P131,1
Q120355714,1,0,P17_only,0
Q90405677,1,1,P17+P131,0
Q27430584,1,0,P17_only,0
Q4234711,1,1,P17+P131,0
Q77862852,1,0,P17_only,0
Q16274313,1,1,P17+P131,1
Q12570800,1,0,P17_only,1
Q16434635,1,0,P17_only,1
Q18400911,1,1,P17+P131,1
Q54237727,0,1,P131_only,0
Q56367373,1,1,P17+P131,1
Q12531238,1,0,P17_only,1
Q16433428,1,0,P17_only,1
Q27354962,1,0,P17_only,0
Q30972849,1,1,P17+P131,1
Q27354985,1,0,P17_only,0
Q27355024,1,0,P17_only,0
Q20468034,1,0,P17_only,0
Q27354752,1,0,P17_only,0
Q61369290,1,1,P17+P131,1
Q12563952,1,0,P17_only,1
Q32194806,1,0,P17_only,0
Q16641323,0,1,P131_only,1
Q2302185,1,1,P17+P131,1
Q56367436,1,1,P17+P131,1
Q16655425,1,1,P17+P131,0
Q30897596,1,1,P17+P131,0
Q12579501,1,0,P17_only,1
Q21658022,1,0,P17_only,0
Q15731875,1,0,P17_only,0
Q65252404,1,0,P17_only,1
Q13643350,1,1,P17+P131,1
Q22201404,1,1,P17+P131,1
Q13649962,1,1,P17+P131,1
Q115906680,1,0,P17_only,0
Q99541356,0,1,P131_only,0
Q16431528,1,0,P17_only,1
Q126936550,1,0,P17_only,0
Q16433863,1,1,P17+P131,1
Q4427969,1,1,P17+P131,1
Q13646124,1,1,P17+P131,1
Q16274355,1,1,P17+P131,1
Q15918862,1,1,P17+P131,1
Q32190967,1,0,P17_only,0
Q16431116,1,1,P17+P131,1
Q16661994,1,1,P17+P131,0
Q27357242,1,0,P17_only,0
Q12542029,1,1,P17+P131,1
Q13664542,1,1,P17+P131,1
Q25504800,1,0,P17_only,1
Q1045983,1,0,P17_only,1
Q13647950,1,1,P17+P131,1
Q16694804,1,1,P17+P131,1
Q124565718,1,0,P17_only,0
Q1281613,1,0,P17_only,0
Q20484417,1,0,P17_only,1
Q130547195,1,1,P17+P131,0
Q12712202,1,0,P17_only,0
Q20648586,1,0,P17_only,0
Q13643346,1,1,P17+P131,1
Q6561240,1,0,P17_only,0
Q12565523,1,0,P17_only,1
Q28154522,1,0,P17_only,0
Q22203135,1,1,P17+P131,1
Q13308685,0,1,P131_only,1
Q25457160,1,0,P17_only,0
Q27351504,1,1,P17+P131,0
Q27353817,1,0,P17_only,0
Q123363845,1,0,P17_only,0
Q13666905,1,1,P17+P131,1
Q140673258,1,0,P17_only,0
Q13416159,0,1,P131_only,1
Q32182213,1,1,P17+P131,0
Q648369,1,0,P17_only,1
Q13643330,1,1,P17+P131,1
Q13640623,0,1,P131_only,1
Q16663039,1,1,P17+P131,1
Q12529004,1,1,P17+P131,1
Q6358512,1,1,P17+P131,1
Q13648413,1,1,P17+P131,1
Q13645873,1,1,P17+P131,1
Q30974950,1,1,P17+P131,1
Q12543168,1,1,P17+P131,1
Q16651084,1,1,P17+P131,1
Q12555465,1,1,P17+P131,1
Q108783946,1,1,P17+P131,0
Q27352047,1,1,P17+P131,0
Q1734790,1,0,P17_only,0
Q111296997,1,0,P17_only,0
Q6416571,1,1,P17+P131,0
Q12548872,1,0,P17_only,1
Q12684034,1,1,P17+P131,1
Q16434333,1,1,P17+P131,1
Q4179248,1,1,P17+P131,1
Q135829486,1,0,P17_only,0
Q32212695,1,0,P17_only,0
Q97480122,1,0,P17_only,1
Q32214127,1,0,P17_only,0
Q23958827,1,0,P17_only,1
Q16431812,1,1,P17+P131,1
Q16683263,1,1,P17+P131,1
Q27357517,1,0,P17_only,0
Q13646508,0,1,P131_only,1
Q13646037,1,1,P17+P131,1
Q19952457,0,1,P131_only,0
Q12574484,1,0,P17_only,1
Q12530657,1,0,P17_only,1
Q13652078,1,1,P17+P131,1
Q12531366,1,0,P17_only,1
Q16653559,1,1,P17+P131,1
Q16434598,1,0,P17_only,1
Q16718461,1,1,P17+P131,1
Q11601039,1,0,P17_only,0
Q16651074,1,1,P17+P131,1
Q3730224,0,1,P131_only,1
Q27352624,0,1,P131_only,0
Q16432364,1,1,P17+P131,1
Q12552766,1,0,P17_only,1
Q12571270,1,1,P17+P131,1
Q27430743,1,0,P17_only,0
Q12549931,1,0,P17_only,1
Q13649157,1,1,P17+P131,1
Q13416158,0,1,P131_only,1
Q12552909,1,1,P17+P131,1
Q32191704,1,0,P17_only,1
Q12570053,1,1,P17+P131,1
Q12526526,1,1,P17+P131,1
Q16434025,1,0,P17_only,1
Q18406097,1,1,P17+P131,1
Q12570853,1,1,P17+P131,1
Q12698991,1,0,P17_only,0
Q12531251,1,0,P17_only,1
Q12541449,0,1,P131_only,1
Q16274659,1,1,P17+P131,1
Q136621626,1,0,P17_only,0
Q27351553,1,0,P17_only,0
Q4832290,1,0,P17_only,0
Q32188853,1,0,P17_only,0
Q108789737,1,1,P17+P131,0
Q13664304,1,1,P17+P131,1
Q13651675,1,1,P17+P131,1
Q27357116,1,0,P17_only,0
Q130537818,1,0,P17_only,0
Q136825756,1,0,P17_only,0
Q32195758,1,0,P17_only,0
Q136268964,1,0,P17_only,0
Q27354885,1,0,P17_only,0
Q20484851,1,0,P17_only,1
Q18409716,1,1,P17+P131,1
Q4506448,1,1,P17+P131,1
Q32197593,1,0,P17_only,0
Q56366788,1,1,P17+P131,1
Q12573242,1,0,P17_only,1
Q12533537,1,0,P17_only,1
Q4219542,1,0,P17_only,1
Q135829541,1,0,P17_only,0
Q16272366,0,1,P131_only,1
Q32202531,1,0,P17_only,0
Q27354304,1,0,P17_only,0
Q4454157,1,0,P17_only,0
Q16431781,1,0,P17_only,1
Q8261468,1,1,P17+P131,1
Q32195550,1,0,P17_only,0
Q3999036,1,0,P17_only,0
Q15621754,1,0,P17_only,0
Q32217109,1,1,P17+P131,0
Q28667290,1,0,P17_only,0
Q32210746,0,1,P131_only,0
Q12553723,1,1,P17+P131,1
Q13640860,1,1,P17+P131,1
Q18405525,1,1,P17+P131,0
Q4213678,1,1,P17+P131,0
Q61370543,0,1,P131_only,1
Q27352890,1,0,P17_only,0
Q12533261,1,0,P17_only,1
Q68036933,1,0,P17_only,0
Q16651105,1,1,P17+P131,1
Q16434690,1,1,P17+P131,1
Q16681466,1,1,P17+P131,1
Q27350715,1,0,P17_only,0
Q12552727,1,0,P17_only,1
Q12538442,1,1,P17+P131,1
Q15617612,1,1,P17+P131,1
Q13650017,1,1,P17+P131,1
Q20485966,1,0,P17_only,1
Q16690785,1,1,P17+P131,0
Q16673318,1,1,P17+P131,1
Q5629139,1,0,P17_only,1
Q139976244,1,1,P17+P131,0
Q16648289,1,1,P17+P131,0
Q65158214,1,0,P17_only,0
Q15617595,1,1,P17+P131,1
Q20097355,1,1,P17+P131,1
Q65153724,1,0,P17_only,0
Q27354769,1,0,P17_only,0
Q32182954,1,0,P17_only,0
Q16719133,1,1,P17+P131,1
Q108785058,1,0,P17_only,0
Q16434060,1,0,P17_only,1
Q20098440,1,1,P17+P131,1
Q64199414,1,0,P17_only,0
Q67892955,1,0,P17_only,0
Q12540709,0,1,P131_only,1
Q61368656,1,1,P17+P131,1
Q12558087,1,0,P17_only,1
Q121076574,1,0,P17_only,0
Q16693601,1,1,P17+P131,1
Q16433656,1,0,P17_only,1
Q139552176,1,1,P17+P131,0
Q25504559,1,0,P17_only,1
Q135632321,1,1,P17+P131,0
Q12566024,1,0,P17_only,1
Q16719969,1,1,P17+P131,1
Q12546148,1,1,P17+P131,1
Q32195654,1,1,P17+P131,0
Q30972478,1,1,P17+P131,1
Q12554730,1,1,P17+P131,1
Q16431175,1,0,P17_only,1
Q16646613,1,1,P17+P131,1
Q13593096,0,1,P131_only,1
Q28942624,0,1,P131_only,0
Q16533306,0,1,P131_only,1
Q16431997,1,0,P17_only,1
Q16431534,1,1,P17+P131,1
Q12579695,1,1,P17+P131,1
Q105834123,1,1,P17+P131,1
Q16718337,1,1,P17+P131,0
Q12568880,1,1,P17+P131,1
Q136090683,1,0,P17_only,0
Q27348485,1,0,P17_only,0
Q129880530,1,1,P17+P131,1
Q16273518,1,1,P17+P131,1
Q32191161,1,1,P17+P131,0
Q25487687,1,0,P17_only,1
Q12573404,1,0,P17_only,1
Q111862475,1,0,P17_only,0
Q16664596,1,1,P17+P131,1
Q124253896,1,0,P17_only,0
Q123363696,1,0,P17_only,0
Q27348175,1,0,P17_only,1
Q12549497,1,0,P17_only,1
Q4348960,1,0,P17_only,1
Q16694785,1,1,P17+P131,1
Q16533129,0,1,P131_only,1
Q108737445,1,0,P17_only,0
Q32188800,1,0,P17_only,0
Q16708623,1,1,P17+P131,1
Q977099,1,0,P17_only,1
Q13666978,1,1,P17+P131,1
Q16432874,1,0,P17_only,1
Q79861115,1,0,P17_only,0
Q413579,1,1,P17+P131,1
Q18400091,1,1,P17+P131,1
Q19952770,0,1,P131_only,0
Q25514691,1,1,P17+P131,1
Q18401677,1,1,P17+P131,1
Q32182788,1,0,P17_only,0
Q12564344,1,1,P17+P131,1
Q16433781,1,0,P17_only,1
Q16664042,1,1,P17+P131,1
Q61368097,1,1,P17+P131,1
Q12564681,1,1,P17+P131,1
Q18649432,1,0,P17_only,0
Q32198543,1,0,P17_only,0
Q32217533,1,0,P17_only,0
Q16273483,1,1,P17+P131,1
Q27430819,1,1,P17+P131,0
Q2457526,1,0,P17_only,0
Q55657228,1,0,P17_only,0
Q173751,1,0,P17_only,1
Q135828514,1,0,P17_only,0
Q13655770,1,1,P17+P131,1
Q12549123,1,1,P17+P131,1
Q138823766,1,0,P17_only,0
Q6363214,1,1,P17+P131,1
Q32200189,1,0,P17_only,0
Q12542859,1,0,P17_only,1
Q12528010,1,0,P17_only,1
Q111862468,1,0,P17_only,0
Q135829984,1,0,P17_only,0
Q56042783,1,0,P17_only,0
Q12545622,1,0,P17_only,1
Q13643188,0,1,P131_only,0
Q32192286,1,1,P17+P131,0
Q27350761,1,0,P17_only,0
Q4385174,1,1,P17+P131,1
Q20098617,1,1,P17+P131,1
Q12574450,1,0,P17_only,1
Q133502750,1,0,P17_only,1
Q32215718,1,0,P17_only,0
Q16656974,1,1,P17+P131,1
Q124331083,1,1,P17+P131,1
Q25505541,1,1,P17+P131,1
Q61369231,1,1,P17+P131,1
Q12545263,1,0,P17_only,1
Q12532055,1,0,P17_only,1
Q7900673,1,0,P17_only,1
Q19915425,0,1,P131_only,1
Q16431104,1,0,P17_only,1
Q12574816,1,0,P17_only,1
Q30972325,1,1,P17+P131,1
Q12574806,1,0,P17_only,1
Q12535610,1,0,P17_only,1
Q13643033,0,1,P131_only,1
Q16720960,1,1,P17+P131,1
Q20098092,1,1,P17+P131,1
Q27430717,1,0,P17_only,0
Q25502679,1,0,P17_only,1
Q13647319,1,1,P17+P131,1
Q82285687,1,0,P17_only,1
Q606918,1,1,P17+P131,1
Q851622,1,0,P17_only,0
Q12535082,1,1,P17+P131,1
Q13664275,1,1,P17+P131,1
Q16663205,1,1,P17+P131,1
Q13651710,1,1,P17+P131,1
Q12531886,1,0,P17_only,1
Q16700941,1,1,P17+P131,1
Q16663294,1,1,P17+P131,0
Q12550917,1,0,P17_only,1
Q67893025,1,0,P17_only,0
Q12534108,1,0,P17_only,1
Q112004002,1,0,P17_only,0
Q30972536,1,1,P17+P131,1
Q27355133,1,1,P17+P131,0
Q13648018,1,1,P17+P131,1
Q27357685,1,1,P17+P131,0
Q13643227,0,1,P131_only,1
Q31195660,1,0,P17_only,1
Q11477651,1,1,P17+P131,1
Q16651062,1,1,P17+P131,1
Q16431338,1,0,P17_only,1
Q13643478,1,1,P17+P131,1
Q16434647,1,1,P17+P131,1
Q135829141,1,0,P17_only,0
Q16683991,1,1,P17+P131,1
Q13652459,0,1,P131_only,1
Q136687423,1,1,P17+P131,1
Q20486172,1,0,P17_only,1
Q12550960,1,1,P17+P131,1
Q32215683,1,0,P17_only,0
Q15617556,1,1,P17+P131,1
Q27358091,1,1,P17+P131,0
Q12544170,0,1,P131_only,1
Q12527304,1,0,P17_only,1
Q32191206,1,0,P17_only,0
Q32205813,1,0,P17_only,0
Q4283953,1,0,P17_only,1
Q65256489,1,0,P17_only,0
Q74732595,1,0,P17_only,0
Q4533548,1,0,P17_only,1
Q12536200,1,0,P17_only,1
Q98046055,0,1,P131_only,1
Q16694821,1,1,P17+P131,1
Q16715455,1,1,P17+P131,1
Q4062771,1,1,P17+P131,1
Q16699946,1,1,P17+P131,1
Q220880,1,0,P17_only,1
Q16704980,1,1,P17+P131,1
Q80438,1,0,P17_only,1
Q12539913,0,1,P131_only,1
Q12527396,1,0,P17_only,1
Q16272849,1,1,P17+P131,1
Q18407775,1,1,P17+P131,1
Q111297050,1,0,P17_only,0
Q135829558,1,0,P17_only,0
Q12574594,1,0,P17_only,1
Q10988121,1,1,P17+P131,1
Q20098387,1,1,P17+P131,1
Q4527522,1,1,P17+P131,1
Q20097554,1,1,P17+P131,1
Q32206601,1,0,P17_only,0
Q12574480,1,0,P17_only,1
Q27355037,1,0,P17_only,0
Q16650984,1,1,P17+P131,1
Q4393634,1,1,P17+P131,1
Q12550464,1,0,P17_only,1
Q27350920,1,0,P17_only,0
Q27357387,1,0,P17_only,0
Q55571846,1,1,P17+P131,1
Q27348420,1,0,P17_only,1
Q28660719,1,0,P17_only,0
Q12555433,1,0,P17_only,1
Q20486181,1,0,P17_only,1
Q13648432,1,1,P17+P131,1
Q2664367,1,1,P17+P131,1
Q16641812,0,1,P131_only,1
Q16690742,1,1,P17+P131,1
Q32193406,1,0,P17_only,0
Q32181584,1,0,P17_only,0
Q97821273,1,0,P17_only,0
Q32215851,1,0,P17_only,0
Q12534411,1,0,P17_only,1
Q16433017,1,0,P17_only,1
Q13651991,1,1,P17+P131,1
Q13651677,1,1,P17+P131,1
Q2659831,0,1,P131_only,1
Q27357863,1,0,P17_only,0
Q64196325,1,0,P17_only,1
Q12577882,1,1,P17+P131,1
Q192616,1,0,P17_only,1
Q4506312,1,1,P17+P131,1
Q16718600,1,1,P17+P131,1
Q1976251,1,0,P17_only,1
Q12525881,1,0,P17_only,1
Q13653343,0,1,P131_only,1
Q16431552,1,1,P17+P131,1
Q139942577,1,1,P17+P131,0
Q22203647,1,1,P17+P131,1
Q23958188,1,1,P17+P131,0
Q139962190,1,1,P17+P131,0
Q16683339,1,1,P17+P131,1
Q15714544,1,1,P17+P131,1
Q12570458,1,0,P17_only,1
Q12576934,1,1,P17+P131,1
Q12666557,1,0,P17_only,0
Q32191236,1,0,P17_only,0
Q12537847,1,0,P17_only,1
Q16432644,1,1,P17+P131,1
Q16681582,1,1,P17+P131,0
Q16274374,1,1,P17+P131,1
Q108783933,1,1,P17+P131,0
Q13642200,1,1,P17+P131,1
Q12709709,1,0,P17_only,0
Q32214646,1,0,P17_only,0
Q16664607,1,1,P17+P131,1
Q16669504,1,1,P17+P131,1
Q12552386,1,0,P17_only,1
Q28028107,1,0,P17_only,0
Q4107910,1,1,P17+P131,1
Q32186324,1,0,P17_only,0
Q123363727,1,0,P17_only,0
Q16432025,1,0,P17_only,1
Q135828807,1,0,P17_only,0
Q32195406,1,0,P17_only,0
Q16651147,1,1,P17+P131,1
Q56368745,1,1,P17+P131,1
Q4177927,1,1,P17+P131,1
Q12576294,1,0,P17_only,1
Q134873479,1,1,P17+P131,0
Q4536488,1,0,P17_only,1
Q12574750,1,0,P17_only,1
Q16719393,1,1,P17+P131,1
Q14943945,1,1,P17+P131,0
Q16334573,1,1,P17+P131,1
Q86662969,1,1,P17+P131,0
Q12574005,1,0,P17_only,1
Q18401111,1,1,P17+P131,0
Q124738890,1,0,P17_only,0
Q30972366,1,1,P17+P131,1
Q12571548,1,0,P17_only,1
Q27357865,1,0,P17_only,0
Q18080682,1,0,P17_only,0
Q65147686,1,1,P17+P131,0
Q77862154,1,0,P17_only,0
Q13640729,1,1,P17+P131,1
Q17749590,1,1,P17+P131,1
Q32191023,1,0,P17_only,0
Q4177202,1,1,P17+P131,1
Q60289661,1,0,P17_only,0
Q12533076,1,1,P17+P131,1
Q12546749,1,1,P17+P131,1
Q16433023,1,0,P17_only,1
Q12568323,1,1,P17+P131,1
Q27351628,1,0,P17_only,0
Q115114462,1,0,P17_only,0
Q135829499,1,0,P17_only,0
Q135829822,1,0,P17_only,0
Q32204500,1,1,P17+P131,0
Q12529954,1,0,P17_only,1
Q2565628,1,1,P17+P131,1
Q12528839,1,0,P17_only,1
Q18400072,1,1,P17+P131,1
Q16721561,1,1,P17+P131,1
Q127420556,1,0,P17_only,0
Q60289836,1,0,P17_only,0
Q12527753,1,0,P17_only,1
Q56887793,1,0,P17_only,0
Q18127334,1,0,P17_only,0
Q16434586,1,1,P17+P131,1
Q13650021,1,1,P17+P131,1
Q4350661,1,1,P17+P131,1
Q32215954,1,0,P17_only,0
Q12569699,1,1,P17+P131,1
Q12569615,1,0,P17_only,1
Q27354857,1,0,P17_only,0
Q12529661,1,0,P17_only,1
Q12565351,1,0,P17_only,1
Q32213682,1,0,P17_only,0
Q12565459,1,1,P17+P131,1
Q20098580,1,1,P17+P131,1
Q13651926,1,1,P17+P131,1
Q16665505,1,1,P17+P131,1
Q130577192,1,0,P17_only,1
Q135828592,1,0,P17_only,0
Q48947254,1,0,P17_only,1
Q18409472,1,1,P17+P131,1
Q60289838,1,0,P17_only,0
Q27354973,1,0,P17_only,0
Q27357608,1,0,P17_only,0
Q65153710,1,0,P17_only,0
Q13652307,1,1,P17+P131,1
Q27430975,1,0,P17_only,0
Q137527259,1,0,P17_only,0
Q25524868,1,0,P17_only,1
Q18399342,1,1,P17+P131,1
Q13664381,1,1,P17+P131,1
Q27354741,1,0,P17_only,0
Q25529953,1,0,P17_only,1
Q41479962,1,0,P17_only,0
Q27358047,1,0,P17_only,0
Q18400217,1,1,P17+P131,1
Q32171627,1,0,P17_only,1
Q12531819,1,1,P17+P131,1
Q12570129,1,0,P17_only,1
Q13641867,1,1,P17+P131,1
Q32171391,1,0,P17_only,0
Q12548943,1,1,P17+P131,1
Q12542897,1,0,P17_only,1
Q32193439,1,0,P17_only,1
Q123363541,1,0,P17_only,0
Q96372884,1,0,P17_only,0
Q707379,1,1,P17+P131,1
Q12550905,1,1,P17+P131,1
Q12529250,1,1,P17+P131,1
Q12570215,1,0,P17_only,1
Q32191638,1,0,P17_only,0
Q134953635,1,0,P17_only,0
Q4343215,1,1,P17+P131,0
Q138307581,1,1,P17+P131,0
Q66717336,1,0,P17_only,0
Q30969442,1,1,P17+P131,1
Q40619,1,0,P17_only,1
Q28667461,1,0,P17_only,0
Q97848081,1,0,P17_only,0
Q27357355,1,0,P17_only,0
Q123363565,1,0,P17_only,0
Q138300159,1,0,P17_only,0
Q16432231,1,1,P17+P131,1
Q4071428,1,0,P17_only,1
Q16651494,1,1,P17+P131,1
Q13553807,0,1,P131_only,1
Q20485828,1,0,P17_only,1
Q4348948,1,0,P17_only,1
Q43304688,1,0,P17_only,0
Q32177999,1,0,P17_only,0
Q16704850,1,1,P17+P131,1
Q135828481,1,0,P17_only,0
Q27350725,1,0,P17_only,0
Q98908353,0,1,P131_only,0
Q4177675,1,1,P17+P131,1
Q2532382,1,0,P17_only,1
Q30969619,1,1,P17+P131,1
Q27354979,1,0,P17_only,0
Q12551018,1,0,P17_only,1
Q27268,1,1,P17+P131,1
Q19616116,0,1,P131_only,0
Q12556914,1,0,P17_only,1
Q32193795,1,0,P17_only,0
Q12569990,1,0,P17_only,1
Q27356886,1,0,P17_only,0
Q16701767,1,1,P17+P131,1
Q61369395,1,1,P17+P131,1
Q16632039,0,1,P131_only,1
Q27350885,1,1,P17+P131,0
Q2213430,1,1,P17+P131,1
Q27348276,1,0,P17_only,0
Q135090414,1,0,P17_only,0
Q145878,1,1,P17+P131,1
Q27354742,1,0,P17_only,0
Q4429735,1,1,P17+P131,0
Q16433462,1,0,P17_only,1
Q43304681,1,0,P17_only,0
Q12527302,1,0,P17_only,1
Q20484926,1,0,P17_only,1
Q3024359,1,1,P17+P131,1
Q61368565,1,1,P17+P131,1
Q32215945,1,0,P17_only,0
Q12550680,1,0,P17_only,1
Q27352588,0,1,P131_only,0
Q32214114,1,0,P17_only,0
Q61369020,1,1,P17+P131,1
Q135829478,1,0,P17_only,0
Q12546594,1,0,P17_only,1
Q17562689,1,1,P17+P131,1
Q16434682,1,1,P17+P131,1
Q24869025,1,0,P17_only,0
Q28750379,0,1,P131_only,0
Q108533799,1,0,P17_only,0
Q27430604,1,0,P17_only,0
Q16692438,1,1,P17+P131,1
Q124731313,1,0,P17_only,1
Q24895055,1,0,P17_only,0
Q16272918,1,1,P17+P131,1
Q4512777,1,1,P17+P131,1
Q6363548,1,1,P17+P131,1
Q18409028,1,1,P17+P131,1
Q12576903,1,0,P17_only,1
Q27351067,1,1,P17+P131,0
Q20098154,1,1,P17+P131,1
Q21371563,1,1,P17+P131,1
Q32191054,1,0,P17_only,0
Q10973994,1,0,P17_only,1
Q45728530,1,0,P17_only,0
Q13643117,0,1,P131_only,1
Q12557595,1,1,P17+P131,1
Q12554255,1,0,P17_only,1
Q27357770,1,0,P17_only,0
Q27357057,1,0,P17_only,0
Q12576770,1,1,P17+P131,1
Q16274328,1,1,P17+P131,1
Q13646263,1,1,P17+P131,1
Q12530999,1,0,P17_only,1
Q32193226,1,1,P17+P131,0
Q13648424,1,1,P17+P131,1
Q12528701,1,1,P17+P131,1
Q13646480,1,1,P17+P131,1
Q16965284,1,1,P17+P131,0
Q133189645,1,0,P17_only,0
Q12690178,1,1,P17+P131,0
Q116313000,1,0,P17_only,0
Q939175,1,1,P17+P131,1
Q12538708,1,0,P17_only,1
Q13414818,0,1,P131_only,1
Q75810905,1,0,P17_only,0
Q25505024,1,0,P17_only,1
Q123363448,1,0,P17_only,0
Q12569524,1,1,P17+P131,1
Q20098589,1,1,P17+P131,1
Q4328020,1,0,P17_only,0
Q16434106,1,0,P17_only,1
Q32198311,1,0,P17_only,0
Q32210913,0,1,P131_only,0
Q12534254,1,0,P17_only,1
Q12573751,1,1,P17+P131,1
Q123363626,1,0,P17_only,0
Q16735643,1,0,P17_only,1
Q97163839,1,0,P17_only,0
Q16273400,1,1,P17+P131,1
Q135828461,1,0,P17_only,0
Q48941482,1,0,P17_only,0
Q129880614,1,1,P17+P131,1
Q32194637,1,0,P17_only,0
Q60768362,1,0,P17_only,0
Q20464479,1,0,P17_only,0
Q2278304,1,0,P17_only,0
Q32177352,1,0,P17_only,1
Q12682813,1,0,P17_only,0
Q18401113,1,1,P17+P131,0
Q12556437,1,1,P17+P131,1
Q16274485,1,1,P17+P131,1
Q21106287,1,0,P17_only,0
Q104219832,0,1,P131_only,1
Q12569503,1,1,P17+P131,1
Q2549670,1,1,P17+P131,1
Q12690644,1,0,P17_only,0
Q16433850,1,1,P17+P131,1
Q27430617,1,0,P17_only,0
Q4507215,1,1,P17+P131,1
Q115936168,1,0,P17_only,0
Q112265278,1,0,P17_only,1
Q32212080,1,0,P17_only,0
Q12570514,1,0,P17_only,1
Q124221898,1,0,P17_only,0
Q32215415,1,0,P17_only,0
Q132803508,1,0,P17_only,0
Q32192754,1,0,P17_only,1
Q373642,1,1,P17+P131,1
Q32198419,1,0,P17_only,0
Q86678657,1,1,P17+P131,0
Q78075298,1,0,P17_only,0
Q12566083,1,0,P17_only,1
Q4694042,1,0,P17_only,0
Q129730238,1,1,P17+P131,0
Q18408994,1,1,P17+P131,1
Q4527128,1,1,P17+P131,1
Q27431001,1,1,P17+P131,0
Q30593963,1,0,P17_only,0
Q12561222,1,0,P17_only,1
Q13417870,0,1,P131_only,1
Q135829951,1,0,P17_only,0
Q13664307,1,1,P17+P131,1
Q32198214,1,0,P17_only,0
Q140175683,1,0,P17_only,0
Q12539621,1,1,P17+P131,1
Q12574459,1,1,P17+P131,1
Q2123752,1,1,P17+P131,1
Q12579219,1,0,P17_only,1
Q12532167,1,1,P17+P131,1
Q120868821,1,1,P17+P131,0
Q13646020,1,1,P17+P131,1
Q48950628,1,0,P17_only,1
Q6380751,1,0,P17_only,0
Q13664238,1,1,P17+P131,1
Q32217667,1,0,P17_only,0
Q16694716,1,1,P17+P131,1
Q12576450,1,0,P17_only,0
Q22204750,1,1,P17+P131,1
Q12553048,1,0,P17_only,1
Q13645825,1,1,P17+P131,1
Q12579672,1,0,P17_only,1
Q124221702,1,0,P17_only,0
Q18398741,1,1,P17+P131,1
Q123363771,1,0,P17_only,0
Q13642307,0,1,P131_only,1
Q61368995,1,1,P17+P131,1
Q11491551,1,1,P17+P131,1
Q20098110,1,1,P17+P131,1
Q16703363,1,0,P17_only,1
Q136268958,1,0,P17_only,0
Q7853264,1,0,P17_only,0
Q7509400,1,1,P17+P131,1
Q609813,1,0,P17_only,0
Q13645586,1,1,P17+P131,1
Q12556619,1,1,P17+P131,1
Q13645948,1,1,P17+P131,1
Q30969870,1,1,P17+P131,0
Q13647370,1,1,P17+P131,1
Q28671113,1,0,P17_only,0
Q32216263,1,0,P17_only,0
Q12546195,1,0,P17_only,1
Q27351815,1,0,P17_only,1
Q135829130,1,0,P17_only,0
Q27357109,1,0,P17_only,0
Q13664005,1,1,P17+P131,1
Q16434428,1,0,P17_only,1
Q32202500,1,1,P17+P131,0
Q32216006,1,0,P17_only,0
Q18404859,1,1,P17+P131,1
Q12576537,1,1,P17+P131,1
Q15617739,1,1,P17+P131,1
Q16273455,1,1,P17+P131,1
Q32203971,1,0,P17_only,0
Q4058196,1,0,P17_only,1
Q13651777,1,1,P17+P131,1
Q12532651,1,0,P17_only,1
Q30974405,1,1,P17+P131,0
Q18409045,1,1,P17+P131,1
Q16434430,1,0,P17_only,1
Q27355031,1,0,P17_only,0
Q97640740,1,0,P17_only,0
Q16680772,1,1,P17+P131,1
Q61985264,1,1,P17+P131,0
Q32190241,1,0,P17_only,0
Q20098428,1,1,P17+P131,1
Q20098473,1,1,P17+P131,1
Q13652451,0,1,P131_only,1
Q12531278,1,0,P17_only,1
Q123363783,1,0,P17_only,0
Q30294492,1,1,P17+P131,0
Q65158959,1,0,P17_only,0
Q4246014,1,1,P17+P131,1
Q12545935,1,0,P17_only,1
Q4101078,1,0,P17_only,0
Q12572479,1,0,P17_only,1
Q13641691,1,1,P17+P131,1
Q2737298,1,1,P17+P131,1
Q483159,1,1,P17+P131,1
Q16645135,0,1,P131_only,1
Q969974,1,0,P17_only,0
Q137527311,1,0,P17_only,0
Q13646179,1,1,P17+P131,1
Q45728477,1,0,P17_only,0
Q3644611,1,1,P17+P131,1
Q32204302,1,1,P17+P131,0
Q27358150,1,1,P17+P131,0
Q32206737,1,0,P17_only,0
Q12526547,1,1,P17+P131,1
Q123363527,1,0,P17_only,0
Q16667685,1,1,P17+P131,1
Q12537121,1,0,P17_only,1
Q16641105,0,1,P131_only,1
Q12563710,1,1,P17+P131,1
Q4496817,1,0,P17_only,0
Q12404010,1,1,P17+P131,1
Q4243759,1,0,P17_only,1
Q27351916,1,1,P17+P131,0
Q32203712,1,0,P17_only,0
Q4863930,1,1,P17+P131,0
Q7219844,1,1,P17+P131,1
Q4343708,1,0,P17_only,1
Q2663204,1,0,P17_only,0
Q13643115,0,1,P131_only,1
Q13642942,0,1,P131_only,1
Q32176974,1,0,P17_only,0
Q55178983,0,1,P131_only,0
Q32214989,1,0,P17_only,0
Q20484307,1,0,P17_only,1
Q20434538,1,0,P17_only,1
Q27350733,1,0,P17_only,0
Q12575770,1,0,P17_only,1
Q27351680,1,0,P17_only,1
Q20484426,1,0,P17_only,1
Q135829523,1,0,P17_only,0
Q13640680,0,1,P131_only,1
Q15410894,1,0,P17_only,0
Q751818,1,0,P17_only,1
Q65264150,1,0,P17_only,0
Q12531186,1,0,P17_only,1
Q12579571,1,0,P17_only,1
Q18399735,1,1,P17+P131,1
Q139986759,1,1,P17+P131,0
Q13643166,0,1,P131_only,1
Q13643638,1,1,P17+P131,1
Q32217186,1,0,P17_only,0
Q18399243,1,1,P17+P131,1
Q12556116,1,1,P17+P131,1
Q12573679,1,1,P17+P131,1
Q61368056,1,1,P17+P131,1
Q32184121,1,0,P17_only,1
Q2550363,1,1,P17+P131,1
Q27347348,1,0,P17_only,0
Q32187307,1,1,P17+P131,0
Q484433,1,1,P17+P131,1
Q16686654,1,1,P17+P131,1
Q12575940,1,0,P17_only,1
Q20455258,1,0,P17_only,0
Q27354748,1,0,P17_only,0
Q137831860,1,0,P17_only,0
Q16697107,1,1,P17+P131,1
Q16672693,1,1,P17+P131,1
Q124214751,1,0,P17_only,0
Q57315640,1,1,P17+P131,0
Q2123695,1,1,P17+P131,1
Q12549061,1,0,P17_only,1
Q27355170,1,0,P17_only,0
Q27354848,1,0,P17_only,0
Q3457230,1,1,P17+P131,0
Q108533900,1,0,P17_only,0
Q49307855,1,1,P17+P131,0
Q13640843,1,1,P17+P131,1
Q12533056,1,0,P17_only,1
Q16431200,1,0,P17_only,1
Q96981494,1,1,P17+P131,0
Q131342651,1,0,P17_only,1
Q4294644,1,0,P17_only,1
Q137527265,1,0,P17_only,0
Q16272580,1,1,P17+P131,1
Q32206467,1,0,P17_only,0
Q61368930,1,1,P17+P131,1
Q13643342,1,1,P17+P131,1
Q66405430,1,0,P17_only,0
Q12573455,1,0,P17_only,1
Q12567472,1,1,P17+P131,1
Q4135702,1,0,P17_only,0
Q17361633,1,0,P17_only,0
Q13650514,1,1,P17+P131,1
Q112003962,1,0,P17_only,0
Q32183779,1,0,P17_only,0
Q486545,1,1,P17+P131,1
Q18408688,1,1,P17+P131,0
Q25101868,1,0,P17_only,0
Q18409240,1,1,P17+P131,0
Q139380161,1,1,P17+P131,0
Q4442911,1,0,P17_only,1
Q12561156,1,0,P17_only,1
Q32182993,1,0,P17_only,0
Q111862434,1,0,P17_only,0
Q13645789,1,1,P17+P131,1
Q27352420,1,1,P17+P131,0
Q2374447,1,1,P17+P131,1
Q16274407,1,1,P17+P131,1
Q123671072,1,1,P17+P131,0
Q27430899,1,0,P17_only,0
Q27350633,1,0,P17_only,1
Q111125779,1,0,P17_only,0
Q12576632,1,1,P17+P131,1
Q27348162,1,0,P17_only,0
Q27348423,1,0,P17_only,0
Q65270280,1,0,P17_only,0
Q13642437,0,1,P131_only,1
Q13648032,1,1,P17+P131,1
Q15918904,1,1,P17+P131,1
Q66091274,1,1,P17+P131,0
Q12577741,1,1,P17+P131,1
Q25511711,1,0,P17_only,1
Q12552465,1,1,P17+P131,1
Q16643506,0,1,P131_only,1
Q2166484,1,0,P17_only,1
Q943327,1,1,P17+P131,1
Q16701846,1,1,P17+P131,0
Q27430777,1,0,P17_only,0
Q12532977,1,0,P17_only,1
Q12555768,1,1,P17+P131,1
Q13640678,0,1,P131_only,1
Q12360145,1,1,P17+P131,1
Q16431608,1,0,P17_only,1
Q12070548,1,1,P17+P131,1
Q13359525,0,1,P131_only,1
Q27351864,1,1,P17+P131,0
Q16431967,1,1,P17+P131,1
Q19910127,0,1,P131_only,0
Q32205212,1,0,P17_only,0
Q27430782,1,0,P17_only,0
Q135829731,1,0,P17_only,0
Q20098542,1,1,P17+P131,1
Q711083,1,0,P17_only,0
Q13665049,1,1,P17+P131,1
Q27357611,1,0,P17_only,0
Q20078350,1,1,P17+P131,1
Q12543521,1,1,P17+P131,1
Q27430659,1,1,P17+P131,1
Q65238497,1,0,P17_only,0
Q18405893,1,1,P17+P131,1
Q18400449,1,1,P17+P131,1
Q16533235,0,1,P131_only,1
Q16679237,1,1,P17+P131,1
Q12536214,1,0,P17_only,1
Q65250633,1,0,P17_only,1
Q16432398,1,1,P17+P131,1
Q27348283,1,0,P17_only,0
Q18407577,1,1,P17+P131,1
Q30975230,1,1,P17+P131,1
Q104855021,1,0,P17_only,0
Q16272920,1,1,P17+P131,0
Q32180950,1,0,P17_only,0
Q3312361,1,1,P17+P131,1
Q12545044,1,0,P17_only,1
Q25383170,1,0,P17_only,0
Q135828701,1,0,P17_only,0
Q45728441,1,0,P17_only,0
Q27357015,1,0,P17_only,0
Q13643192,0,1,P131_only,1
Q12566147,1,1,P17+P131,1
Q20485013,1,0,P17_only,1
Q4292368,1,1,P17+P131,1
Q25420088,1,0,P17_only,0
Q12550235,1,1,P17+P131,1
Q190784,1,1,P17+P131,1
Q16682616,1,1,P17+P131,1
Q12552074,0,1,P131_only,1
Q16703299,1,1,P17+P131,1
Q13476470,0,1,P131_only,1
Q30638023,1,1,P17+P131,0
Q13648462,1,1,P17+P131,1
Q13222216,0,1,P131_only,0
Q60852069,1,0,P17_only,0
Q12526283,1,0,P17_only,1
Q32179220,1,0,P17_only,0
Q32202294,1,0,P17_only,0
Q18409194,1,1,P17+P131,1
Q4527523,1,1,P17+P131,1
Q12579253,1,0,P17_only,1
Q12550623,1,0,P17_only,1
Q135828875,1,0,P17_only,0
Q137527278,1,0,P17_only,0
Q13651849,1,1,P17+P131,1
Q27354833,1,0,P17_only,0
Q27430949,1,0,P17_only,0
Q56367269,1,1,P17+P131,1
Q13643545,1,1,P17+P131,1
Q12553755,1,0,P17_only,1
Q16431826,1,1,P17+P131,1
Q746562,1,0,P17_only,1
Q13552857,0,1,P131_only,1
Q16431880,1,0,P17_only,1
Q27431012,1,0,P17_only,0
Q7689544,1,0,P17_only,1
Q61368352,1,1,P17+P131,1
Q3259788,1,1,P17+P131,1
Q32197271,1,1,P17+P131,0
Q105578753,1,1,P17+P131,0
Q18407602,1,1,P17+P131,1
Q27357910,1,0,P17_only,0
Q56367649,1,1,P17+P131,1
Q27357694,1,0,P17_only,0
Q13648481,1,1,P17+P131,1
Q1346437,1,0,P17_only,1
Q56367188,1,1,P17+P131,1
Q20098987,1,1,P17+P131,1
Q12698989,1,0,P17_only,0
Q15617697,1,1,P17+P131,1
Q12532522,1,0,P17_only,1
Q110811917,1,0,P17_only,0
Q16666258,1,0,P17_only,1
Q18408597,1,1,P17+P131,1
Q32172842,1,0,P17_only,0
Q32215347,1,1,P17+P131,0
Q12578118,1,0,P17_only,1
Q123363552,1,0,P17_only,0
Q4843265,1,0,P17_only,0
Q27358066,1,1,P17+P131,0
Q12550924,1,0,P17_only,1
Q112004024,1,0,P17_only,0
Q12702592,1,0,P17_only,0
Q20486253,1,0,P17_only,1
Q27430913,1,0,P17_only,0
Q12028083,1,0,P17_only,1
Q97212059,1,0,P17_only,1
Q4126609,1,0,P17_only,1
Q123363746,1,0,P17_only,0
Q12533382,1,0,P17_only,1
Q48862783,1,0,P17_only,0
Q32204060,1,0,P17_only,0
Q16692028,1,1,P17+P131,1
Q18409357,1,1,P17+P131,1
Q23954754,1,0,P17_only,1
Q12549196,1,0,P17_only,1
Q12573411,1,0,P17_only,1
Q13643597,1,1,P17+P131,0
Q18399261,1,1,P17+P131,0
Q123363663,1,0,P17_only,0
Q27351515,1,0,P17_only,0
Q16681550,1,1,P17+P131,1
Q18409635,1,1,P17+P131,1
Q37744533,0,1,P131_only,0
Q97616214,1,0,P17_only,0
Q13648972,1,1,P17+P131,1
Q18401663,1,1,P17+P131,1
Q18409560,1,1,P17+P131,1
Q112003940,1,0,P17_only,0
Q13641955,1,1,P17+P131,1
Q27430715,1,0,P17_only,0
Q16272974,1,1,P17+P131,1
Q16668589,1,1,P17+P131,1
Q60856515,1,1,P17+P131,0
Q13663354,1,1,P17+P131,1
Q13647499,1,1,P17+P131,1
Q32170818,0,1,P131_only,0
Q32219044,1,0,P17_only,0
Q7476944,1,0,P17_only,0
Q12575805,1,1,P17+P131,1
Q18404824,1,0,P17_only,1
Q12530503,1,0,P17_only,1
Q12537377,1,1,P17+P131,1
Q16272056,0,1,P131_only,1
Q13652345,0,1,P131_only,1
Q4059191,1,0,P17_only,0
Q12561123,1,0,P17_only,1
Q32181638,1,0,P17_only,0
Q13649104,1,1,P17+P131,1
Q12536923,1,0,P17_only,1
Q56367174,1,1,P17+P131,1
Q135829924,1,0,P17_only,0
Q123363653,1,0,P17_only,0
Q18667989,1,1,P17+P131,1
Q13645595,1,1,P17+P131,0
Q27357154,1,0,P17_only,0
Q30592435,1,0,P17_only,0
Q16707345,1,1,P17+P131,1
Q12563851,1,0,P17_only,1
Q140336218,1,1,P17+P131,1
Q19741854,0,1,P131_only,0
Q16709248,1,1,P17+P131,1
Q135829125,1,0,P17_only,0
Q27352831,1,0,P17_only,0
Q280158,1,0,P17_only,1
Q4537791,1,1,P17+P131,0
Q12579264,1,0,P17_only,1
Q12528596,1,0,P17_only,1
Q123746590,1,1,P17+P131,1
Q135828572,1,0,P17_only,0
Q12541801,0,1,P131_only,1
Q13652592,0,1,P131_only,1
Q27357084,1,0,P17_only,0
Q27355082,1,0,P17_only,0
Q12545317,1,0,P17_only,1
Q16692223,1,1,P17+P131,1
Q32183682,1,0,P17_only,0
Q11860223,1,1,P17+P131,1
Q16273170,1,1,P17+P131,1
Q16651175,1,1,P17+P131,1
Q18408965,1,1,P17+P131,1
Q13365398,0,1,P131_only,1
Q16535157,0,1,P131_only,1
Q32193241,1,0,P17_only,1
Q25451582,1,0,P17_only,1
Q16700461,1,1,P17+P131,1
Q27351874,1,0,P17_only,1
Q13664174,1,1,P17+P131,1
Q27354745,1,0,P17_only,0
Q108391646,1,0,P17_only,0
Q12160268,1,1,P17+P131,0
Q4208470,1,1,P17+P131,1
Q126110564,1,0,P17_only,0
Q32175886,1,0,P17_only,0
Q12534313,1,0,P17_only,1
Q16432053,1,0,P17_only,1
Q16432041,1,0,P17_only,1
Q32203903,1,0,P17_only,0
Q20484923,1,0,P17_only,1
Q123225266,1,0,P17_only,0
Q97165876,1,1,P17+P131,0
Q12557515,1,1,P17+P131,1
Q134598026,1,0,P17_only,1
Q20486008,1,0,P17_only,1
Q12531284,1,0,P17_only,1
Q12528937,1,1,P17+P131,1
Q123363776,1,0,P17_only,0
Q12550386,1,0,P17_only,1
Q16433070,1,0,P17_only,1
Q12534691,1,1,P17+P131,1
Q12543173,1,1,P17+P131,1
Q111296976,1,0,P17_only,0
Q12534114,1,0,P17_only,1
Q12560642,1,0,P17_only,1
Q27353919,1,0,P17_only,1
Q20098155,1,1,P17+P131,1
Q16651211,1,1,P17+P131,1
Q136761834,1,1,P17+P131,1
Q4481911,1,0,P17_only,0
Q16680780,1,1,P17+P131,0
Q20098304,1,1,P17+P131,1
Q13664527,1,1,P17+P131,1
Q16694935,1,1,P17+P131,1
Q20484686,1,0,P17_only,1
Q12539620,1,1,P17+P131,1
Q16661731,1,1,P17+P131,0
Q104866885,1,1,P17+P131,0
Q12568042,1,1,P17+P131,1
Q32214492,1,1,P17+P131,0
Q10813367,1,1,P17+P131,1
Q16690793,1,1,P17+P131,1
Q4063025,1,0,P17_only,1
Q12531281,1,0,P17_only,1
Q27352813,1,0,P17_only,0
Q4208056,1,0,P17_only,0
Q12578176,1,1,P17+P131,1
Q45728511,1,0,P17_only,0
Q16722119,1,1,P17+P131,0
Q13651637,1,1,P17+P131,1
Q12536696,1,0,P17_only,1
Q16673218,1,1,P17+P131,1
Q23014128,1,0,P17_only,0
Q32182453,1,0,P17_only,0
Q12574542,1,0,P17_only,1
Q12576111,1,0,P17_only,1
Q7765883,1,1,P17+P131,0
Q42768422,1,1,P17+P131,0
Q13649143,1,1,P17+P131,1
Q16704207,1,1,P17+P131,1
Q12532103,1,1,P17+P131,1
Q32212675,1,0,P17_only,0
Q12566979,1,1,P17+P131,1
Q27430741,1,0,P17_only,0
Q31194068,1,0,P17_only,1
Q108533854,1,0,P17_only,0
Q4158399,1,0,P17_only,0
Q12574540,1,0,P17_only,1
Q12546493,1,0,P17_only,1
Q12532044,1,1,P17+P131,1
Q12573112,1,0,P17_only,1
Q4059959,1,1,P17+P131,1
Q16692979,1,1,P17+P131,1
Q108789711,1,1,P17+P131,0
Q13365422,0,1,P131_only,1
Q26692895,1,0,P17_only,0
Q16662036,1,1,P17+P131,1
Q32204675,1,1,P17+P131,0
Q118352567,1,0,P17_only,0
Q115060444,1,0,P17_only,0
Q16666373,1,1,P17+P131,1
Q20092741,1,1,P17+P131,1
Q12578728,1,0,P17_only,1
Q16701165,1,1,P17+P131,1
Q32178392,1,0,P17_only,0
Q108737347,1,0,P17_only,0
Q4736474,1,1,P17+P131,1
Q123363564,1,0,P17_only,0
Q27351835,1,1,P17+P131,1
Q124337329,1,0,P17_only,0
Q123363608,1,0,P17_only,0
Q16701439,1,1,P17+P131,1
Q16433834,1,1,P17+P131,1
Q16663018,1,1,P17+P131,1
Q16697298,1,1,P17+P131,1
Q13649758,1,1,P17+P131,1
Q22201189,1,1,P17+P131,1
Q13309169,0,1,P131_only,1
Q13220130,0,1,P131_only,1
Q110534538,1,0,P17_only,0
Q13663356,1,1,P17+P131,1
Q12573877,1,1,P17+P131,1
Q12532089,1,1,P17+P131,1
Q56367325,1,1,P17+P131,1
Q7899693,1,0,P17_only,1
Q13641601,1,1,P17+P131,1
Q18409364,1,1,P17+P131,1
Q30897512,1,1,P17+P131,0
Q27358184,1,1,P17+P131,0
Q135828641,1,0,P17_only,0
Q16721570,1,1,P17+P131,1
Q97899719,1,0,P17_only,0
Q16432498,1,1,P17+P131,1
Q16433732,1,0,P17_only,1
Q135828778,1,0,P17_only,0
Q13359465,0,1,P131_only,1
Q18400195,1,1,P17+P131,1
Q12527760,1,0,P17_only,1
Q12552818,1,0,P17_only,1
Q16673534,1,1,P17+P131,0
Q27358048,1,0,P17_only,0
Q27430592,1,0,P17_only,0
Q27430531,1,0,P17_only,0
Q30973995,1,1,P17+P131,1
Q32212114,1,1,P17+P131,0
Q4527129,1,1,P17+P131,1
Q135828830,1,0,P17_only,0
Q32218685,1,0,P17_only,0
Q114976715,1,0,P17_only,1
Q13649012,1,1,P17+P131,1
Q13641705,1,1,P17+P131,1
Q97343671,1,0,P17_only,0
Q56367163,1,1,P17+P131,1
Q19916051,0,1,P131_only,1
Q13667030,1,1,P17+P131,0
Q27356849,1,0,P17_only,0
Q12553243,1,1,P17+P131,1
Q27356847,1,0,P17_only,0
Q13641651,1,1,P17+P131,1
Q12574471,1,0,P17_only,1
Q16706460,1,1,P17+P131,1
Q4453401,1,1,P17+P131,0
Q17398360,1,0,P17_only,0
Q12568237,1,1,P17+P131,1
Q4082951,1,1,P17+P131,1
Q12541687,0,1,P131_only,1
Q12561080,1,1,P17+P131,1
Q27357873,1,0,P17_only,0
Q2243259,1,0,P17_only,0
Q4086473,1,1,P17+P131,1
Q27348073,1,0,P17_only,0
Q32216791,1,0,P17_only,0
Q30972847,1,1,P17+P131,1
Q16431515,1,0,P17_only,1
Q6783090,1,0,P17_only,1
Q97496724,1,1,P17+P131,0
Q16434397,1,1,P17+P131,1
Q4075739,1,1,P17+P131,1
Q136268963,1,0,P17_only,0
Q12549461,1,1,P17+P131,1
Q12536464,1,1,P17+P131,1
Q21041032,1,0,P17_only,0
Q4213685,1,0,P17_only,0
Q65368727,1,0,P17_only,0
Q16663008,1,1,P17+P131,1
Q118120750,1,1,P17+P131,0
Q13664409,1,1,P17+P131,1
Q99541377,0,1,P131_only,0
Q12570620,1,0,P17_only,1
Q16723194,1,1,P17+P131,1
Q63994139,1,0,P17_only,1
Q124153986,1,0,P17_only,0
Q4419309,1,0,P17_only,1
Q12534862,1,0,P17_only,1
Q25138449,1,0,P17_only,0
Q13662801,1,1,P17+P131,1
Q12556896,1,1,P17+P131,1
Q65250644,1,0,P17_only,1
Q12531249,1,0,P17_only,1
Q12529967,1,0,P17_only,1
Q32215560,1,1,P17+P131,0
Q18396390,1,1,P17+P131,1
Q43304698,1,0,P17_only,0
Q123363462,1,0,P17_only,0
Q27354998,1,0,P17_only,0
Q4273752,1,1,P17+P131,1
Q16272130,0,1,P131_only,1
Q32219451,1,0,P17_only,0
Q56368469,1,1,P17+P131,1
Q16431744,1,0,P17_only,1
Q16274380,1,1,P17+P131,1
Q16718998,1,1,P17+P131,1
Q964566,1,1,P17+P131,1
Q13554404,0,1,P131_only,1
Q12712745,1,0,P17_only,0
Q15617688,1,1,P17+P131,1
Q30972147,1,1,P17+P131,1
Q12530392,1,0,P17_only,1
Q30975251,1,1,P17+P131,1
Q108789735,1,1,P17+P131,0
Q12528556,1,0,P17_only,1
Q32198201,1,0,P17_only,0
Q22202934,1,1,P17+P131,1
Q16431321,1,0,P17_only,1
Q13648546,1,1,P17+P131,1
Q16710916,1,1,P17+P131,1
Q135829454,1,0,P17_only,0
Q87931552,1,0,P17_only,0
Q25504623,1,0,P17_only,1
Q14558541,1,0,P17_only,1
Q13642360,0,1,P131_only,1
Q44380139,1,0,P17_only,0
Q136090687,1,0,P17_only,0
Q4466060,1,1,P17+P131,1
Q16431114,1,1,P17+P131,1
Q13643516,1,1,P17+P131,1
Q32196073,1,0,P17_only,0
Q20098558,1,1,P17+P131,1
Q20485855,1,0,P17_only,1
Q32204166,1,0,P17_only,0
Q12537907,1,0,P17_only,1
Q136085157,1,0,P17_only,0
Q27351898,1,1,P17+P131,0
Q18407878,1,1,P17+P131,1
Q27351838,1,0,P17_only,1
Q32191190,1,0,P17_only,1
Q56366857,1,1,P17+P131,1
Q16664675,1,1,P17+P131,1
Q30953586,1,1,P17+P131,1
Q16272878,1,1,P17+P131,1
Q135829576,1,0,P17_only,0
Q7299332,1,1,P17+P131,1
Q123363452,1,0,P17_only,0
Q12576431,1,0,P17_only,1
Q13643219,0,1,P131_only,0
Q16681432,1,1,P17+P131,1
Q56367313,1,1,P17+P131,1
Q11585072,1,1,P17+P131,1
Q27351949,1,0,P17_only,0
Q135829745,1,0,P17_only,0
Q65264549,1,0,P17_only,0
Q93357767,1,0,P17_only,0
Q7500382,1,1,P17+P131,1
Q20485785,1,0,P17_only,1
Q125611849,1,0,P17_only,0
Q12527996,1,0,P17_only,1
Q65254617,1,0,P17_only,0
Q475139,1,1,P17+P131,0
Q27356910,1,0,P17_only,0
Q12700341,1,0,P17_only,0
Q20580220,1,1,P17+P131,1
Q31195456,1,0,P17_only,1
Q15992662,0,1,P131_only,0
Q20098618,1,1,P17+P131,1
Q4084703,1,1,P17+P131,1
Q16433376,1,1,P17+P131,1
Q17749626,1,1,P17+P131,1
Q135829062,1,0,P17_only,0
Q32217969,1,0,P17_only,0
Q20484296,1,0,P17_only,1
Q65252136,1,0,P17_only,0
Q16431828,1,0,P17_only,1
Q18413434,1,0,P17_only,0
Q13646747,1,1,P17+P131,1
Q25502792,1,1,P17+P131,1
Q18401125,1,1,P17+P131,1
Q16681508,1,1,P17+P131,0
Q15617686,1,1,P17+P131,1
Q12528666,1,0,P17_only,0
Q27430834,1,0,P17_only,0
Q27350655,1,0,P17_only,0
Q1971119,1,0,P17_only,0
Q15427128,1,0,P17_only,0
Q16273504,1,1,P17+P131,1
Q16630059,0,1,P131_only,1
Q16434711,1,0,P17_only,1
Q18409567,1,1,P17+P131,1
Q12532053,1,0,P17_only,1
Q28114159,1,0,P17_only,0
Q32198803,1,0,P17_only,0
Q13647295,1,1,P17+P131,1
Q12546545,1,0,P17_only,1
Q25397133,1,0,P17_only,0
Q20098209,1,1,P17+P131,1
Q12568279,1,1,P17+P131,1
Q136090680,1,0,P17_only,0
Q16704877,1,1,P17+P131,1
Q16704790,1,1,P17+P131,1
Q115936589,1,0,P17_only,0
Q124799901,1,0,P17_only,1
Q16719690,1,1,P17+P131,1
Q60169103,1,0,P17_only,0
Q33811540,1,1,P17+P131,0
Q7499667,0,1,P131_only,1
Q137527293,1,0,P17_only,0
Q135829078,1,0,P17_only,0
Q20074266,1,1,P17+P131,1
Q25464538,1,0,P17_only,0
Q16670722,1,1,P17+P131,1
Q18409352,1,1,P17+P131,1
Q32193379,1,0,P17_only,0
Q16680497,1,0,P17_only,0
Q17494812,1,1,P17+P131,1
Q27350689,1,0,P17_only,0
Q18407595,1,1,P17+P131,1
Q12576781,1,1,P17+P131,1
Q12535284,1,0,P17_only,1
Q16433417,1,0,P17_only,1
Q61366515,1,1,P17+P131,1
Q16699087,1,1,P17+P131,1
Q13667497,1,1,P17+P131,1
Q13662911,1,1,P17+P131,1
Q83284382,1,0,P17_only,0
Q125218006,1,0,P17_only,0
Q139591677,1,1,P17+P131,0
Q32200064,1,0,P17_only,0
Q12566685,1,0,P17_only,1
Q18412851,1,0,P17_only,0
Q4280053,1,0,P17_only,0
Q16656963,1,1,P17+P131,0
Q2451753,1,0,P17_only,0
Q27354028,1,0,P17_only,0
Q108861985,1,0,P17_only,0
Q5159826,1,0,P17_only,0
Q7687909,1,0,P17_only,0
Q27396920,1,0,P17_only,0
Q18401781,1,1,P17+P131,0
Q64350492,1,0,P17_only,0
Q16272631,1,1,P17+P131,1
Q20486262,1,0,P17_only,1
Q27350890,1,0,P17_only,0
Q16651114,1,1,P17+P131,1
Q2108711,1,0,P17_only,1
Q15867738,1,0,P17_only,0
Q32206361,1,0,P17_only,0
Q32215170,1,0,P17_only,0
Q27430755,1,0,P17_only,0
Q86660942,1,1,P17+P131,0
Q16692299,1,1,P17+P131,0
Q12532179,1,1,P17+P131,1
Q27354740,1,0,P17_only,0
Q16670961,1,1,P17+P131,1
Q12573321,1,0,P17_only,1
Q27356986,1,0,P17_only,0
Q12530734,1,0,P17_only,1
Q13653123,0,1,P131_only,1
Q135828453,1,0,P17_only,0
Q20098162,1,1,P17+P131,1
Q13359447,0,1,P131_only,1
Q18408695,1,1,P17+P131,0
Q12551460,0,1,P131_only,1
Q16661809,1,1,P17+P131,0
Q16653306,1,1,P17+P131,0
Q12528516,1,0,P17_only,1
Q13646686,1,1,P17+P131,1
Q1667618,1,0,P17_only,1
Q97821304,1,0,P17_only,0
Q13646282,1,1,P17+P131,1
Q13664190,1,1,P17+P131,1
Q32184862,1,1,P17+P131,0
Q12578495,1,0,P17_only,1
Q4537933,1,1,P17+P131,1
Q140500382,1,0,P17_only,0
Q28668914,1,0,P17_only,0
Q12573111,1,0,P17_only,1
Q16431675,1,0,P17_only,1
Q63818438,1,0,P17_only,0
Q32212832,1,0,P17_only,1
Q27354770,1,0,P17_only,0
Q32175662,1,0,P17_only,0
Q12535235,1,0,P17_only,1
Q16431473,1,1,P17+P131,1
Q16273223,1,1,P17+P131,1
Q61367354,1,1,P17+P131,1
Q135829184,1,0,P17_only,0
Q12576206,1,0,P17_only,1
Q32171928,1,0,P17_only,0
Q16274669,1,1,P17+P131,1
Q32178531,1,0,P17_only,0
Q16669157,1,1,P17+P131,1
Q12532224,1,0,P17_only,1
Q111297036,1,0,P17_only,0
Q12574423,1,1,P17+P131,1
Q27348123,1,0,P17_only,0
Q16699988,1,0,P17_only,0
Q16431092,1,1,P17+P131,1
Q16675022,1,1,P17+P131,1
Q27358159,1,1,P17+P131,0
Q7498503,0,1,P131_only,1
Q13648640,1,1,P17+P131,1
Q27357938,1,0,P17_only,0
Q20486354,1,1,P17+P131,1
Q68036952,1,0,P17_only,0
Q163479,1,1,P17+P131,1
Q27357457,1,0,P17_only,0
Q13663160,1,1,P17+P131,1
Q183468,1,0,P17_only,1
Q33060700,1,0,P17_only,0
Q12527453,1,1,P17+P131,1
Q3448684,1,1,P17+P131,1
Q131560355,1,0,P17_only,0
Q20485889,1,0,P17_only,1
Q4214337,1,1,P17+P131,1
Q35326085,1,0,P17_only,0
Q20486095,1,0,P17_only,1
Q123363742,1,0,P17_only,0
Q130739541,1,1,P17+P131,1
Q135829332,1,0,P17_only,0
Q135828823,1,0,P17_only,0
Q20486211,1,0,P17_only,1
Q12564583,1,1,P17+P131,1
Q13648983,1,1,P17+P131,1
Q4208094,1,1,P17+P131,1
Q2378015,1,1,P17+P131,1
Q30969395,1,1,P17+P131,1
Q28520110,1,1,P17+P131,0
Q16709449,1,1,P17+P131,1
Q27354958,1,0,P17_only,0
Q16433414,1,1,P17+P131,1
P6215,1,0,P17_only,0
Q12549938,1,1,P17+P131,1
Q65264082,1,0,P17_only,0
Q4091789,1,1,P17+P131,1
Q6358443,1,1,P17+P131,1
Q16432352,1,1,P17+P131,1
Q32175531,1,0,P17_only,0
Q13651880,1,1,P17+P131,1
Q12578940,1,0,P17_only,1
Q13641820,1,1,P17+P131,1
Q22201043,1,1,P17+P131,1
Q139710659,1,0,P17_only,0
Q32198060,1,0,P17_only,1
Q27357582,1,0,P17_only,0
Q13648250,1,1,P17+P131,1
Q12564464,1,0,P17_only,1
Q11510348,1,0,P17_only,1
Q12574501,1,0,P17_only,1
Q20486046,1,0,P17_only,1
Q27431019,1,0,P17_only,0
Q16691521,1,1,P17+P131,1
Q27430967,1,0,P17_only,0
Q27355001,1,0,P17_only,0
Q12575884,1,1,P17+P131,1
Q19618709,0,1,P131_only,1
Q135829794,1,0,P17_only,0
Q4500703,1,1,P17+P131,0
Q56367655,1,1,P17+P131,1
Q12104387,1,1,P17+P131,0
Q108533833,1,0,P17_only,0
Q32177403,1,0,P17_only,0
Q123363741,1,0,P17_only,0
Q66409756,1,0,P17_only,0
Q16709048,1,1,P17+P131,1
Q135829702,1,0,P17_only,0
Q123363759,1,0,P17_only,0
Q4454607,1,1,P17+P131,1
Q16631886,0,1,P131_only,1
Q4506171,1,1,P17+P131,1
Q12538993,1,1,P17+P131,1
Q13646526,1,1,P17+P131,1
Q13664252,1,1,P17+P131,1
Q12533130,1,0,P17_only,1
Q6354035,1,1,P17+P131,1
Q4506366,1,1,P17+P131,1
Q25505282,1,1,P17+P131,1
Q16533349,0,1,P131_only,1
Q12570410,1,1,P17+P131,1
Q27430863,1,0,P17_only,0
Q20456877,1,0,P17_only,0
Q16431839,1,0,P17_only,1
Q112113772,1,0,P17_only,0
Q16431090,1,1,P17+P131,1
Q16645969,0,1,P131_only,1
Q135828696,1,0,P17_only,0
Q16533085,0,1,P131_only,1
Q25389101,1,1,P17+P131,0
Q177477,1,1,P17+P131,1
Q1276492,1,0,P17_only,0
Q13648256,1,1,P17+P131,1
Q18409129,1,1,P17+P131,1
Q27351848,1,1,P17+P131,1
Q86667316,1,0,P17_only,0
Q12544283,0,1,P131_only,1
Q106920468,1,0,P17_only,0
Q140309087,1,0,P17_only,0
Q60289803,1,0,P17_only,0
Q12527607,1,0,P17_only,1
Q123363774,1,0,P17_only,0
Q5938857,1,0,P17_only,1
Q12576285,1,0,P17_only,1
Q12541005,0,1,P131_only,1
Q27356848,1,0,P17_only,0
Q12572648,1,0,P17_only,1
Q4214251,1,0,P17_only,1
Q20098325,1,1,P17+P131,1
Q4602504,1,0,P17_only,0
Q16705978,1,1,P17+P131,1
Q12561225,1,0,P17_only,1
Q42421926,1,1,P17+P131,0
Q12544806,1,0,P17_only,1
Q27430614,1,0,P17_only,0
Q107599676,1,0,P17_only,0
Q12543155,1,1,P17+P131,1
Q4408857,1,1,P17+P131,1
Q12569940,1,0,P17_only,1
Q12545599,1,0,P17_only,1
Q4539371,1,1,P17+P131,1
Q12531866,1,1,P17+P131,1
Q20098239,1,1,P17+P131,1
Q65255831,1,0,P17_only,1
Q12528817,1,0,P17_only,1
Q13646517,0,1,P131_only,1
Q123363634,1,0,P17_only,0
Q4275562,1,0,P17_only,1
Q27351624,1,1,P17+P131,0
Q27357844,1,0,P17_only,0
Q65091167,1,0,P17_only,0
Q124214957,1,0,P17_only,0
Q12570047,1,1,P17+P131,1
Q32214088,1,0,P17_only,0
Q20485809,1,0,P17_only,1
Q63577972,1,0,P17_only,0
Q136090638,1,0,P17_only,0
Q13645680,1,1,P17+P131,1
Q16664644,1,1,P17+P131,1
Q110259537,1,0,P17_only,0
Q7855513,1,0,P17_only,1
Q64198408,1,0,P17_only,1
Q16433289,1,0,P17_only,1
Q44486,1,1,P17+P131,1
Q4042028,1,0,P17_only,0
Q12535015,1,0,P17_only,1
Q3024377,1,1,P17+P131,1
Q1064926,1,0,P17_only,1
Q32362613,1,1,P17+P131,0
Q12547763,1,0,P17_only,1
Q16700627,1,1,P17+P131,1
Q12536242,1,1,P17+P131,1
Q20484715,1,0,P17_only,1
Q27357165,1,0,P17_only,0
Q16710279,1,1,P17+P131,1
Q134562953,1,1,P17+P131,0
Q86663673,1,1,P17+P131,0
Q20098364,1,1,P17+P131,1
Q12526022,1,1,P17+P131,1
Q16431865,1,1,P17+P131,1
Q16002289,0,1,P131_only,0
Q16673222,1,1,P17+P131,1
Q13651697,1,1,P17+P131,1
Q118180100,1,1,P17+P131,1
Q32188876,1,1,P17+P131,0
Q20485001,1,0,P17_only,1
Q123363760,1,0,P17_only,0
Q16638857,0,1,P131_only,1
Q12557609,1,0,P17_only,1
Q12574854,1,0,P17_only,1
Q27357647,1,0,P17_only,0
Q12569953,1,0,P17_only,1
Q25493891,1,0,P17_only,1
Q18399900,1,1,P17+P131,1
Q25482336,1,0,P17_only,1
Q12566860,1,1,P17+P131,1
Q16434050,1,0,P17_only,1
Q194170,1,0,P17_only,1
Q125122562,1,0,P17_only,0
Q12528008,1,1,P17+P131,1
Q16704935,1,1,P17+P131,1
Q15918915,1,1,P17+P131,1
Q1048562,1,0,P17_only,1
Q13664725,1,1,P17+P131,1
Q131723752,1,0,P17_only,0
Q10862218,1,1,P17+P131,1
Q16434809,1,1,P17+P131,1
Q13653148,0,1,P131_only,1
Q27350910,1,1,P17+P131,0
Q13649050,1,1,P17+P131,1
Q16710991,1,0,P17_only,0
Q13645721,1,1,P17+P131,1
Q12570740,1,1,P17+P131,1
Q16720285,1,1,P17+P131,0
Q27350697,1,0,P17_only,0
Q12569640,1,1,P17+P131,1
Q12557736,1,0,P17_only,1
Q16432759,1,1,P17+P131,1
Q12548656,1,0,P17_only,1
Q13649760,1,1,P17+P131,1
Q16433513,1,1,P17+P131,1
Q16657435,1,1,P17+P131,1
Q12569535,1,1,P17+P131,1
Q65250630,1,0,P17_only,1
Q18406048,1,1,P17+P131,1
Q12555759,1,1,P17+P131,1
Q12529005,1,0,P17_only,1
Q16431657,1,0,P17_only,1
Q3744499,1,0,P17_only,1
Q20098686,1,1,P17+P131,1
Q16434203,1,0,P17_only,1
Q13643108,0,1,P131_only,0
Q30972544,1,1,P17+P131,1
Q5639265,1,1,P17+P131,1
Q135828519,1,0,P17_only,0
Q13649016,1,1,P17+P131,1
Q27351888,1,1,P17+P131,0
Q2041562,1,0,P17_only,0
Q22205116,1,1,P17+P131,1
Q18574552,1,0,P17_only,0
Q31195511,1,0,P17_only,1
Q12547976,1,1,P17+P131,1
Q13641701,1,1,P17+P131,1
Q12552353,1,1,P17+P131,1
Q32185943,1,0,P17_only,0
Q12543506,1,0,P17_only,1
Q131467751,1,1,P17+P131,0
Q30974364,1,1,P17+P131,1
Q12564731,1,0,P17_only,1
Q56367652,1,1,P17+P131,1
Q32206911,1,0,P17_only,0
Q137831448,1,0,P17_only,0
Q1931118,1,0,P17_only,0
Q73878558,1,0,P17_only,0
Q17562737,1,1,P17+P131,1
Q20098481,1,1,P17+P131,1
Q32176216,1,0,P17_only,0
Q18409393,1,1,P17+P131,1
Q12554166,1,1,P17+P131,1
Q25487554,1,0,P17_only,1
Q15617674,1,1,P17+P131,1
Q254928,1,1,P17+P131,1
Q1813417,1,1,P17+P131,1
Q12530053,1,0,P17_only,1
Q4311730,1,0,P17_only,1
Q130062865,1,0,P17_only,0
Q20098318,1,1,P17+P131,1
Q32198948,1,0,P17_only,0
Q11005443,1,1,P17+P131,1
Q12579743,1,1,P17+P131,1
Q12550377,1,0,P17_only,1
Q16718446,1,1,P17+P131,1
Q123363523,1,0,P17_only,0
Q27357177,1,0,P17_only,0
Q134462908,1,0,P17_only,0
Q1752218,1,1,P17+P131,1
Q12531812,1,0,P17_only,1
Q13643761,1,1,P17+P131,1
Q12549965,1,1,P17+P131,1
Q13647399,1,1,P17+P131,1
Q16433380,1,1,P17+P131,1
Q123363706,1,0,P17_only,0
Q13648845,1,1,P17+P131,1
Q27351903,1,0,P17_only,0
Q12558106,1,0,P17_only,1
Q16434692,1,0,P17_only,1
Q32204645,1,0,P17_only,0
Q30975029,1,1,P17+P131,1
Q48137,1,0,P17_only,1
Q32212552,1,0,P17_only,0
Q16651845,1,1,P17+P131,1
Q32204242,1,0,P17_only,0
Q123363599,1,0,P17_only,0
Q16272518,1,1,P17+P131,0
Q28127462,1,1,P17+P131,0
Q13647315,1,1,P17+P131,1
Q7499986,0,1,P131_only,1
Q12531436,1,1,P17+P131,1
Q13664277,1,1,P17+P131,1
Q16654033,1,1,P17+P131,0
Q16713597,1,1,P17+P131,1
Q20098153,1,1,P17+P131,1
Q114976705,1,0,P17_only,1
Q12563105,1,1,P17+P131,1
Q16651867,1,0,P17_only,0
Q60850222,1,0,P17_only,1
Q131356082,0,1,P131_only,0
Q32205180,1,0,P17_only,0
Q1356864,1,0,P17_only,1
Q18409183,1,1,P17+P131,0
Q27354763,1,1,P17+P131,0
Q97640870,1,0,P17_only,0
Q12530086,1,0,P17_only,1
Q7243233,1,0,P17_only,0
Q31510110,1,0,P17_only,0
Q27354925,1,0,P17_only,0
Q135828832,1,0,P17_only,0
Q30974946,1,1,P17+P131,1
Q13648769,1,1,P17+P131,1
Q24090932,1,0,P17_only,0
Q32169773,0,1,P131_only,0
Q16433991,1,1,P17+P131,1
Q12564666,1,0,P17_only,1
Q27357786,1,0,P17_only,0
Q13642994,0,1,P131_only,1
Q16695497,1,1,P17+P131,1
Q27357866,1,0,P17_only,0
Q15043657,1,0,P17_only,0
Q27354158,1,0,P17_only,0
Q16433330,1,0,P17_only,1
Q13646487,1,1,P17+P131,1
Q123363813,1,0,P17_only,0
Q12526925,1,0,P17_only,1
Q27358238,1,0,P17_only,0
Q13645642,1,1,P17+P131,1
Q1048063,1,1,P17+P131,1
Q120535413,1,0,P17_only,0
Q119442493,1,0,P17_only,0
Q13662924,1,1,P17+P131,1
Q12530299,1,1,P17+P131,1
Q25485226,1,1,P17+P131,1
Q54567698,0,1,P131_only,1
Q137551670,1,1,P17+P131,0
Q16690879,1,1,P17+P131,1
Q13416163,0,1,P131_only,1
Q12542852,1,0,P17_only,1
Q27357707,1,0,P17_only,0
Q12546355,1,0,P17_only,1
Q20098633,1,1,P17+P131,1
Q11294054,1,0,P17_only,1
Q13427005,0,1,P131_only,1
Q16431441,1,0,P17_only,1
Q12533361,1,0,P17_only,1
Q13652694,0,1,P131_only,1
Q4061215,1,1,P17+P131,1
Q56367392,1,1,P17+P131,1
Q13641672,1,1,P17+P131,1
Q18400486,1,1,P17+P131,1
Q13645841,1,1,P17+P131,1
Q13664178,1,1,P17+P131,1
Q25508120,1,0,P17_only,1
Q135829807,1,0,P17_only,0
Q7273463,1,1,P17+P131,1
Q16434657,1,0,P17_only,1
Q32172526,1,1,P17+P131,1
Q13649807,1,1,P17+P131,1
Q32215011,1,0,P17_only,0
Q137527319,1,0,P17_only,0
Q18407642,1,1,P17+P131,1
Q30974963,1,1,P17+P131,1
Q40236165,1,0,P17_only,0
Q135828510,1,0,P17_only,0
Q12574652,1,1,P17+P131,1
Q18398984,1,1,P17+P131,1
Q32175746,1,0,P17_only,0
Q4179779,1,0,P17_only,1
Q16273063,1,1,P17+P131,1
Q56367316,1,1,P17+P131,1
Q27351906,1,1,P17+P131,0
Q135829195,1,0,P17_only,0
Q27347350,1,0,P17_only,0
Q1166032,1,1,P17+P131,1
Q12569648,1,0,P17_only,1
Q12537050,1,0,P17_only,1
Q12526537,1,0,P17_only,1
Q27355079,1,0,P17_only,0
Q65175589,1,1,P17+P131,1
Q21654441,1,0,P17_only,0
Q16696089,1,1,P17+P131,1
Q16273908,1,1,P17+P131,1
Q18326475,1,0,P17_only,0
Q16637017,0,1,P131_only,1
Q25502120,1,1,P17+P131,1
Q16431366,1,0,P17_only,1
Q130080414,1,1,P17+P131,0
Q12532815,1,1,P17+P131,1
Q108533829,1,0,P17_only,0
Q13228722,0,1,P131_only,1
Q13359504,0,1,P131_only,1
Q16431398,1,0,P17_only,1
Q16434149,1,0,P17_only,1
Q65159731,1,0,P17_only,0
Q1429523,1,0,P17_only,1
Q4126490,1,1,P17+P131,1
Q16701417,1,1,P17+P131,1
Q12569828,1,0,P17_only,1
Q32190876,1,0,P17_only,0
Q118953468,1,0,P17_only,0
Q12578156,1,0,P17_only,1
Q1651017,1,1,P17+P131,1
Q12531691,1,0,P17_only,1
Q16432775,1,0,P17_only,1
Q13642430,0,1,P131_only,1
Q537283,1,0,P17_only,1
Q108533853,1,0,P17_only,0
Q18401579,1,1,P17+P131,1
Q4062922,1,1,P17+P131,1
Q13645651,1,1,P17+P131,1
Q12528692,1,1,P17+P131,1
Q12531635,1,1,P17+P131,1
Q748155,1,0,P17_only,1
Q13641810,1,1,P17+P131,1
Q335042,1,1,P17+P131,1
Q2726410,1,1,P17+P131,1
Q20485789,1,0,P17_only,1
Q12541886,0,1,P131_only,1
Q2354571,1,0,P17_only,1
Q55564417,1,0,P17_only,0
Q21103886,1,1,P17+P131,1
Q27358282,1,0,P17_only,0
Q16434743,1,1,P17+P131,1
Q13651947,1,1,P17+P131,1
Q4470683,1,0,P17_only,1
Q43304675,1,0,P17_only,0
Q60851418,1,1,P17+P131,0
Q15918911,1,1,P17+P131,1
Q16652300,1,1,P17+P131,1
Q124528069,1,0,P17_only,1
Q27348216,1,0,P17_only,1
Q2632010,1,0,P17_only,0
Q55702130,1,0,P17_only,0
Q16002321,0,1,P131_only,1
Q12569186,1,1,P17+P131,1
Q20098660,1,1,P17+P131,1
Q12542996,1,0,P17_only,1
Q56306588,1,0,P17_only,0
Q123363548,1,0,P17_only,0
Q16698127,1,1,P17+P131,1
Q18406953,1,1,P17+P131,1
Q30897698,1,1,P17+P131,1
Q13648248,1,1,P17+P131,1
Q16272012,0,1,P131_only,1
Q4810533,1,0,P17_only,1
Q13663191,1,1,P17+P131,1
Q18404827,1,0,P17_only,1
Q16713782,1,1,P17+P131,0
Q13646867,1,1,P17+P131,1
Q115616365,1,0,P17_only,0
Q32177580,1,0,P17_only,0
Q1009456,1,1,P17+P131,1
Q65174129,1,0,P17_only,0
Q32182892,1,0,P17_only,0
Q123363611,1,0,P17_only,0
Q12567080,1,1,P17+P131,1
Q12683558,1,0,P17_only,0
Q18635132,1,0,P17_only,0
Q13663972,1,1,P17+P131,1
Q13643386,1,1,P17+P131,1
Q18401504,1,1,P17+P131,1
Q137794598,1,0,P17_only,0
Q27357201,1,0,P17_only,0
Q20098275,1,1,P17+P131,1
Q16677993,1,1,P17+P131,1
Q16668587,1,1,P17+P131,1
Q27347344,1,0,P17_only,0
Q4477893,1,0,P17_only,0
Q130530785,1,1,P17+P131,0
Q12535345,1,1,P17+P131,1
Q16433367,1,0,P17_only,1
Q12566974,1,1,P17+P131,1
Q28671124,1,0,P17_only,0
Q13642180,1,1,P17+P131,1
Q12566179,1,1,P17+P131,1
Q12169487,1,0,P17_only,0
Q123705759,1,1,P17+P131,0
Q4405313,1,1,P17+P131,1
Q16661719,1,1,P17+P131,1
Q13642414,0,1,P131_only,1
Q60046057,1,1,P17+P131,0
Q13645970,1,1,P17+P131,1
Q31904345,1,1,P17+P131,0
Q27352590,0,1,P131_only,0
Q13646244,1,1,P17+P131,1
Q15918883,1,1,P17+P131,1
Q32218468,1,0,P17_only,0
Q13663021,1,1,P17+P131,1
Q27348292,1,0,P17_only,0
Q30294491,1,1,P17+P131,0
Q25505487,1,1,P17+P131,1
Q27430868,1,0,P17_only,0
Q12578769,1,1,P17+P131,1
Q27354805,1,0,P17_only,0
Q108533820,1,0,P17_only,0
Q56367099,1,1,P17+P131,1
Q20098180,1,1,P17+P131,1
Q56368945,1,1,P17+P131,1
Q32199506,1,0,P17_only,0
Q12570921,1,0,P17_only,1
Q15918884,1,1,P17+P131,1
Q16432243,1,0,P17_only,1
Q20484202,1,0,P17_only,1
Q12552617,1,0,P17_only,1
Q4524163,1,0,P17_only,0
Q20098662,1,1,P17+P131,1
Q13646996,1,1,P17+P131,1
Q12528862,1,0,P17_only,1
Q20486144,1,0,P17_only,1
Q32216882,1,1,P17+P131,0
Q19611570,0,1,P131_only,1
Q28668881,1,0,P17_only,0
Q55659344,1,0,P17_only,0
Q32185738,1,1,P17+P131,0
Q12550846,1,0,P17_only,1
Q12553373,1,0,P17_only,1
Q27357926,1,0,P17_only,0
Q32204835,1,0,P17_only,0
Q107752572,1,0,P17_only,0
Q16274590,1,1,P17+P131,1
Q13359505,0,1,P131_only,1
Q16433420,1,1,P17+P131,1
Q27357904,1,0,P17_only,0
Q32173074,1,0,P17_only,0
Q12537450,1,0,P17_only,1
Q137119688,0,1,P131_only,0
Q4231989,1,1,P17+P131,1
Q13641946,1,1,P17+P131,1
Q22914837,1,1,P17+P131,0
Q12528505,1,0,P17_only,1
Q139891390,1,1,P17+P131,0
Q32197733,1,0,P17_only,0
Q86663769,1,0,P17_only,0
Q123363488,1,0,P17_only,0
Q16711925,1,0,P17_only,1
Q16712962,1,1,P17+P131,1
Q25577,1,1,P17+P131,1
Q12539436,1,1,P17+P131,1
Q18408716,1,1,P17+P131,1
Q27357959,1,0,P17_only,0
Q13664051,1,1,P17+P131,1
Q27355025,1,0,P17_only,0
Q111296971,1,0,P17_only,0
Q12574771,1,0,P17_only,1
Q16689468,1,1,P17+P131,1
Q12525857,1,0,P17_only,1
Q16689327,1,1,P17+P131,1
Q27356938,1,0,P17_only,0
Q12544829,1,1,P17+P131,1
Q16273487,1,1,P17+P131,1
Q28520305,1,1,P17+P131,0
Q18401747,1,1,P17+P131,1
Q27431013,1,0,P17_only,0
Q12542653,1,0,P17_only,1
Q61729674,1,0,P17_only,0
Q27354706,1,0,P17_only,0
Q32212598,1,0,P17_only,0
Q32215594,1,1,P17+P131,0
Q111297026,1,0,P17_only,0
Q108533877,1,0,P17_only,0
Q13661812,1,1,P17+P131,1
Q22097561,1,1,P17+P131,0
Q12526534,1,1,P17+P131,1
Q27798463,1,0,P17_only,0
Q30975108,1,1,P17+P131,1
Q55659102,1,0,P17_only,0
Q32197405,1,0,P17_only,0
Q13645641,1,1,P17+P131,1
Q16432002,1,1,P17+P131,1
Q2549660,1,1,P17+P131,1
Q48608445,1,0,P17_only,0
Q12554254,1,1,P17+P131,1
Q13643071,0,1,P131_only,0
Q97316202,1,0,P17_only,0
Q12569824,1,1,P17+P131,1
Q119442295,1,0,P17_only,0
Q10851235,1,0,P17_only,0
Q27430894,1,0,P17_only,0
Q32200642,1,0,P17_only,0
Q20484935,1,0,P17_only,1
Q13651891,1,1,P17+P131,1
Q18399264,1,1,P17+P131,1
Q118088850,1,0,P17_only,0
Q16681293,1,1,P17+P131,1
Q27357712,1,0,P17_only,0
Q27430772,1,0,P17_only,0
Q12532503,1,0,P17_only,1
Q3181048,1,0,P17_only,0
Q13648749,1,1,P17+P131,1
Q16431912,1,0,P17_only,1
Q13359521,1,1,P17+P131,1
Q13640640,0,1,P131_only,1
Q32198187,1,0,P17_only,0
Q27357108,1,0,P17_only,0
Q2629898,1,0,P17_only,1
Q27357002,1,0,P17_only,0
Q64197883,1,0,P17_only,1
Q12533778,1,0,P17_only,1
Q13645646,1,1,P17+P131,1
Q18117418,1,0,P17_only,0
Q27348295,1,0,P17_only,0
Q12536763,1,0,P17_only,1
Q16274129,1,1,P17+P131,1
Q12561034,1,1,P17+P131,1
Q134310110,1,1,P17+P131,0
Q55657886,1,0,P17_only,0
Q21036245,1,1,P17+P131,0
Q112113716,1,0,P17_only,0
Q12545341,1,0,P17_only,1
Q12531245,1,0,P17_only,1
Q12534379,1,0,P17_only,1
Q30897560,1,1,P17+P131,0
Q22934949,1,0,P17_only,1
Q13664060,1,1,P17+P131,1
Q16646506,1,1,P17+P131,1
Q32212516,1,0,P17_only,0
Q20484885,1,0,P17_only,1
Q16433779,1,0,P17_only,1
Q16651855,1,0,P17_only,1
Q16625983,0,1,P131_only,1
Q27352826,1,0,P17_only,0
Q13156662,1,1,P17+P131,1
Q20098131,1,1,P17+P131,1
Q32170904,1,1,P17+P131,0
Q13661798,1,1,P17+P131,1
Q135829867,1,0,P17_only,0
Q326422,1,0,P17_only,1
Q27430521,1,0,P17_only,0
Q20485956,1,0,P17_only,1
Q1414995,1,0,P17_only,0
Q55639222,1,1,P17+P131,0
Q32204080,1,0,P17_only,0
Q30972751,1,1,P17+P131,1
Q12546817,1,1,P17+P131,1
Q135828712,1,0,P17_only,0
Q12526061,1,0,P17_only,1
Q16650803,1,1,P17+P131,1
Q16432033,1,0,P17_only,1
Q12574382,1,0,P17_only,1
Q32197008,1,0,P17_only,0
Q4099913,1,1,P17+P131,0
Q12531492,1,0,P17_only,1
Q32196578,1,0,P17_only,0
Q27350701,1,1,P17+P131,0
Q130644555,1,1,P17+P131,1
Q108533872,1,0,P17_only,0
Q18406886,1,1,P17+P131,1
Q13645678,1,1,P17+P131,1
Q65269623,1,0,P17_only,0
Q2726370,1,1,P17+P131,1
Q115913402,1,0,P17_only,0
Q123363867,1,0,P17_only,0
Q64150528,1,0,P17_only,0
Q4086696,1,0,P17_only,1
Q65263032,1,0,P17_only,0
Q55659652,1,0,P17_only,0
Q12527755,1,1,P17+P131,1
Q27354837,1,0,P17_only,0
Q27350643,1,0,P17_only,0
Q2726493,1,1,P17+P131,1
Q19360721,1,0,P17_only,1
Q3661017,1,0,P17_only,1
Q104638916,1,1,P17+P131,0
Q211529,1,1,P17+P131,1
Q12559096,1,1,P17+P131,1
Q65608299,1,0,P17_only,0
Q32182646,1,0,P17_only,0
Q12574755,1,0,P17_only,1
Q16674242,1,1,P17+P131,1
Q12532529,1,1,P17+P131,1
Q12534989,1,1,P17+P131,1
Q13641703,1,1,P17+P131,1
Q13651706,1,1,P17+P131,1
Q12536983,1,0,P17_only,1
Q32211385,1,0,P17_only,0
Q7498440,0,1,P131_only,1
Q13415186,0,1,P131_only,1
Q27357698,1,0,P17_only,0
Q12534246,1,1,P17+P131,1
Q17057134,1,1,P17+P131,1
Q13662913,1,1,P17+P131,1
Q12528523,1,1,P17+P131,1
Q32201637,1,0,P17_only,0
Q27430910,1,0,P17_only,0
Q65082672,1,0,P17_only,0
Q27354201,1,0,P17_only,0
Q123363445,1,0,P17_only,0
Q64200886,1,0,P17_only,1
Q12562920,1,0,P17_only,1
Q1046145,1,0,P17_only,1
Q16646719,1,1,P17+P131,1
Q12527385,1,0,P17_only,1
Q30969608,1,1,P17+P131,1
Q13645771,1,1,P17+P131,1
Q27350709,1,0,P17_only,0
Q960515,1,1,P17+P131,1
Q21187680,1,0,P17_only,0
Q20484853,1,0,P17_only,1
Q27430690,1,1,P17+P131,1
Q65078411,1,0,P17_only,0
Q55658137,1,0,P17_only,0
Q16431484,1,0,P17_only,1
Q13650000,1,1,P17+P131,1
Q97163099,1,0,P17_only,0
Q16686177,1,1,P17+P131,1
Q16713902,1,1,P17+P131,0
Q12527526,1,0,P17_only,1
Q32202835,1,0,P17_only,0
Q2159572,1,0,P17_only,0
Q12542147,1,1,P17+P131,1
Q32202642,1,0,P17_only,0
Q12554096,1,1,P17+P131,1
Q12576110,1,0,P17_only,1
Q60289702,1,0,P17_only,0
Q32217159,1,0,P17_only,0
Q18399372,1,1,P17+P131,1
Q32181754,1,0,P17_only,0
Q32203350,1,0,P17_only,0
Q12973954,1,0,P17_only,0
Q135829293,1,0,P17_only,0
Q65263601,1,0,P17_only,0
Q32173292,1,1,P17+P131,0
Q12569727,1,0,P17_only,1
Q32186695,1,0,P17_only,0
Q16668679,1,0,P17_only,1
Q4506358,1,1,P17+P131,1
Q16432078,1,1,P17+P131,1
Q96369383,1,0,P17_only,0
Q25390300,1,1,P17+P131,0
Q132402972,1,0,P17_only,0
Q12569754,1,0,P17_only,1
Q16431478,1,0,P17_only,1
Q12528890,1,0,P17_only,1
Q62592542,1,0,P17_only,0
Q16431375,1,0,P17_only,1
Q64197554,1,0,P17_only,1
Q121287838,1,1,P17+P131,0
Q32186284,1,1,P17+P131,0
Q25420094,1,1,P17+P131,1
Q18406236,1,1,P17+P131,0
Q12546549,1,0,P17_only,1
Q32172365,1,0,P17_only,1
Q111297023,1,0,P17_only,0
Q137574698,1,0,P17_only,0
Q138314007,1,0,P17_only,0
Q12528400,1,0,P17_only,1
Q129880724,1,1,P17+P131,1
Q19366532,1,0,P17_only,0
Q27353874,1,1,P17+P131,0
Q20486188,1,0,P17_only,1
Q12567104,1,1,P17+P131,1
Q12532192,1,1,P17+P131,1
Q27354946,1,0,P17_only,0
Q13664200,1,1,P17+P131,1
Q85740983,1,1,P17+P131,0
Q7311006,0,1,P131_only,1
Q13646393,1,1,P17+P131,1
Q859547,1,0,P17_only,0
Q13648980,1,1,P17+P131,1
Q98908348,0,1,P131_only,0
Q192604,1,0,P17_only,1
Q13643736,1,1,P17+P131,1
Q805515,1,1,P17+P131,1
Q27350661,1,0,P17_only,0
Q13664466,1,1,P17+P131,1
Q114799612,1,0,P17_only,1
Q27357638,1,0,P17_only,0
Q61367863,1,1,P17+P131,1
Q20467949,1,0,P17_only,0
Q135829904,1,0,P17_only,0
Q16432045,1,1,P17+P131,1
Q15283117,1,0,P17_only,0
Q27350619,1,0,P17_only,1
Q12546194,1,0,P17_only,1
Q16686541,1,1,P17+P131,0
Q12567641,1,0,P17_only,1
Q108533824,1,0,P17_only,0
Q60834562,1,1,P17+P131,0
Q32362186,1,0,P17_only,0
Q117187663,1,0,P17_only,1
Q27354905,1,0,P17_only,1
Q2726443,1,1,P17+P131,1
Q12553193,1,0,P17_only,1
Q67451808,1,1,P17+P131,0
Q2353294,1,0,P17_only,0
Q12549158,1,0,P17_only,1
Q16434041,1,0,P17_only,1
Q13643471,1,1,P17+P131,1
Q18406312,1,1,P17+P131,1
Q42421278,1,1,P17+P131,0
Q16272728,1,1,P17+P131,1
Q18406500,1,1,P17+P131,0
Q16071059,0,1,P131_only,1
Q20081894,1,1,P17+P131,1
Q30975124,1,1,P17+P131,1
Q30969536,1,1,P17+P131,1
Q56367097,1,1,P17+P131,1
Q12574537,1,1,P17+P131,1
Q123363614,1,0,P17_only,0
Q12565499,1,1,P17+P131,1
Q12532829,1,0,P17_only,1
Q27357335,1,1,P17+P131,0
Q4505125,1,1,P17+P131,1
Q27356858,1,0,P17_only,0
Q206473,1,0,P17_only,0
Q17562728,1,1,P17+P131,1
Q25047732,1,0,P17_only,1
Q4399515,1,1,P17+P131,1
Q16434012,1,1,P17+P131,1
Q123785741,1,0,P17_only,0
Q20486229,1,0,P17_only,1
Q138746146,1,1,P17+P131,0
Q97162818,1,0,P17_only,0
Q13642217,1,1,P17+P131,1
Q4286992,1,0,P17_only,1
Q4412495,1,1,P17+P131,1
Q12567075,1,0,P17_only,1
Q16433501,1,0,P17_only,1
Q20098480,1,1,P17+P131,1
Q61366339,1,1,P17+P131,1
Q55657956,1,0,P17_only,1
Q64144060,1,1,P17+P131,0
Q27430864,1,0,P17_only,0
Q12537268,1,1,P17+P131,1
Q16434474,1,0,P17_only,1
Q137527453,1,0,P17_only,0
Q135829649,1,0,P17_only,0
Q4208096,1,1,P17+P131,1
Q1186045,1,1,P17+P131,0
Q97316225,1,0,P17_only,0
Q13650432,1,1,P17+P131,1
Q48732074,1,0,P17_only,0
Q27354922,1,0,P17_only,0
Q23958944,1,0,P17_only,1
Q12574825,1,0,P17_only,1
Q12691083,1,0,P17_only,0
Q12550391,1,0,P17_only,1
Q12567844,1,0,P17_only,1
Q12555714,1,1,P17+P131,1
Q27352871,1,0,P17_only,0
Q137942970,1,0,P17_only,0
Q16693832,1,1,P17+P131,1
Q135905371,1,0,P17_only,0
Q16667186,1,1,P17+P131,1
Q12531750,1,1,P17+P131,1
Q32206247,1,0,P17_only,0
Q1377553,1,1,P17+P131,1
Q4086533,1,1,P17+P131,1
Q135829572,1,0,P17_only,0
Q13641828,1,1,P17+P131,1
Q18407302,1,1,P17+P131,1
Q32202237,1,1,P17+P131,0
Q32216350,1,0,P17_only,0
Q484479,1,0,P17_only,1
Q16434680,1,0,P17_only,1
Q16665871,1,1,P17+P131,1
Q20083510,1,0,P17_only,0
Q96094767,1,0,P17_only,0
Q21097514,1,0,P17_only,0
Q32175700,1,1,P17+P131,0
Q12684217,1,1,P17+P131,1
Q16684124,1,1,P17+P131,1
Q16693835,1,1,P17+P131,1
Q16432287,1,0,P17_only,1
Q123225282,1,0,P17_only,0
Q12576880,1,1,P17+P131,1
Q13642181,1,1,P17+P131,1
Q16667689,1,1,P17+P131,0
Q27352428,1,1,P17+P131,0
Q30972519,1,1,P17+P131,1
Q13643197,0,1,P131_only,1
Q12694412,1,0,P17_only,0
Q136439555,1,0,P17_only,0
Q12578360,1,0,P17_only,1
Q16692713,1,1,P17+P131,1
Q32170611,0,1,P131_only,0
Q16431446,1,0,P17_only,1
Q27357436,1,0,P17_only,0
Q16432166,1,0,P17_only,1
Q13656162,1,1,P17+P131,1
Q12565380,1,0,P17_only,1
Q12568745,1,1,P17+P131,1
Q66108321,1,1,P17+P131,0
Q16889813,1,0,P17_only,0
Q123363619,1,0,P17_only,0
Q32211943,1,0,P17_only,0
Q112635513,0,1,P131_only,0
Q6362334,1,1,P17+P131,1
Q32219150,1,0,P17_only,0
Q27354977,1,0,P17_only,0
Q16688428,1,1,P17+P131,1
Q109452587,1,0,P17_only,0
Q139297379,1,1,P17+P131,0
Q54470966,0,1,P131_only,0
Q112654979,0,1,P131_only,0
Q2338865,1,0,P17_only,0
Q111987874,1,1,P17+P131,0
Q139795064,1,1,P17+P131,0
Q135829042,1,0,P17_only,0
Q30633363,1,0,P17_only,0
Q16668774,1,1,P17+P131,1
Q12533227,1,0,P17_only,1
Q13646139,0,1,P131_only,1
Q4481903,1,0,P17_only,0
Q12535933,1,1,P17+P131,1
Q16720836,1,1,P17+P131,1
Q135829476,1,0,P17_only,0
Q12558659,1,0,P17_only,1
Q27354753,1,0,P17_only,0
Q20098516,1,1,P17+P131,1
Q55571559,1,0,P17_only,0
Q12540714,0,1,P131_only,1
Q32213372,1,0,P17_only,0
Q138341702,1,0,P17_only,0
Q27355111,1,0,P17_only,1
Q112004021,1,0,P17_only,0
Q12533966,1,0,P17_only,1
Q15617537,1,1,P17+P131,1
Q32214383,1,1,P17+P131,0
Q104249147,1,0,P17_only,0
Q20098390,1,1,P17+P131,1
Q110485776,1,0,P17_only,0
Q6352184,1,1,P17+P131,1
Q13641614,1,1,P17+P131,1
Q134177517,1,1,P17+P131,0
Q6380808,1,0,P17_only,0
Q27355057,1,0,P17_only,0
Q20484852,1,0,P17_only,1
Q12549940,1,1,P17+P131,1
Q32200931,1,1,P17+P131,1
Q136568274,1,0,P17_only,0
Q16272440,1,1,P17+P131,1
Q12550898,1,1,P17+P131,1
Q13661816,1,1,P17+P131,1
Q16678541,1,1,P17+P131,1
Q12544379,0,1,P131_only,1
Q30266810,0,1,P131_only,0
Q135829999,1,0,P17_only,0
Q32197210,1,1,P17+P131,0
Q27430884,1,0,P17_only,0
Q18333498,1,0,P17_only,0
Q16708855,1,1,P17+P131,1
Q135829466,1,0,P17_only,0
Q13646522,1,1,P17+P131,1
Q56367161,1,1,P17+P131,1
Q64195873,1,0,P17_only,1
Q22328526,1,0,P17_only,0
Q12565875,1,0,P17_only,1
Q16434280,1,0,P17_only,1
Q12552422,1,0,P17_only,1
Q12572696,1,1,P17+P131,1
Q12550921,1,0,P17_only,1
Q32183721,1,0,P17_only,0
Q12574153,1,0,P17_only,1
Q13643031,0,1,P131_only,0
Q16002317,0,1,P131_only,0
Q32181454,1,0,P17_only,0
Q12529700,1,1,P17+P131,1
Q32187469,1,0,P17_only,0
Q12553736,1,1,P17+P131,1
Q16648607,1,1,P17+P131,1
Q12574833,1,1,P17+P131,1
Q111125777,1,0,P17_only,0
Q16434130,1,1,P17+P131,1
Q12682812,1,0,P17_only,0
Q120962440,1,0,P17_only,0
Q133812250,1,0,P17_only,0
Q77861080,1,0,P17_only,0
Q12526516,1,0,P17_only,1
Q16433229,1,0,P17_only,1
Q16670971,1,1,P17+P131,1
Q111296977,1,0,P17_only,0
Q32211344,1,0,P17_only,0
Q16677605,1,1,P17+P131,1
Q4231510,1,0,P17_only,1
Q140697538,1,0,P17_only,0
Q27348181,1,0,P17_only,0
Q27430971,1,0,P17_only,0
Q108533856,1,0,P17_only,0
Q16433550,1,1,P17+P131,1
Q4056122,1,0,P17_only,1
Q13646397,1,1,P17+P131,1
Q27357701,1,0,P17_only,0
Q3259794,1,1,P17+P131,1
Q16648872,1,1,P17+P131,1
Q13648843,1,1,P17+P131,1
Q12547817,1,0,P17_only,1
Q137943415,1,0,P17_only,0
Q16674071,1,1,P17+P131,1
Q13652428,0,1,P131_only,1
Q8975253,1,1,P17+P131,1
Q9161479,1,1,P17+P131,1
Q13651726,1,1,P17+P131,1
Q27348273,1,0,P17_only,0
Q13663156,1,1,P17+P131,1
Q13552026,0,1,P131_only,1
Q12544005,0,1,P131_only,1
Q16664655,1,1,P17+P131,1
Q13641649,1,1,P17+P131,1
Q20098169,1,1,P17+P131,1
Q12561127,1,1,P17+P131,1
Q16433827,1,0,P17_only,1
Q133253146,1,1,P17+P131,1
Q12532152,1,1,P17+P131,1
Q7485390,1,1,P17+P131,1
Q131152232,1,1,P17+P131,1
Q12532226,1,1,P17+P131,1
Q27430872,1,0,P17_only,0
Q20486148,1,0,P17_only,1
Q4384363,1,1,P17+P131,1
Q16685413,1,0,P17_only,1
Q12570365,1,0,P17_only,1
Q13640829,1,1,P17+P131,1
Q13647437,1,1,P17+P131,1
Q20073324,1,1,P17+P131,1
Q1452193,1,0,P17_only,0
Q13308390,0,1,P131_only,1
Q135828605,1,0,P17_only,0
Q16685605,1,1,P17+P131,1
Q13664387,1,1,P17+P131,1
Q32206827,1,0,P17_only,0
Q15617646,1,1,P17+P131,1
Q30975035,1,1,P17+P131,1
Q12544371,0,1,P131_only,1
Q12534448,1,1,P17+P131,1
Q16662095,1,0,P17_only,0
Q130719481,1,0,P17_only,1
Q27357849,1,0,P17_only,0
Q2640889,1,0,P17_only,1
Q12565691,1,1,P17+P131,1
Q135829161,1,0,P17_only,0
Q27348264,1,0,P17_only,0
Q13589438,0,1,P131_only,1
Q20458184,1,0,P17_only,0
Q13664517,1,1,P17+P131,1
Q13663172,1,1,P17+P131,1
Q13645654,1,1,P17+P131,1
Q16648616,1,1,P17+P131,1
Q15617653,1,1,P17+P131,1
Q32205940,1,0,P17_only,0
Q3192204,1,1,P17+P131,1
Q12560666,1,0,P17_only,1
Q123363792,1,0,P17_only,0
Q27430955,1,0,P17_only,0
Q3752958,1,0,P17_only,0
Q27357957,1,0,P17_only,0
Q32177818,1,0,P17_only,1
Q124459637,1,0,P17_only,0
Q55657206,1,0,P17_only,0
Q13650412,1,1,P17+P131,1
Q13359363,0,1,P131_only,1
Q13641893,1,1,P17+P131,1
Q12539625,1,1,P17+P131,1
Q135828923,1,0,P17_only,0
Q15043428,1,0,P17_only,0
Q16678535,1,1,P17+P131,1
Q27352794,0,1,P131_only,0
Q32216492,1,0,P17_only,0
Q4045610,1,0,P17_only,1
Q6363702,1,0,P17_only,0
Q64199675,1,0,P17_only,0
Q122799735,1,1,P17+P131,0
Q12702187,1,1,P17+P131,1
Q27358025,1,1,P17+P131,0
Q4412508,1,0,P17_only,1
Q12540822,0,1,P131_only,1
Q10851236,1,0,P17_only,0
Q27354855,1,0,P17_only,0
Q12527602,1,0,P17_only,1
Q13642250,1,1,P17+P131,1
Q112635508,0,1,P131_only,0
Q16681535,1,1,P17+P131,1
Q102154593,1,0,P17_only,0
Q27357190,1,0,P17_only,0
Q110863552,1,0,P17_only,1
Q27357223,1,0,P17_only,0
Q12533428,1,0,P17_only,1
Q32216369,1,1,P17+P131,0
Q4469710,1,0,P17_only,0
Q16631356,0,1,P131_only,1
Q13646922,1,1,P17+P131,1
Q32206095,1,0,P17_only,0
Q27357470,1,0,P17_only,0
Q27350773,1,0,P17_only,1
Q16720762,1,1,P17+P131,1
Q1047287,1,1,P17+P131,1
Q20098619,1,1,P17+P131,1
Q12554176,1,0,P17_only,1
Q13382426,0,1,P131_only,1
Q123225289,1,0,P17_only,0
Q1657107,1,0,P17_only,0
Q12572483,1,0,P17_only,1
Q7249313,1,0,P17_only,1
Q32211123,1,0,P17_only,0
Q4333061,1,1,P17+P131,1
Q32177150,1,0,P17_only,0
Q135829330,1,0,P17_only,0
Q30897594,1,1,P17+P131,0
Q12534707,1,1,P17+P131,1
Q55582868,1,0,P17_only,0
Q16710989,1,0,P17_only,0
Q4083203,1,1,P17+P131,1
Q15617573,1,1,P17+P131,1
Q13641633,1,1,P17+P131,1
Q131898913,1,0,P17_only,0
Q13646027,1,1,P17+P131,1
Q30975071,1,1,P17+P131,1
Q18406973,1,1,P17+P131,1
Q4309425,1,1,P17+P131,1
Q16669030,1,1,P17+P131,1
Q13649452,1,1,P17+P131,1
Q12559296,1,1,P17+P131,1
Q28751057,0,1,P131_only,0
Q32172770,1,0,P17_only,0
Q12570937,1,1,P17+P131,1
Q6380847,1,0,P17_only,1
Q12542401,1,1,P17+P131,1
Q16682990,1,1,P17+P131,1
Q13662808,1,1,P17+P131,1
Q11367819,1,0,P17_only,1
Q135829556,1,0,P17_only,0
Q55659222,1,0,P17_only,0
Q16434441,1,1,P17+P131,1
Q27352789,0,1,P131_only,1
Q12550937,1,0,P17_only,1
Q16704306,1,1,P17+P131,1
Q12566694,1,0,P17_only,1
Q16702077,1,1,P17+P131,1
Q16433738,1,1,P17+P131,1
Q13650442,1,1,P17+P131,1
Q16432605,1,0,P17_only,1
Q27430606,1,0,P17_only,0
Q72915101,1,0,P17_only,0
Q12531350,1,0,P17_only,1
Q16431551,1,0,P17_only,1
Q77861639,1,0,P17_only,0
Q12533016,1,0,P17_only,1
Q32202576,1,0,P17_only,0
Q12576435,1,0,P17_only,1
Q12079020,1,1,P17+P131,0
Q13648387,1,1,P17+P131,1
Q16719127,1,1,P17+P131,0
Q12555965,1,0,P17_only,1
Q27351853,1,1,P17+P131,0
Q12570486,1,1,P17+P131,1
Q134177513,1,1,P17+P131,0
Q27358235,1,0,P17_only,0
Q20098242,1,1,P17+P131,1
Q27350584,1,0,P17_only,1
Q16968999,1,1,P17+P131,1
Q16679414,1,1,P17+P131,0
Q17494845,1,1,P17+P131,1
Q123225271,1,0,P17_only,0
Q13668724,1,1,P17+P131,1
Q4736540,1,0,P17_only,1
Q4505889,1,1,P17+P131,0
Q13651898,1,1,P17+P131,1
Q1427082,1,1,P17+P131,1
Q30972161,1,1,P17+P131,1
Q12528639,1,0,P17_only,1
Q12570817,1,0,P17_only,1
Q65401943,1,0,P17_only,0
Q63991794,1,0,P17_only,1
Q17070934,1,0,P17_only,0
Q12534728,1,0,P17_only,1
Q16721549,1,1,P17+P131,1
Q55095403,0,1,P131_only,0
Q123376378,1,0,P17_only,0
Q20098337,1,1,P17+P131,1
Q16432070,1,0,P17_only,1
Q14621463,1,0,P17_only,0
Q12547525,1,1,P17+P131,1
Q12574547,1,0,P17_only,1
Q32204273,1,0,P17_only,1
Q32203070,1,1,P17+P131,0
Q13403958,0,1,P131_only,1
Q96761043,1,0,P17_only,0
Q12532320,1,0,P17_only,1
Q22328261,1,0,P17_only,0
Q32211236,1,0,P17_only,0
Q16646849,1,1,P17+P131,1
Q32181620,1,0,P17_only,0
Q4510269,0,1,P131_only,0
Q20486154,1,0,P17_only,1
Q12571344,1,1,P17+P131,1
Q16703750,1,1,P17+P131,1
Q123363690,1,0,P17_only,0
Q32213129,1,0,P17_only,0
Q13365414,0,1,P131_only,1
Q12566028,1,1,P17+P131,1
Q13652552,0,1,P131_only,1
Q16273073,1,1,P17+P131,1
Q111988042,1,0,P17_only,0
Q16432116,1,1,P17+P131,1
Q4085600,1,1,P17+P131,1
Q4071059,1,0,P17_only,1
Q6872895,1,1,P17+P131,0
Q12537756,1,1,P17+P131,1
Q123363800,1,0,P17_only,0
Q13646576,1,1,P17+P131,1
Q18642243,1,1,P17+P131,1
Q16683261,1,1,P17+P131,1
Q22201832,1,1,P17+P131,1
Q20484495,1,0,P17_only,1
Q32172639,1,0,P17_only,0
Q12573703,1,1,P17+P131,1
Q27357081,1,0,P17_only,0
Q12576003,1,1,P17+P131,1
Q32198829,1,0,P17_only,0
Q18399357,1,1,P17+P131,1
Q27354967,1,0,P17_only,0
Q3885258,1,0,P17_only,1
Q42914591,1,0,P17_only,0
Q20806157,1,0,P17_only,0
Q10862348,1,1,P17+P131,1
Q12163676,1,1,P17+P131,1
Q4310521,1,0,P17_only,0
Q12531253,1,0,P17_only,1
Q6358952,1,1,P17+P131,1
Q2554487,1,1,P17+P131,1
Q19616483,0,1,P131_only,1
Q32197713,1,0,P17_only,0
Q135828951,1,0,P17_only,0
Q12577621,1,0,P17_only,1
Q4059209,1,0,P17_only,0
Q6380802,1,0,P17_only,0
Q27352601,0,1,P131_only,0
Q18398843,1,1,P17+P131,1
Q13221470,0,1,P131_only,1
Q134973967,1,1,P17+P131,0
Q27352665,0,1,P131_only,0
Q58809412,1,1,P17+P131,0
Q111296991,1,0,P17_only,0
Q16706637,1,1,P17+P131,1
Q12577500,1,1,P17+P131,1
Q12576207,1,1,P17+P131,1
Q16432178,1,0,P17_only,1
Q20098557,1,1,P17+P131,1
Q16273526,1,1,P17+P131,1
Q2737283,1,1,P17+P131,1
Q25390606,1,1,P17+P131,0
Q23958973,1,0,P17_only,1
Q13653324,0,1,P131_only,1
Q12570466,1,1,P17+P131,1
Q27430923,1,0,P17_only,0
Q27357410,1,0,P17_only,0
Q12535363,1,0,P17_only,1
Q25485074,1,0,P17_only,1
Q13642288,1,1,P17+P131,1
Q32176544,1,0,P17_only,0
Q12546583,1,0,P17_only,1
Q32194712,1,0,P17_only,0
Q16272979,1,1,P17+P131,1
Q65268750,1,0,P17_only,0
Q32204715,1,0,P17_only,0
Q20098128,1,1,P17+P131,1
Q13650414,1,1,P17+P131,1
Q12294297,1,1,P17+P131,1
Q13646746,1,1,P17+P131,1
Q4378313,1,0,P17_only,1
Q12545735,1,0,P17_only,1
Q32219296,1,0,P17_only,0
Q13645774,1,1,P17+P131,1
Q15617614,1,1,P17+P131,1
Q18425482,1,0,P17_only,0
Q12542635,1,0,P17_only,1
Q16673327,1,1,P17+P131,1
Q27357254,1,0,P17_only,0
Q32207834,0,1,P131_only,0
Q56367356,1,1,P17+P131,1
Q13651988,1,1,P17+P131,1
Q4405258,1,1,P17+P131,1
Q18396384,1,1,P17+P131,1
Q16433363,1,1,P17+P131,1
Q16656930,1,1,P17+P131,1
Q55389537,1,0,P17_only,0
Q12550399,1,0,P17_only,1
Q16533476,0,1,P131_only,1
Q32204346,1,0,P17_only,0
Q55663705,1,0,P17_only,0
Q12528530,1,0,P17_only,1
Q12572262,1,1,P17+P131,1
Q4469534,1,0,P17_only,1
Q123363585,1,0,P17_only,0
Q18407807,1,1,P17+P131,1
Q13643324,1,1,P17+P131,1
Q12578763,1,1,P17+P131,1
Q18638688,1,0,P17_only,1
Q16719100,1,1,P17+P131,1
Q12538073,1,1,P17+P131,1
Q12559483,1,1,P17+P131,1
Q3906292,1,0,P17_only,1
Q16434516,1,1,P17+P131,1
Q16720433,1,1,P17+P131,1
Q12530903,1,0,P17_only,1
Q13664029,1,1,P17+P131,1
Q32199017,1,0,P17_only,0
Q11590801,1,0,P17_only,1
Q27357343,1,0,P17_only,0
Q117351534,1,0,P17_only,0
Q4408858,1,1,P17+P131,0
Q20482874,1,0,P17_only,1
Q27358067,1,1,P17+P131,0
Q32212356,1,0,P17_only,0
Q12548587,1,0,P17_only,1
Q111862471,1,0,P17_only,0
Q18407779,1,1,P17+P131,1
Q74528094,1,0,P17_only,0
Q16431685,1,0,P17_only,1
Q65075049,1,0,P17_only,0
Q17494818,1,1,P17+P131,1
Q18408104,1,1,P17+P131,1
Q20486241,1,0,P17_only,1
Q20486270,1,0,P17_only,1
Q20647547,1,0,P17_only,1
Q137589401,1,0,P17_only,1
Q18405649,1,1,P17+P131,0
Q18408904,1,1,P17+P131,1
Q111862450,1,0,P17_only,0
Q16653482,1,1,P17+P131,1
Q16431270,1,0,P17_only,1
Q12545624,1,0,P17_only,1
Q27356965,1,0,P17_only,0
Q32199239,1,0,P17_only,0
Q13643106,0,1,P131_only,0
Q138300123,1,0,P17_only,0
Q4098337,1,0,P17_only,1
Q4333068,1,1,P17+P131,1
Q12544857,1,0,P17_only,1
Q64200786,1,0,P17_only,1
Q4522744,1,0,P17_only,1
Q1046159,1,1,P17+P131,1
Q32185594,1,0,P17_only,0
Q12576900,1,0,P17_only,1
Q127414488,1,0,P17_only,0
Q12532180,1,0,P17_only,1
Q22202626,1,1,P17+P131,1
Q20098250,1,1,P17+P131,1
Q16688210,1,1,P17+P131,1
Q16648397,1,1,P17+P131,1
Q32170838,1,1,P17+P131,0
Q32198844,1,0,P17_only,0
Q20098675,1,1,P17+P131,1
Q16657076,1,1,P17+P131,1
Q140301205,1,1,P17+P131,0
Q16431261,1,0,P17_only,1
Q18408991,1,1,P17+P131,1
Q21843259,1,1,P17+P131,1
Q107064017,1,0,P17_only,0
Q32218674,1,0,P17_only,1
Q13640627,0,1,P131_only,1
Q18399833,1,1,P17+P131,1
Q12528328,1,0,P17_only,1
Q16666202,1,1,P17+P131,1
Q32218826,1,0,P17_only,0
Q12550517,1,0,P17_only,1
Q1489210,1,1,P17+P131,0
Q25386935,1,0,P17_only,0
Q112003943,1,0,P17_only,0
Q96372881,1,0,P17_only,0
Q20098507,1,1,P17+P131,1
Q18409339,1,1,P17+P131,1
Q20485753,1,0,P17_only,1
Q64869596,1,0,P17_only,1
Q130519895,1,0,P17_only,1
Q12569518,1,1,P17+P131,1
Q123363811,1,0,P17_only,0
Q13404124,0,1,P131_only,1
Q16721294,1,1,P17+P131,1
Q27351533,1,1,P17+P131,0
Q13642373,0,1,P131_only,1
Q27356975,1,0,P17_only,0
Q12532568,1,0,P17_only,1
Q12531618,1,0,P17_only,1
Q32198677,1,0,P17_only,0
Q12534620,1,1,P17+P131,1
Q20486203,1,0,P17_only,1
Q16657814,1,1,P17+P131,1
Q12529683,1,1,P17+P131,1
Q12528623,1,0,P17_only,1
Q20486098,1,0,P17_only,1
Q4318113,1,0,P17_only,1
Q16707101,1,1,P17+P131,1
Q12567963,1,1,P17+P131,1
Q20074174,1,1,P17+P131,1
Q27430543,1,0,P17_only,0
Q13662903,1,1,P17+P131,1
Q12532813,1,0,P17_only,1
Q18407103,1,1,P17+P131,1
Q27350610,1,0,P17_only,0
Q12577160,1,0,P17_only,1
Q13651720,1,1,P17+P131,1
Q13643229,0,1,P131_only,1
Q16432429,1,1,P17+P131,1
Q12542553,1,0,P17_only,1
Q13663146,1,1,P17+P131,1
Q16533560,0,1,P131_only,0
Q13641794,1,1,P17+P131,1
Q121115577,1,0,P17_only,0
Q16661513,1,1,P17+P131,1
Q25378956,1,1,P17+P131,0
Q15410196,1,0,P17_only,0
Q16431846,1,1,P17+P131,1
Q13655986,1,1,P17+P131,1
Q18405655,1,1,P17+P131,0
Q20098165,1,1,P17+P131,1
Q18396346,1,1,P17+P131,1
Q574555,1,1,P17+P131,1
Q21697730,1,0,P17_only,0
Q133744303,1,1,P17+P131,0
Q32169036,0,1,P131_only,0
Q123363539,1,0,P17_only,0
Q32182626,1,0,P17_only,0
Q15617541,1,1,P17+P131,1
Q32183010,1,0,P17_only,0
Q16431591,1,1,P17+P131,1
Q16692930,1,1,P17+P131,1
Q30893421,1,0,P17_only,0
Q3788154,1,0,P17_only,0
Q30973881,1,1,P17+P131,1
Q27430935,1,0,P17_only,0
Q12577730,1,1,P17+P131,1
Q16719181,1,1,P17+P131,1
Q12555527,1,1,P17+P131,1
Q65175285,1,1,P17+P131,0
Q77351991,1,1,P17+P131,0
Q32200900,1,1,P17+P131,1
Q16674805,1,1,P17+P131,1
Q13643126,0,1,P131_only,1
Q18406449,0,1,P131_only,0
Q56367320,1,1,P17+P131,1
Q25378051,1,0,P17_only,0
Q4092168,1,1,P17+P131,1
Q4365460,1,0,P17_only,0
Q139821049,1,0,P17_only,0
Q13641936,1,1,P17+P131,1
Q27354558,1,0,P17_only,0
Q109453743,1,0,P17_only,0
Q32173134,1,0,P17_only,0
Q4235804,1,0,P17_only,1
Q16684260,1,1,P17+P131,1
Q115906688,1,0,P17_only,0
Q16273643,1,1,P17+P131,1
Q27355047,1,0,P17_only,0
Q20486201,1,0,P17_only,1
Q56368746,1,1,P17+P131,1
Q15732183,1,1,P17+P131,1
Q18408933,1,1,P17+P131,1
Q20098344,1,1,P17+P131,1
Q32183514,1,0,P17_only,1
Q30889666,1,0,P17_only,0
Q12541897,0,1,P131_only,1
Q13646157,0,1,P131_only,1
Q13652235,1,1,P17+P131,1
Q16677525,1,1,P17+P131,1
Q4200743,1,0,P17_only,1
Q60500604,1,0,P17_only,0
Q30338543,1,0,P17_only,0
Q1249611,1,1,P17+P131,1
Q12569382,1,1,P17+P131,1
Q16679779,1,1,P17+P131,0
Q16705191,1,1,P17+P131,1
Q16706365,1,1,P17+P131,0
Q135828608,1,0,P17_only,0
Q4208716,1,0,P17_only,1
Q12545550,1,0,P17_only,1
Q27430535,1,0,P17_only,0
Q12538335,1,0,P17_only,1
Q32194446,1,0,P17_only,0
Q16672058,1,1,P17+P131,1
Q27348269,1,0,P17_only,0
Q65174564,1,1,P17+P131,0
Q16433045,1,0,P17_only,1
Q27357051,1,0,P17_only,0
Q13652525,0,1,P131_only,1
Q16718534,1,1,P17+P131,1
Q27351892,1,0,P17_only,0
Q12550414,1,0,P17_only,1
Q27356964,1,0,P17_only,0
Q22204162,1,1,P17+P131,1
Q16432674,1,1,P17+P131,1
Q12577175,1,0,P17_only,1
Q16273229,1,0,P17_only,1
Q16685615,1,1,P17+P131,1
Q65264254,1,0,P17_only,0
Q27352836,1,0,P17_only,0
Q15779281,1,0,P17_only,1
Q4736147,1,0,P17_only,1
Q106997762,1,1,P17+P131,0
Q21487585,1,0,P17_only,0
Q16719529,1,1,P17+P131,1
Q112004037,1,0,P17_only,0
Q30969624,1,1,P17+P131,1
Q120198097,1,0,P17_only,0
Q13652697,0,1,P131_only,1
Q16432225,1,0,P17_only,1
Q65250929,1,0,P17_only,1
Q12577419,1,1,P17+P131,1
Q12574328,1,0,P17_only,1
Q6380801,1,0,P17_only,0
Q12574735,1,1,P17+P131,1
Q27354928,1,0,P17_only,0
Q12553387,1,1,P17+P131,1
Q61366285,1,1,P17+P131,1
Q20484933,1,0,P17_only,1
Q4505612,1,1,P17+P131,1
Q18408514,1,1,P17+P131,1
Q16699132,1,1,P17+P131,0
Q16432592,1,1,P17+P131,1
Q12543597,1,0,P17_only,1
Q18407648,1,1,P17+P131,1
Q27355125,1,0,P17_only,0
Q25396912,1,1,P17+P131,1
Q13358297,0,1,P131_only,1
Q1276481,1,0,P17_only,0
Q16434361,1,0,P17_only,1
Q97062138,1,0,P17_only,0
Q32187816,1,0,P17_only,0
Q61368429,1,1,P17+P131,1
Q13640618,0,1,P131_only,1
Q16676999,1,1,P17+P131,1
Q18404536,1,1,P17+P131,1
Q32203245,1,0,P17_only,0
Q68036167,1,0,P17_only,0
Q61367081,1,1,P17+P131,1
Q97164020,1,0,P17_only,0
Q12555874,1,1,P17+P131,1
Q136090975,1,0,P17_only,0
Q123363834,1,0,P17_only,0
Q184364,1,0,P17_only,1
Q32215706,1,0,P17_only,0
Q20098415,1,1,P17+P131,1
Q12566210,1,1,P17+P131,1
Q1887427,1,0,P17_only,0
Q16708367,1,1,P17+P131,1
Q5092054,1,1,P17+P131,1
Q32186479,1,0,P17_only,1
Q16657695,1,1,P17+P131,1
Q67893063,1,0,P17_only,0
Q18399111,1,1,P17+P131,0
Q13655966,1,1,P17+P131,1
Q4701841,1,0,P17_only,0
Q16433261,1,0,P17_only,1
Q12701549,1,0,P17_only,0
Q13648441,1,1,P17+P131,1
Q12547819,1,0,P17_only,1
Q16694783,1,1,P17+P131,1
Q12550533,1,1,P17+P131,1
Q16694757,1,0,P17_only,0
Q16656951,1,1,P17+P131,0
Q12710300,1,0,P17_only,0
Q55833244,1,0,P17_only,0
Q20484507,0,1,P131_only,1
Q120281216,1,0,P17_only,0
Q27357677,1,0,P17_only,0
Q136129601,1,0,P17_only,1
Q32182498,1,0,P17_only,0
Q12574070,1,0,P17_only,1
Q16653211,1,1,P17+P131,1
Q25504555,1,0,P17_only,1
Q12528658,1,0,P17_only,1
Q135830066,1,0,P17_only,0
Q32200443,1,0,P17_only,0
Q27350720,1,1,P17+P131,0
Q32213523,1,0,P17_only,0
Q4329297,1,1,P17+P131,1
Q25500354,1,1,P17+P131,1
Q20073108,0,1,P131_only,1
Q30969426,1,1,P17+P131,1
Q27352638,0,1,P131_only,0
Q20484668,1,1,P17+P131,1
Q13643357,1,1,P17+P131,1
Q1982340,1,0,P17_only,0
Q12560303,1,1,P17+P131,1
Q27351002,1,0,P17_only,0
Q112003953,1,0,P17_only,0
Q13646647,1,1,P17+P131,1
Q129730229,1,0,P17_only,0
Q13647425,1,1,P17+P131,1
Q16661857,1,1,P17+P131,1
Q16719903,1,1,P17+P131,1
Q12536982,1,0,P17_only,1
Q131677902,1,0,P17_only,0
Q16432774,1,0,P17_only,1
Q32178118,1,0,P17_only,0
Q13107600,1,1,P17+P131,1
Q25493165,1,0,P17_only,1
Q16274622,1,1,P17+P131,1
Q27350752,1,1,P17+P131,0
Q630676,1,1,P17+P131,1
Q4504968,1,1,P17+P131,1
Q4504792,1,1,P17+P131,1
Q12561133,1,1,P17+P131,1
Q27358174,1,1,P17+P131,0
Q2476548,1,1,P17+P131,1
Q97213838,1,1,P17+P131,1
Q18400307,1,1,P17+P131,1
Q139934275,1,1,P17+P131,0
Q124255856,1,0,P17_only,0
Q20485851,1,1,P17+P131,1
Q12574386,1,0,P17_only,1
Q137551676,1,0,P17_only,0
Q16665820,1,1,P17+P131,1
Q30972326,1,1,P17+P131,1
Q12549758,1,1,P17+P131,1
Q21190823,1,0,P17_only,0
Q16664549,1,1,P17+P131,1
Q27354179,1,0,P17_only,0
Q17494801,1,1,P17+P131,1
Q18400829,1,1,P17+P131,1
Q32187955,1,0,P17_only,0
Q13359523,0,1,P131_only,1
Q122852031,1,1,P17+P131,0
Q18406583,1,1,P17+P131,1
Q32195972,1,0,P17_only,0
Q32215658,1,0,P17_only,0
Q139971310,1,1,P17+P131,0
Q30294503,1,1,P17+P131,0
Q13645635,1,1,P17+P131,1
Q12566848,1,0,P17_only,1
Q12561229,1,1,P17+P131,1
Q21950858,1,0,P17_only,1
Q12536685,1,0,P17_only,1
Q12569784,1,1,P17+P131,1
Q16682692,1,1,P17+P131,1
Q27430912,1,0,P17_only,0
Q12554901,1,0,P17_only,1
Q4059489,1,0,P17_only,1
Q56367189,1,1,P17+P131,1
Q4703463,1,1,P17+P131,1
Q27351388,1,0,P17_only,0
Q116313001,1,0,P17_only,0
Q16718206,1,1,P17+P131,1
Q27357315,1,0,P17_only,0
Q115865607,1,0,P17_only,0
Q27351849,1,0,P17_only,0
Q16650862,1,1,P17+P131,1
Q112004017,1,0,P17_only,0
Q16666787,1,1,P17+P131,1
Q27358083,1,1,P17+P131,0
Q18400658,1,1,P17+P131,1
Q18396405,1,1,P17+P131,1
Q138746147,1,0,P17_only,0
Q27430876,1,0,P17_only,0
Q12545871,1,1,P17+P131,1
Q27350934,1,0,P17_only,0
Q30973873,1,1,P17+P131,1
Q16670733,1,1,P17+P131,1
Q12530103,1,1,P17+P131,1
Q135829315,1,0,P17_only,0
Q16653126,1,1,P17+P131,1
Q20447073,1,0,P17_only,0
Q4095299,1,1,P17+P131,1
Q12535674,1,1,P17+P131,1
Q122986060,1,1,P17+P131,1
Q27358284,1,0,P17_only,0
Q12556439,1,1,P17+P131,1
Q137527471,1,0,P17_only,0
Q16822456,1,0,P17_only,0
Q12574352,1,0,P17_only,1
Q16661736,1,1,P17+P131,1
Q30972241,1,1,P17+P131,1
Q108533871,1,0,P17_only,0
Q12570465,1,0,P17_only,1
Q31193866,1,0,P17_only,1
Q12532048,1,0,P17_only,1
Q108533810,1,0,P17_only,0
Q980931,1,1,P17+P131,1
Q27357566,1,1,P17+P131,1
Q13655711,1,1,P17+P131,1
Q4042572,1,0,P17_only,0
Q4412497,1,1,P17+P131,1
Q54857282,1,0,P17_only,0
Q61366400,1,1,P17+P131,1
Q12557667,1,0,P17_only,1
Q65608301,1,0,P17_only,0
Q12579694,1,1,P17+P131,1
Q65500026,1,0,P17_only,0
Q7224969,1,1,P17+P131,1
Q16719682,1,1,P17+P131,1
Q137527317,1,0,P17_only,0
Q13645870,1,1,P17+P131,1
Q12575669,1,1,P17+P131,1
Q114853080,1,1,P17+P131,0
Q10908872,1,1,P17+P131,1
Q16431728,1,0,P17_only,1
Q64199315,1,0,P17_only,1
Q16715419,1,1,P17+P131,1
Q16719074,1,1,P17+P131,1
Q13664456,1,1,P17+P131,1
Q27352805,1,0,P17_only,0
Q12530435,1,1,P17+P131,1
Q16720760,1,1,P17+P131,0
Q32176940,1,0,P17_only,0
Q16432023,1,1,P17+P131,1
Q16695215,1,1,P17+P131,1
Q13662895,1,1,P17+P131,1
Q27430665,1,1,P17+P131,1
Q135829462,1,0,P17_only,0
Q68036946,1,0,P17_only,0
Q12563496,1,0,P17_only,1
Q13641681,1,1,P17+P131,1
Q12553761,1,0,P17_only,1
Q139897410,1,1,P17+P131,0
Q27357292,1,0,P17_only,0
Q20484985,1,1,P17+P131,1
Q12532252,1,0,P17_only,1
Q12527804,1,0,P17_only,1
Q16432769,1,0,P17_only,1
Q110118482,1,1,P17+P131,1
Q97176582,1,0,P17_only,0
Q12558658,1,0,P17_only,1
Q16434549,1,1,P17+P131,1
Q12557020,1,1,P17+P131,1
Q12576455,1,0,P17_only,1
Q28770293,0,1,P131_only,0
Q25505127,1,0,P17_only,1
Q16434727,1,0,P17_only,1
Q32203383,1,0,P17_only,0
Q17562724,1,1,P17+P131,1
Q16532636,0,1,P131_only,1
Q12577176,1,1,P17+P131,1
Q16669021,1,1,P17+P131,1
Q12550427,1,0,P17_only,1
Q12566082,1,0,P17_only,1
Q369307,1,1,P17+P131,0
Q12541211,0,1,P131_only,1
Q60851029,1,0,P17_only,0
Q13646086,1,1,P17+P131,1
Q12559077,1,1,P17+P131,1
Q4287079,1,0,P17_only,0
Q18400866,1,1,P17+P131,1
Q16272540,1,1,P17+P131,1
Q12575101,1,0,P17_only,1
Q32194172,1,0,P17_only,0
Q865431,1,0,P17_only,0
Q135828741,1,0,P17_only,0
Q32203276,1,0,P17_only,0
Q30973292,1,1,P17+P131,1
Q18407618,1,1,P17+P131,1
Q25505305,1,1,P17+P131,1
Q55633689,1,0,P17_only,0
Q130243548,1,0,P17_only,1
Q20077460,1,1,P17+P131,1
Q4062763,1,1,P17+P131,0
Q18399311,1,1,P17+P131,0
Q13650285,1,1,P17+P131,1
Q16625990,0,1,P131_only,0
Q12544155,0,1,P131_only,1
Q115803384,1,1,P17+P131,0
Q123363662,1,0,P17_only,0
Q20098091,1,1,P17+P131,1
Q27354822,1,0,P17_only,0
Q13107384,1,1,P17+P131,1
Q31195831,1,1,P17+P131,1
Q129880656,1,1,P17+P131,1
Q27348202,1,0,P17_only,0
Q13652572,0,1,P131_only,1
Q12535833,1,0,P17_only,1
Q22204123,1,1,P17+P131,1
Q11721982,1,1,P17+P131,1
Q420605,1,0,P17_only,1
Q718108,1,1,P17+P131,1
Q111297029,1,0,P17_only,0
Q122974911,1,1,P17+P131,0
Q20483142,1,0,P17_only,0
Q27430710,1,0,P17_only,0
Q12573874,1,0,P17_only,1
Q7281022,1,0,P17_only,0
Q12683831,1,0,P17_only,0
Q27348153,1,1,P17+P131,0
Q16652523,1,1,P17+P131,1
Q18204155,1,1,P17+P131,1
Q16434190,1,1,P17+P131,1
Q135829180,1,0,P17_only,0
Q16697836,1,1,P17+P131,0
Q61936705,1,0,P17_only,0
Q12564383,1,1,P17+P131,1
Q12574473,1,0,P17_only,1
Q13652081,1,1,P17+P131,1
Q27354786,1,0,P17_only,0
Q27354760,1,0,P17_only,0
Q16650866,1,1,P17+P131,1
Q12531813,1,0,P17_only,1
Q20098175,1,1,P17+P131,1
Q123363576,1,0,P17_only,0
Q20486045,1,0,P17_only,1
Q120262582,1,0,P17_only,0
Q16432061,1,0,P17_only,1
Q60851892,1,0,P17_only,0
Q32192058,1,1,P17+P131,0
Q12709181,1,0,P17_only,0
Q4343350,1,0,P17_only,0
Q12544006,0,1,P131_only,1
Q18404864,1,1,P17+P131,0
Q18396392,1,1,P17+P131,1
Q16699215,1,1,P17+P131,1
Q117526794,1,1,P17+P131,0
Q13646069,1,1,P17+P131,1
Q13652567,0,1,P131_only,1
Q25504640,1,1,P17+P131,1
Q27358163,1,1,P17+P131,0
Q137768601,1,1,P17+P131,1
Q130530238,1,0,P17_only,0
Q64201075,1,0,P17_only,1
Q135829074,1,0,P17_only,0
Q12560272,1,0,P17_only,1
Q13648595,1,1,P17+P131,1
Q32197653,1,0,P17_only,0
Q65268948,1,0,P17_only,0
Q32205284,1,0,P17_only,0
Q123363569,1,0,P17_only,0
Q55239180,1,0,P17_only,0
Q32187285,1,0,P17_only,0
Q97165394,1,0,P17_only,0
Q32168522,0,1,P131_only,0
Q4438073,1,0,P17_only,0
Q16669422,1,1,P17+P131,1
Q16675200,1,0,P17_only,1
Q125122517,1,1,P17+P131,0
Q27351725,1,0,P17_only,0
Q16683102,1,1,P17+P131,1
Q27351839,1,0,P17_only,0
Q12547582,1,1,P17+P131,1
Q25511978,1,0,P17_only,1
Q13646147,0,1,P131_only,1
Q12560192,1,0,P17_only,1
Q13642362,0,1,P131_only,1
Q55657296,1,0,P17_only,0
Q14927626,1,1,P17+P131,0
Q27354781,1,0,P17_only,0
Q12557207,1,1,P17+P131,1
Q12682661,1,1,P17+P131,1
Q112584881,0,1,P131_only,0
Q2078255,1,0,P17_only,0
Q3811195,1,1,P17+P131,1
Q16272715,1,1,P17+P131,1
Q16433350,1,0,P17_only,1
Q30973290,1,1,P17+P131,1
Q27356963,1,0,P17_only,0
Q30973265,1,1,P17+P131,1
Q16719235,1,1,P17+P131,1
Q12533398,1,1,P17+P131,1
Q105334554,1,0,P17_only,0
Q27356950,1,0,P17_only,0
Q65341793,1,0,P17_only,0
Q1734775,1,0,P17_only,0
Q12564700,1,0,P17_only,1
Q32212663,1,0,P17_only,0
Q15617647,1,1,P17+P131,1
Q18400890,1,1,P17+P131,1
Q18407037,1,1,P17+P131,1
Q13661184,1,1,P17+P131,1
Q35883,1,1,P17+P131,1
Q12568187,1,1,P17+P131,1
Q32207921,0,1,P131_only,0
Q13405633,0,1,P131_only,1
Q16690824,1,1,P17+P131,0
Q12557634,1,0,P17_only,1
Q13645730,1,1,P17+P131,1
Q12545345,1,0,P17_only,1
Q32213745,1,0,P17_only,0
Q12535811,1,0,P17_only,1
Q50041022,1,1,P17+P131,0
Q16710181,1,1,P17+P131,0
Q4059953,1,1,P17+P131,1
Q13646980,1,1,P17+P131,1
Q16434247,1,1,P17+P131,1
Q121609489,1,0,P17_only,0
Q27430883,1,0,P17_only,0
Q21103630,1,1,P17+P131,0
Q13359469,0,1,P131_only,1
Q27357872,1,0,P17_only,0
Q16665228,1,1,P17+P131,1
Q28128553,1,0,P17_only,0
Q123363868,1,0,P17_only,0
Q16272731,1,1,P17+P131,1
Q108533801,1,0,P17_only,0
Q4430228,1,0,P17_only,0
Q12531364,1,0,P17_only,1
Q123363824,1,0,P17_only,0
Q15617596,1,1,P17+P131,1
Q32203891,1,0,P17_only,0
Q18399819,1,1,P17+P131,1
Q11804134,1,0,P17_only,0
Q13648491,1,1,P17+P131,1
Q114976771,1,0,P17_only,1
Q112113698,1,0,P17_only,0
Q800403,1,1,P17+P131,1
Q12577189,1,1,P17+P131,1
Q16694342,1,1,P17+P131,1
Q32176318,1,0,P17_only,0
Q12552069,0,1,P131_only,1
Q13053014,1,0,P17_only,0
Q134496641,1,1,P17+P131,1
Q27357408,1,0,P17_only,0
Q30972858,1,1,P17+P131,1
Q12550933,1,0,P17_only,1
Q13444211,0,1,P131_only,1
Q32201741,1,0,P17_only,0
Q18400063,1,1,P17+P131,1
Q65253494,1,1,P17+P131,1
Q16431698,1,0,P17_only,1
Q6683485,1,1,P17+P131,1
Q12532769,1,1,P17+P131,1
Q135828645,1,0,P17_only,0
Q16700534,1,1,P17+P131,1
Q61368967,1,1,P17+P131,1
Q20098157,1,1,P17+P131,1
Q27354795,1,0,P17_only,0
Q4144742,1,1,P17+P131,1
Q205955,1,1,P17+P131,0
Q115763770,1,0,P17_only,0
Q18396282,1,1,P17+P131,1
Q30975232,1,1,P17+P131,1
Q56367012,1,1,P17+P131,1
Q27077670,1,0,P17_only,0
Q1937063,1,0,P17_only,1
Q16272607,1,1,P17+P131,1
Q16651976,1,1,P17+P131,1
Q28520315,1,1,P17+P131,0
Q96369295,1,0,P17_only,0
Q18399224,1,1,P17+P131,1
Q1972449,1,0,P17_only,0
Q12537031,1,0,P17_only,1
Q12557177,1,1,P17+P131,1
Q32196709,1,0,P17_only,0
Q27351077,1,1,P17+P131,0
Q575516,1,0,P17_only,1
Q46069,1,1,P17+P131,1
Q13646294,1,1,P17+P131,1
Q138034384,1,0,P17_only,0
Q32193625,1,0,P17_only,0
Q135829566,1,0,P17_only,0
Q12554720,1,0,P17_only,1
Q289474,1,0,P17_only,1
Q28771261,0,1,P131_only,0
Q61420667,1,1,P17+P131,1
Q77862137,1,0,P17_only,0
Q12555970,1,1,P17+P131,1
Q65173974,1,1,P17+P131,0
Q12531848,1,0,P17_only,1
Q27354923,1,0,P17_only,0
Q27357317,1,0,P17_only,0
Q12572319,1,1,P17+P131,1
Q64200520,1,0,P17_only,1
Q27358263,1,1,P17+P131,0
Q21405974,0,1,P131_only,0
Q136268949,1,0,P17_only,0
Q32196679,1,1,P17+P131,0
Q27355132,1,0,P17_only,0
Q122104745,1,1,P17+P131,0
Q1960826,1,0,P17_only,1
Q13647955,1,1,P17+P131,1
Q12542443,1,1,P17+P131,1
Q25390592,1,0,P17_only,0
Q15617565,1,1,P17+P131,1
Q16706913,1,1,P17+P131,1
Q12532160,1,1,P17+P131,1
Q123363529,1,0,P17_only,0
Q32175639,1,0,P17_only,0
Q30906978,1,0,P17_only,0
Q20931219,1,0,P17_only,0
Q123363469,1,0,P17_only,0
Q1192000,1,1,P17+P131,1
Q65395964,1,0,P17_only,0
Q137527328,1,0,P17_only,0
Q16662265,1,1,P17+P131,1
Q32206439,1,0,P17_only,1
Q27358103,1,1,P17+P131,0
Q13640616,0,1,P131_only,0
Q16653504,1,1,P17+P131,1
Q131605135,1,0,P17_only,0
Q27357604,1,0,P17_only,0
Q12569735,1,0,P17_only,1
Q27357830,1,0,P17_only,0
Q60761699,1,0,P17_only,0
Q16705617,1,1,P17+P131,1
Q13640720,0,1,P131_only,0
Q27354732,1,0,P17_only,0
Q30973281,1,1,P17+P131,1
Q3826507,1,1,P17+P131,1
Q2120219,1,0,P17_only,1
Q16434359,1,0,P17_only,1
Q100786919,0,1,P131_only,0
Q30975072,1,1,P17+P131,1
Q16661432,1,1,P17+P131,1
Q65143673,1,0,P17_only,0
Q18674733,1,1,P17+P131,1
Q12578866,1,1,P17+P131,1
Q65270344,1,0,P17_only,0
Q18409131,1,1,P17+P131,1
Q7504824,1,1,P17+P131,1
Q12574647,1,1,P17+P131,1
Q27357124,1,0,P17_only,0
Q55633690,1,0,P17_only,0
Q650170,1,0,P17_only,1
Q13641676,1,1,P17+P131,1
Q111384049,1,1,P17+P131,0
Q18401722,0,1,P131_only,0
Q12561923,1,0,P17_only,1
Q27430653,1,0,P17_only,0
Q135829296,1,0,P17_only,0
Q28669285,1,1,P17+P131,1
Q12564018,1,1,P17+P131,1
Q27357609,1,0,P17_only,0
Q25238425,1,0,P17_only,0
Q16431305,1,0,P17_only,1
Q16671675,1,1,P17+P131,0
Q7165800,1,0,P17_only,0
Q12578021,1,1,P17+P131,1
Q17562710,1,1,P17+P131,1
Q16695267,1,1,P17+P131,1
Q61368186,1,1,P17+P131,1
Q4213683,1,0,P17_only,1
Q13665058,1,1,P17+P131,1
Q27430832,1,0,P17_only,0
Q20098651,1,1,P17+P131,1
Q61368992,1,1,P17+P131,1
Q4320920,1,1,P17+P131,1
Q20486108,1,0,P17_only,1
Q104879877,1,0,P17_only,0
Q20072646,0,1,P131_only,1
Q140291669,1,0,P17_only,0
Q16664588,1,1,P17+P131,1
Q16645669,0,1,P131_only,0
Q7499997,0,1,P131_only,1
Q16431921,1,0,P17_only,1
Q13648408,1,1,P17+P131,1
Q16432564,1,1,P17+P131,1
Q12569438,1,1,P17+P131,1
Q4506544,1,1,P17+P131,0
Q30974418,1,1,P17+P131,0
Q1521311,1,1,P17+P131,1
Q16657443,1,1,P17+P131,1
Q13662110,1,1,P17+P131,1
Q32184842,1,1,P17+P131,0
Q13643361,1,1,P17+P131,1
Q64143690,1,1,P17+P131,0
Q111862452,1,0,P17_only,0
Q12561668,1,0,P17_only,1
Q32186303,1,1,P17+P131,1
Q12818517,1,0,P17_only,0
Q112004025,1,0,P17_only,0
Q13648890,1,1,P17+P131,1
Q24907343,1,0,P17_only,0
Q1046294,1,0,P17_only,1
Q32214626,1,0,P17_only,0
Q130604094,1,0,P17_only,0
Q12576179,1,1,P17+P131,1
Q16716334,1,1,P17+P131,1
Q30974407,1,1,P17+P131,1
Q51157260,0,1,P131_only,0
Q27357740,1,0,P17_only,0
Q4516174,1,1,P17+P131,1
Q27358188,1,1,P17+P131,0
Q13643180,0,1,P131_only,0
Q61369206,1,1,P17+P131,1
Q20485929,1,0,P17_only,1
Q16272643,1,1,P17+P131,1
Q13648290,1,1,P17+P131,1
Q32212300,1,0,P17_only,0
Q25505129,1,0,P17_only,1
Q123053174,1,1,P17+P131,0
Q30972141,1,1,P17+P131,1
Q134100631,1,0,P17_only,0
Q13652442,0,1,P131_only,1
Q32212093,1,0,P17_only,0
Q47045241,1,1,P17+P131,0
Q4465775,1,0,P17_only,0
Q135829949,1,0,P17_only,0
Q19393731,1,1,P17+P131,0
Q27356984,1,0,P17_only,0
Q27351774,1,0,P17_only,0
Q16630557,0,1,P131_only,1
Q13640656,0,1,P131_only,0
Q27357735,1,0,P17_only,0
Q16664448,1,1,P17+P131,1
Q22201152,1,1,P17+P131,1
Q32217737,1,0,P17_only,0
Q27354709,1,0,P17_only,0
Q12574842,1,0,P17_only,1
Q16661554,1,1,P17+P131,1
Q136090753,1,0,P17_only,0
Q16690754,1,1,P17+P131,1
Q20484051,1,0,P17_only,1
Q27357592,1,1,P17+P131,0
Q13646031,1,1,P17+P131,1
Q18409023,1,1,P17+P131,1
Q45705,1,1,P17+P131,1
Q18402088,1,1,P17+P131,1
Q73784445,1,0,P17_only,0
Q4208086,1,1,P17+P131,1
Q12574411,1,0,P17_only,1
Q4505577,1,1,P17+P131,1
Q301786,1,0,P17_only,1
Q12548927,1,0,P17_only,1
Q139782904,1,0,P17_only,0
Q6353972,1,1,P17+P131,1
Q16698262,1,1,P17+P131,1
Q20455302,1,0,P17_only,0
Q12574759,1,0,P17_only,1
Q12575495,1,0,P17_only,1
Q18408755,1,1,P17+P131,0
Q12688215,1,1,P17+P131,0
Q13643446,1,1,P17+P131,1
Q136268976,1,0,P17_only,0
Q20462745,1,0,P17_only,0
Q97183433,0,1,P131_only,0
Q12534929,1,1,P17+P131,1
Q16651813,1,1,P17+P131,1
Q13652070,1,1,P17+P131,1
Q136268979,1,0,P17_only,0
Q20462581,1,0,P17_only,0
Q12528020,1,0,P17_only,1
Q13649828,1,1,P17+P131,1
Q16665840,1,1,P17+P131,1
Q16650736,1,1,P17+P131,1
Q12558880,1,1,P17+P131,1
Q12574081,1,0,P17_only,1
Q27430738,1,0,P17_only,0
Q4200913,1,0,P17_only,1
Q16434567,1,1,P17+P131,1
Q114025585,1,0,P17_only,0
Q28668865,1,0,P17_only,0
Q13664712,1,1,P17+P131,1
Q16431913,1,0,P17_only,1
Q13643201,0,1,P131_only,0
Q12685937,1,0,P17_only,0
Q32188385,1,0,P17_only,1
Q27430966,1,0,P17_only,0
Q32182609,1,1,P17+P131,0
Q32185272,1,0,P17_only,0
Q12108702,1,0,P17_only,1
Q25504425,1,1,P17+P131,1
Q32173373,1,0,P17_only,0
Q4479957,1,0,P17_only,0
Q111402853,1,0,P17_only,0
Q16434689,1,1,P17+P131,1
Q140642490,1,0,P17_only,1
Q12566365,1,1,P17+P131,1
Q12550991,1,0,P17_only,0
Q12548119,1,0,P17_only,1
Q27358041,1,0,P17_only,0
Q135829919,1,0,P17_only,0
Q12546478,1,0,P17_only,1
Q32214843,1,0,P17_only,0
Q32195710,1,1,P17+P131,0
Q139771591,1,0,P17_only,0
Q238931,1,1,P17+P131,1
Q135829424,1,0,P17_only,0
Q16433609,1,0,P17_only,1
Q108533817,1,0,P17_only,0
Q16695555,1,1,P17+P131,1
Q4378208,1,0,P17_only,0
Q61369445,1,1,P17+P131,1
Q12576938,1,1,P17+P131,1
Q28668668,1,1,P17+P131,1
Q16694949,1,1,P17+P131,1
Q32189232,1,0,P17_only,0
Q12550936,1,0,P17_only,1
Q13650445,1,1,P17+P131,1
Q12531883,1,1,P17+P131,1
Q65153640,1,1,P17+P131,0
Q19973643,0,1,P131_only,1
Q16433180,1,0,P17_only,1
Q16719010,1,1,P17+P131,1
Q13648956,1,1,P17+P131,1
Q16431130,1,0,P17_only,1
Q4273884,1,0,P17_only,1
Q12574325,1,0,P17_only,1
Q16648865,1,1,P17+P131,0
Q25387799,1,0,P17_only,1
Q25481791,1,1,P17+P131,1
Q128127649,1,1,P17+P131,1
Q11284460,1,0,P17_only,1
Q20484083,1,0,P17_only,1
Q20098510,1,1,P17+P131,1
Q2668108,1,1,P17+P131,1
Q27357539,1,0,P17_only,0
Q1336498,1,0,P17_only,1
Q13648763,1,1,P17+P131,1
Q66658525,1,0,P17_only,0
Q16706689,1,1,P17+P131,1
Q4406345,1,0,P17_only,1
Q32185574,1,0,P17_only,0
Q13652445,0,1,P131_only,1
Q27354236,1,0,P17_only,0
Q4840551,1,0,P17_only,1
Q4479985,1,0,P17_only,0
Q27358069,1,1,P17+P131,0
Q32182911,1,0,P17_only,0
Q108533991,1,0,P17_only,0
Q12531846,1,1,P17+P131,1
Q7496825,1,1,P17+P131,1
Q12567701,1,0,P17_only,1
Q4072315,1,1,P17+P131,1
Q111297056,1,0,P17_only,0
Q27353813,1,0,P17_only,0
Q12574899,1,0,P17_only,1
Q942380,1,0,P17_only,1
Q16663635,1,1,P17+P131,1
Q12526560,1,0,P17_only,1
Q16434781,1,1,P17+P131,0
Q1508995,1,1,P17+P131,1
Q138259613,1,0,P17_only,1
Q61909247,1,0,P17_only,0
Q65134414,1,0,P17_only,0
Q12701533,1,0,P17_only,0
Q4460654,1,0,P17_only,1
Q16433255,1,1,P17+P131,1
Q32186145,1,0,P17_only,0
Q16431964,1,1,P17+P131,1
Q13651691,1,1,P17+P131,1
Q123363615,1,0,P17_only,0
Q139919026,1,1,P17+P131,0
Q16433036,1,0,P17_only,1
Q32191770,1,0,P17_only,0
Q13416209,0,1,P131_only,1
Q97213896,1,0,P17_only,1
Q13649963,1,1,P17+P131,1
Q27354231,1,0,P17_only,0
Q19953547,0,1,P131_only,0
Q2877076,1,0,P17_only,1
Q108533805,1,0,P17_only,0
Q32211481,1,0,P17_only,0
Q13645805,1,1,P17+P131,1
Q16646098,1,1,P17+P131,1
Q16718372,1,0,P17_only,1
Q27357911,1,0,P17_only,0
Q25530487,1,0,P17_only,1
Q27354844,1,0,P17_only,0
Q13649956,1,1,P17+P131,1
Q16433509,1,1,P17+P131,1
Q13360749,0,1,P131_only,1
Q20098126,1,1,P17+P131,1
Q12565188,1,0,P17_only,1
Q12576461,1,0,P17_only,1
Q32204541,1,0,P17_only,0
Q62317271,1,1,P17+P131,0
Q30499104,1,0,P17_only,0
Q12537275,1,0,P17_only,1
Q12546331,1,0,P17_only,1
Q32190190,1,0,P17_only,0
Q13664058,1,1,P17+P131,1
Q27357765,1,0,P17_only,0
Q27355106,1,0,P17_only,1
Q60850981,1,0,P17_only,1
Q16705333,1,1,P17+P131,0
Q135797247,1,0,P17_only,0
Q121667662,1,0,P17_only,0
Q13646518,0,1,P131_only,1
Q12546359,1,1,P17+P131,1
Q12557379,1,0,P17_only,1
Q27357651,1,0,P17_only,0
Q19365935,1,1,P17+P131,1
Q27356994,1,0,P17_only,0
Q16431168,1,0,P17_only,1
Q56366803,1,1,P17+P131,1
Q12564640,1,1,P17+P131,1
Q16431991,1,0,P17_only,1
Q12546902,1,0,P17_only,1
Q123363500,1,0,P17_only,0
Q140642497,1,0,P17_only,1
Q16432831,1,0,P17_only,1
Q13640786,1,1,P17+P131,1
Q27431003,1,1,P17+P131,0
Q16434138,1,0,P17_only,1
Q13646499,1,1,P17+P131,1
Q13646562,1,1,P17+P131,1
Q16690845,1,1,P17+P131,1
Q12559787,1,0,P17_only,1
Q13640921,1,1,P17+P131,1
Q32211068,1,0,P17_only,0
Q16648437,1,1,P17+P131,1
Q32185337,1,0,P17_only,0
Q63394776,1,0,P17_only,0
Q123363535,1,0,P17_only,0
Q30973093,1,1,P17+P131,1
Q27350811,1,0,P17_only,0
Q12577552,1,1,P17+P131,1
Q12533626,1,0,P17_only,1
Q133540036,1,1,P17+P131,0
Q16433551,1,0,P17_only,1
Q32206027,1,0,P17_only,0
Q12550971,1,1,P17+P131,1
Q16432690,1,1,P17+P131,1
Q16651017,1,1,P17+P131,1
Q27430784,1,0,P17_only,0
Q16273500,1,1,P17+P131,1
Q12569909,1,0,P17_only,1
Q135829723,1,0,P17_only,0
Q125612311,1,0,P17_only,0
Q135828745,1,0,P17_only,0
Q131430941,1,0,P17_only,1
Q20098200,1,1,P17+P131,1
Q25505155,1,1,P17+P131,1
Q31194083,1,0,P17_only,1
Q25382524,1,0,P17_only,1
Q12557975,1,1,P17+P131,1
Q13650450,1,1,P17+P131,1
Q16434176,1,1,P17+P131,1
Q137118337,0,1,P131_only,0
Q12527394,1,0,P17_only,1
Q20486106,1,0,P17_only,1
Q19915818,0,1,P131_only,1
Q16670760,1,1,P17+P131,1
Q135828467,1,0,P17_only,0
Q135829860,1,0,P17_only,0
Q112113771,1,0,P17_only,0
Q27353836,1,1,P17+P131,0
Q4073627,1,0,P17_only,1
Q12569731,1,0,P17_only,1
Q15617724,1,1,P17+P131,1
Q18407368,1,1,P17+P131,0
Q13665026,1,1,P17+P131,1
Q108533857,1,0,P17_only,0
Q27430874,1,0,P17_only,0
Q12570072,1,0,P17_only,1
Q18399791,1,1,P17+P131,1
Q12576902,1,0,P17_only,1
Q123722280,1,0,P17_only,0
Q15111266,1,1,P17+P131,1
Q15831830,1,0,P17_only,0
Q1249579,1,1,P17+P131,1
Q28520109,1,1,P17+P131,0
Q61368594,1,1,P17+P131,1
Q22202731,1,1,P17+P131,1
Q18407297,1,1,P17+P131,1
Q25507165,1,1,P17+P131,1
Q13643528,1,1,P17+P131,1
Q16706014,1,1,P17+P131,1
Q56368496,1,1,P17+P131,1
Q12528924,1,1,P17+P131,1
Q138300165,1,0,P17_only,0
Q16700465,1,1,P17+P131,1
Q13648510,1,1,P17+P131,1
Q32195477,1,0,P17_only,0
Q32202792,1,0,P17_only,0
Q16707190,1,1,P17+P131,1
Q126942425,1,0,P17_only,0
Q16682777,1,1,P17+P131,0
Q32196218,1,1,P17+P131,0
Q32181489,1,0,P17_only,0
Q1268163,1,1,P17+P131,1
Q301971,1,1,P17+P131,1
Q4505029,1,1,P17+P131,1
Q15617603,1,1,P17+P131,1
Q27347349,1,0,P17_only,0
Q27354099,1,1,P17+P131,0
Q13652851,0,1,P131_only,1
Q67893103,1,0,P17_only,0
Q131723754,1,0,P17_only,0
Q21659086,1,0,P17_only,0
Q12576024,1,1,P17+P131,1
Q13663188,1,1,P17+P131,1
Q27430806,1,0,P17_only,0
Q12561146,1,0,P17_only,1
Q32218664,1,0,P17_only,0
Q12575881,1,1,P17+P131,1
Q16581518,0,1,P131_only,0
Q21655348,1,1,P17+P131,0
Q2162266,1,0,P17_only,0
Q64199722,1,0,P17_only,0
Q16431402,1,1,P17+P131,1
Q135828459,1,0,P17_only,0
Q27357060,1,0,P17_only,0
Q32186861,1,0,P17_only,0
Q18409005,1,1,P17+P131,1
Q6380845,1,0,P17_only,0
Q16652424,1,1,P17+P131,1
Q65261257,1,0,P17_only,0
Q12565788,1,0,P17_only,1
Q13645898,1,1,P17+P131,1
Q27350776,1,0,P17_only,0
Q27430972,1,0,P17_only,0
Q48950570,1,0,P17_only,0
Q16698821,1,1,P17+P131,1
Q13652380,0,1,P131_only,1
Q13409065,0,1,P131_only,1
Q13645600,1,1,P17+P131,1
Q32191785,1,0,P17_only,0
Q32205695,1,0,P17_only,0
Q17562712,1,1,P17+P131,0
Q35325792,1,0,P17_only,0
Q27352063,1,1,P17+P131,0
Q12689506,1,0,P17_only,0
Q20098156,1,1,P17+P131,1
Q12576916,1,1,P17+P131,1
Q12576007,1,0,P17_only,1
Q12576799,1,1,P17+P131,1
Q56367184,1,1,P17+P131,1
Q15918922,1,1,P17+P131,1
Q13640700,0,1,P131_only,1
Q24959762,1,0,P17_only,1
Q12575808,1,0,P17_only,1
Q108789725,1,1,P17+P131,0
Q123363852,1,0,P17_only,0
Q17265139,1,0,P17_only,0
Q20107718,1,1,P17+P131,0
Q27351022,1,0,P17_only,0
Q18406091,1,1,P17+P131,1
Q32196114,1,0,P17_only,0
Q1507992,1,0,P17_only,0
Q12576286,1,0,P17_only,1
Q32188180,1,0,P17_only,0
Q55833337,1,0,P17_only,0
Q56366849,1,1,P17+P131,1
Q12567465,1,1,P17+P131,1
Q27351931,1,0,P17_only,0
Q25052846,1,0,P17_only,0
Q16683911,1,1,P17+P131,1
Q4090255,1,0,P17_only,0
Q13663046,1,1,P17+P131,1
Q13646186,1,1,P17+P131,1
Q1991322,1,1,P17+P131,0
Q18407670,1,1,P17+P131,1
Q56367377,1,1,P17+P131,1
Q97316446,1,0,P17_only,0
Q16690790,1,1,P17+P131,0
Q16432393,1,0,P17_only,1
Q97659063,1,1,P17+P131,1
Q1048471,1,0,P17_only,1
Q16676687,1,1,P17+P131,1
Q12542861,1,0,P17_only,1
Q28520322,1,1,P17+P131,0
Q139964422,1,1,P17+P131,0
Q2159845,1,0,P17_only,0
Q125869073,1,1,P17+P131,0
Q97616295,1,0,P17_only,0
Q16692286,1,1,P17+P131,1
Q16706749,1,1,P17+P131,1
Q16431061,1,0,P17_only,1
Q16661542,1,1,P17+P131,1
Q16687263,1,0,P17_only,1
Q16650931,1,1,P17+P131,1
Q108533880,1,0,P17_only,0
Q18396332,1,1,P17+P131,1
Q18396347,1,1,P17+P131,1
Q13662922,1,1,P17+P131,1
Q32211095,1,0,P17_only,0
Q1532158,1,0,P17_only,0
Q2189158,1,0,P17_only,0
Q13651813,1,1,P17+P131,1
Q16706091,1,1,P17+P131,1
Q20456265,1,0,P17_only,0
Q4186442,1,1,P17+P131,1
Q32208686,0,1,P131_only,0
Q12543576,1,0,P17_only,1
Q16669458,1,1,P17+P131,1
Q27358052,1,0,P17_only,0
Q13648772,1,1,P17+P131,1
Q140607593,1,0,P17_only,0
Q21094437,1,0,P17_only,0
Q32173057,1,0,P17_only,0
Q18404940,1,1,P17+P131,0
Q27357222,1,0,P17_only,0
Q32172751,1,1,P17+P131,0
Q12572582,1,0,P17_only,1
Q16433429,1,1,P17+P131,1
Q13416160,0,1,P131_only,1
Q16272203,0,1,P131_only,1
Q16683104,1,1,P17+P131,1
Q12543458,1,1,P17+P131,1
Q32197105,1,0,P17_only,0
Q125731051,1,0,P17_only,0
Q16432209,1,1,P17+P131,1
Q13656063,1,1,P17+P131,0
Q32216745,1,1,P17+P131,0
Q32205364,1,1,P17+P131,1
Q106219885,1,0,P17_only,1
Q32177241,1,1,P17+P131,0
Q87651995,1,0,P17_only,1
Q123363534,1,0,P17_only,0
Q55659528,1,0,P17_only,0
Q13653372,1,1,P17+P131,1
Q27358201,1,1,P17+P131,0
Q32215504,1,1,P17+P131,0
Q12550477,1,0,P17_only,1
Q27354553,1,0,P17_only,0
Q5028127,1,0,P17_only,0
Q56367345,1,1,P17+P131,1
Q18408839,1,1,P17+P131,1
Q12538326,1,1,P17+P131,1
Q12543125,1,0,P17_only,1
Q18409281,1,1,P17+P131,1
Q12570076,1,0,P17_only,1
Q1046498,1,1,P17+P131,1
Q12561955,1,0,P17_only,1
Q16656719,1,1,P17+P131,1
Q27972235,1,0,P17_only,0
Q13664432,1,1,P17+P131,1
Q16433528,1,1,P17+P131,1
Q18407315,1,1,P17+P131,1
Q55659185,0,1,P131_only,1
Q1047089,1,1,P17+P131,1
Q13646162,0,1,P131_only,1
Q123225265,1,0,P17_only,0
Q33121441,1,1,P17+P131,0
Q12567899,1,1,P17+P131,1
Q12547703,1,0,P17_only,1
Q115906044,1,0,P17_only,0
Q16683320,1,1,P17+P131,1
Q13646697,1,1,P17+P131,1
Q13645887,1,1,P17+P131,1
Q4076856,1,1,P17+P131,1
Q16432437,1,1,P17+P131,1
Q109546867,1,0,P17_only,0
Q32217309,1,1,P17+P131,0
Q12574461,1,0,P17_only,1
Q11496346,1,1,P17+P131,1
Q27356925,1,0,P17_only,0
Q27357798,1,0,P17_only,0
Q13643332,1,1,P17+P131,1
Q16661800,1,1,P17+P131,1
Q27352883,1,0,P17_only,0
Q4533962,1,1,P17+P131,1
Q12533385,1,0,P17_only,1
Q27430979,1,0,P17_only,0
Q12542280,1,1,P17+P131,1
Q12120450,1,1,P17+P131,1
Q19617415,0,1,P131_only,1
Q13651842,1,1,P17+P131,1
Q12575879,1,0,P17_only,1
Q32196003,1,0,P17_only,0
Q140643811,1,0,P17_only,0
Q125055086,1,0,P17_only,1
Q19993500,0,1,P131_only,1
Q16274146,1,1,P17+P131,1
Q20098289,1,1,P17+P131,1
Q4470272,1,0,P17_only,0
Q16433442,1,1,P17+P131,1
Q12711176,1,0,P17_only,0
Q12546671,1,0,P17_only,1
Q18406039,1,1,P17+P131,1
Q12551030,0,1,P131_only,1
Q12526923,1,0,P17_only,1
Q7461454,1,0,P17_only,0
Q4506071,1,1,P17+P131,0
Q16661710,1,1,P17+P131,1
Q13641846,1,1,P17+P131,1
Q16702054,1,1,P17+P131,1
Q20486060,1,0,P17_only,1
Q27357105,1,0,P17_only,0
Q32200335,1,0,P17_only,0
Q38097619,1,0,P17_only,0
Q16657137,1,1,P17+P131,1
Q18408350,1,1,P17+P131,1
Q13648833,1,1,P17+P131,1
Q12535768,1,1,P17+P131,1
Q12576085,1,1,P17+P131,1
Q16701643,1,1,P17+P131,1
Q86681205,1,1,P17+P131,0
Q140690915,1,0,P17_only,0
Q25490512,1,0,P17_only,1
Q18396361,1,1,P17+P131,1
Q12532181,1,0,P17_only,1
Q4095041,1,1,P17+P131,1
Q13652233,1,1,P17+P131,1
Q12577510,1,0,P17_only,1
Q122073801,1,0,P17_only,0
Q12561941,1,0,P17_only,1
Q16707365,1,1,P17+P131,1
Q27430632,1,0,P17_only,0
Q13647444,1,1,P17+P131,1
Q12544045,0,1,P131_only,1
Q27358031,1,0,P17_only,0
Q1569219,1,0,P17_only,1
Q6358476,1,1,P17+P131,1
Q135828795,1,0,P17_only,0
Q16431190,1,0,P17_only,1
Q27358131,1,1,P17+P131,0
Q108533918,1,0,P17_only,0
Q12573202,1,0,P17_only,1
Q32192953,1,0,P17_only,0
Q12544443,0,1,P131_only,1
Q4053941,1,0,P17_only,1
Q12541579,0,1,P131_only,1
Q32193704,1,0,P17_only,0
Q12550350,1,0,P17_only,1
Q16681580,1,1,P17+P131,1
Q12553384,1,0,P17_only,1
Q135829661,1,0,P17_only,0
Q4414032,1,0,P17_only,1
Q12530624,1,1,P17+P131,1
Q16704855,1,1,P17+P131,1
Q12566910,1,1,P17+P131,1
Q12526546,1,0,P17_only,1
Q16273577,1,1,P17+P131,1
Q32200626,1,0,P17_only,0
Q123363466,1,0,P17_only,0
Q20091486,1,1,P17+P131,1
Q136090637,1,0,P17_only,0
Q4250735,1,0,P17_only,1
Q18406221,1,1,P17+P131,1
Q13641561,1,1,P17+P131,1
Q13646187,1,1,P17+P131,1
Q20485871,1,1,P17+P131,1
Q13663997,1,1,P17+P131,1
Q754928,1,0,P17_only,1
Q13646074,1,1,P17+P131,1
Q32211306,1,0,P17_only,0
Q16669117,1,1,P17+P131,1
Q64195823,1,0,P17_only,1
Q32212738,1,0,P17_only,0
Q139986277,1,1,P17+P131,0
Q131432155,1,0,P17_only,1
Q25451583,1,0,P17_only,0
Q13662899,1,1,P17+P131,1
Q12545359,1,1,P17+P131,1
Q16433322,1,1,P17+P131,1
Q16691461,1,1,P17+P131,1
Q13651586,1,1,P17+P131,1
Q13640610,0,1,P131_only,1
Q20098382,1,1,P17+P131,1
Q137551668,1,1,P17+P131,0
Q16931984,1,0,P17_only,0
Q13646196,1,1,P17+P131,1
Q32191322,1,0,P17_only,0
Q20455279,1,0,P17_only,0
Q135828991,1,0,P17_only,0
Q18406442,1,1,P17+P131,1
Q32175078,1,0,P17_only,0
Q12574528,1,0,P17_only,1
Q27430927,1,0,P17_only,0
Q35319016,1,1,P17+P131,0
Q30973280,1,1,P17+P131,1
Q15054725,1,1,P17+P131,0
Q16433502,1,1,P17+P131,1
Q12570222,1,1,P17+P131,1
Q27352307,1,0,P17_only,1
Q13663151,1,1,P17+P131,1
Q15617669,1,1,P17+P131,1
Q136543247,1,0,P17_only,0
Q112004007,1,0,P17_only,0
Q12525845,1,0,P17_only,1
Q32182849,1,0,P17_only,0
Q56375281,1,1,P17+P131,1
Q135829939,1,0,P17_only,0
Q20074156,1,1,P17+P131,1
Q12531837,1,0,P17_only,1
Q12550954,1,0,P17_only,1
Q107752298,1,0,P17_only,0
Q21658319,1,1,P17+P131,0
Q123363639,1,0,P17_only,0
Q769028,1,1,P17+P131,1
Q16665640,1,1,P17+P131,1
Q68036666,1,0,P17_only,0
Q115865441,1,0,P17_only,0
Q137527295,1,0,P17_only,0
Q12530630,1,0,P17_only,1
Q13649989,1,1,P17+P131,1
Q12546278,1,1,P17+P131,1
Q27351885,1,0,P17_only,0
Q12543169,1,1,P17+P131,1
Q61368386,1,1,P17+P131,1
Q27350654,1,0,P17_only,0
Q399254,1,0,P17_only,1
Q123363629,1,0,P17_only,0
Q18399504,1,1,P17+P131,1
Q4057843,1,0,P17_only,1
Q61368346,1,1,P17+P131,1
Q16693090,1,1,P17+P131,0
Q32211493,1,0,P17_only,0
Q27348111,1,0,P17_only,0
Q61368621,1,1,P17+P131,1
Q16432868,1,0,P17_only,1
Q62062158,1,0,P17_only,0
Q12561966,1,0,P17_only,1
Q12534482,1,0,P17_only,1
Q13640878,1,1,P17+P131,1
Q27357359,1,0,P17_only,0
Q25505095,1,1,P17+P131,1
Q12552638,1,1,P17+P131,1
Q12698885,1,0,P17_only,0
Q16273332,1,1,P17+P131,1
Q7506291,1,1,P17+P131,1
Q16534515,0,1,P131_only,1
Q13661787,1,1,P17+P131,1
Q122028415,1,0,P17_only,0
Q4516058,1,1,P17+P131,1
Q12537286,1,0,P17_only,1
Q12579175,1,1,P17+P131,1
Q19916468,0,1,P131_only,1
Q97165888,1,0,P17_only,1
Q25381982,1,0,P17_only,0
Q27357636,1,0,P17_only,0
Q32203130,1,1,P17+P131,0
Q16698486,1,1,P17+P131,1
Q258180,1,1,P17+P131,1
Q13647857,1,1,P17+P131,1
Q13653585,1,1,P17+P131,1
Q32204786,1,0,P17_only,0
Q44380152,1,0,P17_only,0
Q16273712,1,1,P17+P131,1
Q27430900,1,0,P17_only,0
Q16274571,1,1,P17+P131,1
Q16431326,1,1,P17+P131,1
Q16691642,1,1,P17+P131,1
Q12531286,1,1,P17+P131,1
Q65200522,1,0,P17_only,0
Q16706529,1,1,P17+P131,1
Q2324596,1,1,P17+P131,1
Q18404963,1,1,P17+P131,1
Q65263922,1,0,P17_only,0
Q12578424,1,0,P17_only,1
Q12531243,1,0,P17_only,1
Q61369236,1,1,P17+P131,1
Q12553905,1,1,P17+P131,1
Q123363528,1,0,P17_only,0
Q4210884,1,0,P17_only,1
Q47464442,1,1,P17+P131,0
Q12696776,1,1,P17+P131,0
Q16274236,1,1,P17+P131,1
Q13646704,1,1,P17+P131,1
Q13645933,1,1,P17+P131,1
Q12570912,1,0,P17_only,1
Q61578638,1,1,P17+P131,0
Q16651353,1,1,P17+P131,1
Q97768169,1,0,P17_only,0
Q12541663,0,1,P131_only,1
Q16434366,1,1,P17+P131,1
Q16693843,1,1,P17+P131,1
Q16434227,1,1,P17+P131,1
Q32205751,1,0,P17_only,1
Q4472183,1,1,P17+P131,1
Q125122556,1,0,P17_only,0
Q137292834,1,0,P17_only,0
Q16710264,1,0,P17_only,1
Q65264077,1,0,P17_only,0
Q32195098,1,0,P17_only,0
Q27430778,1,0,P17_only,0
Q32177100,1,1,P17+P131,0
Q135829490,1,0,P17_only,0
Q16433060,1,1,P17+P131,1
Q12534397,1,0,P17_only,1
Q4408883,1,1,P17+P131,1
Q12533328,1,0,P17_only,1
Q16272444,1,1,P17+P131,1
Q20098161,1,1,P17+P131,1
Q135829501,1,0,P17_only,0
Q7499699,0,1,P131_only,1
Q13665059,1,1,P17+P131,1
Q1734780,1,0,P17_only,1
Q6364310,1,1,P17+P131,1
Q13664198,1,1,P17+P131,1
Q12576764,1,1,P17+P131,1
Q12553201,1,0,P17_only,1
Q28671096,1,1,P17+P131,1
Q16632017,0,1,P131_only,1
Q108783664,1,1,P17+P131,0
Q27357702,1,0,P17_only,0
Q110259699,1,0,P17_only,0
Q13476306,0,1,P131_only,1
Q12527639,1,0,P17_only,1
Q1737468,1,0,P17_only,1
Q27357321,1,0,P17_only,0
Q20098568,1,1,P17+P131,1
Q12533650,1,1,P17+P131,1
Q97166034,1,0,P17_only,0
Q16681486,1,1,P17+P131,0
Q27348103,1,0,P17_only,0
Q32218365,1,0,P17_only,0
Q27350599,1,1,P17+P131,0
Q16431612,1,0,P17_only,1
Q112004044,1,0,P17_only,0
Q32198326,1,0,P17_only,0
Q27430673,1,1,P17+P131,1
Q6380790,1,0,P17_only,1
Q16272790,1,1,P17+P131,1
Q16671634,1,1,P17+P131,0
Q17072729,1,0,P17_only,1
Q124255773,1,0,P17_only,0
Q27357709,1,0,P17_only,0
Q12543331,1,1,P17+P131,1
Q4362204,1,1,P17+P131,1
Q17749578,1,1,P17+P131,1
Q12547813,1,0,P17_only,1
Q32177082,1,0,P17_only,0
Q108533852,1,0,P17_only,0
Q123363722,1,0,P17_only,0
Q95985867,1,0,P17_only,0
Q105044105,1,0,P17_only,0
Q387436,1,1,P17+P131,1
Q48609605,1,0,P17_only,0
Q32215389,1,0,P17_only,0
Q16433806,1,0,P17_only,1
Q22200807,1,1,P17+P131,1
Q130211669,0,1,P131_only,0
Q12578507,1,1,P17+P131,1
Q19984064,0,1,P131_only,1
Q140400479,1,0,P17_only,0
Q108861987,1,0,P17_only,0
P13875,1,0,P17_only,0
Q32206195,1,0,P17_only,0
Q16431894,1,0,P17_only,1
Q12542556,1,0,P17_only,1
Q27042512,1,0,P17_only,0
Q1047817,1,1,P17+P131,1
Q18407215,1,1,P17+P131,1
Q16720505,1,1,P17+P131,1
Q12559132,1,1,P17+P131,1
Q20485717,1,0,P17_only,1
Q13646540,1,1,P17+P131,1
Q1046210,1,0,P17_only,1
Q12558725,1,1,P17+P131,1
Q16661712,1,1,P17+P131,1
Q119296195,1,0,P17_only,1
Q4476783,1,1,P17+P131,1
Q97211307,1,1,P17+P131,1
Q4127129,1,0,P17_only,1
Q16431769,1,0,P17_only,1
Q15709274,1,0,P17_only,0
Q13652529,0,1,P131_only,1
Q12556729,1,0,P17_only,1
Q12533322,1,0,P17_only,1
Q16681424,1,1,P17+P131,1
Q27357378,1,0,P17_only,0
Q12575822,1,0,P17_only,1
Q4286846,1,0,P17_only,1
Q16431708,1,1,P17+P131,1
Q27430714,1,0,P17_only,0
Q13415076,0,1,P131_only,1
Q135738469,1,0,P17_only,0
Q2737287,1,1,P17+P131,1
Q111296972,1,0,P17_only,0
Q12529161,1,1,P17+P131,1
Q32217768,1,1,P17+P131,0
Q56367183,1,1,P17+P131,0
Q27355011,1,0,P17_only,0
Q4479956,1,0,P17_only,0
Q12570417,1,0,P17_only,1
Q105630321,1,0,P17_only,1
Q27348486,1,1,P17+P131,0
Q110259508,1,1,P17+P131,0
Q2726397,1,1,P17+P131,1
Q4450384,1,1,P17+P131,1
Q32215605,1,1,P17+P131,0
Q27351465,1,0,P17_only,0
Q21041031,1,0,P17_only,0
Q16721044,1,1,P17+P131,0
Q13664186,1,1,P17+P131,1
Q12542871,1,0,P17_only,1
Q27430931,1,1,P17+P131,0
Q97291384,1,0,P17_only,1
Q13646003,1,1,P17+P131,1
Q16433882,1,1,P17+P131,1
Q108533910,1,0,P17_only,0
Q135828917,1,0,P17_only,0
Q2694236,1,0,P17_only,0
Q62050297,1,0,P17_only,0
Q13393271,0,1,P131_only,1
Q134503318,1,1,P17+P131,0
Q4348964,1,0,P17_only,1
Q16679233,1,1,P17+P131,0
Q16690749,1,1,P17+P131,1
Q15918923,1,1,P17+P131,1
Q12526016,1,1,P17+P131,1
Q12576009,1,0,P17_only,1
Q20098656,1,1,P17+P131,1
Q32206637,1,0,P17_only,0
Q16273095,1,1,P17+P131,1
Q16701060,1,1,P17+P131,1
Q27357361,1,0,P17_only,0
Q65071402,1,0,P17_only,0
Q13643341,1,1,P17+P131,1
Q12565757,1,0,P17_only,1
Q20484427,1,0,P17_only,1
Q4209639,1,1,P17+P131,1
Q12556420,1,1,P17+P131,1
Q27430583,1,0,P17_only,0
Q12527427,1,0,P17_only,1
Q135829960,1,0,P17_only,0
Q13663389,1,1,P17+P131,1
Q97204631,1,0,P17_only,0
Q16661556,1,1,P17+P131,0
Q12534177,1,1,P17+P131,1
Q13651855,1,1,P17+P131,1
Q65123778,1,0,P17_only,0
Q13642202,1,1,P17+P131,1
Q13646917,1,1,P17+P131,1
Q13663968,1,1,P17+P131,1
Q27351940,1,0,P17_only,0
Q30975167,1,1,P17+P131,1
Q27352704,0,1,P131_only,0
Q27351297,1,0,P17_only,0
Q27357492,1,0,P17_only,0
Q12545324,1,0,P17_only,1
Q16273917,1,1,P17+P131,1
Q20098680,1,1,P17+P131,1
Q16710250,1,0,P17_only,1
Q12562735,1,1,P17+P131,1
Q137527303,1,0,P17_only,0
Q427658,1,1,P17+P131,1
Q12566950,1,1,P17+P131,1
Q4682819,1,0,P17_only,0
Q27430742,1,0,P17_only,0
Q16663120,1,1,P17+P131,1
Q106298395,1,0,P17_only,0
Q4208134,1,0,P17_only,1
Q16704274,1,1,P17+P131,1
Q27431010,1,1,P17+P131,0
Q27351937,1,0,P17_only,0
Q136839884,1,0,P17_only,0
Q13651765,1,1,P17+P131,1
Q27430792,1,0,P17_only,0
Q27430985,1,0,P17_only,0
Q32175422,1,0,P17_only,0
Q2018062,1,0,P17_only,0
Q18396363,1,1,P17+P131,1
Q17057351,1,1,P17+P131,0
Q16433652,1,0,P17_only,1
Q7497754,0,1,P131_only,1
Q61367035,1,1,P17+P131,1
Q12533695,1,0,P17_only,1
Q13642142,1,1,P17+P131,1
Q20098148,1,1,P17+P131,1
Q4273794,1,0,P17_only,1
Q27354022,1,0,P17_only,0
Q12554186,1,1,P17+P131,1
Q56367096,1,1,P17+P131,1
Q16699172,1,1,P17+P131,1
Q4519730,1,1,P17+P131,1
Q12542894,1,0,P17_only,1
Q135829181,1,0,P17_only,0
Q12576935,1,0,P17_only,1
Q2047375,1,1,P17+P131,1
Q19615586,0,1,P131_only,1
Q20486145,1,1,P17+P131,1
Q16686121,1,1,P17+P131,1
Q12531722,1,1,P17+P131,1
Q25397188,1,1,P17+P131,0
Q16433228,1,0,P17_only,1
Q32200657,1,0,P17_only,0
Q20484922,1,0,P17_only,1
Q13645986,1,1,P17+P131,1
Q120291245,1,0,P17_only,0
Q13642159,1,1,P17+P131,1
Q12532276,1,0,P17_only,1
Q27353973,1,0,P17_only,0
Q27357425,1,0,P17_only,0
Q16679367,1,1,P17+P131,1
Q20486206,1,0,P17_only,1
Q20484839,1,0,P17_only,1
Q135829663,1,0,P17_only,0
Q4506528,1,0,P17_only,0
Q13643799,1,1,P17+P131,1
Q12574655,1,0,P17_only,1
Q12533121,1,1,P17+P131,1
Q13663119,1,1,P17+P131,1
Q13652523,0,1,P131_only,1
Q13641877,1,1,P17+P131,1
Q4075758,1,1,P17+P131,1
Q12553833,1,1,P17+P131,1
Q12546632,1,0,P17_only,1
Q12533858,1,1,P17+P131,1
Q32212610,1,0,P17_only,0
Q61931590,1,0,P17_only,0
Q13664375,1,1,P17+P131,1
Q16274010,1,1,P17+P131,1
Q12569820,1,1,P17+P131,1
Q16715885,1,1,P17+P131,1
Q55659693,1,0,P17_only,1
Q27430879,1,0,P17_only,0
Q4882206,1,0,P17_only,0
Q13649150,1,1,P17+P131,1
Q138317473,1,1,P17+P131,0
Q27351603,1,0,P17_only,0
Q4506778,1,1,P17+P131,0
Q27356933,1,0,P17_only,0
Q31195559,1,0,P17_only,1
Q138030154,1,0,P17_only,0
Q16433793,1,0,P17_only,1
Q109109757,1,0,P17_only,0
Q13365405,0,1,P131_only,1
Q42802322,1,0,P17_only,0
Q16431496,1,1,P17+P131,1
Q3089096,1,0,P17_only,1
Q27357612,1,0,P17_only,0
Q32190121,1,0,P17_only,0
Q55663813,1,1,P17+P131,1
Q32183319,1,1,P17+P131,1
Q4246951,1,1,P17+P131,1
Q12544811,1,0,P17_only,1
Q12545077,1,0,P17_only,1
Q124973436,1,0,P17_only,0
Q134314410,1,0,P17_only,0
Q12553363,1,0,P17_only,1
Q114852558,1,0,P17_only,1
Q111460510,1,1,P17+P131,0
Q4400873,1,0,P17_only,0
Q16651125,1,1,P17+P131,1
Q12535353,1,1,P17+P131,1
Q135829080,1,0,P17_only,0
Q12574823,1,0,P17_only,1
Q16702042,1,1,P17+P131,1
Q123225277,1,0,P17_only,0
Q32187132,1,0,P17_only,0
Q55833203,1,0,P17_only,0
Q10984348,1,1,P17+P131,1
Q13651721,1,1,P17+P131,1
Q136268965,1,0,P17_only,0
Q13664254,1,1,P17+P131,1
Q25482915,1,0,P17_only,1
Q30969598,1,1,P17+P131,1
Q32179611,1,1,P17+P131,0
Q47485800,1,1,P17+P131,1
Q13641921,1,1,P17+P131,1
Q4062924,1,1,P17+P131,1
Q16701743,1,1,P17+P131,1
Q13649141,1,1,P17+P131,1
Q27351990,1,0,P17_only,1
Q42805135,1,1,P17+P131,0
Q13664530,1,1,P17+P131,1
Q12577661,1,0,P17_only,1
Q113566511,0,1,P131_only,0
Q111125780,1,0,P17_only,0
Q16431272,1,1,P17+P131,1
Q16701050,1,1,P17+P131,1
Q17494766,1,1,P17+P131,1
Q65253697,1,0,P17_only,0
Q13643493,1,1,P17+P131,1
Q16650868,1,1,P17+P131,1
Q16431362,1,0,P17_only,1
Q27353856,1,0,P17_only,0
Q4246919,1,0,P17_only,1
Q32215741,1,0,P17_only,0
Q12700566,1,0,P17_only,0
Q178900,1,1,P17+P131,1
Q123363511,1,0,P17_only,0
Q32171294,1,0,P17_only,0
Q16641526,0,1,P131_only,1
Q141468,1,1,P17+P131,1
Q13640716,0,1,P131_only,1
Q13664209,1,1,P17+P131,1
Q27430556,1,0,P17_only,0
Q27357371,1,0,P17_only,0
Q12532488,1,1,P17+P131,1
Q12574224,1,0,P17_only,1
Q32193841,1,1,P17+P131,0
Q65050178,1,0,P17_only,0
Q117000147,1,0,P17_only,0
Q32182349,1,0,P17_only,0
Q4069562,1,1,P17+P131,1
Q1276476,1,0,P17_only,0
Q15918901,1,1,P17+P131,1
Q12576586,1,0,P17_only,1
Q32211636,1,1,P17+P131,0
Q16434275,1,0,P17_only,1
Q1046633,1,1,P17+P131,1
Q4255538,1,0,P17_only,0
Q112004041,1,0,P17_only,0
Q12575977,1,1,P17+P131,1
Q61085370,1,0,P17_only,0
Q27351834,1,1,P17+P131,1
Q16273763,1,1,P17+P131,1
Q13649118,1,1,P17+P131,1
Q27357360,1,0,P17_only,0
Q32218295,1,0,P17_only,0
Q32218065,1,0,P17_only,0
Q16432171,1,0,P17_only,1
Q7504345,1,1,P17+P131,1
Q32190995,1,0,P17_only,0
Q12574826,1,0,P17_only,1
Q1276471,1,0,P17_only,0
Q16433126,1,1,P17+P131,1
Q32214502,1,0,P17_only,0
Q27357507,1,0,P17_only,0
Q135829127,1,0,P17_only,0
Q13645810,1,1,P17+P131,1
Q16683457,1,1,P17+P131,1
Q27430995,1,0,P17_only,0
Q12649626,1,0,P17_only,0
Q138746140,1,1,P17+P131,0
Q135828884,1,0,P17_only,0
Q17494815,1,1,P17+P131,1
Q56368743,1,1,P17+P131,1
Q27354771,1,0,P17_only,0
Q13646957,1,1,P17+P131,1
Q139858394,1,1,P17+P131,0
Q18409021,1,1,P17+P131,1
Q16698494,1,1,P17+P131,1
Q32198406,1,0,P17_only,0
Q16432349,1,0,P17_only,1
Q61368719,1,1,P17+P131,1
Q135828888,1,0,P17_only,0
Q18400941,1,1,P17+P131,1
Q12544497,0,1,P131_only,1
Q16274592,1,0,P17_only,1
Q129880776,1,1,P17+P131,1
Q136304842,1,0,P17_only,0
Q4273762,1,0,P17_only,1
Q32196399,1,0,P17_only,0
Q16673360,1,1,P17+P131,1
Q12551075,0,1,P131_only,1
Q12573636,1,0,P17_only,1
Q4199621,1,1,P17+P131,1
Q32218012,1,0,P17_only,0
Q131359034,1,1,P17+P131,0
Q32175907,1,0,P17_only,0
Q65173600,1,1,P17+P131,0
Q12530546,1,1,P17+P131,1
Q1111259,1,1,P17+P131,1
Q16431630,1,1,P17+P131,1
Q12569985,1,0,P17_only,1
Q27354860,1,0,P17_only,0
Q61369295,1,1,P17+P131,1
Q32211647,1,1,P17+P131,0
Q32216439,1,1,P17+P131,0
Q12549326,1,0,P17_only,1
Q30972193,1,1,P17+P131,1
Q16701525,1,1,P17+P131,1
Q12568147,1,1,P17+P131,1
Q65269530,1,0,P17_only,0
Q13645588,1,1,P17+P131,1
Q16700590,1,1,P17+P131,1
Q12577376,1,0,P17_only,1
Q22203365,1,1,P17+P131,1
Q124246157,1,0,P17_only,0
Q27354814,1,0,P17_only,0
Q1019392,1,1,P17+P131,1
Q6433146,1,1,P17+P131,1
Q16432951,1,0,P17_only,1
Q16704333,1,1,P17+P131,0
Q32206413,1,0,P17_only,0
Q486007,1,1,P17+P131,1
Q16433224,1,0,P17_only,1
Q55833422,1,0,P17_only,0
Q68036938,1,0,P17_only,0
Q13666731,1,1,P17+P131,1
Q55657712,1,0,P17_only,0
Q65172459,1,1,P17+P131,0
Q17494764,1,1,P17+P131,1
Q25493905,1,0,P17_only,1
Q4180432,1,0,P17_only,1
Q16433311,1,1,P17+P131,1
Q135828457,1,0,P17_only,0
Q30592539,1,0,P17_only,0
Q16272269,0,1,P131_only,1
Q16433820,1,1,P17+P131,1
Q12557766,1,1,P17+P131,1
Q20460279,1,0,P17_only,0
Q1296849,1,0,P17_only,0
Q108533904,1,0,P17_only,0
Q32217418,1,1,P17+P131,0
Q3457716,1,0,P17_only,1
Q4227458,1,1,P17+P131,1
Q12535229,1,1,P17+P131,1
Q27430965,1,0,P17_only,0
Q97210529,1,0,P17_only,0
Q55658567,1,0,P17_only,0
Q12528567,1,0,P17_only,1
Q27430830,1,0,P17_only,0
Q12564586,1,0,P17_only,1
Q39075472,1,0,P17_only,0
Q4412303,1,0,P17_only,0
Q12533992,1,0,P17_only,1
Q32199537,1,0,P17_only,0
Q21043303,1,0,P17_only,0
Q16272337,0,1,P131_only,1
Q13641737,1,1,P17+P131,1
Q6678949,1,1,P17+P131,1
Q27355151,1,0,P17_only,1
Q16650851,1,1,P17+P131,1
Q27356879,1,0,P17_only,0
Q135829845,1,0,P17_only,0
Q4208133,1,0,P17_only,1
Q16432001,1,0,P17_only,1
Q12572687,1,0,P17_only,1
Q16686784,1,1,P17+P131,0
Q124371412,1,1,P17+P131,0
Q135829132,1,0,P17_only,0
Q13655982,1,1,P17+P131,1
Q12569941,1,0,P17_only,1
Q16273986,1,1,P17+P131,1
Q20098368,1,1,P17+P131,1
Q27350849,1,1,P17+P131,0
Q12546166,1,0,P17_only,1
Q16673372,1,1,P17+P131,1
Q123363831,1,0,P17_only,0
Q13640713,0,1,P131_only,1
Q139891968,1,1,P17+P131,0
Q136090730,1,0,P17_only,0
Q13650453,1,1,P17+P131,1
Q27430930,1,0,P17_only,0
Q135829612,1,0,P17_only,0
Q12527645,1,1,P17+P131,1
Q138009792,1,1,P17+P131,0
Q13643353,1,1,P17+P131,1
Q4059633,1,1,P17+P131,1
Q59652295,1,1,P17+P131,0
Q16661641,1,1,P17+P131,1
Q32217300,1,0,P17_only,0
Q16646509,1,1,P17+P131,0
Q12823569,1,1,P17+P131,1
Q2422603,1,1,P17+P131,1
Q18406233,1,1,P17+P131,1
Q123363474,1,0,P17_only,0
Q135829811,1,0,P17_only,0
Q25506785,1,0,P17_only,1
Q18406208,1,1,P17+P131,0
Q15879631,1,0,P17_only,0
Q12544808,1,0,P17_only,1
Q114120678,1,0,P17_only,0
Q27351909,1,0,P17_only,0
Q4163271,1,1,P17+P131,1
Q55658422,1,0,P17_only,0
Q65259438,1,0,P17_only,0
Q55659651,1,0,P17_only,0
Q12529433,1,1,P17+P131,1
Q16646206,1,1,P17+P131,0
Q16664235,1,1,P17+P131,0
Q5363380,1,0,P17_only,0
Q99562439,0,1,P131_only,0
Q16434362,1,0,P17_only,1
Q1381205,1,1,P17+P131,0
Q16705335,1,1,P17+P131,0
Q4341884,1,0,P17_only,1
Q27357580,1,0,P17_only,0
Q12531751,1,1,P17+P131,1
Q137527325,1,0,P17_only,0
Q32201455,1,0,P17_only,0
Q32204917,1,0,P17_only,0
Q16723753,1,1,P17+P131,1
Q32203180,1,0,P17_only,0
Q12554268,1,1,P17+P131,1
Q2605432,1,1,P17+P131,1
Q27394979,1,0,P17_only,0
Q16533637,0,1,P131_only,1
Q60851059,1,1,P17+P131,0
Q32200518,1,0,P17_only,0
Q16692219,1,1,P17+P131,1
Q11187131,1,1,P17+P131,1
Q20486282,1,0,P17_only,1
Q27430740,1,0,P17_only,0
Q10544586,1,0,P17_only,1
Q12577420,1,0,P17_only,1
Q133260814,1,0,P17_only,1
Q24897342,1,0,P17_only,0
Q27348116,1,0,P17_only,0
Q27356898,1,0,P17_only,0
Q16661785,1,1,P17+P131,1
Q12710982,1,1,P17+P131,0
Q120798916,1,0,P17_only,0
Q2491158,1,0,P17_only,0
Q123363693,1,0,P17_only,0
Q32176138,1,0,P17_only,0
Q60311083,1,1,P17+P131,0
Q9250615,1,1,P17+P131,1
Q13645966,1,1,P17+P131,1
Q134485,1,0,P17_only,1
Q16432617,1,0,P17_only,1
Q55658321,1,0,P17_only,0
Q16524906,0,1,P131_only,1
Q13641586,1,1,P17+P131,1
Q13649450,1,1,P17+P131,1
Q13652060,1,1,P17+P131,1
Q27357403,1,0,P17_only,0
Q123363694,1,0,P17_only,0
Q13651585,1,1,P17+P131,1
Q32188653,1,0,P17_only,0
Q25529579,1,0,P17_only,1
Q12294293,1,1,P17+P131,1
Q32213792,1,1,P17+P131,0
Q16704967,1,1,P17+P131,1
Q32211953,1,1,P17+P131,0
Q13643222,0,1,P131_only,0
Q12552976,1,1,P17+P131,1
Q12252329,1,1,P17+P131,1
Q16675928,1,1,P17+P131,1
Q3725269,1,0,P17_only,0
Q32214138,1,1,P17+P131,0
Q32186084,1,1,P17+P131,1
Q20098206,1,1,P17+P131,1
Q32197039,1,0,P17_only,0
Q12548675,1,0,P17_only,1
Q21125410,1,1,P17+P131,1
Q16708445,1,1,P17+P131,1
Q12537349,1,0,P17_only,1
Q32190600,1,0,P17_only,0
Q27430601,1,0,P17_only,0
Q27357340,1,1,P17+P131,0
Q13650461,1,1,P17+P131,1
Q30975039,1,1,P17+P131,0
Q13646132,0,1,P131_only,1
Q12555289,1,0,P17_only,1
Q16434402,1,1,P17+P131,1
Q4412288,1,1,P17+P131,1
Q12570380,1,1,P17+P131,1
Q13641735,1,1,P17+P131,1
Q12559897,1,0,P17_only,1
Q119011862,1,0,P17_only,0
Q12544174,0,1,P131_only,1
Q16434478,1,1,P17+P131,1
Q16668716,1,1,P17+P131,1
Q32173929,0,1,P131_only,0
Q65124412,1,0,P17_only,0
Q18404762,1,0,P17_only,1
Q16706909,1,1,P17+P131,1
Q13667014,1,1,P17+P131,1
Q13372783,0,1,P131_only,1
Q9361733,1,1,P17+P131,0
Q27357145,1,0,P17_only,0
Q4250707,1,1,P17+P131,1
Q32205731,1,0,P17_only,0
Q27358237,1,0,P17_only,1
Q32208475,0,1,P131_only,0
Q4472749,1,1,P17+P131,1
Q134388378,1,0,P17_only,0
Q4126508,1,0,P17_only,1
Q27430842,1,0,P17_only,0
Q32188548,1,1,P17+P131,0
Q97166606,1,0,P17_only,0
Q16433723,1,1,P17+P131,1
Q12548862,1,0,P17_only,1
Q16646815,1,1,P17+P131,1
Q27430844,1,0,P17_only,0
Q848638,1,1,P17+P131,1
Q135828568,1,0,P17_only,0
Q20486137,1,0,P17_only,1
Q16669420,1,1,P17+P131,1
Q20098646,1,1,P17+P131,1
Q132803487,1,0,P17_only,0
Q13655794,1,1,P17+P131,1
Q106849386,1,0,P17_only,0
Q61368717,1,1,P17+P131,1
Q108783931,1,1,P17+P131,0
Q485322,1,1,P17+P131,1
Q1029040,1,0,P17_only,0
Q12543594,1,0,P17_only,1
Q10897259,1,1,P17+P131,1
Q4737934,1,1,P17+P131,1
Q12552400,1,1,P17+P131,1
Q13648000,1,1,P17+P131,1
Q107752338,1,0,P17_only,0
Q12542605,1,0,P17_only,1
Q32212047,1,0,P17_only,0
Q135829291,1,0,P17_only,0
Q139907587,1,1,P17+P131,0
Q12567402,1,1,P17+P131,1
Q16654381,1,1,P17+P131,1
Q136090690,1,0,P17_only,0
Q39082555,1,1,P17+P131,1
Q126519849,1,0,P17_only,1
Q16690757,1,1,P17+P131,1
Q32184083,1,0,P17_only,0
Q12544810,1,0,P17_only,1
Q30972373,1,1,P17+P131,1
Q13643730,1,1,P17+P131,1
Q27430977,1,0,P17_only,0
Q123363726,1,0,P17_only,0
Q18401495,1,1,P17+P131,1
Q27358154,1,1,P17+P131,0
Q18401683,1,1,P17+P131,1
Q13651741,1,1,P17+P131,1
Q32190071,1,1,P17+P131,0
Q27354953,1,0,P17_only,0
Q32188089,1,0,P17_only,0
Q18400031,1,1,P17+P131,1
Q12709708,1,0,P17_only,0
Q12554692,1,1,P17+P131,1
Q890399,1,0,P17_only,0
Q18404538,1,1,P17+P131,1
Q13643266,1,1,P17+P131,1
Q16635366,0,1,P131_only,0
Q16273545,1,1,P17+P131,1
Q12574660,1,0,P17_only,1
Q16272566,1,1,P17+P131,1
Q31195467,1,0,P17_only,1
Q4381099,1,1,P17+P131,1
Q13651928,1,1,P17+P131,1
Q27354793,1,0,P17_only,0
Q25523987,1,0,P17_only,1
Q16434003,1,1,P17+P131,1
Q16432309,1,1,P17+P131,1
Q27357409,1,0,P17_only,0
Q18406139,1,1,P17+P131,0
Q12533857,1,0,P17_only,1
Q135828871,1,0,P17_only,0
Q32188481,1,0,P17_only,0
Q12534863,1,1,P17+P131,1
Q16666237,1,1,P17+P131,1
Q16702027,1,1,P17+P131,1
Q27354917,1,0,P17_only,0
Q13642214,1,1,P17+P131,1
Q56368453,1,1,P17+P131,1
Q16708944,1,1,P17+P131,1
Q97230667,1,0,P17_only,0
Q32186343,1,0,P17_only,0
Q19981401,0,1,P131_only,1
Q12561155,1,0,P17_only,1
Q58216329,1,0,P17_only,0
Q137527289,1,0,P17_only,0
Q12531698,1,0,P17_only,1
Q27354747,1,0,P17_only,0
Q27355138,1,0,P17_only,0
Q44380143,1,0,P17_only,0
Q3910965,1,0,P17_only,0
Q32174451,0,1,P131_only,0
Q16433375,1,0,P17_only,1
Q108789728,1,1,P17+P131,0
Q124731186,1,1,P17+P131,0
Q16273148,1,1,P17+P131,1
Q27356926,1,0,P17_only,0
Q12532243,1,0,P17_only,1
Q27351893,1,0,P17_only,1
Q4258257,1,0,P17_only,0
Q61375010,1,1,P17+P131,1
Q13655994,1,1,P17+P131,1
Q18404631,1,1,P17+P131,1
Q20680133,1,0,P17_only,0
Q16432921,1,1,P17+P131,1
Q4299911,1,0,P17_only,0
Q117812386,1,1,P17+P131,1
Q13641579,1,1,P17+P131,1
Q111297049,1,0,P17_only,0
Q12533266,1,1,P17+P131,1
Q27430757,1,0,P17_only,0
Q16432154,1,0,P17_only,1
Q12556884,1,0,P17_only,1
Q123363846,1,0,P17_only,0
Q20098526,1,1,P17+P131,1
Q16432907,1,0,P17_only,1
Q135828776,1,0,P17_only,0
Q16681804,1,1,P17+P131,1
Q12563576,1,1,P17+P131,1
Q2643817,1,0,P17_only,0
Q108789713,1,1,P17+P131,0
Q32211412,1,0,P17_only,1
Q20098137,1,1,P17+P131,1
Q27351902,1,0,P17_only,0
Q16693318,1,1,P17+P131,1
Q16273241,1,1,P17+P131,1
Q13643253,1,1,P17+P131,1
Q123363840,1,0,P17_only,0
Q16433934,1,1,P17+P131,1
Q32205087,1,0,P17_only,0
Q16651090,1,1,P17+P131,1
Q32195831,1,0,P17_only,0
Q32187267,1,0,P17_only,0
Q12577672,1,1,P17+P131,1
Q123363715,1,0,P17_only,0
Q55633691,1,0,P17_only,0
Q55657291,1,0,P17_only,0
Q135829719,1,0,P17_only,0
Q16685406,1,0,P17_only,1
Q12546711,1,1,P17+P131,1
Q1078589,1,1,P17+P131,1
Q11478477,1,1,P17+P131,1
Q56367031,1,1,P17+P131,1
Q12550385,1,0,P17_only,1
Q20097494,1,1,P17+P131,1
Q106372135,1,1,P17+P131,0
Q32202266,1,0,P17_only,0
Q27356983,1,0,P17_only,0
Q20098442,1,1,P17+P131,1
Q12574768,1,0,P17_only,1
Q18401668,1,1,P17+P131,0
Q139960063,1,1,P17+P131,0
Q15617698,1,1,P17+P131,1
Q16706730,1,1,P17+P131,1
Q32216955,1,0,P17_only,0
Q136268970,1,0,P17_only,0
Q4454454,1,1,P17+P131,1
Q3722703,1,0,P17_only,1
Q32216420,1,0,P17_only,0
Q61368627,1,1,P17+P131,1
Q4243771,1,0,P17_only,1
Q12555767,1,0,P17_only,1
Q16431981,1,1,P17+P131,1
Q16690814,1,1,P17+P131,0
Q16709877,1,1,P17+P131,1
Q2030552,1,1,P17+P131,1
Q27357816,1,0,P17_only,0
Q16272456,1,1,P17+P131,1
Q1000852,1,1,P17+P131,1
Q12544441,0,1,P131_only,1
Q19916759,0,1,P131_only,0
Q12546968,1,1,P17+P131,1
Q77710021,1,1,P17+P131,0
Q12701538,1,0,P17_only,0
Q123484620,1,0,P17_only,0
Q32198355,1,0,P17_only,0
Q27358128,1,0,P17_only,0
Q123363606,1,0,P17_only,0
Q18400201,1,1,P17+P131,1
Q16669404,1,1,P17+P131,1
Q135829813,1,0,P17_only,0
Q32216903,1,0,P17_only,0
Q16651948,1,1,P17+P131,1
Q12973951,1,0,P17_only,0
Q32218488,1,0,P17_only,0
Q25505524,1,1,P17+P131,1
Q13664184,1,1,P17+P131,1
Q16647781,1,1,P17+P131,1
Q21659412,1,1,P17+P131,0
Q133756429,1,0,P17_only,0
Q135828881,1,0,P17_only,0
Q16702041,1,1,P17+P131,1
Q27351121,1,0,P17_only,0
Q32194111,1,0,P17_only,0
Q32212869,1,0,P17_only,0
Q32177522,1,1,P17+P131,0
Q1369963,1,0,P17_only,1
Q18407570,1,1,P17+P131,0
Q13643199,0,1,P131_only,1
Q55658150,1,0,P17_only,0
Q125356788,1,0,P17_only,0
Q18409441,1,1,P17+P131,1
Q32217225,1,0,P17_only,0
Q124289007,1,0,P17_only,0
Q97849298,1,0,P17_only,0
Q65261114,1,0,P17_only,0
Q16434331,1,1,P17+P131,1
Q12532539,1,1,P17+P131,1
Q27356893,1,0,P17_only,0
Q106950699,1,0,P17_only,0
Q65352886,1,0,P17_only,0
Q13414815,0,1,P131_only,1
Q30972245,1,1,P17+P131,1
Q20098247,1,1,P17+P131,1
Q12533343,1,1,P17+P131,1
Q13651886,1,1,P17+P131,1
Q135829546,1,0,P17_only,0
Q32194298,1,0,P17_only,0
Q4208127,1,1,P17+P131,0
Q16273923,1,1,P17+P131,1
Q27355028,1,0,P17_only,0
Q21662729,1,0,P17_only,0
Q13646054,1,1,P17+P131,1
Q32206426,1,1,P17+P131,0
Q12542827,1,0,P17_only,1
Q16714436,1,0,P17_only,0
Q32212244,1,0,P17_only,0
Q65251004,1,0,P17_only,1
Q12576317,1,1,P17+P131,1
Q20485899,1,0,P17_only,1
Q13650551,1,1,P17+P131,1
Q16704189,1,1,P17+P131,1
Q2952941,1,0,P17_only,1
Q16678929,1,1,P17+P131,1
Q13651867,1,1,P17+P131,1
Q123363498,1,0,P17_only,0
Q4465695,1,1,P17+P131,1
Q1323460,1,1,P17+P131,1
Q135829650,1,0,P17_only,0
Q13645632,1,1,P17+P131,1
Q18396420,1,1,P17+P131,0
Q13643159,0,1,P131_only,1
Q27430611,1,0,P17_only,0
Q16431314,1,0,P17_only,1
Q27350772,1,1,P17+P131,0
Q135828446,1,0,P17_only,0
Q16676689,1,1,P17+P131,1
Q4208085,1,1,P17+P131,0
Q16691517,1,1,P17+P131,1
Q27357337,1,1,P17+P131,0
Q25384699,1,0,P17_only,0
Q27430915,1,0,P17_only,0
Q12532844,1,0,P17_only,1
Q16668657,1,1,P17+P131,1
Q62050315,1,0,P17_only,0
Q16690349,1,1,P17+P131,1
Q12553036,1,0,P17_only,1
Q18408962,1,1,P17+P131,1
Q4069553,1,1,P17+P131,0
Q12690105,1,0,P17_only,0
Q12574026,1,0,P17_only,1
Q16433583,1,0,P17_only,1
Q27430797,1,0,P17_only,0
Q13664715,1,1,P17+P131,1
Q13643396,1,1,P17+P131,1
Q13645610,1,1,P17+P131,1
Q27355134,1,1,P17+P131,0
Q11921571,1,0,P17_only,0
Q21019617,1,0,P17_only,0
Q32203929,1,0,P17_only,0
Q12575851,1,0,P17_only,1
Q13646460,1,1,P17+P131,1
Q13647366,1,1,P17+P131,1
Q27356967,1,0,P17_only,0
Q135829197,1,0,P17_only,0
Q27350706,1,0,P17_only,0
Q27354764,1,0,P17_only,0
Q30972871,1,1,P17+P131,1
Q15222529,1,1,P17+P131,1
Q12543126,1,0,P17_only,1
Q138602843,1,0,P17_only,0
Q286640,1,1,P17+P131,1
Q18396393,1,1,P17+P131,1
Q12551051,0,1,P131_only,1
Q27352635,0,1,P131_only,0
Q13389,1,0,P17_only,1
Q12572977,1,0,P17_only,1
Q16651841,1,1,P17+P131,1
Q108533806,1,0,P17_only,0
Q109452572,1,0,P17_only,0
Q112635510,0,1,P131_only,0
Q32195724,1,0,P17_only,0
Q30975081,1,1,P17+P131,1
Q16432491,1,1,P17+P131,1
Q16632800,0,1,P131_only,0
Q12535176,1,1,P17+P131,1
Q20486055,1,0,P17_only,1
Q123363838,1,0,P17_only,0
Q16721190,1,1,P17+P131,1
Q97547455,1,1,P17+P131,0
Q125972854,1,0,P17_only,1
Q108533844,1,0,P17_only,0
Q27354429,1,0,P17_only,0
Q12534871,1,1,P17+P131,1
Q131679343,1,1,P17+P131,0
Q16629959,0,1,P131_only,1
Q13648567,1,1,P17+P131,1
Q30642068,1,1,P17+P131,1
Q16434457,1,1,P17+P131,1
Q13359424,0,1,P131_only,1
Q27430787,1,0,P17_only,0
Q16434225,1,1,P17+P131,1
Q56367171,1,1,P17+P131,1
Q108533884,1,0,P17_only,0
Q4507951,1,1,P17+P131,1
Q20074211,1,1,P17+P131,1
Q27354575,1,0,P17_only,0
Q27430909,1,0,P17_only,0
Q108861978,1,1,P17+P131,0
Q12542376,1,0,P17_only,1
Q57782659,1,1,P17+P131,1
Q20078065,1,1,P17+P131,1
Q13643145,0,1,P131_only,0
Q64155082,1,0,P17_only,1
Q32181948,1,0,P17_only,0
Q16431040,1,0,P17_only,1
Q32216049,1,0,P17_only,0
Q117303547,1,1,P17+P131,0
Q16273376,1,1,P17+P131,1
Q97789854,1,0,P17_only,0
Q64152930,1,0,P17_only,0
Q20077159,1,1,P17+P131,1
Q13640681,0,1,P131_only,1
Q27348489,1,0,P17_only,0
Q12541824,0,1,P131_only,1
Q17486757,1,1,P17+P131,1
Q32184044,1,1,P17+P131,0
Q23958966,1,0,P17_only,1
Q14919744,1,0,P17_only,0
Q16431594,1,0,P17_only,1
Q131765600,1,1,P17+P131,0
Q97480064,1,0,P17_only,0
Q32190036,1,0,P17_only,0
Q27357586,1,0,P17_only,0
Q12545328,1,1,P17+P131,1
Q13649868,1,1,P17+P131,1
Q12541087,0,1,P131_only,1
Q13645983,1,1,P17+P131,1
Q17749586,1,1,P17+P131,1
Q746559,1,1,P17+P131,1
Q123363699,1,0,P17_only,0
Q12534130,1,1,P17+P131,1
Q102423406,1,1,P17+P131,0
Q12685839,1,0,P17_only,0
Q28521341,1,0,P17_only,1
Q13645623,1,1,P17+P131,1
Q21328574,1,0,P17_only,0
Q13649152,1,1,P17+P131,1
Q16433338,1,1,P17+P131,1
Q4470263,1,1,P17+P131,0
Q12556219,1,1,P17+P131,1
Q97211264,1,0,P17_only,1
Q20073053,0,1,P131_only,1
Q20447359,1,0,P17_only,0
Q25500263,1,1,P17+P131,1
Q32212541,1,0,P17_only,0
Q32200045,1,0,P17_only,0
Q12566951,1,0,P17_only,1
Q131294861,1,0,P17_only,0
Q12575505,1,0,P17_only,1
Q56366792,1,1,P17+P131,1
Q20455311,1,0,P17_only,0
Q32201407,1,0,P17_only,1
Q20486109,1,1,P17+P131,1
Q20083354,1,1,P17+P131,1
Q12558050,1,1,P17+P131,1
Q64198208,1,0,P17_only,1
Q33541,1,0,P17_only,1
Q15693917,1,0,P17_only,1
Q4059954,1,1,P17+P131,1
Q64199223,1,0,P17_only,1
Q12701530,1,0,P17_only,0
Q16651149,1,1,P17+P131,1
Q357262,1,0,P17_only,1
Q13646168,1,1,P17+P131,1
Q12547760,1,1,P17+P131,1
Q12575437,1,0,P17_only,1
Q13664236,1,1,P17+P131,1
Q32182521,1,1,P17+P131,0
Q27354453,1,0,P17_only,1
Q4273773,1,0,P17_only,1
Q13652430,0,1,P131_only,1
Q25503423,1,0,P17_only,1
Q7102286,1,0,P17_only,0
Q16664578,1,1,P17+P131,1
Q32197803,1,0,P17_only,0
Q32201174,1,0,P17_only,0
Q32189116,1,1,P17+P131,0
Q18399294,1,1,P17+P131,1
Q43304705,1,0,P17_only,0
Q12543136,1,1,P17+P131,1
Q12570647,1,1,P17+P131,1
Q27356861,1,0,P17_only,0
Q16690830,1,1,P17+P131,1
Q13641563,1,1,P17+P131,1
Q12550454,1,0,P17_only,1
Q12578505,1,0,P17_only,1
Q123363820,1,0,P17_only,0
Q20484407,1,1,P17+P131,1
Q4085924,1,0,P17_only,1
Q12533369,1,0,P17_only,1
Q16432455,1,0,P17_only,1
Q27357221,1,0,P17_only,0
Q27354936,1,0,P17_only,0
Q55658057,1,0,P17_only,0
Q108783935,1,1,P17+P131,0
Q16641795,0,1,P131_only,1
Q4212735,1,0,P17_only,1
Q16719050,1,1,P17+P131,1
Q27430765,1,0,P17_only,0
Q27350702,1,1,P17+P131,0
Q20098228,1,1,P17+P131,1
Q12555435,1,1,P17+P131,1
Q64187887,1,0,P17_only,0
Q4205611,1,0,P17_only,1
Q4505588,1,1,P17+P131,1
Q27354153,1,0,P17_only,0
Q135829799,1,0,P17_only,0
Q13055907,1,1,P17+P131,0
Q16706065,1,1,P17+P131,1
Q133821908,1,0,P17_only,0
Q12575458,1,1,P17+P131,1
Q18399651,1,1,P17+P131,1
Q32202894,1,0,P17_only,0
Q13646022,1,1,P17+P131,1
Q25502506,1,0,P17_only,1
Q16657084,1,1,P17+P131,1
Q16715305,1,1,P17+P131,1
Q110413718,1,0,P17_only,1
Q13640780,1,1,P17+P131,1
Q139586909,1,1,P17+P131,0
Q12574449,1,0,P17_only,1
Q3965608,1,0,P17_only,0
Q108533869,1,0,P17_only,0
Q2550287,1,1,P17+P131,1
Q27354722,1,0,P17_only,0
Q20098671,1,1,P17+P131,1
Q16651181,1,1,P17+P131,1
Q20093837,1,1,P17+P131,1
Q27354876,1,0,P17_only,0
Q62575353,1,1,P17+P131,0
Q12538152,1,1,P17+P131,1
Q12535058,1,0,P17_only,1
Q13664031,1,1,P17+P131,1
Q20486276,1,0,P17_only,1
Q27348242,1,0,P17_only,1
Q32219158,1,0,P17_only,0
Q12535829,1,0,P17_only,1
Q2017484,1,0,P17_only,0
Q16666793,1,1,P17+P131,1
Q12574442,1,0,P17_only,1
Q16686779,1,1,P17+P131,1
Q20484992,1,0,P17_only,1
Q97161605,1,0,P17_only,0
Q64152115,1,0,P17_only,1
Q13663166,1,1,P17+P131,1
Q12541392,0,1,P131_only,1
Q4208126,1,0,P17_only,0
Q27348297,1,0,P17_only,0
Q13651638,1,1,P17+P131,1
Q13650469,1,1,P17+P131,1
Q27357263,1,0,P17_only,0
Q97358527,1,0,P17_only,1
Q13651791,1,1,P17+P131,1
Q27351287,1,0,P17_only,0
Q20486088,1,0,P17_only,1
Q27430756,1,0,P17_only,0
Q4507327,1,1,P17+P131,1
Q12575555,1,1,P17+P131,1
Q126368628,1,0,P17_only,0
Q13664892,1,1,P17+P131,1
Q20098505,1,1,P17+P131,1
Q4065612,1,1,P17+P131,1
Q136090725,1,0,P17_only,0
Q16431064,1,0,P17_only,1
Q32197578,1,1,P17+P131,0
Q13652502,0,1,P131_only,1
Q30974389,1,1,P17+P131,1
Q18409007,1,1,P17+P131,1
Q55659331,1,0,P17_only,0
Q12545695,1,1,P17+P131,1
Q13416153,0,1,P131_only,1
Q4235244,1,0,P17_only,0
Q13641927,1,1,P17+P131,1
Q13651645,1,1,P17+P131,1
Q12546074,1,0,P17_only,1
Q97678536,1,0,P17_only,0
Q16651237,1,1,P17+P131,0
Q16434741,1,0,P17_only,1
Q20484728,1,0,P17_only,1
Q15617662,1,1,P17+P131,1
Q30953476,1,1,P17+P131,1
Q20484678,1,0,P17_only,1
Q39046628,1,0,P17_only,1
Q47067454,1,0,P17_only,0
Q32203943,1,0,P17_only,0
Q18407723,1,1,P17+P131,1
Q32178494,1,0,P17_only,0
Q32191672,1,1,P17+P131,0
Q16715131,1,1,P17+P131,1
Q16433749,1,0,P17_only,1
Q10813783,1,1,P17+P131,1
Q16433750,1,0,P17_only,1
Q630939,1,0,P17_only,1
Q32201192,1,0,P17_only,0
Q11563630,1,1,P17+P131,1
Q32213189,1,0,P17_only,1
Q13642269,1,1,P17+P131,1
Q16701029,1,0,P17_only,0
Q782082,1,0,P17_only,0
Q120967162,1,1,P17+P131,0
Q12576391,1,0,P17_only,1
Q25493002,1,0,P17_only,1
Q27352363,1,0,P17_only,0
Q27430519,1,0,P17_only,0
Q216621,1,1,P17+P131,1
Q45728486,1,0,P17_only,0
Q27348227,1,0,P17_only,0
Q12536140,0,1,P131_only,1
Q13647377,1,1,P17+P131,1
Q27354963,1,0,P17_only,0
Q4503887,1,0,P17_only,0
Q27431022,1,0,P17_only,0
Q30972750,1,1,P17+P131,1
Q37677246,1,1,P17+P131,0
Q16976459,1,0,P17_only,0
Q16431066,1,0,P17_only,1
Q20098140,1,1,P17+P131,1
Q30975037,1,1,P17+P131,1
Q4167178,1,1,P17+P131,1
Q12529681,1,0,P17_only,1
Q32179551,1,1,P17+P131,0
Q27357280,1,0,P17_only,0
Q13664111,1,1,P17+P131,1
Q13646108,1,1,P17+P131,1
Q16431079,1,1,P17+P131,1
Q137551660,1,1,P17+P131,0
Q4342994,1,1,P17+P131,0
Q25382267,1,0,P17_only,1
Q16431205,1,1,P17+P131,1
Q17006795,1,0,P17_only,0
Q12555771,1,0,P17_only,1
Q16635822,0,1,P131_only,1
Q12532069,1,1,P17+P131,1
Q12536942,1,0,P17_only,1
Q19615106,0,1,P131_only,1
Q13359375,0,1,P131_only,1
Q12690183,1,0,P17_only,0
Q32173275,1,0,P17_only,0
Q130743546,1,0,P17_only,0
Q16433942,1,1,P17+P131,1
Q11773688,1,1,P17+P131,1
Q16434770,1,0,P17_only,1
Q27351953,1,0,P17_only,0
Q12566043,1,0,P17_only,1
Q13657574,1,1,P17+P131,1
Q111297037,1,0,P17_only,0
Q27354448,1,1,P17+P131,1
Q16651464,1,1,P17+P131,0
Q30897585,1,1,P17+P131,0
Q16431590,1,0,P17_only,1
Q27357909,1,0,P17_only,0
Q16669515,1,1,P17+P131,1
Q108533827,1,0,P17_only,0
Q64175721,1,0,P17_only,1
Q13640612,0,1,P131_only,1
Q12545732,1,0,P17_only,1
Q27354900,1,0,P17_only,0
Q108861972,1,0,P17_only,0
Q140309051,1,0,P17_only,0
Q13652600,0,1,P131_only,1
Q18409057,1,0,P17_only,1
Q134496515,1,1,P17+P131,1
Q12561161,1,1,P17+P131,1
Q12551404,0,1,P131_only,1
Q136268978,1,0,P17_only,0
Q140519536,1,0,P17_only,0
Q1937102,1,0,P17_only,1
Q32178452,1,0,P17_only,0
Q13648488,1,1,P17+P131,1
Q7310036,0,1,P131_only,1
Q16711062,1,1,P17+P131,1
Q11878046,1,0,P17_only,1
Q12531805,1,0,P17_only,1
Q126870129,1,0,P17_only,0
Q30975027,1,1,P17+P131,1
Q16688423,1,1,P17+P131,1
Q13652406,0,1,P131_only,1
Q32211786,1,0,P17_only,0
Q16432909,1,0,P17_only,1
Q4059817,1,0,P17_only,1
Q12555126,1,1,P17+P131,1
Q61368261,1,1,P17+P131,1
Q13656052,1,1,P17+P131,1
Q16708745,1,1,P17+P131,1
Q12571109,1,0,P17_only,1
Q127424831,1,0,P17_only,0
Q12536037,0,1,P131_only,1
Q12574615,1,1,P17+P131,1
Q16628969,0,1,P131_only,0
Q32187385,1,0,P17_only,0
Q27351859,1,0,P17_only,0
Q12574794,1,0,P17_only,1
Q16664247,1,1,P17+P131,0
Q4467463,1,0,P17_only,1
Q13652310,1,1,P17+P131,1
Q2347227,1,0,P17_only,0
Q16432414,1,1,P17+P131,1
Q13640718,0,1,P131_only,0
Q12535152,1,1,P17+P131,1
Q12530024,1,1,P17+P131,1
Q16433187,1,0,P17_only,1
Q32198740,1,0,P17_only,0
Q20486247,1,0,P17_only,1
Q13651771,1,1,P17+P131,1
Q13650007,1,1,P17+P131,1
Q16704459,1,1,P17+P131,1
Q16434763,1,1,P17+P131,1
Q13648543,1,1,P17+P131,1
Q12559095,1,1,P17+P131,1
Q20097340,1,1,P17+P131,1
Q65172473,1,1,P17+P131,0
Q16431284,1,0,P17_only,1
Q12576390,1,1,P17+P131,1
Q123363496,1,0,P17_only,0
Q13643140,0,1,P131_only,1
Q32216319,1,0,P17_only,0
Q30973162,1,1,P17+P131,1
Q13664428,1,1,P17+P131,1
Q16431947,1,1,P17+P131,1
Q16432028,1,0,P17_only,1
Q16664199,1,1,P17+P131,1
Q12549871,1,1,P17+P131,1
Q12557403,1,0,P17_only,1
Q10858746,1,0,P17_only,1
Q16664748,1,1,P17+P131,1
Q129880760,1,0,P17_only,1
Q12557681,1,1,P17+P131,1
Q16681433,1,1,P17+P131,1
Q135830005,1,0,P17_only,0
Q32205500,1,0,P17_only,0
Q16650875,1,1,P17+P131,1
Q16434787,1,0,P17_only,1
Q135828643,1,0,P17_only,0
Q27350576,1,0,P17_only,0
Q15918918,1,1,P17+P131,1
Q135829776,1,0,P17_only,0
Q12537365,1,0,P17_only,1
Q12545312,1,0,P17_only,1
Q28668689,1,1,P17+P131,1
Q32213097,1,0,P17_only,0
Q12254837,1,0,P17_only,1
Q12574510,1,0,P17_only,1
Q16434716,1,0,P17_only,1
Q16668909,1,1,P17+P131,1
Q16690029,1,1,P17+P131,1
Q30973010,1,1,P17+P131,1
Q15617586,1,1,P17+P131,1
Q28022498,1,0,P17_only,0
Q16689215,1,1,P17+P131,1
Q32175805,1,1,P17+P131,0
Q16274410,1,1,P17+P131,1
Q2986461,1,1,P17+P131,1
Q12536680,1,1,P17+P131,1
Q55658784,1,0,P17_only,0
Q13646937,1,1,P17+P131,1
Q27354772,1,0,P17_only,0
Q131755759,1,0,P17_only,0
Q123363640,1,0,P17_only,0
Q13662897,1,1,P17+P131,1
Q16685417,1,0,P17_only,1
Q27430607,1,0,P17_only,0
Q106650321,1,0,P17_only,0
Q13653132,0,1,P131_only,1
Q21644778,1,0,P17_only,1
Q4411386,1,1,P17+P131,1
Q111296986,1,0,P17_only,0
Q16431969,1,0,P17_only,1
Q27350632,1,0,P17_only,0
Q4246422,1,1,P17+P131,1
Q32196942,1,0,P17_only,1
Q1807286,0,1,P131_only,1
Q12574519,1,0,P17_only,1
Q4228940,1,1,P17+P131,1
Q18408999,1,1,P17+P131,1
Q16431668,1,0,P17_only,1
Q12550287,1,0,P17_only,1
Q815330,1,1,P17+P131,1
Q198989,1,1,P17+P131,1
Q137943177,1,0,P17_only,0
Q13648013,1,1,P17+P131,1
Q12553251,1,0,P17_only,1
Q25238431,1,0,P17_only,0
Q16666278,1,1,P17+P131,1
Q16648854,1,1,P17+P131,1
Q1433007,1,1,P17+P131,1
Q27352840,1,0,P17_only,0
Q32211886,1,0,P17_only,0
Q13641715,1,1,P17+P131,1
Q16650990,1,1,P17+P131,1
Q18408789,1,1,P17+P131,1
Q135449442,1,1,P17+P131,0
Q32217465,1,0,P17_only,0
Q32190783,1,0,P17_only,0
Q61366994,1,1,P17+P131,1
Q20098569,1,1,P17+P131,1
Q12532684,1,1,P17+P131,1
Q13642400,0,1,P131_only,1
Q27357159,1,0,P17_only,0
Q55658108,1,0,P17_only,0
Q32213695,1,0,P17_only,0
Q1256544,1,0,P17_only,0
Q13664283,1,1,P17+P131,1
Q8765423,1,1,P17+P131,1
Q135829548,1,0,P17_only,0
Q27431023,1,0,P17_only,0
Q56367245,1,1,P17+P131,1
Q27357871,1,0,P17_only,0
Q12531869,1,0,P17_only,1
Q9148958,1,1,P17+P131,1
Q16433208,1,1,P17+P131,1
Q2560335,1,0,P17_only,1
Q27357256,1,0,P17_only,0
Q135828766,1,0,P17_only,0
Q61366625,1,1,P17+P131,1
Q80750213,1,0,P17_only,0
Q16533254,0,1,P131_only,1
Q21019610,1,0,P17_only,0
Q16700609,1,1,P17+P131,1
Q27430526,1,0,P17_only,0
Q135830078,1,0,P17_only,0
Q4085971,1,1,P17+P131,1
Q125122524,1,1,P17+P131,0
Q20098435,1,1,P17+P131,1
Q12557582,1,0,P17_only,1
Q27355072,1,0,P17_only,0
Q16690895,1,1,P17+P131,1
Q12542810,1,0,P17_only,1
Q16432179,1,0,P17_only,1
Q19617856,0,1,P131_only,1
Q12554862,1,1,P17+P131,1
Q12578242,1,1,P17+P131,1
Q12529702,1,0,P17_only,1
Q65261032,1,0,P17_only,0
Q108533885,1,0,P17_only,0
Q135829739,1,0,P17_only,0
Q4472187,1,1,P17+P131,1
Q18404747,1,1,P17+P131,1
Q12552072,0,1,P131_only,1
Q65254465,1,0,P17_only,0
Q16694831,1,1,P17+P131,1
Q9306914,1,0,P17_only,0
Q16431886,1,0,P17_only,1
Q13641962,1,1,P17+P131,1
Q13651762,1,1,P17+P131,1
Q1168179,1,0,P17_only,1
Q13643344,1,1,P17+P131,1
Q13648576,1,1,P17+P131,1
Q32211135,1,0,P17_only,0
Q16433491,1,1,P17+P131,1
Q130403923,1,1,P17+P131,0
Q12108592,1,1,P17+P131,1
Q27357469,1,0,P17_only,0
Q32179046,1,0,P17_only,0
Q20098129,1,1,P17+P131,1
Q4370106,1,0,P17_only,1
Q16433342,1,0,P17_only,1
Q18411138,1,0,P17_only,0
Q32182118,1,0,P17_only,0
Q16272626,1,1,P17+P131,1
Q32219167,1,0,P17_only,0
Q12564736,1,1,P17+P131,1
Q12569781,1,1,P17+P131,1
Q32205965,1,0,P17_only,0
Q16703767,1,1,P17+P131,1
Q13642081,1,1,P17+P131,1
Q30974368,1,1,P17+P131,1
Q16721529,1,1,P17+P131,1
Q112003995,1,0,P17_only,0
Q20486239,1,0,P17_only,1
Q16647786,1,1,P17+P131,1
Q20485020,1,0,P17_only,1
Q12543170,1,1,P17+P131,1
Q7438413,1,0,P17_only,0
Q13650428,1,1,P17+P131,1
Q27350603,1,0,P17_only,1
Q18401150,1,1,P17+P131,1
Q32169427,0,1,P131_only,0
Q4258161,1,1,P17+P131,1
Q13256874,0,1,P131_only,1
Q16431058,1,0,P17_only,1
Q13483200,0,1,P131_only,1
Q13647406,1,1,P17+P131,1
Q32179415,1,0,P17_only,0
Q23073652,1,0,P17_only,0
Q120979399,1,0,P17_only,0
Q16433225,1,0,P17_only,1
Q12544715,0,1,P131_only,1
Q16699666,1,1,P17+P131,1
Q4479955,1,0,P17_only,0
Q16651128,1,1,P17+P131,1
Q12531715,1,0,P17_only,1
Q138647793,1,0,P17_only,0
Q16679239,1,1,P17+P131,1
Q25505114,1,0,P17_only,1
Q12555718,1,0,P17_only,1
Q20462731,1,0,P17_only,0
Q3199336,1,1,P17+P131,1
Q16431799,1,1,P17+P131,1
Q2952948,1,0,P17_only,1
Q15918869,1,1,P17+P131,1
Q13645833,1,1,P17+P131,1
Q16648061,1,1,P17+P131,1
Q12548525,1,1,P17+P131,1
Q12545270,1,1,P17+P131,1
Q12575553,1,0,P17_only,1
Q27355000,1,0,P17_only,0
Q12539912,0,1,P131_only,1
Q16274397,1,1,P17+P131,1
Q18406902,1,1,P17+P131,1
Q12543581,1,1,P17+P131,1
Q16704887,1,1,P17+P131,1
Q111862481,1,1,P17+P131,0
Q116978133,1,1,P17+P131,0
Q30893446,1,1,P17+P131,0
Q32217279,1,0,P17_only,0
Q13643476,1,1,P17+P131,1
Q12531242,1,1,P17+P131,1
Q32196735,1,0,P17_only,0
Q16713595,1,1,P17+P131,1
Q20483781,1,0,P17_only,1
Q108533834,1,0,P17_only,0
Q13663991,1,1,P17+P131,1
Q139713896,1,1,P17+P131,0
Q132126117,1,0,P17_only,1
Q16431622,1,1,P17+P131,1
Q135828860,1,0,P17_only,0
Q13423440,0,1,P131_only,1
Q74732652,1,0,P17_only,0
Q101436402,1,1,P17+P131,0
Q12542885,1,0,P17_only,1
Q138711056,1,1,P17+P131,0
Q16432267,1,0,P17_only,1
Q135828743,1,0,P17_only,0
Q139960242,1,1,P17+P131,0
Q12576100,1,0,P17_only,1
Q132156759,1,0,P17_only,0
Q4158126,1,0,P17_only,0
Q25500353,1,0,P17_only,1
Q16651953,1,1,P17+P131,1
Q76429962,1,0,P17_only,0
Q135828780,1,0,P17_only,0
Q16431677,1,0,P17_only,1
Q32185524,1,0,P17_only,0
Q16710737,1,1,P17+P131,1
Q6380817,1,0,P17_only,0
Q74725122,1,0,P17_only,0
Q12528015,1,1,P17+P131,1
Q115575240,1,0,P17_only,1
Q12554758,1,1,P17+P131,1
Q28660714,1,0,P17_only,0
Q4207613,1,0,P17_only,1
Q20485991,1,0,P17_only,1
Q32192303,1,0,P17_only,0
Q13643066,0,1,P131_only,1
Q16721038,1,1,P17+P131,1
Q4273801,1,1,P17+P131,1
Q16709219,1,1,P17+P131,1
Q16669460,1,1,P17+P131,1
Q16272027,0,1,P131_only,1
Q65007092,1,0,P17_only,0
Q13648881,1,1,P17+P131,1
Q15617704,1,1,P17+P131,1
Q16433672,1,0,P17_only,1
Q32214592,1,0,P17_only,0
Q13643133,0,1,P131_only,1
Q20484653,1,0,P17_only,1
Q13649145,1,1,P17+P131,1
Q20484100,1,0,P17_only,1
Q12533383,1,0,P17_only,1
Q136482,1,0,P17_only,0
Q108315584,1,1,P17+P131,0
Q13652347,0,1,P131_only,1
Q13666721,1,1,P17+P131,1
Q123363703,1,0,P17_only,0
Q12532253,1,0,P17_only,1
Q126951125,1,0,P17_only,0
Q20486316,1,0,P17_only,1
Q12572344,1,1,P17+P131,1
Q12564431,1,1,P17+P131,1
Q420585,1,0,P17_only,1
Q32177464,1,0,P17_only,0
Q123225284,1,0,P17_only,0
Q16434171,1,1,P17+P131,1
Q16433458,1,0,P17_only,1
Q32215326,1,0,P17_only,0
Q16669498,1,1,P17+P131,1
Q135829657,1,0,P17_only,0
Q32194562,1,1,P17+P131,0
Q12542916,1,0,P17_only,1
Q4178634,1,1,P17+P131,1
Q21655534,1,0,P17_only,0
Q135828497,1,0,P17_only,0
Q13646419,1,1,P17+P131,1
Q133810558,1,0,P17_only,0
Q33121496,1,0,P17_only,0
Q4469751,1,1,P17+P131,1
Q20098694,1,1,P17+P131,1
Q20098611,1,0,P17_only,0
Q109514179,1,0,P17_only,0
Q138300135,1,0,P17_only,0
Q50040216,1,1,P17+P131,0
Q16272074,0,1,P131_only,1
Q32214255,1,0,P17_only,0
Q13648989,1,1,P17+P131,1
Q12552359,1,0,P17_only,1
Q32192968,1,0,P17_only,0
Q68036923,1,0,P17_only,0
Q97577503,1,0,P17_only,0
Q18399885,1,1,P17+P131,1
Q27350710,1,0,P17_only,0
Q3728881,1,0,P17_only,1
Q30969363,1,1,P17+P131,1
Q32171067,1,0,P17_only,0
Q12543156,1,1,P17+P131,1
Q16431424,1,1,P17+P131,1
Q18402065,1,1,P17+P131,1
Q133865569,1,0,P17_only,0
Q16694768,1,1,P17+P131,1
Q32219317,1,1,P17+P131,0
Q12573544,1,0,P17_only,1
Q7499991,0,1,P131_only,1
Q12562379,1,1,P17+P131,1
Q63144712,1,0,P17_only,0
Q32201107,1,0,P17_only,0
Q32199297,1,0,P17_only,0
Q32187708,1,1,P17+P131,0
Q20098315,1,1,P17+P131,1
Q32198242,1,0,P17_only,0
Q16432144,1,0,P17_only,1
Q4277467,1,0,P17_only,1
Q13375166,0,1,P131_only,1
Q32193779,1,0,P17_only,0
Q27430539,1,0,P17_only,0
Q16680439,1,1,P17+P131,0
Q16651007,1,1,P17+P131,1
Q12560203,1,1,P17+P131,1
Q13405665,0,1,P131_only,1
Q16681338,1,1,P17+P131,0
Q25504670,1,1,P17+P131,1
Q16673166,1,1,P17+P131,1
Q12545547,1,0,P17_only,1
Q123292047,1,0,P17_only,0
Q137527457,1,0,P17_only,0
Q13643124,0,1,P131_only,1
Q15617661,1,1,P17+P131,1
Q28668913,1,0,P17_only,0
Q12564937,1,0,P17_only,1
Q18399898,1,1,P17+P131,1
Q65256556,1,0,P17_only,0
Q12567127,1,1,P17+P131,1
Q123363594,1,0,P17_only,0
Q16664647,1,1,P17+P131,1
Q30974992,1,1,P17+P131,1
Q84311817,1,1,P17+P131,1
Q56760462,1,0,P17_only,0
Q12550351,1,0,P17_only,1
Q4277621,1,1,P17+P131,1
Q13651793,1,1,P17+P131,1
Q110318763,1,0,P17_only,0
Q3730313,1,0,P17_only,1
Q20647550,1,0,P17_only,0
Q65256207,1,0,P17_only,0
Q56367254,1,1,P17+P131,1
Q32178959,1,0,P17_only,1
Q16431721,1,1,P17+P131,1
Q27146772,1,0,P17_only,0
Q120987187,1,0,P17_only,0
Q13653503,1,1,P17+P131,1
Q12537123,1,1,P17+P131,1
Q374060,1,1,P17+P131,1
Q4187977,1,0,P17_only,1
Q12553289,1,1,P17+P131,1
Q138529396,1,0,P17_only,0
Q65158721,1,0,P17_only,0
Q12562620,1,0,P17_only,1
Q16273407,1,1,P17+P131,1
Q30972183,1,1,P17+P131,1
Q12528365,1,0,P17_only,1
Q16713990,1,1,P17+P131,1
Q32212194,1,0,P17_only,0
Q16433467,1,0,P17_only,1
Q11736658,1,0,P17_only,1
Q13663981,1,1,P17+P131,1
Q45728541,1,0,P17_only,0
Q16431748,1,0,P17_only,1
Q115575403,1,0,P17_only,1
Q12554090,1,1,P17+P131,1
Q137527305,1,0,P17_only,0
Q15617710,1,1,P17+P131,1
Q16701041,1,1,P17+P131,1
Q13653184,0,1,P131_only,1
Q20098349,1,1,P17+P131,1
Q32194415,1,0,P17_only,0
Q20485002,1,0,P17_only,1
Q32178430,1,0,P17_only,0
Q27357766,1,0,P17_only,0
Q855883,1,0,P17_only,0
Q20098215,1,1,P17+P131,1
Q27430880,1,0,P17_only,0
Q12556617,1,0,P17_only,1
Q27353957,1,0,P17_only,0
Q27357143,1,0,P17_only,0
Q27348163,1,0,P17_only,0
Q16432559,1,0,P17_only,1
Q27354665,1,0,P17_only,0
Q127784238,1,0,P17_only,0
Q136268936,1,0,P17_only,0
Q16434022,1,0,P17_only,1
Q27356989,1,0,P17_only,0
Q27354749,1,0,P17_only,0
Q7231386,1,1,P17+P131,1
Q16692751,1,1,P17+P131,0
Q18404949,1,1,P17+P131,1
Q32213620,1,0,P17_only,0
Q12532070,1,0,P17_only,1
Q5602092,1,0,P17_only,1
Q19915429,0,1,P131_only,1
Q18401998,1,1,P17+P131,1
Q118352589,1,0,P17_only,1
Q115799078,1,0,P17_only,0
Q27357162,1,0,P17_only,0
Q262448,1,1,P17+P131,1
Q13664219,1,1,P17+P131,1
Q16699105,1,1,P17+P131,1
Q27357746,1,0,P17_only,0
Q27354788,1,0,P17_only,0
Q5381295,1,0,P17_only,1
Q16627789,0,1,P131_only,1
Q32200693,1,0,P17_only,0
Q13646001,1,1,P17+P131,1
Q121144603,1,0,P17_only,0
Q123363656,1,0,P17_only,0
Q16707654,1,1,P17+P131,1
Q13641683,1,1,P17+P131,1
Q12547717,1,0,P17_only,1
Q27357570,1,0,P17_only,0
Q4451549,1,1,P17+P131,1
Q4469790,1,1,P17+P131,0
Q30972934,1,1,P17+P131,1
Q12545300,1,1,P17+P131,1
Q27357513,1,0,P17_only,0
Q13649803,1,1,P17+P131,1
Q32203500,1,0,P17_only,0
Q48816047,1,0,P17_only,0
Q12534237,1,1,P17+P131,1
Q55658041,1,1,P17+P131,1
Q12556568,1,0,P17_only,1
Q12684306,1,0,P17_only,0
Q16434505,1,0,P17_only,1
Q19615409,0,1,P131_only,0
Q1734788,1,0,P17_only,0
Q14927625,1,0,P17_only,0
Q20098150,1,1,P17+P131,1
Q32216705,1,1,P17+P131,0
Q25505256,1,1,P17+P131,1
Q12550942,1,0,P17_only,1
Q123363623,1,0,P17_only,0
Q12549340,1,0,P17_only,1
Q4107663,1,1,P17+P131,1
Q55659541,1,0,P17_only,0
Q32184552,1,1,P17+P131,0
Q16701900,1,1,P17+P131,0
Q22202106,1,1,P17+P131,1
Q12577509,1,0,P17_only,1
Q12546354,1,0,P17_only,1
Q12577664,1,1,P17+P131,1
Q18398770,1,1,P17+P131,1
Q3612771,1,0,P17_only,0
Q13652538,0,1,P131_only,1
Q135828670,1,0,P17_only,0
Q16666247,1,1,P17+P131,1
Q4314266,1,0,P17_only,1
Q20098623,1,1,P17+P131,1
Q16432890,1,0,P17_only,1
Q107752328,1,0,P17_only,0
Q16661779,1,1,P17+P131,0
Q16656972,1,1,P17+P131,1
Q13664537,1,1,P17+P131,1
Q30973844,1,1,P17+P131,1
Q12556416,1,1,P17+P131,1
Q32214717,1,1,P17+P131,1
Q135828989,1,0,P17_only,0
Q30972471,1,1,P17+P131,1
Q56366897,1,1,P17+P131,1
Q27357123,1,0,P17_only,0
Q135828529,1,0,P17_only,0
Q12555541,1,1,P17+P131,1
Q123225276,1,0,P17_only,0
Q2433780,1,0,P17_only,0
Q32198228,1,0,P17_only,0
Q13643430,1,1,P17+P131,1
Q13648986,1,1,P17+P131,1
Q55280605,0,1,P131_only,0
Q16691487,1,1,P17+P131,1
Q16710562,1,1,P17+P131,1
Q16431864,1,0,P17_only,1
Q13642172,1,1,P17+P131,1
Q16650784,1,1,P17+P131,1
Q27350597,1,0,P17_only,0
Q2632008,1,0,P17_only,0
Q56367628,1,1,P17+P131,1
Q18407852,1,1,P17+P131,1
Q135095733,1,0,P17_only,0
Q1046455,1,0,P17_only,1
Q136268968,1,0,P17_only,0
Q25512588,1,0,P17_only,1
Q25505505,1,1,P17+P131,1
Q13483984,0,1,P131_only,1
Q25514690,1,1,P17+P131,1
Q27351154,1,0,P17_only,1
Q16723684,1,1,P17+P131,1
Q27348137,1,0,P17_only,0
Q18399681,1,1,P17+P131,1
Q12537446,1,1,P17+P131,1
Q12544254,0,1,P131_only,1
Q136129704,1,0,P17_only,1
Q12647284,1,1,P17+P131,0
Q16675083,1,1,P17+P131,1
Q21658964,1,0,P17_only,1
Q32193111,1,0,P17_only,0
Q56367456,1,1,P17+P131,1
Q13553914,0,1,P131_only,1
Q12579696,1,1,P17+P131,1
Q12553729,1,0,P17_only,1
Q16433386,1,1,P17+P131,1
Q13643162,0,1,P131_only,1
Q25530706,1,0,P17_only,1
Q13646057,1,1,P17+P131,1
Q67893024,1,0,P17_only,0
Q42423152,1,1,P17+P131,0
Q121047728,1,0,P17_only,0
Q31195461,1,0,P17_only,1
Q4227526,1,1,P17+P131,0
Q13645976,1,1,P17+P131,1
Q27352833,1,0,P17_only,0
Q18404752,1,1,P17+P131,1
Q55833212,1,0,P17_only,0
Q16273946,1,1,P17+P131,1
Q16431814,1,1,P17+P131,1
Q12579502,1,1,P17+P131,1
Q16274629,1,1,P17+P131,1
Q124825474,1,0,P17_only,0
Q648528,1,0,P17_only,1
Q12545543,1,0,P17_only,1
Q13642991,0,1,P131_only,1
Q13649285,1,1,P17+P131,1
Q32202208,1,0,P17_only,0
Q4337464,1,0,P17_only,0
Q115906047,1,0,P17_only,0
Q13647341,1,1,P17+P131,1
Q137527287,1,0,P17_only,0
Q135829636,1,0,P17_only,0
Q137527294,1,0,P17_only,0
Q4290253,1,1,P17+P131,0
Q27354810,1,0,P17_only,0
Q56366807,1,1,P17+P131,1
Q63831367,1,0,P17_only,0
Q113409999,0,1,P131_only,0
Q16274403,1,1,P17+P131,1
Q4059265,1,0,P17_only,1
Q4287109,1,0,P17_only,1
Q12528363,1,0,P17_only,1
Q16274310,1,1,P17+P131,1
Q20484913,1,0,P17_only,1
Q13649139,1,1,P17+P131,1
Q7311353,0,1,P131_only,1
Q61367861,1,1,P17+P131,1
Q20458747,1,0,P17_only,0
Q32175134,1,1,P17+P131,0
Q18409509,1,1,P17+P131,0
Q18408620,1,1,P17+P131,1
Q327162,1,0,P17_only,1
Q16272478,1,1,P17+P131,1
Q32178803,1,1,P17+P131,0
Q18400460,1,1,P17+P131,0
Q25505175,1,1,P17+P131,1
Q12543101,1,0,P17_only,1
Q13646280,1,1,P17+P131,1
Q16657431,1,1,P17+P131,1
Q13650425,1,1,P17+P131,1
Q135334973,1,0,P17_only,0
Q97662851,1,1,P17+P131,1
Q12532369,1,0,P17_only,1
Q18396323,1,1,P17+P131,1
Q27355090,1,0,P17_only,0
Q12579316,1,0,P17_only,1
Q16431159,1,0,P17_only,1
Q56366931,1,1,P17+P131,1
Q16273605,1,1,P17+P131,1
Q492415,1,0,P17_only,1
Q12531759,1,0,P17_only,1
Q4057632,1,0,P17_only,0
Q32177743,1,0,P17_only,0
Q1980127,1,0,P17_only,1
Q16688831,1,1,P17+P131,0
Q27358092,1,0,P17_only,0
Q13406620,0,1,P131_only,1
Q56366905,1,1,P17+P131,1
Q13642224,1,1,P17+P131,1
Q16434664,1,1,P17+P131,1
Q27430701,1,0,P17_only,0
Q2328796,1,0,P17_only,0
Q16433256,1,1,P17+P131,1
Q32192089,1,0,P17_only,0
Q20098223,1,1,P17+P131,1
Q16274320,1,1,P17+P131,1
Q32183495,1,0,P17_only,0
Q11334820,1,0,P17_only,0
Q13646164,1,1,P17+P131,1
Q20486097,1,1,P17+P131,1
Q12551755,0,1,P131_only,1
Q27430719,1,0,P17_only,0
Q18407510,1,1,P17+P131,1
Q32219278,1,0,P17_only,0
Q16684907,1,1,P17+P131,1
Q32194401,1,1,P17+P131,0
Q1779823,1,0,P17_only,1
Q13650108,1,1,P17+P131,1
Q27352830,1,0,P17_only,1
Q55657347,1,1,P17+P131,0
Q7505032,1,0,P17_only,1
Q12568750,1,1,P17+P131,1
Q109452600,1,1,P17+P131,1
Q16433400,1,0,P17_only,1
Q65266738,1,0,P17_only,0
Q55657880,1,0,P17_only,0
Q4506381,1,1,P17+P131,1
Q16661537,1,1,P17+P131,1
Q56367302,1,1,P17+P131,1
Q28403276,1,1,P17+P131,0
Q13642232,1,1,P17+P131,1
Q20098123,1,1,P17+P131,1
Q12561897,1,0,P17_only,1
Q12541209,0,1,P131_only,1
Q13646392,1,1,P17+P131,1
Q12550588,1,0,P17_only,1
Q32191384,1,0,P17_only,0
Q18640045,1,0,P17_only,0
Q131924297,1,1,P17+P131,1
Q32175021,1,0,P17_only,0
Q31195618,1,0,P17_only,1
Q136090732,1,0,P17_only,0
Q12546901,1,1,P17+P131,1
Q97212414,1,0,P17_only,1
Q61375060,1,1,P17+P131,1
Q12559775,1,0,P17_only,1
Q12546279,1,0,P17_only,1
Q12531682,1,1,P17+P131,1
Q20098224,1,1,P17+P131,1
Q110305264,1,0,P17_only,0
Q13647328,1,1,P17+P131,1
Q139618303,1,1,P17+P131,0
Q1354963,1,1,P17+P131,0
Q12533381,1,1,P17+P131,1
Q16434150,1,0,P17_only,1
Q12712790,1,0,P17_only,0
Q97166264,1,0,P17_only,0
Q123363724,1,0,P17_only,0
Q20462539,1,0,P17_only,0
Q5453158,1,0,P17_only,1
Q32179357,1,0,P17_only,0
Q13664206,1,1,P17+P131,1
Q4656478,1,0,P17_only,0
Q16721568,1,1,P17+P131,1
Q32194595,1,0,P17_only,0
Q123363767,1,0,P17_only,0
Q13664322,1,1,P17+P131,1
Q32212479,1,0,P17_only,0
Q2737280,1,1,P17+P131,1
Q706980,1,1,P17+P131,1
Q12539681,1,1,P17+P131,1
Q136090967,1,0,P17_only,0
Q3723181,1,0,P17_only,1
Q783276,1,0,P17_only,1
Q12574803,1,0,P17_only,1
Q18407507,1,1,P17+P131,1
Q16705620,1,1,P17+P131,1
Q18409185,1,1,P17+P131,1
Q123363467,1,0,P17_only,0
Q304797,1,1,P17+P131,1
Q4347778,1,0,P17_only,0
Q1742811,1,0,P17_only,0
Q135828486,1,0,P17_only,0
Q13640973,1,1,P17+P131,1
Q131723750,1,0,P17_only,0
Q30593768,1,0,P17_only,0
Q112630534,0,1,P131_only,0
Q12568903,1,1,P17+P131,1
Q21655342,1,1,P17+P131,1
Q13664463,1,1,P17+P131,1
Q86676412,1,0,P17_only,0
Q25529659,1,0,P17_only,1
Q134890085,1,1,P17+P131,0
Q15617601,1,1,P17+P131,1
Q20485832,1,0,P17_only,1
Q32219195,1,0,P17_only,0
Q12528555,1,0,P17_only,1
Q16713368,1,1,P17+P131,1
Q32214512,1,0,P17_only,1
Q16694083,1,1,P17+P131,1
Q16668522,1,1,P17+P131,1
Q27357224,1,0,P17_only,0
Q1734783,1,0,P17_only,0
Q32215238,1,1,P17+P131,0
Q20098590,1,1,P17+P131,1
Q86664156,1,0,P17_only,0
Q130300056,1,0,P17_only,0
Q16646583,1,1,P17+P131,1
Q16432056,1,1,P17+P131,1
Q2550803,1,1,P17+P131,1
Q13649153,1,1,P17+P131,1
Q12532249,1,0,P17_only,1
Q2655709,1,0,P17_only,1
Q27354681,1,0,P17_only,0
Q16433666,1,1,P17+P131,1
Q13643076,0,1,P131_only,1
Q136768446,1,0,P17_only,0
Q32198858,1,0,P17_only,0
Q21661868,1,0,P17_only,1
Q12534101,1,0,P17_only,1
Q20484897,1,1,P17+P131,1
Q16703676,1,1,P17+P131,1
Q12579270,1,0,P17_only,1
Q76980870,1,0,P17_only,0
Q27430626,1,0,P17_only,0
Q13359517,0,1,P131_only,1
Q12533610,1,0,P17_only,1
Q16431381,1,0,P17_only,1
Q108533873,1,0,P17_only,0
Q65261495,1,0,P17_only,0
Q20098983,1,1,P17+P131,1
Q12544208,0,1,P131_only,1
Q4147885,1,1,P17+P131,1
Q12542872,1,0,P17_only,1
Q25345827,1,0,P17_only,1
Q30974961,1,1,P17+P131,1
Q1249595,1,1,P17+P131,1
Q27357935,1,0,P17_only,0
Q131298477,1,0,P17_only,0
Q30975222,1,1,P17+P131,1
Q13646396,1,1,P17+P131,1
Q27358236,1,0,P17_only,0
Q108533866,1,0,P17_only,0
Q12545104,1,0,P17_only,1
Q16274654,1,1,P17+P131,1
Q16431482,1,1,P17+P131,1
Q112114452,1,1,P17+P131,0
Q27357353,1,0,P17_only,0
Q64836990,1,0,P17_only,0
Q112004013,1,0,P17_only,0
Q137527312,1,0,P17_only,0
Q16696791,1,1,P17+P131,1
Q135829527,1,0,P17_only,0
Q16661632,1,1,P17+P131,1
Q870947,1,0,P17_only,0
Q9348776,1,1,P17+P131,1
Q4208098,1,0,P17_only,1
Q32196606,1,0,P17_only,0
Q20098548,1,1,P17+P131,1
Q56367038,1,1,P17+P131,1
Q15845725,1,1,P17+P131,1
Q12528303,1,1,P17+P131,1
Q27357434,1,0,P17_only,0
Q13648622,1,1,P17+P131,1
Q16699119,1,1,P17+P131,1
Q12556754,1,1,P17+P131,1
Q30972859,1,1,P17+P131,1
Q4440394,1,1,P17+P131,1
Q30971385,1,0,P17_only,0
Q16704524,1,1,P17+P131,1
Q12574323,1,0,P17_only,1
Q16709058,1,1,P17+P131,1
Q25382632,1,1,P17+P131,0
Q16272191,0,1,P131_only,1
Q32204800,1,0,P17_only,0
Q13653542,1,1,P17+P131,1
Q20098500,1,1,P17+P131,1
Q136336726,1,0,P17_only,0
Q27351444,1,0,P17_only,0
Q123363560,1,0,P17_only,0
Q12532118,1,0,P17_only,1
Q30973268,1,1,P17+P131,1
Q17494820,1,1,P17+P131,1
Q16272395,0,1,P131_only,1
Q32202127,1,0,P17_only,0
Q13403144,0,1,P131_only,1
Q16686586,1,1,P17+P131,1
Q12552485,1,1,P17+P131,1
Q107752565,1,0,P17_only,0
Q16669428,1,1,P17+P131,1
Q30974969,1,1,P17+P131,0
Q30972860,1,1,P17+P131,1
Q1734773,1,0,P17_only,1
Q140472223,1,0,P17_only,0
Q65253491,1,0,P17_only,1
Q140506943,1,1,P17+P131,0
Q13641727,1,1,P17+P131,1
Q12570664,1,1,P17+P131,1
Q32187851,1,0,P17_only,0
Q30975161,1,1,P17+P131,1
Q12532512,1,1,P17+P131,1
Q13646663,1,1,P17+P131,1
Q32184677,1,0,P17_only,0
Q12683894,1,0,P17_only,0
Q27351586,1,0,P17_only,0
Q32192662,1,0,P17_only,0
Q18649519,1,1,P17+P131,0
Q13649945,1,1,P17+P131,1
Q27430704,1,0,P17_only,0
Q16681334,1,1,P17+P131,0
Q20098374,1,1,P17+P131,1
Q13648754,1,1,P17+P131,1
Q1087785,1,1,P17+P131,1
Q2329549,1,0,P17_only,0
Q27354142,1,0,P17_only,0
Q97640745,1,0,P17_only,0
Q108533898,1,0,P17_only,0
Q32185304,1,0,P17_only,0
Q16719855,1,1,P17+P131,1
Q13652828,0,1,P131_only,1
Q22201113,1,1,P17+P131,1
Q12531027,1,1,P17+P131,1
Q17045028,1,0,P17_only,1
Q112004040,1,0,P17_only,0
Q16631856,0,1,P131_only,1
Q12576324,1,1,P17+P131,1
Q120835485,1,1,P17+P131,1
Q13640960,1,1,P17+P131,1
Q27357324,1,0,P17_only,0
Q104248270,1,0,P17_only,0
Q32169830,0,1,P131_only,0
Q27430917,1,0,P17_only,0
Q114289316,1,1,P17+P131,1
Q114976768,1,0,P17_only,1
Q16431335,1,0,P17_only,1
Q16721533,1,1,P17+P131,1
Q16688407,1,1,P17+P131,1
Q27358021,1,0,P17_only,0
Q4208077,1,1,P17+P131,1
Q22204574,1,1,P17+P131,1
Q13664440,1,1,P17+P131,1
Q28669124,1,1,P17+P131,1
Q123363513,1,0,P17_only,0
Q135829504,1,0,P17_only,0
Q27351867,1,0,P17_only,1
Q12528544,1,0,P17_only,1
Q16976315,1,0,P17_only,0
Q12711342,1,0,P17_only,0
Q30896975,1,1,P17+P131,0
Q137908543,1,0,P17_only,1
Q16666622,1,1,P17+P131,1
Q22668435,1,1,P17+P131,1
Q27430638,1,0,P17_only,0
Q12553000,1,0,P17_only,1
Q19617424,0,1,P131_only,1
Q27430718,1,0,P17_only,0
Q1361963,1,0,P17_only,1
Q135829669,1,0,P17_only,0
Q18399450,1,1,P17+P131,1
Q25504269,1,0,P17_only,1
Q123363708,1,0,P17_only,0
Q12574237,1,0,P17_only,1
Q123363598,1,0,P17_only,0
Q15617547,1,1,P17+P131,1
Q25395576,1,1,P17+P131,1
Q12533676,1,0,P17_only,1
Q61368776,1,1,P17+P131,1
Q12533088,1,1,P17+P131,1
Q97640762,1,0,P17_only,0
Q32194651,1,0,P17_only,0
Q13641760,1,1,P17+P131,1
Q1542507,1,1,P17+P131,0
Q16688426,1,1,P17+P131,1
Q21663835,1,0,P17_only,0
Q139919007,1,0,P17_only,0
Q12577368,1,0,P17_only,1
Q12528460,1,1,P17+P131,1
Q13643759,1,1,P17+P131,1
Q12535144,1,0,P17_only,1
Q111297013,1,0,P17_only,0
Q16433566,1,0,P17_only,1
Q12532248,1,0,P17_only,1
Q12561322,1,0,P17_only,1
Q22202772,1,1,P17+P131,1
Q32181824,1,0,P17_only,0
Q13651702,1,1,P17+P131,1
Q140673259,1,0,P17_only,0
Q15617521,1,1,P17+P131,1
Q13416172,0,1,P131_only,1
Q48861729,1,0,P17_only,0
Q12577391,1,0,P17_only,1
Q32214004,1,0,P17_only,0
Q27352891,1,1,P17+P131,0
Q56308389,1,0,P17_only,0
Q61368057,1,1,P17+P131,1
Q135829716,1,0,P17_only,0
Q135828634,1,0,P17_only,0
Q135829554,1,0,P17_only,0
Q32195036,1,1,P17+P131,1
Q113996438,1,0,P17_only,0
Q136568411,1,0,P17_only,0
Q27356991,1,0,P17_only,0
Q135828620,1,0,P17_only,0
Q12544856,1,0,P17_only,1
Q28669123,1,0,P17_only,1
Q122820082,1,0,P17_only,0
Q112544041,1,1,P17+P131,0
Q25505249,1,1,P17+P131,1
Q4220031,1,0,P17_only,1
Q32210985,1,0,P17_only,0
Q12550162,1,0,P17_only,1
Q136351146,1,1,P17+P131,0
Q111297048,1,0,P17_only,0
Q12528966,1,1,P17+P131,1
Q135828958,1,0,P17_only,0
Q12535016,1,0,P17_only,1
Q6380833,1,0,P17_only,0
Q16657646,1,1,P17+P131,1
Q13666735,1,1,P17+P131,1
Q32217930,1,0,P17_only,0
Q27357382,1,0,P17_only,0
Q12531640,1,1,P17+P131,1
Q108533823,1,0,P17_only,0
Q779698,1,0,P17_only,1
Q27354988,1,0,P17_only,0
Q12528941,1,1,P17+P131,1
Q17562708,1,1,P17+P131,1
Q12540053,0,1,P131_only,1
Q16669887,1,1,P17+P131,1
Q65253836,1,0,P17_only,0
Q20098422,1,1,P17+P131,1
Q27354787,1,0,P17_only,0
Q13646405,1,1,P17+P131,1
Q12544442,0,1,P131_only,1
Q16695049,1,1,P17+P131,1
Q21619170,1,0,P17_only,0
Q12532235,1,1,P17+P131,1
Q13652000,1,1,P17+P131,1
Q101424078,1,1,P17+P131,0
Q13359451,0,1,P131_only,1
Q12532446,1,1,P17+P131,1
Q16719019,1,1,P17+P131,1
Q12561372,1,1,P17+P131,1
Q18404618,1,1,P17+P131,1
Q55833384,1,0,P17_only,0
Q12531250,1,0,P17_only,1
Q32189985,1,0,P17_only,0
Q32206649,1,0,P17_only,0
Q31195536,1,1,P17+P131,1
Q135828864,1,0,P17_only,0
Q13646401,1,1,P17+P131,1
Q12573357,1,0,P17_only,1
Q13645843,1,1,P17+P131,1
Q18404924,1,1,P17+P131,0
Q20484837,1,0,P17_only,1
Q4182307,1,1,P17+P131,1
Q13641762,1,1,P17+P131,1
Q8013674,1,1,P17+P131,1
Q13641895,1,1,P17+P131,1
Q12540005,0,1,P131_only,1
Q16690803,1,1,P17+P131,1
Q12537431,1,0,P17_only,1
Q61369237,1,1,P17+P131,1
Q13359436,0,1,P131_only,1
Q27430589,1,0,P17_only,0
Q4348963,1,0,P17_only,1
Q12539824,1,1,P17+P131,1
Q136090941,1,0,P17_only,0
Q13663379,1,1,P17+P131,1
Q27430726,1,0,P17_only,0
Q27356935,1,0,P17_only,0
Q7302261,1,1,P17+P131,1
Q4471917,1,1,P17+P131,1
Q16432348,1,0,P17_only,1
Q18401055,1,1,P17+P131,1
Q64200420,1,0,P17_only,1
Q30973839,1,1,P17+P131,1
Q12569988,1,0,P17_only,1
Q64796180,1,0,P17_only,0
Q517670,1,1,P17+P131,1
Q12544938,1,1,P17+P131,1
Q27357071,1,0,P17_only,0
Q27354489,1,0,P17_only,1
Q20098190,1,1,P17+P131,1
Q108533901,1,0,P17_only,0
Q12529666,1,0,P17_only,1
Q135828676,1,0,P17_only,0
Q12531797,1,1,P17+P131,1
Q16696712,1,1,P17+P131,1
Q12532082,1,0,P17_only,1
Q27354766,1,0,P17_only,0
Q12537445,1,1,P17+P131,1
Q13651993,1,1,P17+P131,1
Q12553191,1,1,P17+P131,1
Q27430678,1,0,P17_only,0
Q4054238,1,0,P17_only,1
Q97291458,1,0,P17_only,1
Q12554185,1,1,P17+P131,1
Q60831425,1,0,P17_only,0
Q17450458,1,1,P17+P131,1
Q13643232,0,1,P131_only,0
Q12564713,1,1,P17+P131,1
Q97459214,1,0,P17_only,0
Q13640833,1,1,P17+P131,1
Q13652498,0,1,P131_only,1
Q13652557,0,1,P131_only,1
Q56367242,1,1,P17+P131,1
Q13640766,1,1,P17+P131,1
Q30974978,1,1,P17+P131,0
Q64793645,1,0,P17_only,0
Q55568407,1,0,P17_only,0
Q16432727,1,0,P17_only,1
Q74732618,1,0,P17_only,0
Q4450821,1,1,P17+P131,1
Q32200129,1,1,P17+P131,0
Q16657078,1,1,P17+P131,1
Q20484794,1,1,P17+P131,1
Q138636924,1,0,P17_only,0
Q30975084,1,1,P17+P131,1
Q13647332,1,1,P17+P131,1
Q137592777,1,0,P17_only,0
Q2476619,1,1,P17+P131,1
Q21661343,1,0,P17_only,1
Q21768438,1,0,P17_only,0
Q16638403,0,1,P131_only,0
Q27430636,1,0,P17_only,0
Q61367858,1,1,P17+P131,1
Q4478568,1,0,P17_only,1
Q28155597,1,0,P17_only,1
Q27350972,1,0,P17_only,0
Q18399947,1,1,P17+P131,1
Q4208092,1,0,P17_only,1
Q2230276,1,1,P17+P131,1
Q20098265,1,1,P17+P131,1
Q16433503,1,1,P17+P131,1
Q134569947,1,1,P17+P131,1
Q30897580,1,1,P17+P131,0
Q16628354,0,1,P131_only,1
Q123363678,1,0,P17_only,0
Q19358466,1,0,P17_only,1
Q4090652,1,0,P17_only,1
Q13641839,1,1,P17+P131,1
Q4506471,1,1,P17+P131,1
Q27351494,1,0,P17_only,0
Q22200646,1,1,P17+P131,1
Q18401297,1,1,P17+P131,1
Q32204108,1,0,P17_only,0
Q12691047,1,0,P17_only,0
Q32197024,1,0,P17_only,1
Q622760,1,1,P17+P131,1
Q13664194,1,1,P17+P131,1
Q12649853,1,0,P17_only,1
Q16708418,1,1,P17+P131,0
Q130277462,1,0,P17_only,0
Q12534637,1,1,P17+P131,1
Q15617572,1,1,P17+P131,0
Q12565922,1,0,P17_only,1
Q769043,1,0,P17_only,1
Q65143670,1,0,P17_only,0
Q30972185,1,1,P17+P131,1
Q13665029,1,1,P17+P131,1
Q13641609,1,1,P17+P131,1
Q27430685,1,1,P17+P131,1
Q110259511,1,0,P17_only,0
Q13652475,0,1,P131_only,1
Q65007279,1,1,P17+P131,0
Q12546577,1,1,P17+P131,1
Q13642190,1,1,P17+P131,1
Q12566144,1,1,P17+P131,1
Q64153364,1,0,P17_only,1
Q135829328,1,0,P17_only,0
Q116986381,1,0,P17_only,0
Q27357699,1,0,P17_only,0
Q32197199,1,0,P17_only,0
Q4274825,1,1,P17+P131,1
Q13408433,0,1,P131_only,1
Q13667138,1,1,P17+P131,0
Q32176920,1,0,P17_only,0
Q20072639,0,1,P131_only,1
Q16690051,1,1,P17+P131,1
Q28668670,1,1,P17+P131,0
Q27357367,1,0,P17_only,0
Q16683881,1,1,P17+P131,0
Q16431662,1,1,P17+P131,1
Q16432731,1,0,P17_only,1
Q12526276,1,1,P17+P131,1
Q123363766,1,0,P17_only,0
Q32193824,1,0,P17_only,1
Q21072,1,0,P17_only,1
Q13648781,1,1,P17+P131,1
Q16433568,1,0,P17_only,1
Q13646988,1,1,P17+P131,1
Q32197371,1,0,P17_only,1
Q16696087,1,1,P17+P131,1
Q133055053,1,0,P17_only,1
Q32210087,0,1,P131_only,0
Q12549973,1,0,P17_only,1
Q12561097,1,0,P17_only,1
Q22201754,1,1,P17+P131,1
Q12544759,0,1,P131_only,1
Q65267821,1,0,P17_only,0
Q724367,0,1,P131_only,1
Q15617638,1,1,P17+P131,1
Q125807063,1,0,P17_only,1
Q13653128,0,1,P131_only,1
Q27430783,1,0,P17_only,0
Q12528529,1,0,P17_only,1
Q2435187,1,0,P17_only,0
Q12576033,1,0,P17_only,1
Q135829070,1,0,P17_only,0
Q12561978,1,1,P17+P131,1
Q13645782,1,1,P17+P131,1
Q137527462,1,0,P17_only,0
Q16655839,1,1,P17+P131,1
Q135828472,1,0,P17_only,0
Q65354456,1,0,P17_only,0
Q17494825,1,1,P17+P131,1
Q13423427,0,1,P131_only,1
Q16432797,1,1,P17+P131,1
Q27351342,1,0,P17_only,0
Q12701518,1,0,P17_only,0
Q18407003,1,1,P17+P131,1
Q509303,1,1,P17+P131,1
Q16692934,1,1,P17+P131,1
Q20485008,1,0,P17_only,1
Q13661799,1,1,P17+P131,1
Q30975100,1,1,P17+P131,1
Q16651461,1,1,P17+P131,0
Q27357809,1,0,P17_only,0
Q27430951,1,0,P17_only,0
Q162548,1,1,P17+P131,1
Q18335843,1,1,P17+P131,1
Q108533792,1,0,P17_only,0
Q13668723,1,0,P17_only,1
Q12561798,1,1,P17+P131,1
Q27352586,0,1,P131_only,1
Q32203414,1,1,P17+P131,0
Q12566186,1,1,P17+P131,1
Q16432118,1,0,P17_only,1
Q16696083,1,1,P17+P131,1
Q18407949,1,1,P17+P131,1
Q113482054,0,1,P131_only,0
Q13651521,1,1,P17+P131,1
Q3491252,1,0,P17_only,1
Q1944955,1,0,P17_only,1
Q13643042,0,1,P131_only,1
Q86666586,1,0,P17_only,0
Q27430858,1,0,P17_only,0
Q12554635,1,1,P17+P131,1
Q27351133,1,1,P17+P131,0
Q12696755,1,0,P17_only,0
Q27354684,1,0,P17_only,1
Q108783940,1,1,P17+P131,0
Q16432529,1,1,P17+P131,1
Q32206613,1,0,P17_only,0
Q27356961,1,0,P17_only,0
Q108783559,1,1,P17+P131,0
Q16701033,1,1,P17+P131,1
Q12541806,0,1,P131_only,1
Q12574646,1,1,P17+P131,1
Q32206314,1,0,P17_only,0
Q27351914,1,0,P17_only,0
Q27430739,1,0,P17_only,0
Q137527270,1,0,P17_only,0
Q27350623,1,0,P17_only,0
Q120868819,1,0,P17_only,0
Q12574800,1,0,P17_only,1
Q13664070,1,1,P17+P131,1
Q16652407,1,1,P17+P131,1
Q20484326,1,0,P17_only,1
Q6641868,1,0,P17_only,0
Q62610101,1,0,P17_only,0
Q12552895,1,0,P17_only,1
Q25397000,1,1,P17+P131,1
Q16661407,1,1,P17+P131,1
Q16432852,1,1,P17+P131,1
Q27430892,1,0,P17_only,0
Q123225274,1,0,P17_only,0
Q12576650,1,1,P17+P131,1
Q12543379,1,1,P17+P131,1
Q12557397,1,0,P17_only,1
Q16432517,1,0,P17_only,1
Q65263368,1,1,P17+P131,0
Q11805938,1,0,P17_only,0
Q11737597,1,0,P17_only,0
Q12711164,1,0,P17_only,0
Q32218708,1,0,P17_only,0
Q12532116,1,0,P17_only,1
Q122974910,1,1,P17+P131,0
Q16431813,1,0,P17_only,1
Q20453390,1,0,P17_only,0
Q18407621,1,1,P17+P131,0
Q12569977,1,0,P17_only,1
Q13643489,1,1,P17+P131,1
Q32199687,1,1,P17+P131,0
Q13640654,0,1,P131_only,1
Q12537331,1,1,P17+P131,1
Q12576534,1,1,P17+P131,1
Q27358296,1,1,P17+P131,0
Q135830064,1,0,P17_only,0
Q56367448,1,1,P17+P131,1
Q16432062,1,0,P17_only,1
Q65264121,1,0,P17_only,0
Q12565369,1,1,P17+P131,1
Q17494754,1,1,P17+P131,1
Q13651835,1,1,P17+P131,1
Q16693176,1,1,P17+P131,1
Q13651743,1,1,P17+P131,1
Q65253178,1,0,P17_only,1
Q12542826,1,0,P17_only,1
Q16671018,1,1,P17+P131,1
Q27355021,1,0,P17_only,0
Q32206712,1,0,P17_only,0
Q16432458,1,1,P17+P131,1
Q123363676,1,0,P17_only,0
Q130223264,1,0,P17_only,0
Q13646497,1,1,P17+P131,1
Q32196983,1,0,P17_only,0
Q16432567,1,1,P17+P131,1
Q12556374,1,0,P17_only,1
Q32205486,1,0,P17_only,0
Q4026622,1,0,P17_only,0
Q20485848,1,0,P17_only,1
Q27352806,1,0,P17_only,0
Q16702031,1,1,P17+P131,1
Q27354790,1,0,P17_only,0
Q13664419,1,1,P17+P131,1
Q32190658,1,1,P17+P131,0
Q56367637,1,1,P17+P131,1
Q20484805,1,0,P17_only,1
Q137527286,1,0,P17_only,0
Q130403892,1,1,P17+P131,0
Q15918888,1,1,P17+P131,1
Q22203874,1,1,P17+P131,1
Q123363566,1,0,P17_only,0
Q27430878,1,0,P17_only,0
Q20486303,1,0,P17_only,1
Q32184790,1,0,P17_only,0
Q12564353,1,1,P17+P131,1
Q32206083,1,0,P17_only,0
Q135829642,1,0,P17_only,0
Q56367639,1,1,P17+P131,1
Q13652222,1,1,P17+P131,1
Q12572271,1,1,P17+P131,1
Q32183175,1,0,P17_only,0
Q13648894,1,1,P17+P131,1
Q25504624,1,0,P17_only,1
Q14825670,1,0,P17_only,1
Q61369229,1,1,P17+P131,1
Q13365410,0,1,P131_only,1
Q12831293,1,1,P17+P131,1
Q4060168,1,1,P17+P131,1
Q12527762,1,0,P17_only,1
Q16274031,1,1,P17+P131,1
Q60050630,1,0,P17_only,1
Q18408974,1,1,P17+P131,1
Q129880703,1,1,P17+P131,1
Q20484858,1,0,P17_only,1
Q16432066,1,1,P17+P131,1
Q4059467,1,1,P17+P131,1
Q27354580,1,0,P17_only,1
Q12531661,1,0,P17_only,1
Q12574487,1,0,P17_only,1
Q124414248,1,0,P17_only,0
Q109332983,1,0,P17_only,0
Q16669447,1,1,P17+P131,1
Q30974366,1,1,P17+P131,1
Q12536359,1,1,P17+P131,1
Q27354608,1,1,P17+P131,0
Q32183839,1,1,P17+P131,0
Q4480239,1,0,P17_only,0
Q12533451,1,0,P17_only,1
Q32186653,1,0,P17_only,0
Q16433452,1,1,P17+P131,1
Q12569892,1,0,P17_only,1
Q11803204,1,1,P17+P131,0
Q32217216,1,0,P17_only,0
Q32214428,1,1,P17+P131,0
Q27347343,1,0,P17_only,0
Q106641435,1,1,P17+P131,0
Q32202355,1,0,P17_only,0
Q420613,1,0,P17_only,1
Q32212707,1,1,P17+P131,0
Q20484485,1,0,P17_only,1
Q20486246,1,0,P17_only,1
Q32215694,1,1,P17+P131,0
Q12550953,1,0,P17_only,1
Q4227474,1,1,P17+P131,1
Q13646974,1,1,P17+P131,1
Q135829921,1,0,P17_only,0
Q32205545,1,1,P17+P131,0
Q18399625,1,1,P17+P131,0
Q15845728,1,1,P17+P131,1
Q16719015,1,1,P17+P131,1
Q12527314,1,1,P17+P131,1
Q16669456,1,1,P17+P131,1
Q1046335,1,1,P17+P131,1
Q13641687,1,1,P17+P131,1
Q13652480,0,1,P131_only,1
Q16431558,1,0,P17_only,1
Q16432967,1,1,P17+P131,1
Q16682722,1,1,P17+P131,1
Q4389267,1,1,P17+P131,1
Q123363857,1,0,P17_only,0
Q20466824,1,0,P17_only,0
Q20098455,1,1,P17+P131,1
Q20092156,1,1,P17+P131,1
Q65257952,1,0,P17_only,0
Q16661787,1,1,P17+P131,1
Q85758095,1,1,P17+P131,0
Q113941643,1,0,P17_only,0
Q13664711,1,1,P17+P131,1
Q27357176,1,0,P17_only,0
Q16710870,1,1,P17+P131,1
Q1741184,1,1,P17+P131,1
Q12556221,1,1,P17+P131,1
Q2554511,1,1,P17+P131,1
Q12563915,1,0,P17_only,1
Q2605063,1,1,P17+P131,1
Q20076750,1,1,P17+P131,1
Q4505840,1,1,P17+P131,1
Q32183196,1,1,P17+P131,0
Q27351900,1,1,P17+P131,0
Q16433035,1,1,P17+P131,1
Q16638933,0,1,P131_only,1
Q12576414,1,0,P17_only,1
Q55582641,1,1,P17+P131,0
Q49754814,1,0,P17_only,0
Q16631853,0,1,P131_only,0
Q13642178,1,1,P17+P131,1
Q86750194,1,0,P17_only,0
Q12574877,1,0,P17_only,1
Q16667566,1,1,P17+P131,1
Q27353826,1,0,P17_only,0
Q32211826,1,0,P17_only,0
Q4377229,1,0,P17_only,1
Q12529841,1,1,P17+P131,1
Q12534742,1,1,P17+P131,1
Q30975023,1,1,P17+P131,1
Q27430658,1,1,P17+P131,1
Q16657692,1,0,P17_only,1
Q4299533,1,0,P17_only,1
Q16708143,1,1,P17+P131,1
Q15617682,1,1,P17+P131,1
Q17749629,1,1,P17+P131,1
Q1276482,1,0,P17_only,0
Q12528050,1,0,P17_only,1
Q6380803,1,0,P17_only,0
Q13642134,1,1,P17+P131,1
Q27354465,1,0,P17_only,0
Q137527329,1,0,P17_only,0
Q13645812,1,1,P17+P131,1
Q16678933,1,1,P17+P131,1
Q59282157,1,0,P17_only,0
Q15111737,1,1,P17+P131,1
Q16652275,1,1,P17+P131,1
Q16432818,1,1,P17+P131,1
Q10844842,1,1,P17+P131,1
Q30974531,1,1,P17+P131,1
Q3820453,1,0,P17_only,1
Q13648829,1,1,P17+P131,1
Q27357193,1,0,P17_only,0
Q32171684,1,0,P17_only,0
Q30952385,1,1,P17+P131,1
Q18406093,1,1,P17+P131,1
Q946717,1,0,P17_only,1
Q32218816,1,0,P17_only,0
Q16703081,1,1,P17+P131,1
Q65143726,1,0,P17_only,0
Q97168850,1,1,P17+P131,1
Q20484130,1,0,P17_only,1
Q539412,1,1,P17+P131,0
Q65253222,1,1,P17+P131,1
Q13551310,0,1,P131_only,1
Q12576790,1,1,P17+P131,1
Q13643755,1,1,P17+P131,1
Q12556166,1,0,P17_only,1
Q13664734,1,1,P17+P131,1
Q32193547,1,0,P17_only,1
Q12526528,1,1,P17+P131,1
Q108582408,1,0,P17_only,0
Q110259507,1,0,P17_only,0
Q12534250,1,1,P17+P131,1
Q13643237,0,1,P131_only,1
Q12574041,1,1,P17+P131,1
Q12545105,1,0,P17_only,1
Q4243768,1,0,P17_only,1
Q16432204,1,0,P17_only,1
Q18401599,1,1,P17+P131,1
Q20098388,1,1,P17+P131,1
Q13476991,0,1,P131_only,1
Q13651583,1,1,P17+P131,1
Q12547681,1,1,P17+P131,1
Q129675946,1,0,P17_only,0
Q2002989,1,1,P17+P131,1
Q13640796,1,1,P17+P131,1
Q1605182,1,0,P17_only,1
Q65153635,1,1,P17+P131,0
Q13661778,1,1,P17+P131,1
Q4177931,1,0,P17_only,1
Q18399933,1,1,P17+P131,1
Q13664423,1,1,P17+P131,1
Q1507432,1,1,P17+P131,0
Q18212087,1,1,P17+P131,1
Q32218043,1,0,P17_only,0
Q4827654,1,1,P17+P131,1
Q12532056,1,0,P17_only,1
Q96952665,1,1,P17+P131,0
Q32219370,1,1,P17+P131,0
Q32213960,1,0,P17_only,0
Q112654974,0,1,P131_only,0
Q16648052,1,1,P17+P131,1
Q12542266,1,1,P17+P131,1
Q16433658,1,0,P17_only,0
Q16673859,1,1,P17+P131,1
Q12710109,1,0,P17_only,0
Q131605185,1,0,P17_only,0
Q493937,1,0,P17_only,1
Q13661780,1,1,P17+P131,1
Q124539580,1,0,P17_only,1
Q16661777,1,1,P17+P131,1
Q32201061,1,0,P17_only,0
Q12712749,1,0,P17_only,0
Q125287104,1,1,P17+P131,0
Q27351967,1,0,P17_only,0
Q13646566,1,1,P17+P131,1
Q2121478,1,1,P17+P131,1
Q27357864,1,0,P17_only,0
Q27430716,1,0,P17_only,0
Q32205575,1,0,P17_only,0
Q32190002,1,0,P17_only,0
Q137527316,1,0,P17_only,0
Q12579154,1,0,P17_only,1
Q16274637,1,1,P17+P131,1
Q16432137,1,0,P17_only,1
Q13641581,1,1,P17+P131,1
Q16430997,1,0,P17_only,1
Q123363501,1,0,P17_only,0
Q12574513,1,1,P17+P131,1
Q4582320,1,0,P17_only,0
Q135828721,1,0,P17_only,0
Q16433994,1,0,P17_only,1
Q12537944,1,0,P17_only,1
Q4294602,1,0,P17_only,1
Q16631817,0,1,P131_only,1
Q10985859,1,1,P17+P131,1
Q16681298,1,1,P17+P131,0
Q16694795,1,1,P17+P131,1
Q2417206,1,0,P17_only,0
Q134496572,1,1,P17+P131,1
Q25505112,1,0,P17_only,1
Q4092840,1,0,P17_only,1
Q16432549,1,0,P17_only,1
Q32168965,0,1,P131_only,0
Q27351202,1,0,P17_only,0
Q25378954,1,1,P17+P131,0
Q16431549,1,1,P17+P131,1
Q139891420,1,0,P17_only,0
Q13359522,0,1,P131_only,1
Q85866545,1,0,P17_only,1
Q16433518,1,0,P17_only,1
Q18400192,1,1,P17+P131,1
Q13359492,0,1,P131_only,1
Q736986,1,0,P17_only,1
Q2658621,1,0,P17_only,1
Q12557007,1,1,P17+P131,1
Q16715125,1,1,P17+P131,1
Q56367164,1,1,P17+P131,1
Q16433909,1,0,P17_only,1
Q12534077,1,0,P17_only,1
Q67893169,1,0,P17_only,0
Q27430988,1,0,P17_only,0
Q123363862,1,0,P17_only,0
Q4075608,1,1,P17+P131,0
Q20485849,1,0,P17_only,1
Q12548256,1,0,P17_only,1
Q13649872,1,1,P17+P131,1
Q32187457,1,1,P17+P131,0
Q12294286,1,1,P17+P131,1
Q13643649,1,1,P17+P131,1
Q126660959,1,1,P17+P131,0
Q139881362,1,1,P17+P131,0
Q12534571,1,1,P17+P131,1
Q12562584,1,0,P17_only,1
Q65269939,1,0,P17_only,0
Q13646655,1,1,P17+P131,1
Q23958976,1,0,P17_only,1
Q1046969,1,0,P17_only,1
Q16681336,1,1,P17+P131,1
Q32217059,1,0,P17_only,0
Q135828637,1,0,P17_only,0
Q12533032,1,0,P17_only,1
Q12545931,1,0,P17_only,1
Q12527530,1,1,P17+P131,1
Q31892289,1,0,P17_only,0
Q32200610,1,0,P17_only,1
Q137527324,1,0,P17_only,0
Q20098498,1,1,P17+P131,1
Q16673295,1,1,P17+P131,1
Q139907324,1,1,P17+P131,0
Q56367350,1,1,P17+P131,1
Q12545337,1,0,P17_only,1
Q12573676,1,0,P17_only,1
Q13646158,0,1,P131_only,1
Q18398759,1,1,P17+P131,1
Q16699121,1,1,P17+P131,1
Q12575885,1,0,P17_only,1
Q13641790,1,1,P17+P131,1
Q16533040,0,1,P131_only,1
Q27356988,1,0,P17_only,0
Q16431098,1,1,P17+P131,1
Q28520325,1,1,P17+P131,0
Q27350844,1,0,P17_only,0
Q55659357,1,0,P17_only,0
Q118922168,1,0,P17_only,0
Q27355009,1,0,P17_only,0
Q16274365,1,1,P17+P131,1
Q12574767,1,0,P17_only,1
Q12685886,1,0,P17_only,0
Q16666296,1,1,P17+P131,1
Q12546735,1,0,P17_only,1
Q16721221,1,1,P17+P131,0
Q12535220,1,1,P17+P131,1
Q4208116,1,0,P17_only,0
Q16651120,1,1,P17+P131,1
Q12526525,1,1,P17+P131,1
Q1734769,1,0,P17_only,0
Q12570411,1,1,P17+P131,1
Q20098518,1,1,P17+P131,1
Q16272173,0,1,P131_only,1
Q12528630,1,0,P17_only,1
Q12527746,1,0,P17_only,1
Q13650516,1,1,P17+P131,1
Q16715321,1,1,P17+P131,1
Q120979334,1,0,P17_only,0
Q32217498,1,0,P17_only,0
Q32216016,1,0,P17_only,0
Q13377627,0,1,P131_only,1
Q12543565,1,0,P17_only,1
Q4450392,1,1,P17+P131,1
Q97274288,1,0,P17_only,0
Q12550823,1,1,P17+P131,1
Q12570291,1,1,P17+P131,1
Q16434726,1,0,P17_only,1
Q27358290,1,0,P17_only,0
Q948629,1,1,P17+P131,1
Q27354975,1,0,P17_only,0
Q97212109,1,0,P17_only,1
Q64200579,1,0,P17_only,1
Q5060373,1,0,P17_only,0
Q16534199,0,1,P131_only,1
Q43304685,1,0,P17_only,0
Q18408969,1,1,P17+P131,1
Q135828525,1,0,P17_only,0
Q131723748,1,0,P17_only,0
Q27430538,1,1,P17+P131,1
Q16677607,1,1,P17+P131,1
Q12553389,1,0,P17_only,1
Q2458263,1,0,P17_only,0
Q2550342,1,1,P17+P131,1
Q32203470,1,0,P17_only,0
Q27350742,1,1,P17+P131,0
Q4213695,1,1,P17+P131,0
Q12533014,1,0,P17_only,1
Q136568295,1,0,P17_only,0
Q18398765,1,1,P17+P131,1
Q12533450,1,0,P17_only,1
Q16434606,1,0,P17_only,1
Q16433206,1,1,P17+P131,1
Q648355,1,1,P17+P131,1
Q4233758,1,1,P17+P131,1
Q62108968,1,1,P17+P131,0
Q12548606,1,0,P17_only,1
Q115906690,1,0,P17_only,0
Q27351918,1,0,P17_only,1
Q12535802,1,0,P17_only,1
Q28666641,1,0,P17_only,0
Q114799596,1,0,P17_only,1
Q137781245,1,0,P17_only,0
Q32184570,1,0,P17_only,0
Q32181602,1,0,P17_only,0
Q16690728,1,1,P17+P131,1
Q27350617,1,0,P17_only,0
Q16668576,1,1,P17+P131,1
Q48839436,1,0,P17_only,1
Q18408050,1,1,P17+P131,0
Q12555824,1,0,P17_only,1
Q27357372,1,0,P17_only,0
Q12531109,1,1,P17+P131,1
Q120121414,1,0,P17_only,1
Q2409071,1,0,P17_only,0
Q16273897,1,1,P17+P131,1
Q139798991,1,0,P17_only,0
Q12535213,1,0,P17_only,1
Q60851906,1,1,P17+P131,0
Q12684147,1,0,P17_only,0
Q112004033,1,0,P17_only,0
Q12574804,1,0,P17_only,1
Q12571092,1,1,P17+P131,1
Q3512894,1,1,P17+P131,1
Q18400627,1,1,P17+P131,1
Q43304690,1,0,P17_only,0
Q13642980,0,1,P131_only,1
Q56367306,1,1,P17+P131,1
Q123417389,1,1,P17+P131,0
Q135829922,1,0,P17_only,0
Q27348493,1,0,P17_only,0
Q4056866,1,0,P17_only,0
Q120849518,1,0,P17_only,0
Q12528021,1,0,P17_only,1
Q13640746,1,1,P17+P131,1
Q16699091,1,1,P17+P131,1
Q13359362,0,1,P131_only,1
Q28671168,1,0,P17_only,0
Q123363751,1,0,P17_only,0
Q18401458,1,1,P17+P131,1
Q12550957,1,0,P17_only,1
Q13664438,1,1,P17+P131,1
Q1916973,1,1,P17+P131,1
Q16696073,1,1,P17+P131,1
Q18407582,1,1,P17+P131,1
Q13359414,0,1,P131_only,1
Q20486273,1,0,P17_only,1
Q12542986,1,0,P17_only,1
Q19615504,0,1,P131_only,1
Q60289724,1,0,P17_only,0
Q123363622,1,0,P17_only,0
Q123363677,1,0,P17_only,0
Q12546486,1,0,P17_only,1
Q12567350,1,1,P17+P131,1
Q12544850,1,1,P17+P131,1
Q16431349,1,1,P17+P131,1
Q12574108,1,0,P17_only,1
Q16431517,1,0,P17_only,1
Q112003954,1,0,P17_only,0
Q48947208,1,0,P17_only,1
Q42914600,1,0,P17_only,1
Q12532520,1,0,P17_only,1
Q20484838,1,0,P17_only,1
Q28668661,1,1,P17+P131,0
Q32187577,1,0,P17_only,0
Q22204084,1,1,P17+P131,1
Q15845720,1,1,P17+P131,1
Q16431667,1,1,P17+P131,1
Q30969854,1,1,P17+P131,1
Q190788,1,1,P17+P131,1
Q27356995,1,0,P17_only,0
Q20098205,1,1,P17+P131,1
Q13651652,1,1,P17+P131,1
Q123686109,1,0,P17_only,1
Q13647995,1,1,P17+P131,1
Q12549047,1,0,P17_only,1
Q2589600,1,1,P17+P131,1
Q27350798,1,1,P17+P131,0
Q12543167,1,0,P17_only,1
Q16712722,1,1,P17+P131,1
Q16704083,1,1,P17+P131,1
Q27357056,1,0,P17_only,0
Q4126607,1,0,P17_only,1
Q4505869,1,1,P17+P131,1
Q12571120,1,1,P17+P131,1
Q15617606,1,1,P17+P131,1
Q16720964,1,1,P17+P131,1
Q32219591,1,0,P17_only,0
Q115936687,1,0,P17_only,0
Q139986562,1,1,P17+P131,0
Q61367386,1,1,P17+P131,1
Q112003963,1,0,P17_only,0
Q1773042,1,0,P17_only,0
Q16432959,1,0,P17_only,1
Q27354999,1,0,P17_only,0
Q13645630,1,1,P17+P131,1
Q13663466,1,1,P17+P131,1
Q12542884,1,1,P17+P131,1
Q32192238,1,0,P17_only,0
Q65260911,1,0,P17_only,0
Q16432096,1,1,P17+P131,1
Q32179029,1,0,P17_only,0
Q135828601,1,0,P17_only,0
Q16690862,1,1,P17+P131,1
Q27042502,1,0,P17_only,0
Q1317511,1,0,P17_only,0
Q27357358,1,0,P17_only,0
Q13377804,0,1,P131_only,1
Q27352378,1,0,P17_only,0
Q12533015,1,0,P17_only,1
Q12532257,1,1,P17+P131,1
Q11003055,1,1,P17+P131,1
Q12542046,1,0,P17_only,1
Q12574381,1,1,P17+P131,1
Q12574824,1,0,P17_only,1
Q12567696,1,1,P17+P131,1
Q123670627,1,1,P17+P131,0
Q27357453,1,0,P17_only,0
Q13643457,1,1,P17+P131,1
Q32189740,1,0,P17_only,0
Q18407110,1,1,P17+P131,1
Q4178080,1,1,P17+P131,1
Q123363773,1,0,P17_only,0
Q32197146,1,0,P17_only,0
Q12549908,1,1,P17+P131,1
Q4073778,1,1,P17+P131,1
Q4753068,1,1,P17+P131,1
Q12577563,1,1,P17+P131,1
Q12547543,1,0,P17_only,1
Q16683941,1,1,P17+P131,0
Q32206539,1,0,P17_only,0
Q12569126,1,1,P17+P131,1
Q16715409,1,1,P17+P131,1
Q16700784,1,1,P17+P131,1
Q4114023,1,0,P17_only,1
Q16702069,1,1,P17+P131,1
Q12566661,1,0,P17_only,1
Q16688243,1,1,P17+P131,1
Q16657232,1,1,P17+P131,1
Q13646240,1,1,P17+P131,1
Q16432094,1,0,P17_only,1
Q32179589,1,0,P17_only,0
Q27355020,1,0,P17_only,0
Q13646111,1,1,P17+P131,1
Q27354913,1,0,P17_only,0
Q2536110,1,0,P17_only,0
Q13646928,1,1,P17+P131,1
Q135829909,1,0,P17_only,0
Q2498214,1,1,P17+P131,1
Q115866042,1,0,P17_only,0
Q27357446,1,0,P17_only,0
Q139971383,1,1,P17+P131,0
Q12546164,1,0,P17_only,1
Q10896808,1,1,P17+P131,1
Q16706012,1,1,P17+P131,1
Q123363487,1,0,P17_only,0
Q32194373,1,0,P17_only,0
Q1879910,1,0,P17_only,1
Q132444601,1,1,P17+P131,1
Q137527279,1,0,P17_only,0
Q16701045,1,1,P17+P131,1
Q77805902,1,1,P17+P131,0
Q16704820,1,1,P17+P131,1
Q32210402,0,1,P131_only,0
Q12029043,1,0,P17_only,0
Q16709490,1,1,P17+P131,1
Q16431013,1,1,P17+P131,1
Q32203085,1,0,P17_only,0
Q12540733,0,1,P131_only,1
Q123363540,1,0,P17_only,0
Q32219244,1,0,P17_only,0
Q124854017,1,0,P17_only,0
Q12536141,0,1,P131_only,1
Q109551208,1,0,P17_only,0
Q55658568,1,0,P17_only,0
Q16434132,1,1,P17+P131,1
Q16701043,1,1,P17+P131,1
Q57315122,1,1,P17+P131,0
Q4227524,1,0,P17_only,1
Q16272954,1,1,P17+P131,1
Q30974365,1,1,P17+P131,0
Q13649076,1,1,P17+P131,1
Q123409579,1,0,P17_only,0
Q12562924,1,0,P17_only,1
Q56367101,1,1,P17+P131,1
Q12565341,1,1,P17+P131,1
Q32171770,1,0,P17_only,0
Q27430643,1,0,P17_only,0
Q16433371,1,1,P17+P131,1
Q20485767,1,0,P17_only,1
Q131228473,1,0,P17_only,0
Q16672695,1,1,P17+P131,1
Q27354547,1,0,P17_only,0
Q111297018,1,0,P17_only,0
Q115906684,1,0,P17_only,0
Q27357252,1,0,P17_only,0
Q27350606,1,0,P17_only,0
Q16694276,1,1,P17+P131,1
Q97600688,1,0,P17_only,1
Q32185997,1,0,P17_only,0
Q27357799,1,0,P17_only,0
Q12530268,1,1,P17+P131,1
Q32206481,1,0,P17_only,0
Q18398742,1,1,P17+P131,1
Q16681568,1,1,P17+P131,1
Q22202228,1,1,P17+P131,1
Q27357091,1,0,P17_only,0
Q12579503,1,1,P17+P131,1
Q135631713,1,1,P17+P131,0
Q2550435,1,1,P17+P131,1
Q16650801,1,1,P17+P131,1
Q138746154,1,1,P17+P131,0
Q12576475,1,0,P17_only,1
Q4081444,1,1,P17+P131,1
Q27352879,1,0,P17_only,0
Q12531863,1,0,P17_only,1
Q2631986,1,0,P17_only,0
Q30972329,1,1,P17+P131,1
Q16432651,1,0,P17_only,1
Q137527470,1,0,P17_only,0
Q16272950,1,1,P17+P131,1
Q6364342,1,1,P17+P131,1
Q13444620,0,1,P131_only,1
Q111297025,1,0,P17_only,0
Q25238426,1,0,P17_only,0
Q30972542,1,1,P17+P131,1
Q20098437,1,1,P17+P131,1
Q16273894,1,1,P17+P131,1
Q18608194,1,0,P17_only,0
Q19991750,0,1,P131_only,0
Q4203844,1,1,P17+P131,1
Q12575340,1,0,P17_only,1
Q4085430,1,1,P17+P131,1
Q27357952,1,0,P17_only,0
Q13648535,1,1,P17+P131,1
Q27430890,1,0,P17_only,0
Q30972135,1,1,P17+P131,1
Q28520320,1,1,P17+P131,0
Q4176130,1,1,P17+P131,1
Q12577549,1,0,P17_only,1
Q25487951,1,0,P17_only,1
Q16692029,1,1,P17+P131,1
Q20484282,1,0,P17_only,1
Q12569586,1,0,P17_only,1
Q12574838,1,0,P17_only,1
Q139947444,1,0,P17_only,0
Q60289715,1,0,P17_only,0
Q13652601,0,1,P131_only,1
Q3612735,1,0,P17_only,0
Q124216600,1,0,P17_only,0
Q16652524,1,1,P17+P131,1
Q121336644,1,1,P17+P131,1
Q16273927,1,1,P17+P131,1
Q27354017,1,1,P17+P131,0
Q27430622,1,0,P17_only,0
Q27354597,1,0,P17_only,0
Q28520324,1,1,P17+P131,0
Q65153745,1,0,P17_only,0
Q16432748,1,1,P17+P131,1
Q12535087,1,1,P17+P131,1
Q65499869,1,0,P17_only,0
Q12566973,1,0,P17_only,1
Q27347340,1,0,P17_only,0
Q12532174,1,0,P17_only,1
Q32192937,1,0,P17_only,0
Q15918871,1,1,P17+P131,1
Q13651905,1,1,P17+P131,1
Q30972538,1,1,P17+P131,1
Q18405386,1,1,P17+P131,1
Q108533907,1,0,P17_only,0
Q107473292,1,0,P17_only,0
Q27431030,1,0,P17_only,0
Q12557054,1,1,P17+P131,1
Q66075515,1,0,P17_only,0
Q16434389,1,0,P17_only,1
Q55659591,1,0,P17_only,0
Q18400469,1,1,P17+P131,1
Q32194248,1,1,P17+P131,1
Q16434772,1,0,P17_only,1
Q16668605,1,1,P17+P131,1
Q18401546,1,1,P17+P131,1
Q20098263,1,1,P17+P131,1
Q13641582,1,1,P17+P131,1
Q27357113,1,0,P17_only,0
Q12549279,1,1,P17+P131,1
Q86663580,1,1,P17+P131,0
Q16630639,0,1,P131_only,1
Q106641406,1,1,P17+P131,0
Q25504615,1,0,P17_only,1
Q12573262,1,0,P17_only,1
Q28445699,1,0,P17_only,0
Q12549138,1,1,P17+P131,1
Q1860209,1,0,P17_only,0
Q420609,1,0,P17_only,1
Q120278373,1,0,P17_only,0
Q137656060,1,1,P17+P131,1
Q12565894,1,1,P17+P131,1
Q12550579,1,0,P17_only,1
Q7271582,1,1,P17+P131,1
Q22204827,1,1,P17+P131,1
Q135829841,1,0,P17_only,0
Q108789715,1,1,P17+P131,0
Q84026011,1,0,P17_only,0
Q27354939,1,0,P17_only,0
Q63599181,1,0,P17_only,0
Q20098167,1,1,P17+P131,1
Q13641842,1,1,P17+P131,1
Q19991686,0,1,P131_only,1
Q25395722,1,0,P17_only,0
Q27354817,1,0,P17_only,0
Q21843266,1,1,P17+P131,0
Q32218206,1,0,P17_only,0
Q16648178,1,1,P17+P131,1
Q18400573,1,1,P17+P131,1
Q35344185,1,0,P17_only,0
Q20098502,1,1,P17+P131,1
Q27357061,1,0,P17_only,0
Q13650103,1,1,P17+P131,1
Q20036756,0,1,P131_only,0
Q18398758,1,1,P17+P131,1
Q12547741,1,1,P17+P131,1
Q32201711,1,0,P17_only,0
Q24956171,1,0,P17_only,1
Q32189706,1,0,P17_only,0
Q18407377,1,1,P17+P131,1
Q12528318,1,0,P17_only,1
Q16683937,1,1,P17+P131,0
Q105538134,1,0,P17_only,0
Q135829680,1,0,P17_only,0
Q16434240,1,1,P17+P131,1
Q13641806,1,1,P17+P131,1
Q28668662,1,1,P17+P131,1
Q16664634,1,1,P17+P131,1
Q126972007,1,0,P17_only,0
Q73515073,1,0,P17_only,0
Q12567537,1,1,P17+P131,1
Q4328164,1,0,P17_only,0
Q30972368,1,1,P17+P131,1
Q20463115,1,0,P17_only,0
Q15918870,1,1,P17+P131,1
Q72915103,1,0,P17_only,0
Q32200961,1,0,P17_only,0
Q23958960,1,0,P17_only,1
Q65251173,1,0,P17_only,1
Q20486295,1,0,P17_only,1
Q12536860,1,0,P17_only,1
Q13645876,1,1,P17+P131,1
Q27354866,1,0,P17_only,0
Q13646690,1,1,P17+P131,1
Q12552092,0,1,P131_only,1
Q759599,1,1,P17+P131,1
Q16432010,1,0,P17_only,1
Q13648719,1,1,P17+P131,1
Q107752391,1,0,P17_only,0
Q108789717,1,1,P17+P131,0
Q16683820,1,1,P17+P131,1
Q107143709,1,0,P17_only,0
Q12549200,1,1,P17+P131,1
Q13649811,1,1,P17+P131,1
Q63993547,1,0,P17_only,0
Q135828953,1,0,P17_only,0
Q123363499,1,0,P17_only,0
Q16431034,1,0,P17_only,1
Q18406026,1,1,P17+P131,0
Q12541025,0,1,P131_only,1
Q27357639,1,0,P17_only,0
Q56368467,1,1,P17+P131,1
Q27430849,1,0,P17_only,0
Q27357882,1,0,P17_only,0
Q20098562,1,1,P17+P131,1
Q22200840,1,1,P17+P131,1
Q13652340,0,1,P131_only,1
Q7500281,0,1,P131_only,1
Q1756269,1,0,P17_only,0
Q4438465,1,1,P17+P131,1
Q23016857,1,0,P17_only,1
Q1921811,1,1,P17+P131,1
Q108861974,1,0,P17_only,0
Q12545355,1,0,P17_only,1
Q12574310,1,0,P17_only,1
Q13652473,0,1,P131_only,1
Q4258351,1,0,P17_only,1
Q12696707,1,0,P17_only,0
Q12528583,1,1,P17+P131,1
Q15928615,1,0,P17_only,0
Q13642265,1,1,P17+P131,1
Q4286991,1,0,P17_only,1
Q115128634,1,1,P17+P131,0
Q16432308,1,0,P17_only,1
Q123363620,1,0,P17_only,0
Q72915116,1,0,P17_only,0
Q16704812,1,1,P17+P131,1
Q27356970,1,0,P17_only,0
Q13640822,1,1,P17+P131,1
Q32216359,1,0,P17_only,0
Q12545762,1,1,P17+P131,1
Q140472225,1,0,P17_only,0
Q13664430,1,1,P17+P131,1
Q20077647,1,1,P17+P131,1
Q9361731,1,1,P17+P131,0
Q125869120,1,1,P17+P131,0
Q12533237,1,0,P17_only,1
Q12528063,1,0,P17_only,1
Q12552786,1,0,P17_only,1
Q135829006,1,0,P17_only,0
Q6361151,1,1,P17+P131,1
Q13664529,1,1,P17+P131,1
Q115868614,1,0,P17_only,0
Q132133114,1,1,P17+P131,0
Q32200351,1,0,P17_only,0
Q13643806,1,1,P17+P131,1
Q12537156,1,1,P17+P131,1
Q12528000,1,0,P17_only,1
Q56367198,1,1,P17+P131,1
Q12554257,1,1,P17+P131,1
Q1362111,1,0,P17_only,0
Q61369324,1,1,P17+P131,1
Q32189606,1,0,P17_only,0
Q12574667,1,1,P17+P131,1
Q32215626,1,0,P17_only,0
Q7270125,1,1,P17+P131,1
Q115906681,1,0,P17_only,0
Q13534368,0,1,P131_only,1
Q4481847,1,0,P17_only,0
Q116177144,1,0,P17_only,0
Q27350574,1,0,P17_only,0
Q2499772,1,0,P17_only,0
Q21843144,1,1,P17+P131,0
Q2648276,1,0,P17_only,1
Q65252684,1,0,P17_only,1
Q112245760,1,0,P17_only,0
Q131147746,1,0,P17_only,0
Q3854657,1,0,P17_only,1
Q16722571,1,1,P17+P131,1
Q12574541,1,0,P17_only,1
Q1421980,1,0,P17_only,1
Q20484439,1,0,P17_only,1
Q19984068,0,1,P131_only,1
Q12570907,1,0,P17_only,1
Q13647343,1,1,P17+P131,1
Q18398767,1,1,P17+P131,1
Q32193179,1,0,P17_only,0
Q12528535,0,1,P131_only,1
Q12525712,1,0,P17_only,1
Q12536955,1,0,P17_only,1
Q27355023,1,0,P17_only,0
Q135829014,1,0,P17_only,0
Q12576886,1,1,P17+P131,1
Q12550612,1,1,P17+P131,1
Q12545331,1,0,P17_only,1
Q12574866,1,0,P17_only,1
Q16705634,1,1,P17+P131,0
Q16653278,1,0,P17_only,0
Q16431462,1,0,P17_only,1
Q12545195,1,0,P17_only,1
Q16273904,1,1,P17+P131,1
Q18409569,1,1,P17+P131,1
Q16669418,1,1,P17+P131,1
Q12558597,1,1,P17+P131,1
Q13642286,1,1,P17+P131,1
Q20098501,1,1,P17+P131,1
Q55567012,1,1,P17+P131,0
Q1256610,1,0,P17_only,0
Q27351383,1,1,P17+P131,0
Q16431453,1,0,P17_only,1
Q114939688,1,1,P17+P131,0
Q5955,1,1,P17+P131,1
Q13662499,1,1,P17+P131,1
Q20077356,1,1,P17+P131,1
Q4060059,1,0,P17_only,1
Q134315008,1,1,P17+P131,1
Q16720727,1,1,P17+P131,1
Q12545354,1,1,P17+P131,1
Q61368597,1,1,P17+P131,1
Q64197113,1,0,P17_only,1
Q32214076,1,1,P17+P131,0
Q13643498,1,1,P17+P131,1
Q13359435,0,1,P131_only,1
Q12579413,1,0,P17_only,1
Q16274096,1,1,P17+P131,0
Q16431127,1,1,P17+P131,1
Q32189724,1,0,P17_only,0
Q27430969,1,0,P17_only,0
Q7512429,1,1,P17+P131,1
Q18400007,1,1,P17+P131,1
Q138746156,1,1,P17+P131,0
Q140320438,1,0,P17_only,0
Q18401073,1,1,P17+P131,1
Q27357593,1,0,P17_only,0
Q16433799,1,0,P17_only,1
Q27357404,1,0,P17_only,0
Q13640771,1,1,P17+P131,1
Q125360359,1,0,P17_only,1
Q12572759,1,1,P17+P131,1
Q952541,1,0,P17_only,0
Q12525934,1,0,P17_only,1
Q16434683,1,0,P17_only,1
Q32216170,1,0,P17_only,0
Q13664713,1,1,P17+P131,1
Q32200803,1,0,P17_only,0
Q16699230,1,1,P17+P131,0
Q16434431,1,0,P17_only,1
Q1268090,1,0,P17_only,1
Q18399389,1,1,P17+P131,1
Q931708,1,1,P17+P131,1
Q16432140,1,1,P17+P131,1
Q16434386,1,0,P17_only,1
Q25500541,1,0,P17_only,1
Q3910963,1,0,P17_only,0
Q20738685,1,0,P17_only,0
Q107752334,1,0,P17_only,0
Q13664393,1,1,P17+P131,1
Q13665072,1,1,P17+P131,1
Q1577271,1,0,P17_only,1
Q64197257,1,0,P17_only,0
Q138746151,1,1,P17+P131,0
Q137527461,1,0,P17_only,0
Q108533912,1,0,P17_only,0
Q16704356,1,1,P17+P131,1
Q32168587,0,1,P131_only,0
Q16431777,1,0,P17_only,1
Q4381047,1,1,P17+P131,1
Q13642398,0,1,P131_only,1
Q32217207,1,0,P17_only,0
Q32195902,1,0,P17_only,0
Q140041576,1,0,P17_only,0
Q20098262,1,1,P17+P131,1
Q1862520,1,0,P17_only,1
Q32190630,1,1,P17+P131,0
Q12561193,1,1,P17+P131,1
Q97189320,1,1,P17+P131,1
Q27357587,1,0,P17_only,0
Q20098534,1,1,P17+P131,1
Q16694718,1,1,P17+P131,1
Q12573151,1,0,P17_only,1
Q12564786,1,1,P17+P131,1
Q110724354,1,0,P17_only,0
Q110319521,1,1,P17+P131,0
Q27430558,1,0,P17_only,0
Q844667,1,0,P17_only,1
Q123363661,1,0,P17_only,0
Q12709173,1,0,P17_only,0
Q16274325,1,1,P17+P131,0
Q20078253,1,1,P17+P131,1
Q32170799,0,1,P131_only,0
Q124455400,1,0,P17_only,0
Q15918866,1,1,P17+P131,1
Q16433651,1,1,P17+P131,1
Q12571123,1,1,P17+P131,1
Q1737636,1,0,P17_only,1
Q56367371,1,1,P17+P131,1
Q13642271,1,1,P17+P131,1
Q16431502,1,1,P17+P131,1
Q18421805,1,0,P17_only,0
Q120669431,1,0,P17_only,0
Q13646856,1,1,P17+P131,1
Q13648911,1,1,P17+P131,1
Q16431795,1,0,P17_only,1
Q135828769,1,0,P17_only,0
Q13664069,1,1,P17+P131,0
Q18406934,1,1,P17+P131,1
Q12548970,1,0,P17_only,1
Q56310482,1,0,P17_only,0
Q32194431,1,0,P17_only,0
Q64529666,1,0,P17_only,0
Q12537149,1,1,P17+P131,1
Q12576922,1,0,P17_only,1
Q113415285,0,1,P131_only,0
Q13663027,1,1,P17+P131,1
Q16274243,1,1,P17+P131,0
Q32214298,1,0,P17_only,0
Q12553436,1,0,P17_only,1
Q28671120,1,0,P17_only,0
Q4059825,1,0,P17_only,0
Q32199720,1,0,P17_only,0
Q28671094,0,1,P131_only,1
Q18409442,1,1,P17+P131,1
Q30263871,0,1,P131_only,0
Q557612,1,0,P17_only,1
Q135828534,1,0,P17_only,0
Q32212182,1,0,P17_only,0
Q16651243,1,1,P17+P131,1
Q8070123,1,1,P17+P131,1
Q16433235,1,0,P17_only,1
Q18399581,1,1,P17+P131,1
Q11645108,1,1,P17+P131,1
Q6380829,1,0,P17_only,0
Q12575605,1,1,P17+P131,1
Q106519552,1,0,P17_only,0
Q16431923,1,0,P17_only,1
Q60968078,1,1,P17+P131,1
Q4506757,1,1,P17+P131,1
Q136970312,1,1,P17+P131,0
Q13643256,1,1,P17+P131,1
Q16698674,1,1,P17+P131,1
Q16273117,1,1,P17+P131,1
Q13652074,1,1,P17+P131,1
Q4318118,1,0,P17_only,1
Q4063917,1,1,P17+P131,1
Q32193903,1,0,P17_only,0
Q32203876,1,0,P17_only,0
Q30974417,1,1,P17+P131,0
Q27352810,1,1,P17+P131,0
Q16431507,1,0,P17_only,1
Q18408142,1,1,P17+P131,1
Q48947483,1,0,P17_only,0
Q12548582,1,1,P17+P131,1
Q18409278,1,1,P17+P131,1
Q15617672,1,1,P17+P131,1
Q65153756,1,0,P17_only,0
Q27358160,1,1,P17+P131,0
Q15617675,1,1,P17+P131,1
Q20075936,1,1,P17+P131,1
Q12539614,1,1,P17+P131,1
Q16707080,1,1,P17+P131,1
Q13664723,1,1,P17+P131,1
Q32215192,1,0,P17_only,0
Q16434634,1,0,P17_only,0
Q13873213,0,1,P131_only,0
Q135829047,1,0,P17_only,0
Q27430902,1,0,P17_only,0
Q30975082,1,1,P17+P131,1
Q133152005,1,1,P17+P131,0
Q703004,1,1,P17+P131,1
Q32189326,1,0,P17_only,0
Q30975021,1,1,P17+P131,1
Q16433519,1,1,P17+P131,1
Q27430518,1,0,P17_only,0
Q23958186,1,1,P17+P131,1
Q137527269,1,0,P17_only,0
Q32199865,1,0,P17_only,0
Q3256494,1,0,P17_only,0
Q16627508,0,1,P131_only,1
Q528699,1,0,P17_only,1
Q16431527,1,0,P17_only,1
Q13663189,1,1,P17+P131,1
Q13648761,1,1,P17+P131,1
Q30890887,1,1,P17+P131,0
Q32218919,1,0,P17_only,0
Q12534146,1,1,P17+P131,1
Q13642949,0,1,P131_only,0
Q16723744,1,1,P17+P131,1
Q27351958,1,1,P17+P131,0
Q120278789,1,1,P17+P131,1
Q12578025,1,0,P17_only,1
Q13642072,1,1,P17+P131,1
Q12549870,1,1,P17+P131,1
Q64187083,1,0,P17_only,0
Q20098365,1,1,P17+P131,1
Q32749303,1,0,P17_only,0
Q27354727,1,0,P17_only,0
Q27356921,1,0,P17_only,0
Q16434432,1,0,P17_only,1
Q32195959,1,0,P17_only,0
Q70829766,1,0,P17_only,1
Q12566044,1,1,P17+P131,1
Q12563058,1,1,P17+P131,1
Q12560502,1,1,P17+P131,1
Q13641782,1,1,P17+P131,1
Q16533247,0,1,P131_only,1
Q20098659,1,1,P17+P131,1
Q13642308,0,1,P131_only,1
Q56367033,1,1,P17+P131,1
Q27357351,1,0,P17_only,0
Q2550398,1,1,P17+P131,1
Q20098355,1,0,P17_only,0
Q28668683,1,1,P17+P131,1
Q64196023,1,0,P17_only,1
Q13643763,1,1,P17+P131,1
Q13758188,1,0,P17_only,0
Q16272537,1,1,P17+P131,1
Q12552601,1,0,P17_only,1
Q2549654,1,1,P17+P131,1
Q16711385,1,1,P17+P131,1
Q137551661,1,1,P17+P131,0
Q13649438,1,1,P17+P131,1
Q12575317,1,1,P17+P131,1
Q20485727,1,0,P17_only,1
Q13646976,1,1,P17+P131,1
Q13642222,1,1,P17+P131,1
Q120291254,1,0,P17_only,0
Q13552891,0,1,P131_only,1
Q137527455,1,0,P17_only,0
Q12570809,1,1,P17+P131,1
Q12561742,1,1,P17+P131,1
Q13663029,1,1,P17+P131,1
Q10272236,1,0,P17_only,0
Q22328259,1,0,P17_only,0
Q20098238,1,1,P17+P131,1
Q111862461,1,0,P17_only,0
Q27430946,1,0,P17_only,0
Q138711067,1,0,P17_only,0
Q4510428,1,1,P17+P131,0
Q30897540,1,1,P17+P131,0
Q32203429,1,0,P17_only,1
Q16650849,1,1,P17+P131,1
Q32198723,1,0,P17_only,0
Q30975060,1,1,P17+P131,1
Q2663198,1,0,P17_only,0
Q32217656,1,0,P17_only,0
Q15617604,1,1,P17+P131,1
Q32192738,1,0,P17_only,0
Q55657910,1,0,P17_only,0
Q4502944,1,1,P17+P131,1
Q32205590,1,0,P17_only,0
Q16431962,1,1,P17+P131,1
Q20485754,1,1,P17+P131,1
Q4158984,1,1,P17+P131,1
Q32182871,1,1,P17+P131,0
Q12553759,1,0,P17_only,1
Q30974960,1,1,P17+P131,1
Q13647420,1,1,P17+P131,1
Q4479954,1,0,P17_only,0
Q65048900,1,1,P17+P131,0
Q16705421,1,1,P17+P131,1
Q27430744,1,0,P17_only,0
Q28059721,1,1,P17+P131,0
Q27348203,1,0,P17_only,0
Q13365436,0,1,P131_only,1
Q12566697,1,0,P17_only,1
Q20098305,1,1,P17+P131,1
Q115936300,1,0,P17_only,0
Q112003952,1,0,P17_only,0
Q32179303,1,0,P17_only,0
Q20484262,1,0,P17_only,1
Q32194696,1,0,P17_only,0
Q12537786,1,0,P17_only,1
Q27356942,1,0,P17_only,0
Q10862236,1,0,P17_only,1
Q13664170,1,1,P17+P131,1
Q12534006,1,0,P17_only,1
Q32203308,1,0,P17_only,0
Q2746908,1,0,P17_only,0
Q16694917,1,1,P17+P131,1
Q18407640,1,1,P17+P131,1
Q1226235,1,0,P17_only,1
Q123363685,1,0,P17_only,0
Q12540844,0,1,P131_only,1
Q12532514,1,0,P17_only,1
Q12575606,1,1,P17+P131,1
Q25523698,1,0,P17_only,1
Q16664600,1,1,P17+P131,1
Q12553764,1,1,P17+P131,1
Q65263919,1,0,P17_only,0
Q483322,1,1,P17+P131,1
Q2262199,1,0,P17_only,0
Q27351307,1,0,P17_only,0
Q13365415,0,1,P131_only,1
Q20484606,1,1,P17+P131,1
Q12531268,1,0,P17_only,1
Q13552854,0,1,P131_only,1
Q27357536,1,0,P17_only,0
Q186466,1,1,P17+P131,1
Q4214380,1,1,P17+P131,1
Q13661785,1,1,P17+P131,1
Q28520343,1,1,P17+P131,0
Q16666661,1,1,P17+P131,1
Q12576008,1,0,P17_only,1
Q16433109,1,0,P17_only,1
Q139850389,1,1,P17+P131,0
Q12532692,1,1,P17+P131,1
Q39046889,1,0,P17_only,1
Q27351941,1,1,P17+P131,1
Q4243757,1,0,P17_only,1
Q12570483,1,1,P17+P131,1
Q16702079,1,1,P17+P131,1
Q39090965,1,0,P17_only,0
Q429649,1,0,P17_only,1
Q25447941,1,1,P17+P131,1
Q2387908,1,1,P17+P131,1
Q64199819,1,0,P17_only,0
Q26257023,1,1,P17+P131,0
Q27358243,1,0,P17_only,0
Q12574784,1,0,P17_only,1
Q12532664,1,0,P17_only,1
Q12529612,1,0,P17_only,1
Q16661645,1,1,P17+P131,1
Q16273875,1,1,P17+P131,1
Q16434271,1,1,P17+P131,1
Q32196159,1,0,P17_only,0
Q15121245,1,1,P17+P131,1
Q135829086,1,0,P17_only,0
Q25501854,1,1,P17+P131,1
Q27354241,1,0,P17_only,1
Q27354990,1,0,P17_only,0
Q4294761,1,0,P17_only,1
Q13643160,0,1,P131_only,1
Q137527301,1,0,P17_only,0
Q27357696,1,0,P17_only,0
Q12682814,1,0,P17_only,0
Q32202879,1,0,P17_only,0
Q1641948,1,1,P17+P131,1
Q12552068,0,1,P131_only,1
Q27430992,1,0,P17_only,0
Q12567828,1,1,P17+P131,1
Q12570565,1,0,P17_only,1
Q27354827,1,0,P17_only,0
Q16686010,1,1,P17+P131,1
Q32184825,1,0,P17_only,0
Q13651736,1,1,P17+P131,1
Q12557410,1,0,P17_only,1
Q16720629,1,1,P17+P131,1
Q2381222,1,0,P17_only,0
Q4292316,1,1,P17+P131,1
Q16432736,1,0,P17_only,1
Q115906695,1,0,P17_only,0
Q16431901,1,0,P17_only,1
Q27042507,1,0,P17_only,0
Q27357912,1,0,P17_only,0
Q54834292,1,1,P17+P131,1
Q135828851,1,0,P17_only,0
Q18409368,1,1,P17+P131,1
Q12540708,0,1,P131_only,1
Q13643407,1,1,P17+P131,1
Q109453512,1,0,P17_only,0
Q12564771,1,0,P17_only,1
Q63812090,1,0,P17_only,0
Q135829474,1,0,P17_only,0
Q13663158,1,1,P17+P131,1
Q6452938,1,0,P17_only,0
Q18399235,1,1,P17+P131,1
Q123363864,1,0,P17_only,0
Q28666715,0,1,P131_only,0
Q4388883,1,1,P17+P131,1
Q32187559,1,1,P17+P131,0
Q27348079,1,0,P17_only,0
Q12551007,1,0,P17_only,1
Q12142704,1,0,P17_only,0
Q20098211,1,1,P17+P131,1
Q18407700,1,1,P17+P131,0
Q27354082,1,0,P17_only,0
Q27354898,1,0,P17_only,0
Q13646963,1,1,P17+P131,1
Q108783663,1,0,P17_only,0
Q32201156,1,1,P17+P131,0
Q65264333,1,0,P17_only,0
Q18396391,1,1,P17+P131,1
Q63243643,1,1,P17+P131,0
Q30973878,1,1,P17+P131,1
Q62598808,1,0,P17_only,0
Q13643240,0,1,P131_only,1
Q12546664,1,0,P17_only,1
Q12572640,1,0,P17_only,1
Q19617384,0,1,P131_only,1
Q13645974,1,1,P17+P131,1
Q13649018,1,1,P17+P131,1
Q55532009,1,0,P17_only,0
Q12574465,1,0,P17_only,1
Q27357572,1,0,P17_only,0
Q27357655,1,0,P17_only,0
Q12701879,1,0,P17_only,0
Q13651815,1,1,P17+P131,1
Q20462458,1,0,P17_only,0
Q32217394,1,0,P17_only,0
Q13648582,1,1,P17+P131,1
Q12575348,1,0,P17_only,1
Q32190274,1,0,P17_only,0
Q17494762,1,1,P17+P131,1
Q12564422,1,0,P17_only,1
Q18407033,1,1,P17+P131,1
Q27430968,1,0,P17_only,0
Q4505865,1,1,P17+P131,1
Q20687327,1,0,P17_only,1
Q12545344,1,0,P17_only,1
Q16272634,1,1,P17+P131,1
Q920456,1,1,P17+P131,1
Q27352799,1,0,P17_only,0
Q4479287,1,0,P17_only,1
Q32199471,1,0,P17_only,0
Q16434547,1,0,P17_only,1
Q27430918,1,0,P17_only,0
Q32175439,1,0,P17_only,0
Q16676445,1,1,P17+P131,0
Q17532409,1,1,P17+P131,1
Q1922803,1,0,P17_only,0
Q135829997,1,0,P17_only,0
Q12527410,1,0,P17_only,1
Q111378356,1,0,P17_only,0
Q310742,1,0,P17_only,1
Q16432058,1,0,P17_only,1
Q13642366,0,1,P131_only,1
Q4334105,1,1,P17+P131,1
Q12549611,1,0,P17_only,1
Q12536184,0,1,P131_only,1
Q27430586,1,0,P17_only,0
Q123225269,1,0,P17_only,0
Q18406332,1,1,P17+P131,0
Q20486032,1,0,P17_only,1
Q23015626,1,0,P17_only,0
Q107178948,1,0,P17_only,0
Q64199469,1,0,P17_only,1
Q108533812,1,0,P17_only,0
Q32206054,1,0,P17_only,0
Q112113699,1,0,P17_only,0
Q16272344,0,1,P131_only,1
Q1330821,1,0,P17_only,0
Q27354750,1,0,P17_only,0
Q25382991,0,1,P131_only,0
Q135037903,1,1,P17+P131,0
Q12579170,1,1,P17+P131,1
Q28671115,1,0,P17_only,0
Q25505097,1,0,P17_only,1
Q25494618,1,0,P17_only,1
Q20484489,1,0,P17_only,1
Q27430920,1,0,P17_only,0
Q13666755,1,1,P17+P131,0
Q12528297,1,1,P17+P131,1
Q32176488,1,0,P17_only,0
Q14200832,1,1,P17+P131,1
Q13640724,0,1,P131_only,1
Q13643595,1,1,P17+P131,1
Q16431432,1,0,P17_only,1
Q16434395,1,1,P17+P131,1
Q4108583,1,1,P17+P131,1
Q135829464,1,0,P17_only,0
Q93355897,1,0,P17_only,0
Q16651152,1,1,P17+P131,1
Q12566907,1,1,P17+P131,1
Q1186285,1,0,P17_only,0
Q16433441,1,1,P17+P131,1
Q16431646,1,0,P17_only,1
Q32199897,1,0,P17_only,0
Q4481893,1,0,P17_only,0
Q18409426,1,1,P17+P131,1
Q23959072,1,0,P17_only,1
Q30975120,1,1,P17+P131,1
Q109452594,1,0,P17_only,0
Q16433178,1,1,P17+P131,1
Q16430949,1,0,P17_only,1
Q1025808,1,1,P17+P131,1
Q22200679,1,1,P17+P131,1
Q129880717,1,1,P17+P131,1
Q50040191,1,1,P17+P131,0
Q4452301,1,1,P17+P131,1
Q13648083,1,1,P17+P131,1
Q124331114,1,1,P17+P131,1
Q12576004,1,1,P17+P131,0
Q18697048,1,1,P17+P131,1
Q32201821,1,0,P17_only,0
Q4516113,1,1,P17+P131,0
Q13640690,0,1,P131_only,1
Q16721573,1,1,P17+P131,1
Q27357370,1,0,P17_only,0
Q27357144,1,0,P17_only,0
Q12689928,1,0,P17_only,0
Q123363682,1,0,P17_only,0
Q123363505,1,0,P17_only,0
Q21505554,1,0,P17_only,1
Q4387388,1,1,P17+P131,1
Q27350869,1,0,P17_only,0
Q104865570,1,0,P17_only,0
Q13641731,1,1,P17+P131,1
Q16663160,1,1,P17+P131,1
Q61369293,1,1,P17+P131,1
Q32214449,1,0,P17_only,0
Q4289246,1,0,P17_only,0
Q4476719,1,0,P17_only,0
Q64196813,1,0,P17_only,1
Q55659931,1,0,P17_only,0
Q16953612,1,0,P17_only,0
Q27430702,1,0,P17_only,0
Q12546296,1,1,P17+P131,1
Q12530680,1,1,P17+P131,1
Q2402839,1,0,P17_only,0
Q16431946,1,0,P17_only,1
Q101031411,1,0,P17_only,1
Q27348185,1,0,P17_only,0
Q13643048,0,1,P131_only,0
Q16432539,1,0,P17_only,1
Q4177938,1,0,P17_only,1
Q140137,1,0,P17_only,1
Q123363784,1,0,P17_only,0
Q16645291,0,1,P131_only,0
Q135829517,1,0,P17_only,0
Q13648891,1,1,P17+P131,1
Q115268713,1,1,P17+P131,1
Q27357862,1,0,P17_only,0
Q12543284,1,0,P17_only,1
Q13652337,0,1,P131_only,1
Q12574462,1,0,P17_only,1
Q27355081,1,0,P17_only,0
Q12570873,1,1,P17+P131,1
Q12578470,1,1,P17+P131,1
Q12579237,1,0,P17_only,1
Q16432917,1,0,P17_only,1
Q16661741,1,1,P17+P131,1
Q12578846,1,1,P17+P131,1
Q118236494,1,1,P17+P131,0
Q15617730,1,1,P17+P131,1
Q16691511,1,1,P17+P131,1
Q4477578,1,1,P17+P131,1
Q27357471,1,0,P17_only,0
Q4512888,1,1,P17+P131,1
Q16533250,0,1,P131_only,1
Q32215832,1,0,P17_only,0
Q13646174,1,1,P17+P131,1
Q109650116,1,0,P17_only,1
Q12539453,1,0,P17_only,1
Q18396386,1,1,P17+P131,0
Q11773462,1,1,P17+P131,1
Q27348189,1,0,P17_only,0
Q2474777,1,0,P17_only,1
Q12576292,1,0,P17_only,1
Q12548791,1,0,P17_only,1
Q12534968,1,0,P17_only,1
Q55657558,1,0,P17_only,0
Q20098992,1,1,P17+P131,1
Q12549162,1,1,P17+P131,1
Q28406939,1,1,P17+P131,0
Q12531256,1,0,P17_only,1
Q137551678,1,0,P17_only,0
Q32195080,1,0,P17_only,0
Q17562732,1,1,P17+P131,1
Q190456,1,0,P17_only,1
Q16708263,1,1,P17+P131,1
Q13641907,1,1,P17+P131,1
Q13653521,1,1,P17+P131,1
Q111862477,1,0,P17_only,0
Q3910978,1,0,P17_only,0
Q111296987,1,0,P17_only,0
Q27357905,1,0,P17_only,0
Q19615602,0,1,P131_only,0
Q20098245,1,1,P17+P131,1
Q136090731,1,0,P17_only,0
Q24913744,1,0,P17_only,0
Q16699127,1,1,P17+P131,1
Q123363757,1,0,P17_only,0
Q4373922,1,0,P17_only,0
Q32218507,1,1,P17+P131,1
Q12545530,1,0,P17_only,1
Q124154944,1,1,P17+P131,0
Q1910720,1,0,P17_only,0
Q4393637,1,1,P17+P131,1
Q32194866,1,0,P17_only,0
Q27355100,1,0,P17_only,0
Q31195711,1,1,P17+P131,1
Q27430641,1,0,P17_only,0
Q13651809,1,1,P17+P131,1
Q16629904,0,1,P131_only,1
Q12545371,1,0,P17_only,1
Q16719343,1,1,P17+P131,1
Q16656926,1,1,P17+P131,0
Q32212904,1,0,P17_only,1
Q3853592,1,0,P17_only,1
Q16431276,1,0,P17_only,1
Q24036614,1,0,P17_only,0
Q12565891,1,0,P17_only,1
Q20484934,1,0,P17_only,0
Q135829335,1,0,P17_only,0
Q108776642,1,0,P17_only,0
Q3537514,1,0,P17_only,0
Q18407028,1,1,P17+P131,1
Q16431253,1,0,P17_only,1
Q114976763,1,0,P17_only,1
Q116200110,1,0,P17_only,0
Q27352796,1,0,P17_only,0
Q12534116,1,0,P17_only,1
Q125850803,1,0,P17_only,0
Q12545330,1,0,P17_only,1
Q16661611,1,1,P17+P131,1
Q30969544,1,1,P17+P131,1
Q12550106,1,1,P17+P131,1
Q56367117,1,1,P17+P131,1
Q135829174,1,0,P17_only,0
Q32171905,1,0,P17_only,0
Q16709180,1,1,P17+P131,1
Q20484224,1,0,P17_only,1
Q31194777,1,0,P17_only,1
Q12560536,1,1,P17+P131,1
Q4341869,1,0,P17_only,0
Q12532657,1,0,P17_only,1
Q30635038,1,1,P17+P131,0
Q115865614,1,0,P17_only,0
Q18409043,1,1,P17+P131,1
Q25505458,1,1,P17+P131,1
Q55659166,1,0,P17_only,0
Q27358286,1,0,P17_only,0
Q27352847,1,0,P17_only,0
Q18407574,1,1,P17+P131,1
Q13642147,1,1,P17+P131,1
Q138300177,1,0,P17_only,0
Q27357692,1,0,P17_only,0
Q12576466,1,0,P17_only,1
Q16666311,1,1,P17+P131,1
Q32192677,1,0,P17_only,0
Q32191447,1,0,P17_only,0
Q123363621,1,0,P17_only,0
Q97165482,1,1,P17+P131,0
Q6351988,1,1,P17+P131,1
Q30969550,1,1,P17+P131,1
Q27351470,1,0,P17_only,0
Q12551122,0,1,P131_only,1
Q20458026,1,0,P17_only,0
Q16661737,1,1,P17+P131,1
Q86663127,1,0,P17_only,0
Q65264134,1,0,P17_only,0
Q115868769,1,0,P17_only,0
Q120262318,1,0,P17_only,0
Q32181374,1,0,P17_only,0
Q135829064,1,0,P17_only,0
Q10269944,1,0,P17_only,1
Q65269814,1,0,P17_only,0
Q48969011,1,0,P17_only,1
Q1077937,1,1,P17+P131,1
Q136090724,1,0,P17_only,0
Q130212458,1,0,P17_only,0
Q13476251,0,1,P131_only,1
Q32197538,1,0,P17_only,0
Q113408865,0,1,P131_only,0
Q27347339,1,0,P17_only,0
Q32218547,1,0,P17_only,1
Q139586267,1,0,P17_only,1
Q22201992,1,1,P17+P131,1
Q4454614,1,1,P17+P131,1
Q12542519,1,0,P17_only,1
Q55658178,1,0,P17_only,0
Q27351766,1,1,P17+P131,1
Q22201714,1,1,P17+P131,1
Q16652288,1,1,P17+P131,1
Q13648905,1,1,P17+P131,1
Q18409020,1,1,P17+P131,1
Q27357967,1,0,P17_only,0
Q2971967,1,0,P17_only,0
Q34962316,1,1,P17+P131,0
Q27357868,1,0,P17_only,0
Q27355038,1,0,P17_only,0
Q13645609,1,1,P17+P131,0
Q91783775,1,1,P17+P131,0
Q109236843,1,0,P17_only,0
Q13641814,1,1,P17+P131,1
Q16657371,1,1,P17+P131,1
Q3814905,1,0,P17_only,1
Q27352521,0,1,P131_only,0
Q5437702,1,0,P17_only,0
Q13653328,0,1,P131_only,1
Q32189268,1,0,P17_only,0
Q139860690,1,1,P17+P131,0
Q27357689,1,0,P17_only,0
Q32190138,1,1,P17+P131,0
Q12531868,1,0,P17_only,1
Q11774529,1,0,P17_only,1
Q13648915,1,1,P17+P131,1
Q12579681,1,1,P17+P131,1
Q16433505,1,0,P17_only,1
Q13643821,1,1,P17+P131,1
Q135829529,1,0,P17_only,0
Q13640661,0,1,P131_only,0
Q4366821,1,0,P17_only,1
Q4178998,1,0,P17_only,0
Q14159284,1,0,P17_only,0
Q32216378,1,0,P17_only,0
Q2448467,1,1,P17+P131,1
Q30975056,1,1,P17+P131,1
Q12532289,1,0,P17_only,1
Q27348494,1,0,P17_only,0
Q27357975,1,0,P17_only,0
Q16661599,1,1,P17+P131,0
Q16433459,1,1,P17+P131,1
Q86667271,1,0,P17_only,1
Q4071551,1,0,P17_only,1
Q12536288,1,1,P17+P131,1
Q18591573,1,1,P17+P131,0
Q27354033,1,0,P17_only,0
Q30975102,1,1,P17+P131,1
Q65259467,1,0,P17_only,0
Q16433184,1,1,P17+P131,1
Q12570866,1,1,P17+P131,1
Q32203783,1,0,P17_only,0
Q2550349,1,1,P17+P131,1
Q13641707,1,1,P17+P131,1
Q32203025,1,0,P17_only,0
Q20098102,1,1,P17+P131,1
Q32192189,1,0,P17_only,0
Q16433409,1,1,P17+P131,1
Q32186034,1,0,P17_only,0
Q15918914,1,1,P17+P131,1
Q18467514,1,0,P17_only,0
Q12712222,1,0,P17_only,0
Q12558729,1,0,P17_only,1
Q27353935,1,0,P17_only,0
Q12533660,1,0,P17_only,1
Q32182589,1,0,P17_only,0
Q65263958,1,0,P17_only,0
Q12546202,1,0,P17_only,1
Q16704337,1,1,P17+P131,1
Q27358006,1,0,P17_only,0
Q27430581,1,0,P17_only,0
Q4243772,1,0,P17_only,1
Q23958910,1,0,P17_only,1
Q62050310,1,0,P17_only,0
Q55833181,1,0,P17_only,0
Q13648750,1,1,P17+P131,1
Q56367343,1,1,P17+P131,1
Q16431508,1,1,P17+P131,1
Q27351919,1,0,P17_only,0
Q26218162,1,1,P17+P131,1
Q4179775,1,0,P17_only,1
Q12557898,1,1,P17+P131,1
Q15845831,1,1,P17+P131,1
Q16682659,1,1,P17+P131,1
Q5745104,1,0,P17_only,0
Q135829982,1,0,P17_only,0
Q4381457,1,0,P17_only,0
Q16662842,1,1,P17+P131,1
Q25505128,1,0,P17_only,1
Q12576035,1,1,P17+P131,1
Q135829188,1,0,P17_only,0
Q1943146,1,1,P17+P131,1
Q12559373,1,0,P17_only,1
Q16679769,1,1,P17+P131,0
Q15617560,1,1,P17+P131,1
Q110779971,1,0,P17_only,0
Q12697823,1,0,P17_only,0
Q6358430,1,1,P17+P131,1
Q4505944,1,1,P17+P131,1
Q2662994,1,0,P17_only,1
Q16433623,1,0,P17_only,1
Q27430598,1,0,P17_only,1
Q27357341,1,1,P17+P131,0
Q16434421,1,0,P17_only,1
Q55658062,1,0,P17_only,0
Q16720735,1,1,P17+P131,1
Q65264131,1,0,P17_only,0
Q13641872,1,1,P17+P131,0
Q123363459,1,0,P17_only,0
Q3722656,1,1,P17+P131,1
Q32193995,1,0,P17_only,0
Q12567126,1,1,P17+P131,1
Q112004042,1,0,P17_only,0
Q16431881,1,1,P17+P131,1
Q32214582,1,0,P17_only,0
Q16656970,1,1,P17+P131,0
Q13641689,1,1,P17+P131,1
Q4207625,1,1,P17+P131,1
Q16431095,1,1,P17+P131,1
Q65252166,1,1,P17+P131,1
Q55657218,1,0,P17_only,0
Q55659330,1,0,P17_only,0
Q135828939,1,0,P17_only,0
Q12542416,1,0,P17_only,1
Q135829608,1,0,P17_only,0
Q140316271,1,0,P17_only,0
Q13659936,1,1,P17+P131,1
Q16433780,1,0,P17_only,1
Q11490840,1,1,P17+P131,1
Q122902675,1,0,P17_only,0
Q65082129,1,0,P17_only,0
Q16431085,1,0,P17_only,1
Q32184733,1,1,P17+P131,1
Q13223617,0,1,P131_only,0
Q647720,1,1,P17+P131,1
Q1476453,1,1,P17+P131,0
Q27355078,1,0,P17_only,0
Q12570854,1,1,P17+P131,1
Q13664007,1,1,P17+P131,1
Q13641925,1,1,P17+P131,1
Q135828921,1,0,P17_only,0
Q13647505,1,1,P17+P131,1
Q12542899,1,0,P17_only,1
Q2550784,1,1,P17+P131,1
Q13645920,1,1,P17+P131,1
Q86666529,1,0,P17_only,0
Q12545217,1,0,P17_only,1
Q32176200,1,0,P17_only,0
Q135828479,1,0,P17_only,0
Q48848377,1,1,P17+P131,0
Q138746149,1,1,P17+P131,0
Q32216102,1,0,P17_only,0
Q4077517,1,0,P17_only,1
Q12544872,1,1,P17+P131,1
Q27348266,1,0,P17_only,0
Q27355103,1,0,P17_only,1
Q27430885,1,0,P17_only,0
Q20486049,1,0,P17_only,1
Q27357602,1,0,P17_only,0
Q12573794,1,0,P17_only,1
Q12545271,1,0,P17_only,1
Q12578856,1,1,P17+P131,1
Q20098352,1,1,P17+P131,1
Q12570325,1,1,P17+P131,1
Q32215304,1,0,P17_only,0
Q28454870,1,0,P17_only,0
Q122974917,1,1,P17+P131,0
Q13645583,1,1,P17+P131,1
Q43304692,1,0,P17_only,0
Q138308138,1,0,P17_only,0
Q27430588,1,0,P17_only,0
Q137611326,1,1,P17+P131,1
Q16274391,1,1,P17+P131,1
Q18400794,1,1,P17+P131,1
Q27352646,0,1,P131_only,0
Q16669470,1,1,P17+P131,1
Q136474594,1,0,P17_only,0
Q32204288,1,1,P17+P131,0
Q16686353,1,1,P17+P131,1
Q16661853,1,1,P17+P131,0
Q18404761,1,1,P17+P131,1
Q18400317,1,1,P17+P131,1
Q115936239,1,0,P17_only,0
Q97213803,1,1,P17+P131,1
Q20098975,1,1,P17+P131,1
Q32195021,1,1,P17+P131,0
Q6380812,1,0,P17_only,0
Q89277351,1,0,P17_only,0
Q30972518,1,1,P17+P131,1
Q12531368,1,0,P17_only,1
Q16682810,1,1,P17+P131,1
Q12553511,1,0,P17_only,1
Q120483504,1,0,P17_only,0
Q12571266,1,0,P17_only,1
Q32197495,1,0,P17_only,0
Q16702201,1,1,P17+P131,1
Q55701954,1,0,P17_only,0
Q12536705,1,1,P17+P131,1
Q13642262,1,1,P17+P131,1
Q32184405,1,0,P17_only,0
Q15617725,1,1,P17+P131,1
Q15617605,1,1,P17+P131,1
Q13664884,1,1,P17+P131,1
Q18400912,1,1,P17+P131,1
Q16433422,1,0,P17_only,1
Q32204513,1,0,P17_only,0
Q12571901,1,1,P17+P131,1
Q16664433,1,1,P17+P131,1
Q16433620,1,0,P17_only,1
Q16681359,1,1,P17+P131,0
Q17057136,1,1,P17+P131,1
Q16651087,1,1,P17+P131,1
Q61366290,1,1,P17+P131,1
Q32206182,1,0,P17_only,0
Q20486352,1,0,P17_only,1
Q75810904,1,0,P17_only,0
Q32184658,1,0,P17_only,0
Q131629204,1,1,P17+P131,1
Q42803868,1,1,P17+P131,0
Q138300274,1,0,P17_only,0
Q20098375,1,1,P17+P131,1
Q12569638,1,0,P17_only,1
Q13649841,1,1,P17+P131,1
Q32201309,1,0,P17_only,0
Q20072794,0,1,P131_only,1
Q12698992,1,0,P17_only,0
Q30897589,1,1,P17+P131,0
Q12577513,1,1,P17+P131,1
Q4491698,1,0,P17_only,0
Q13359421,0,1,P131_only,1
Q12568304,1,0,P17_only,1
Q13650555,1,1,P17+P131,1
Q20098171,1,1,P17+P131,1
Q32177660,1,0,P17_only,0
Q32218591,1,0,P17_only,0
Q112003957,1,0,P17_only,0
Q16681570,1,1,P17+P131,1
Q22204427,1,1,P17+P131,1
Q16689408,1,1,P17+P131,1
Q4507131,1,1,P17+P131,0
Q13640824,1,1,P17+P131,1
Q28091125,1,0,P17_only,1
Q16661623,1,1,P17+P131,1
Q27350649,1,0,P17_only,0
Q23958832,1,0,P17_only,1
Q64199974,1,0,P17_only,1
Q17494752,1,1,P17+P131,1
Q16670966,1,1,P17+P131,1
Q4228772,1,0,P17_only,1
Q16700971,1,1,P17+P131,1
Q112113717,1,0,P17_only,0
Q16699156,1,1,P17+P131,1
Q27354937,1,0,P17_only,0
Q17002657,1,0,P17_only,0
Q27358142,1,0,P17_only,0
Q27352798,1,0,P17_only,0
Q56367118,1,1,P17+P131,1
Q16432003,1,1,P17+P131,1
Q13645959,1,1,P17+P131,1
Q13648434,1,1,P17+P131,1
Q16714103,1,1,P17+P131,0
Q27348410,1,0,P17_only,0
Q65250647,1,0,P17_only,1
Q13642355,0,1,P131_only,1
Q16684612,1,0,P17_only,0
Q20485743,1,0,P17_only,1
Q20462901,1,0,P17_only,0
Q65980114,1,1,P17+P131,1
Q137994387,1,1,P17+P131,0
Q108533837,1,0,P17_only,0
Q123363738,1,0,P17_only,0
Q16434283,1,1,P17+P131,1
Q3627425,1,0,P17_only,1
Q32206551,1,0,P17_only,0
Q12546167,1,0,P17_only,1
Q568293,1,0,P17_only,1
Q64148472,1,0,P17_only,1
Q12565113,1,0,P17_only,1
Q25505146,1,0,P17_only,1
Q16669402,1,1,P17+P131,1
Q16273421,1,1,P17+P131,1
Q15079084,1,0,P17_only,0
Q18404506,1,1,P17+P131,0
Q32182768,1,1,P17+P131,1
Q12535205,1,1,P17+P131,1
Q13641909,1,1,P17+P131,1
Q139962563,1,1,P17+P131,0
Q16699082,1,1,P17+P131,1
Q135830053,1,0,P17_only,0
Q30969358,1,1,P17+P131,1
Q12536970,1,0,P17_only,1
Q32217041,1,0,P17_only,0
Q32210633,0,1,P131_only,0
Q55657227,1,0,P17_only,0
Q16433946,1,1,P17+P131,1
Q12574914,1,1,P17+P131,1
Q1046493,1,1,P17+P131,1
Q16667599,1,1,P17+P131,1
Q15617574,1,1,P17+P131,1
Q18408963,1,1,P17+P131,1
Q27348069,1,0,P17_only,0
Q12569994,1,1,P17+P131,1
Q18401679,1,1,P17+P131,0
Q12550393,0,1,P131_only,1
Q12526176,1,0,P17_only,1
Q13652309,0,1,P131_only,1
Q16669549,1,1,P17+P131,0
Q4156573,1,0,P17_only,1
Q12567099,1,0,P17_only,1
Q15707453,1,1,P17+P131,0
Q25504636,1,0,P17_only,1
Q27357158,1,0,P17_only,0
Q27352170,1,0,P17_only,0
Q32186983,1,0,P17_only,0
Q27354819,1,0,P17_only,0
Q13646570,1,1,P17+P131,1
Q27354957,1,0,P17_only,0
Q4506457,1,1,P17+P131,0
Q22201445,1,1,P17+P131,1
Q1251114,1,1,P17+P131,1
Q32211362,1,0,P17_only,0
Q20098661,1,1,P17+P131,1
Q16641476,0,1,P131_only,1
Q16432005,1,1,P17+P131,1
Q13662108,1,1,P17+P131,1
Q13663184,1,1,P17+P131,1
Q13645765,1,1,P17+P131,1
Q16433349,1,0,P17_only,1
Q12567094,1,0,P17_only,1
Q12574741,1,1,P17+P131,1
Q65253649,1,0,P17_only,0
Q16434800,1,1,P17+P131,1
Q4521026,1,1,P17+P131,1
Q137527302,1,0,P17_only,0
Q2748879,1,0,P17_only,0
Q124197125,1,0,P17_only,0
Q13643474,1,1,P17+P131,1
Q123363848,1,0,P17_only,0
Q15617740,1,1,P17+P131,1
Q12555327,1,0,P17_only,1
Q32187763,1,0,P17_only,0
Q12574830,1,0,P17_only,1
Q67893062,1,0,P17_only,0
Q3729052,0,1,P131_only,1
Q61368060,1,1,P17+P131,1
Q27357103,1,0,P17_only,0
Q72915102,1,0,P17_only,0
Q16651367,1,1,P17+P131,1
Q27430566,1,0,P17_only,0
Q122526287,1,1,P17+P131,0
Q12672771,1,0,P17_only,0
Q18409566,1,1,P17+P131,1
Q16710906,1,1,P17+P131,1
Q499191,1,1,P17+P131,1
Q12576136,1,1,P17+P131,1
Q20098345,1,1,P17+P131,1
Q12528067,1,0,P17_only,1
Q61368062,1,1,P17+P131,1
Q1817735,1,1,P17+P131,1
Q13643432,1,1,P17+P131,1
Q4200879,1,0,P17_only,0
Q20485030,1,0,P17_only,1
Q12551758,0,1,P131_only,1
Q32197981,1,0,P17_only,0
Q135828965,1,0,P17_only,0
Q16434715,1,0,P17_only,1
Q16432469,1,0,P17_only,1
Q16663116,1,1,P17+P131,1
Q13476083,0,1,P131_only,1
Q12544914,1,0,P17_only,1
Q32185423,1,0,P17_only,0
Q2550378,1,1,P17+P131,1
Q12544192,0,1,P131_only,1
Q27358170,1,1,P17+P131,0
Q27354702,1,1,P17+P131,0
Q13663346,1,1,P17+P131,1
Q27352749,0,1,P131_only,0
Q4214350,1,0,P17_only,1
Q12527793,1,0,P17_only,1
Q12532088,1,1,P17+P131,1
Q12541139,0,1,P131_only,1
Q32199626,1,0,P17_only,0
Q7702054,1,1,P17+P131,1
Q32195115,1,0,P17_only,0
Q126097343,1,0,P17_only,0
Q112003938,1,0,P17_only,0
Q7500330,1,1,P17+P131,1
Q28669089,1,0,P17_only,0
Q62050296,1,0,P17_only,0
Q12541581,0,1,P131_only,1
Q12561391,1,0,P17_only,1
Q18398708,1,1,P17+P131,0
Q123225293,1,0,P17_only,0
Q12555477,1,1,P17+P131,1
Q12572922,1,0,P17_only,1
Q32196521,1,0,P17_only,0
Q16690856,1,1,P17+P131,1
Q16432576,1,1,P17+P131,1
Q12528697,1,0,P17_only,1
Q16434745,1,0,P17_only,1
Q12573987,1,0,P17_only,1
Q1256715,1,0,P17_only,1
Q123363660,1,0,P17_only,0
Q13646084,1,1,P17+P131,1
Q15733321,1,0,P17_only,0
Q20073968,1,1,P17+P131,1
Q140390020,1,0,P17_only,0
Q12532110,1,1,P17+P131,1
Q1046268,1,1,P17+P131,1
Q4273772,1,1,P17+P131,1
Q13647388,1,1,P17+P131,1
Q16700975,1,1,P17+P131,1
Q27354497,1,0,P17_only,0
Q135829596,1,0,P17_only,0
Q18396404,1,1,P17+P131,1
Q61367435,1,1,P17+P131,1
Q13645740,1,1,P17+P131,1
Q2550426,1,1,P17+P131,1
Q20484446,1,0,P17_only,1
Q12570231,1,0,P17_only,1
Q12531257,1,1,P17+P131,1
Q12690371,1,0,P17_only,0
Q27350580,1,0,P17_only,0
Q32178659,1,0,P17_only,0
Q4366829,1,0,P17_only,1
Q12534790,1,1,P17+P131,1
Q16431778,1,1,P17+P131,1
Q123363832,1,0,P17_only,0
Q12553242,1,1,P17+P131,1
Q20098678,1,1,P17+P131,1
Q63044327,1,0,P17_only,1
Q105605763,1,1,P17+P131,0
Q12702140,1,1,P17+P131,0
Q135829049,1,0,P17_only,0
Q12579279,1,0,P17_only,1
Q30973276,1,1,P17+P131,1
Q12537222,1,0,P17_only,1
Q55657275,1,0,P17_only,0
Q27431025,1,0,P17_only,1
Q12574238,1,0,P17_only,1
Q16669436,1,1,P17+P131,1
Q13651853,1,1,P17+P131,1
Q17494810,1,1,P17+P131,1
Q16433157,1,0,P17_only,1
Q16433504,1,0,P17_only,1
Q12570728,1,0,P17_only,1
Q20098347,1,1,P17+P131,1
Q32217359,1,0,P17_only,0
Q97166108,1,0,P17_only,0
Q32192807,1,0,P17_only,0
Q27430591,1,0,P17_only,0
Q13652344,0,1,P131_only,1
Q16433464,1,0,P17_only,1
Q12106062,1,0,P17_only,1
Q16272333,0,1,P131_only,1
Q18619557,1,0,P17_only,0
Q13648701,1,1,P17+P131,1
Q55239197,1,0,P17_only,0
Q112635507,0,1,P131_only,0
Q13651922,1,1,P17+P131,1
Q16431176,1,1,P17+P131,1
Q32203664,1,0,P17_only,0
Q24915885,1,0,P17_only,0
Q13645585,1,1,P17+P131,1
Q3723377,1,0,P17_only,1
Q27358115,1,0,P17_only,0
Q1069105,1,1,P17+P131,1
Q12544769,0,1,P131_only,1
Q12533652,1,1,P17+P131,1
Q12527989,1,1,P17+P131,1
Q27357362,1,0,P17_only,0
Q13643255,1,1,P17+P131,1
Q115865754,1,0,P17_only,0
Q135828500,1,0,P17_only,0
Q25492957,1,0,P17_only,1
Q32213108,1,0,P17_only,0
Q16432332,1,0,P17_only,1
Q123363768,1,0,P17_only,0
Q20098348,1,1,P17+P131,1
Q32185978,1,0,P17_only,0
Q12532107,1,0,P17_only,1
Q16688281,1,1,P17+P131,1
Q27350738,1,0,P17_only,0
Q16431719,1,1,P17+P131,1
Q12569936,1,0,P17_only,1
Q16274634,1,1,P17+P131,1
Q16433312,1,0,P17_only,1
Q8134196,1,1,P17+P131,1
Q1956467,1,1,P17+P131,1
Q16434580,1,0,P17_only,1
Q13399140,0,1,P131_only,1
Q111297017,1,0,P17_only,0
Q55657957,1,0,P17_only,0
Q27430550,1,0,P17_only,0
Q12534218,1,1,P17+P131,1
Q27799073,1,0,P17_only,0
Q97273569,1,0,P17_only,0
Q13663006,1,1,P17+P131,1
Q13637364,0,1,P131_only,1
Q16433927,1,1,P17+P131,1
Q18399272,1,1,P17+P131,1
Q68036920,1,0,P17_only,0
Q17749603,1,1,P17+P131,1
Q12548659,1,0,P17_only,1
Q4408888,1,0,P17_only,1
Q135829578,1,0,P17_only,0
Q16431290,1,0,P17_only,1
Q2641234,1,1,P17+P131,1
Q122809595,1,0,P17_only,0
Q27430788,1,0,P17_only,0
Q126285776,1,1,P17+P131,0
Q13220365,0,1,P131_only,1
Q13640850,1,1,P17+P131,0
Q13640801,1,1,P17+P131,1
Q27430888,1,0,P17_only,0
Q13652398,0,1,P131_only,1
Q18408813,1,1,P17+P131,1
Q12575887,1,0,P17_only,1
Q27357178,1,0,P17_only,0
Q16701073,1,1,P17+P131,1
Q27348436,1,1,P17+P131,0
Q849685,1,1,P17+P131,1
Q96384389,1,0,P17_only,0
Q16432187,1,0,P17_only,1
Q893317,1,1,P17+P131,1
Q115867194,1,0,P17_only,0
Q30973016,1,1,P17+P131,1
Q4380736,1,0,P17_only,1
Q4602493,1,1,P17+P131,0
Q20486267,1,0,P17_only,1
Q64197061,1,0,P17_only,1
Q32183665,1,0,P17_only,0
Q27358222,1,1,P17+P131,0
Q12542417,1,0,P17_only,1
Q16434044,1,0,P17_only,1
Q27351923,1,0,P17_only,0
Q13664168,1,1,P17+P131,1
Q32172731,1,0,P17_only,1
Q16702382,1,1,P17+P131,1
Q135828961,1,0,P17_only,0
Q13664214,1,1,P17+P131,1
Q13662112,1,1,P17+P131,1
Q59626034,1,1,P17+P131,1
Q27430573,1,0,P17_only,0
Q12698103,1,0,P17_only,0
Q12573658,1,0,P17_only,1
Q20073086,0,1,P131_only,1
Q27353945,1,0,P17_only,0
Q12528911,1,0,P17_only,1
Q13643085,0,1,P131_only,1
Q123363524,1,0,P17_only,0
Q54832876,1,0,P17_only,0
Q16691765,1,1,P17+P131,1
Q27354926,1,0,P17_only,0
Q12531735,1,1,P17+P131,1
Q43304673,1,0,P17_only,0
Q16680865,1,1,P17+P131,1
Q125752635,1,0,P17_only,0
Q18396322,1,1,P17+P131,1
Q16434669,1,0,P17_only,1
Q25052814,1,0,P17_only,0
Q65124390,1,0,P17_only,0
Q48988288,1,0,P17_only,1
Q19615517,0,1,P131_only,1
Q25524115,1,0,P17_only,1
Q135829943,1,0,P17_only,0
Q27494262,1,0,P17_only,0
Q12554289,1,1,P17+P131,1
Q12545825,1,1,P17+P131,1
Q27357978,1,0,P17_only,0
Q135983423,1,0,P17_only,0
Q13640657,0,1,P131_only,1
Q35344897,1,0,P17_only,0
Q12571224,1,1,P17+P131,1
Q13645988,1,1,P17+P131,1
Q1299817,1,1,P17+P131,1
Q12555381,1,0,P17_only,1
Q117473285,1,0,P17_only,0
Q12532267,1,1,P17+P131,1
Q12532111,1,1,P17+P131,1
Q12573127,1,0,P17_only,1
Q32205913,1,0,P17_only,0
Q19979859,0,1,P131_only,1
Q27358038,1,1,P17+P131,0
Q13359496,0,1,P131_only,1
Q12554889,1,1,P17+P131,1
Q16720772,1,1,P17+P131,1
Q16272658,1,1,P17+P131,1
Q33050,1,0,P17_only,1
Q12574831,1,0,P17_only,1
Q10898160,1,1,P17+P131,1
Q16697028,1,1,P17+P131,1
Q13642245,1,1,P17+P131,1
Q65259831,1,0,P17_only,0
Q12558884,1,1,P17+P131,1
Q27350675,1,0,P17_only,0
Q12553900,1,0,P17_only,1
Q12578926,1,0,P17_only,1
Q12560538,1,1,P17+P131,1
Q4509445,1,1,P17+P131,1
Q12566300,1,1,P17+P131,1
Q3344038,1,0,P17_only,1
Q135829156,1,0,P17_only,0
Q18399828,1,1,P17+P131,1
Q13359507,0,1,P131_only,1
Q32205604,1,0,P17_only,0
Q13642239,1,1,P17+P131,1
Q6358977,1,1,P17+P131,1
Q3941150,1,0,P17_only,0
Q20093711,1,1,P17+P131,1
Q12552907,1,1,P17+P131,1
Q16651193,1,1,P17+P131,1
Q16665326,1,1,P17+P131,1
Q12548365,1,0,P17_only,1
Q32204363,1,0,P17_only,0
Q13649132,1,1,P17+P131,1
Q97315464,1,0,P17_only,0
Q27358043,1,0,P17_only,0
Q16702101,1,1,P17+P131,1
Q97161800,1,0,P17_only,0
Q111460495,1,1,P17+P131,0
Q12531147,1,1,P17+P131,1
Q3910974,1,0,P17_only,0
Q2565586,1,1,P17+P131,1
Q32214393,1,1,P17+P131,0
Q1046594,1,1,P17+P131,1
Q27357796,1,0,P17_only,0
Q32198512,1,0,P17_only,0
Q13650464,1,1,P17+P131,1
Q12546462,1,1,P17+P131,1
Q27430960,1,0,P17_only,0
Q27431006,1,0,P17_only,0
Q32203442,1,0,P17_only,0
Q56761149,1,0,P17_only,0
Q56367007,1,1,P17+P131,1
Q27354412,1,0,P17_only,0
Q12543174,1,0,P17_only,1
Q27430725,1,0,P17_only,0
Q28671114,1,0,P17_only,0
Q16434319,1,1,P17+P131,1
Q20098383,1,1,P17+P131,1
Q2641425,1,0,P17_only,1
Q2556249,1,1,P17+P131,1
Q32219130,1,1,P17+P131,0
Q12555457,1,0,P17_only,1
Q32175764,1,1,P17+P131,0
Q13655871,1,1,P17+P131,1
Q18400638,1,1,P17+P131,1
Q55833286,1,0,P17_only,1
Q235375,1,1,P17+P131,1
Q12551883,0,1,P131_only,1
Q138859959,1,0,P17_only,0
Q16651102,1,1,P17+P131,1
Q65254779,1,0,P17_only,0
Q1817026,1,1,P17+P131,1
Q12577259,1,1,P17+P131,1
Q127788768,1,0,P17_only,0
Q12533465,1,0,P17_only,1
Q32214158,1,0,P17_only,0
Q64200981,1,0,P17_only,1
Q25387255,0,1,P131_only,1
Q65264139,1,0,P17_only,0
Q16651038,1,1,P17+P131,1
Q18400671,1,1,P17+P131,1
Q13664176,1,1,P17+P131,1
Q18890166,1,0,P17_only,0
Q112085350,1,0,P17_only,0
Q13648540,1,1,P17+P131,1
Q16710898,1,1,P17+P131,1
Q13641804,1,1,P17+P131,1
Q111296981,1,0,P17_only,0
Q12561046,1,0,P17_only,1
Q28671189,1,0,P17_only,1
Q13652576,0,1,P131_only,1
Q27430613,1,0,P17_only,0
Q15617665,1,1,P17+P131,1
Q27354226,1,0,P17_only,0
Q28671102,1,1,P17+P131,1
Q30974973,1,1,P17+P131,0
Q111174325,1,0,P17_only,1
Q12574636,1,1,P17+P131,1
Q13476313,0,1,P131_only,1
Q13646932,1,1,P17+P131,1
Q22343761,1,1,P17+P131,1
Q15111329,1,1,P17+P131,1
Q25504647,1,1,P17+P131,1
Q13642192,1,1,P17+P131,1
Q12542356,1,1,P17+P131,1
Q135828930,1,0,P17_only,0
Q32215985,1,0,P17_only,0
Q12532074,1,0,P17_only,1
Q12563835,1,1,P17+P131,1
Q21044999,1,0,P17_only,1
Q13643164,0,1,P131_only,1
Q25390257,1,0,P17_only,0
Q7504169,1,0,P17_only,0
Q16722824,1,1,P17+P131,1
Q13641758,1,1,P17+P131,1
Q13359520,1,1,P17+P131,1
Q4449729,1,0,P17_only,1
Q2550358,1,1,P17+P131,1
Q2631990,1,0,P17_only,0
Q115060443,1,1,P17+P131,1
Q980138,1,1,P17+P131,0
Q12575973,1,1,P17+P131,1
Q20098519,1,1,P17+P131,1
Q32218880,1,0,P17_only,1
Q32188932,1,1,P17+P131,0
Q20486299,1,0,P17_only,1
Q13415184,0,1,P131_only,0
Q32190736,1,0,P17_only,0
Q2891880,1,0,P17_only,0
Q20486331,1,0,P17_only,1
Q55657898,1,1,P17+P131,1
Q16434302,1,0,P17_only,1
Q4328046,1,1,P17+P131,1
Q16719113,1,1,P17+P131,1
Q12532498,1,0,P17_only,1
Q16644266,0,1,P131_only,1
Q2690652,1,0,P17_only,1
Q13642298,1,1,P17+P131,0
Q16650877,1,1,P17+P131,1
Q12570906,1,0,P17_only,1
Q18399810,1,1,P17+P131,1
Q13655780,1,1,P17+P131,1
Q27628221,1,0,P17_only,1
Q12527605,1,1,P17+P131,1
Q4463326,1,0,P17_only,1
Q16684262,1,1,P17+P131,1
Q4445604,1,1,P17+P131,1
Q13652072,1,1,P17+P131,1
Q32219307,1,0,P17_only,0
Q1045872,1,0,P17_only,1
Q56367074,1,1,P17+P131,1
Q11751818,1,0,P17_only,1
Q123363536,1,0,P17_only,0
Q32212772,1,1,P17+P131,0
Q131723743,1,0,P17_only,0
Q123363725,1,0,P17_only,0
Q27358094,1,1,P17+P131,0
Q20098145,1,1,P17+P131,1
Q13665085,1,1,P17+P131,1
Q97616297,1,0,P17_only,0
Q13663986,1,1,P17+P131,1
Q12543780,0,1,P131_only,1
Q27355018,1,0,P17_only,0
Q16685627,1,1,P17+P131,1
Q12700567,1,0,P17_only,0
Q12526929,1,0,P17_only,1
Q126976082,1,1,P17+P131,0
Q140456079,1,0,P17_only,0
Q16672056,1,1,P17+P131,0
Q16680513,1,1,P17+P131,0
Q12542390,1,0,P17_only,1
Q12564171,1,0,P17_only,1
Q118122085,1,0,P17_only,0
Q7578088,1,0,P17_only,1
Q27351710,1,0,P17_only,0
Q1756009,1,1,P17+P131,1
Q16708627,1,1,P17+P131,1
Q14107750,1,1,P17+P131,1
Q16652327,1,1,P17+P131,1
Q135829986,1,0,P17_only,0
Q32197223,1,1,P17+P131,0
Q111297010,1,0,P17_only,0
Q16535674,0,1,P131_only,1
Q13645658,1,1,P17+P131,1
Q32214616,1,0,P17_only,0
Q27348071,1,1,P17+P131,1
Q32195271,1,0,P17_only,0
Q16648543,1,1,P17+P131,1
Q123363787,1,0,P17_only,0
Q32202910,1,1,P17+P131,0
Q16715219,1,1,P17+P131,1
Q4177868,1,1,P17+P131,1
Q12553276,1,0,P17_only,1
Q65255761,1,0,P17_only,0
Q32175372,1,0,P17_only,0
Q27348402,1,0,P17_only,1
Q32196263,1,0,P17_only,0
Q27348127,1,0,P17_only,1
Q12549657,1,0,P17_only,1
Q1416868,1,1,P17+P131,1
Q102365543,1,0,P17_only,0
Q32197761,1,0,P17_only,0
Q12547114,1,0,P17_only,1
Q32213357,1,1,P17+P131,0
Q55834871,1,0,P17_only,1
Q12528548,1,0,P17_only,1
Q12566137,1,0,P17_only,1
Q12540734,0,1,P131_only,1
Q109452568,1,0,P17_only,0
Q67893022,1,0,P17_only,0
Q131723753,1,0,P17_only,0
Q12550355,1,0,P17_only,1
Q123363871,1,0,P17_only,0
Q12545856,1,0,P17_only,1
Q13647305,1,1,P17+P131,1
Q125967415,0,1,P131_only,0
Q12553763,1,1,P17+P131,1
Q32172485,1,1,P17+P131,0
Q12532468,1,1,P17+P131,1
Q18396351,1,1,P17+P131,1
Q25457672,1,0,P17_only,0
Q12541938,0,1,P131_only,1
Q12710306,1,0,P17_only,0
Q32179503,1,0,P17_only,0
Q16433213,1,0,P17_only,1
Q20098366,1,1,P17+P131,1
Q1586591,1,1,P17+P131,1
Q2855377,1,0,P17_only,0
Q27430574,1,0,P17_only,0
Q13640703,0,1,P131_only,1
Q111287134,1,0,P17_only,1
Q32179397,1,0,P17_only,0
Q12546465,1,0,P17_only,1
Q32202715,1,0,P17_only,0
Q18407909,1,1,P17+P131,1
Q32214677,1,0,P17_only,0
Q16682667,1,1,P17+P131,1
Q27357748,1,0,P17_only,0
Q108533849,1,0,P17_only,0
Q27348490,1,0,P17_only,0
Q12576075,1,0,P17_only,1
Q27430853,1,0,P17_only,0
Q12564277,1,0,P17_only,1
Q27430769,1,0,P17_only,0
Q27430572,1,0,P17_only,0
Q32201942,1,0,P17_only,0
Q27357584,1,1,P17+P131,0
Q20098113,1,1,P17+P131,1
Q32192222,1,1,P17+P131,0
Q12555384,1,0,P17_only,1
Q139694496,1,0,P17_only,1
Q16690898,1,1,P17+P131,1
Q20098972,1,1,P17+P131,1
Q96376187,1,0,P17_only,0
Q32211838,1,0,P17_only,0
Q32200412,1,0,P17_only,0
Q12558904,1,0,P17_only,1
Q21659751,1,0,P17_only,0
Q12577960,1,0,P17_only,1
Q135829620,1,0,P17_only,0
Q74850650,1,0,P17_only,0
Q12560463,1,0,P17_only,1
Q32188251,1,0,P17_only,0
Q18399920,1,1,P17+P131,1
Q2035898,1,0,P17_only,1
Q129880748,1,0,P17_only,1
Q12553392,1,0,P17_only,1
Q16431422,1,0,P17_only,1
Q16273024,1,1,P17+P131,1
Q32171329,1,0,P17_only,0
Q135829493,1,0,P17_only,0
Q15918891,1,1,P17+P131,1
Q12698595,1,0,P17_only,0
Q27357161,1,0,P17_only,0
Q105337076,1,0,P17_only,0
Q117316141,1,0,P17_only,1
Q13365748,0,1,P131_only,1
Q12532210,1,0,P17_only,1
Q16676203,1,1,P17+P131,1
Q22204391,1,1,P17+P131,1
Q25525279,1,0,P17_only,1
Q1817051,1,1,P17+P131,1
Q12534866,1,0,P17_only,1
Q12527764,1,1,P17+P131,1
Q13648502,1,1,P17+P131,1
Q13646994,1,1,P17+P131,1
Q12712346,1,0,P17_only,0
Q20098160,1,1,P17+P131,1
Q15887842,1,0,P17_only,1
Q12550286,1,0,P17_only,1
Q12568023,1,0,P17_only,1
Q32177902,1,1,P17+P131,0
Q123363562,1,0,P17_only,0
Q30897583,1,0,P17_only,0
Q12531718,1,0,P17_only,1
Q13552124,0,1,P131_only,1
Q13643643,1,1,P17+P131,1
Q12577654,1,1,P17+P131,1
Q16723539,1,1,P17+P131,1
Q109497334,1,0,P17_only,0
Q12531749,1,1,P17+P131,1
Q30505,1,1,P17+P131,1
Q115807157,1,0,P17_only,1
Q20486059,1,0,P17_only,1
Q4506393,1,1,P17+P131,1
Q20466545,1,0,P17_only,0
Q12568755,1,1,P17+P131,1
Q12528912,1,0,P17_only,1
Q62416204,1,0,P17_only,0
Q12709480,1,0,P17_only,0
Q65256533,1,0,P17_only,0
Q12576073,1,0,P17_only,1
Q4243760,1,0,P17_only,1
Q27350895,1,1,P17+P131,0
Q16431303,1,1,P17+P131,1
Q12531283,1,0,P17_only,1
Q115865752,1,0,P17_only,0
Q18400667,1,1,P17+P131,0
Q4510205,0,1,P131_only,0
Q13667026,1,1,P17+P131,0
Q55574289,1,0,P17_only,1
Q4186455,1,0,P17_only,0
Q129880661,1,1,P17+P131,1
Q12578162,1,1,P17+P131,1
Q12579846,1,0,P17_only,1
Q16272563,1,1,P17+P131,1
Q18404954,1,1,P17+P131,0
Q62050317,1,0,P17_only,0
Q27354966,1,0,P17_only,0
Q30974382,1,1,P17+P131,1
Q12542544,1,1,P17+P131,1
Q13359413,0,1,P131_only,1
Q32184424,1,0,P17_only,0
Q12578158,1,1,P17+P131,1
Q123363573,1,0,P17_only,0
Q20486345,1,0,P17_only,1
Q17562741,1,1,P17+P131,1
Q12545549,1,0,P17_only,1
Q12548629,1,0,P17_only,1
Q27354808,1,0,P17_only,0
Q16650979,1,1,P17+P131,1
Q25388021,1,0,P17_only,1
Q27354816,1,0,P17_only,0
Q12575911,1,1,P17+P131,1
Q80068546,1,0,P17_only,0
Q32196799,1,0,P17_only,0
Q107610532,1,0,P17_only,0
Q135829824,1,0,P17_only,0
Q30897522,1,1,P17+P131,0
Q12536852,1,0,P17_only,1
Q12577776,1,1,P17+P131,1
Q18396506,1,1,P17+P131,1
Q106835813,1,0,P17_only,0
Q16685409,1,0,P17_only,1
Q12547087,1,1,P17+P131,1
Q27355112,1,0,P17_only,1
Q20098574,1,1,P17+P131,1
Q20484902,1,0,P17_only,1
Q13651716,1,1,P17+P131,1
Q12556927,1,0,P17_only,1
Q13651828,1,1,P17+P131,1
Q15617544,1,1,P17+P131,1
Q56367106,1,1,P17+P131,1
Q27357182,1,0,P17_only,0
Q12564339,1,0,P17_only,1
Q16663080,1,1,P17+P131,1
Q4059208,1,0,P17_only,1
Q108533836,1,0,P17_only,0
Q27352280,1,0,P17_only,1
Q65250593,1,0,P17_only,1
Q138783017,1,0,P17_only,1
Q4243767,1,0,P17_only,1
Q13643147,0,1,P131_only,1
Q64197966,1,0,P17_only,1
Q10858604,1,1,P17+P131,1
Q61368018,1,1,P17+P131,1
Q137409021,1,0,P17_only,0
Q137527267,1,0,P17_only,0
Q30508,1,1,P17+P131,1
Q12569658,1,1,P17+P131,1
Q4509481,1,1,P17+P131,1
Q12015297,1,1,P17+P131,1
Q16434242,1,1,P17+P131,1
Q16966214,1,1,P17+P131,0
Q123363826,1,0,P17_only,0
Q20098251,1,1,P17+P131,1
Q65259371,1,0,P17_only,0
Q4071058,1,0,P17_only,1
Q27431031,1,0,P17_only,0
Q112003981,1,0,P17_only,0
Q16650872,1,0,P17_only,1
Q28029074,1,0,P17_only,0
Q15845738,1,1,P17+P131,1
Q8013052,1,1,P17+P131,1
Q30972846,1,1,P17+P131,1
Q32175289,1,0,P17_only,0
Q16723612,1,1,P17+P131,1
Q27352797,1,0,P17_only,0
Q15807060,1,0,P17_only,0
Q136090733,1,0,P17_only,0
Q20484445,1,0,P17_only,1
Q13646629,1,1,P17+P131,1
Q135828506,1,0,P17_only,0
Q108785047,1,0,P17_only,0
Q20098203,1,1,P17+P131,1
Q20486214,1,0,P17_only,1
Q27357505,1,0,P17_only,0
Q30972179,1,1,P17+P131,1
Q18408902,1,1,P17+P131,1
Q12536514,1,0,P17_only,1
Q2996387,1,1,P17+P131,1
Q4348954,1,0,P17_only,1
Q30975024,1,1,P17+P131,1
Q27357654,1,0,P17_only,0
Q4165506,1,1,P17+P131,0
Q27357277,1,0,P17_only,0
Q125179584,1,0,P17_only,0
Q1100911,1,1,P17+P131,1
Q12551003,1,0,P17_only,1
Q135829095,1,0,P17_only,0
Q12543107,1,0,P17_only,1
Q12688092,1,0,P17_only,0
Q16677527,1,1,P17+P131,1
Q2177013,1,0,P17_only,0
Q13643381,1,1,P17+P131,1
Q27357107,1,0,P17_only,0
Q3274281,1,1,P17+P131,1
Q2218879,1,0,P17_only,0
Q27348484,1,0,P17_only,0
Q12573434,1,0,P17_only,1
Q27430528,1,0,P17_only,0
Q12561227,1,1,P17+P131,1
Q12530100,1,1,P17+P131,1
Q12570626,1,1,P17+P131,1
Q12576866,1,0,P17_only,1
Q16274633,1,1,P17+P131,1
Q12069867,1,1,P17+P131,1
Q30972335,1,1,P17+P131,1
Q20098261,1,1,P17+P131,1
Q61085378,1,0,P17_only,0
Q27353840,1,1,P17+P131,0
Q123363673,1,0,P17_only,0
Q22204715,1,1,P17+P131,1
Q13656057,1,1,P17+P131,1
Q16691590,1,1,P17+P131,1
Q16720496,1,1,P17+P131,1
Q4177996,1,0,P17_only,1
Q111402849,1,0,P17_only,0
Q13641858,1,1,P17+P131,1
Q85623867,1,0,P17_only,0
Q32192903,1,0,P17_only,0
Q12571220,1,1,P17+P131,1
Q12550814,1,1,P17+P131,1
Q27042498,1,0,P17_only,0
Q132313289,1,1,P17+P131,0
Q4273264,1,0,P17_only,0
Q4216631,1,0,P17_only,0
Q4400486,1,0,P17_only,0
Q2554556,1,1,P17+P131,1
Q16650901,1,1,P17+P131,1
Q15845723,1,1,P17+P131,1
Q27355060,1,0,P17_only,0
Q15617588,1,1,P17+P131,1
Q20484803,1,1,P17+P131,1
Q140937638,0,1,P131_only,0
Q20485713,1,1,P17+P131,1
Q20098560,1,1,P17+P131,1
Q16704394,1,1,P17+P131,1
Q4509462,1,1,P17+P131,1
Q16673299,1,1,P17+P131,1
Q31194285,1,0,P17_only,1
Q2559020,1,0,P17_only,1
Q55659298,1,0,P17_only,0
Q13662804,1,1,P17+P131,1
Q4452335,1,1,P17+P131,1
Q4340031,0,1,P131_only,1
Q12557072,1,1,P17+P131,1
Q32172005,1,0,P17_only,0
Q27357542,1,0,P17_only,0
Q27357120,1,0,P17_only,0
Q12573542,1,0,P17_only,1
Q12529614,1,0,P17_only,1
Q12569984,1,0,P17_only,1
Q12573674,1,0,P17_only,1
Q56366858,1,1,P17+P131,1
Q16701411,1,1,P17+P131,1
Q2474703,1,0,P17_only,1
Q30897557,1,1,P17+P131,0
Q138300235,1,0,P17_only,0
Q13640798,1,1,P17+P131,1
Q28669306,1,0,P17_only,0
Q128474736,1,0,P17_only,0
Q16661603,1,1,P17+P131,1
Q12534096,1,1,P17+P131,1
Q15617597,1,1,P17+P131,1
Q30892851,1,0,P17_only,0
Q12555943,1,1,P17+P131,1
Q13646564,1,1,P17+P131,1
Q20098181,1,1,P17+P131,1
Q16656150,1,1,P17+P131,1
Q27431005,1,1,P17+P131,0
Q4528867,1,1,P17+P131,1
Q12554143,1,1,P17+P131,1
Q32195440,1,0,P17_only,0
Q27354215,1,0,P17_only,1
Q32183942,1,0,P17_only,0
Q13661814,1,1,P17+P131,1
Q27430691,1,1,P17+P131,1
Q32213670,1,1,P17+P131,0
Q16661584,1,1,P17+P131,1
Q17562704,1,1,P17+P131,0
Q63980900,1,0,P17_only,1
Q16661859,1,0,P17_only,1
Q13423094,0,1,P131_only,1
Q12552706,1,1,P17+P131,1
Q4362539,1,1,P17+P131,0
Q55702321,1,0,P17_only,0
Q32200272,1,0,P17_only,0
Q4455559,1,1,P17+P131,1
Q116846700,1,0,P17_only,1
Q4277478,1,0,P17_only,0
Q12537187,1,0,P17_only,1
Q16432560,1,1,P17+P131,1
Q13365419,0,1,P131_only,1
Q108533917,1,0,P17_only,0
Q112128334,1,0,P17_only,0
Q32189865,1,0,P17_only,0
Q15410210,1,0,P17_only,0
Q27430737,1,0,P17_only,0
Q136090936,1,0,P17_only,0
Q131429197,1,0,P17_only,0
Q16431819,1,1,P17+P131,1
Q66717337,1,0,P17_only,0
Q27352091,1,0,P17_only,0
Q41216,1,1,P17+P131,1
Q86667426,1,0,P17_only,0
Q4057224,1,0,P17_only,1
Q122974912,1,1,P17+P131,0
Q129880771,1,0,P17_only,1
Q32189346,1,0,P17_only,0
Q13649433,1,1,P17+P131,1
Q32181321,1,0,P17_only,0
Q13640738,1,1,P17+P131,1
Q18398744,1,1,P17+P131,1
Q20466827,1,0,P17_only,0
Q25504592,1,0,P17_only,1
Q13646679,1,1,P17+P131,1
Q13414805,0,1,P131_only,1
Q1930015,1,0,P17_only,1
Q12529242,1,0,P17_only,1
Q12526530,1,0,P17_only,1
Q11903515,1,1,P17+P131,1
Q64372054,1,0,P17_only,0
Q13652546,0,1,P131_only,1
Q12550205,1,1,P17+P131,1
Q25387430,1,0,P17_only,1
Q18405657,1,1,P17+P131,0
Q3192141,1,1,P17+P131,1
Q12683336,1,0,P17_only,0
Q12575084,1,0,P17_only,1
Q13645669,1,1,P17+P131,1
Q20098403,1,1,P17+P131,1
Q19981850,0,1,P131_only,1
Q18396333,1,1,P17+P131,1
Q13648969,1,1,P17+P131,1
Q13645869,1,1,P17+P131,1
Q32184500,1,0,P17_only,0
Q2466428,1,1,P17+P131,1
Q137755676,1,1,P17+P131,0
Q16674310,1,1,P17+P131,0
Q32217696,1,0,P17_only,0
Q16694835,1,1,P17+P131,1
Q13642254,1,1,P17+P131,0
Q12539460,1,1,P17+P131,1
Q16668894,1,1,P17+P131,0
Q12547096,1,0,P17_only,1
Q55657879,1,0,P17_only,1
Q15845733,1,1,P17+P131,1
Q16695983,1,1,P17+P131,0
Q16433544,1,1,P17+P131,1
Q20098407,1,1,P17+P131,1
Q135829911,1,0,P17_only,0
Q123363700,1,0,P17_only,0
Q13643121,0,1,P131_only,1
Q32212808,1,1,P17+P131,1
Q27357739,1,0,P17_only,0
Q13652558,0,1,P131_only,1
Q16655776,1,1,P17+P131,1
Q12528457,1,1,P17+P131,1
Q4273759,1,0,P17_only,1
Q135829837,1,0,P17_only,0
Q86667473,1,1,P17+P131,0
Q16690812,1,0,P17_only,1
Q27357635,1,0,P17_only,0
Q12536426,1,0,P17_only,1
Q12532966,1,1,P17+P131,1
Q2750201,1,0,P17_only,0
Q16704863,1,1,P17+P131,1
Q27357652,1,0,P17_only,0
Q13661794,1,1,P17+P131,1
Q25530322,1,1,P17+P131,1
Q30975137,1,1,P17+P131,1
Q16669482,1,1,P17+P131,1
Q111077075,1,0,P17_only,1
Q20072880,0,1,P131_only,1
Q13655800,1,1,P17+P131,1
Q13647361,1,1,P17+P131,1
Q135828729,1,0,P17_only,0
Q16670739,1,1,P17+P131,1
Q27430802,1,0,P17_only,0
Q123363775,1,0,P17_only,0
Q16676619,1,1,P17+P131,0
Q16678937,1,1,P17+P131,1
Q27350650,1,0,P17_only,0
Q20484408,1,0,P17_only,1
Q4428122,1,1,P17+P131,1
Q22906097,1,0,P17_only,1
Q12565754,1,1,P17+P131,1
Q109699940,1,0,P17_only,0
Q135829737,1,0,P17_only,0
Q18398764,1,1,P17+P131,1
Q16648405,1,1,P17+P131,1
Q20074267,1,1,P17+P131,1
Q12554169,1,0,P17_only,1
Q12576194,1,1,P17+P131,1
Q140400722,1,1,P17+P131,0
Q12533012,1,1,P17+P131,1
Q16433115,1,0,P17_only,1
Q16434718,1,0,P17_only,1
Q123363736,1,0,P17_only,0
Q131359039,1,1,P17+P131,0
Q32196438,1,0,P17_only,0
Q12558409,1,0,P17_only,1
Q129880564,1,1,P17+P131,1
Q16662170,1,1,P17+P131,1
Q250141,1,0,P17_only,0
Q19953578,0,1,P131_only,0
Q12532569,1,1,P17+P131,1
Q12576071,1,0,P17_only,1
Q13646407,1,1,P17+P131,1
Q16272754,1,1,P17+P131,1
Q27430616,1,0,P17_only,0
Q27095744,1,0,P17_only,0
Q55833127,1,0,P17_only,0
Q20098142,1,1,P17+P131,1
Q21103606,1,1,P17+P131,0
Q20485778,1,0,P17_only,1
Q124217858,1,0,P17_only,0
Q16723754,1,1,P17+P131,1
Q1008853,1,1,P17+P131,1
Q32192527,1,0,P17_only,0
Q16977734,1,1,P17+P131,0
Q16273609,1,1,P17+P131,0
Q32172674,1,0,P17_only,1
Q18400117,1,1,P17+P131,1
Q30972370,1,1,P17+P131,1
Q12540108,0,1,P131_only,1
Q27351830,1,1,P17+P131,0
Q12567691,1,1,P17+P131,1
Q16699111,1,1,P17+P131,1
Q56366856,1,1,P17+P131,1
Q133884229,1,0,P17_only,0
Q1255495,1,0,P17_only,0
Q32201776,1,0,P17_only,0
Q4072317,1,1,P17+P131,1
Q16433593,1,1,P17+P131,1
Q32190304,1,1,P17+P131,0
Q131087461,1,0,P17_only,0
Q13648269,1,1,P17+P131,1
Q112654962,0,1,P131_only,0
Q20077512,1,1,P17+P131,1
Q1410139,1,0,P17_only,0
Q19908029,0,1,P131_only,0
Q18399904,1,1,P17+P131,1
Q12542998,1,0,P17_only,1
Q27351841,1,0,P17_only,1
Q4506751,1,1,P17+P131,1
Q13645689,1,1,P17+P131,1
Q110786732,1,0,P17_only,0
Q27352448,1,0,P17_only,0
Q16693220,1,1,P17+P131,1
Q16272356,0,1,P131_only,1
Q18401877,1,1,P17+P131,1
Q24089757,1,0,P17_only,0
Q32213710,1,0,P17_only,0
Q12532274,1,0,P17_only,1
Q12552190,1,1,P17+P131,1
Q16653877,1,1,P17+P131,1
Q118727581,1,1,P17+P131,0
Q16723928,1,1,P17+P131,1
Q798143,1,0,P17_only,1
Q13646551,1,1,P17+P131,1
Q3853497,1,0,P17_only,1
Q42416691,1,1,P17+P131,0
Q111281411,1,1,P17+P131,1
Q134479875,1,1,P17+P131,0
Q135828450,1,0,P17_only,0
Q4446251,1,0,P17_only,1
Q16690901,1,1,P17+P131,1
Q18397691,1,0,P17_only,1
Q27351917,1,0,P17_only,0
Q18406969,1,1,P17+P131,1
Q13646510,1,1,P17+P131,1
Q27353851,1,0,P17_only,0
Q16432476,1,1,P17+P131,1
Q32206067,1,0,P17_only,0
Q110114446,1,0,P17_only,1
Q32212585,1,0,P17_only,0
Q18346184,1,1,P17+P131,0
Q109452613,1,0,P17_only,0
Q1538607,1,0,P17_only,1
Q18402056,1,1,P17+P131,0
Q12543373,1,0,P17_only,1
Q32210148,0,1,P131_only,0
Q2606853,1,0,P17_only,1
Q97274816,1,0,P17_only,0
Q19992172,0,1,P131_only,0
Q12533448,1,1,P17+P131,1
Q12535981,1,0,P17_only,1
Q12566337,1,1,P17+P131,1
Q42914595,1,0,P17_only,1
Q20098198,1,1,P17+P131,1
Q20073879,1,1,P17+P131,1
Q12546703,1,0,P17_only,1
Q32178942,1,1,P17+P131,0
Q27348497,1,0,P17_only,0
Q27350611,1,1,P17+P131,0
Q13647948,1,1,P17+P131,1
Q27348231,1,0,P17_only,0
Q12557884,1,0,P17_only,1
Q20098613,1,1,P17+P131,1
Q12557815,1,1,P17+P131,1
Q18406578,1,1,P17+P131,1
Q12549334,1,0,P17_only,1
Q60464473,1,0,P17_only,0
Q27430929,1,0,P17_only,0
Q106123,1,0,P17_only,0
Q12548804,1,0,P17_only,1
Q116985927,1,0,P17_only,0
Q13359365,0,1,P131_only,1
Q4502972,1,0,P17_only,1
Q6352812,1,1,P17+P131,1
Q55657494,1,0,P17_only,0
Q64139712,1,0,P17_only,0
Q12534294,1,1,P17+P131,1
Q12573129,1,0,P17_only,1
Q16664435,1,1,P17+P131,1
Q27353872,1,0,P17_only,0
P10875,1,0,P17_only,0
Q20098655,1,1,P17+P131,1
Q15617555,1,1,P17+P131,1
Q12574257,1,1,P17+P131,1
Q27354882,1,0,P17_only,0
Q12553562,1,0,P17_only,1
Q913329,1,1,P17+P131,1
Q1502550,1,0,P17_only,0
Q27354716,1,0,P17_only,0
Q1474188,1,1,P17+P131,1
Q12542994,1,0,P17_only,1
Q13667230,1,1,P17+P131,1
Q108533802,1,0,P17_only,0
Q4208115,1,0,P17_only,0
Q16708998,1,1,P17+P131,0
Q60851005,1,0,P17_only,0
Q12528601,1,0,P17_only,1
Q16681302,1,1,P17+P131,0
Q19618744,0,1,P131_only,1
Q20486192,1,0,P17_only,1
Q864537,1,0,P17_only,0
Q16433966,1,0,P17_only,1
Q12557774,1,1,P17+P131,1
Q28671111,1,0,P17_only,0
Q20076767,1,1,P17+P131,1
Q16433605,1,0,P17_only,1
Q15918864,1,1,P17+P131,1
Q135829348,1,0,P17_only,0
Q4499157,1,1,P17+P131,1
Q12577491,1,0,P17_only,1
Q27042500,1,0,P17_only,0
Q95993264,1,1,P17+P131,1
Q32194911,1,0,P17_only,0
Q20098525,1,1,P17+P131,1
Q27354473,1,0,P17_only,0
Q12544789,1,0,P17_only,1
Q67893066,1,0,P17_only,0
Q12542260,1,0,P17_only,1
Q12569827,1,1,P17+P131,1
Q104384561,1,0,P17_only,0
Q12556983,1,0,P17_only,1
Q44255800,1,1,P17+P131,1
Q31194158,1,1,P17+P131,1
Q20485385,0,1,P131_only,1
Q13649006,1,1,P17+P131,1
Q123363691,1,0,P17_only,0
Q45728464,1,0,P17_only,0
Q86666289,1,0,P17_only,0
Q12574507,1,0,P17_only,1
Q3919910,1,0,P17_only,0
Q16647963,1,1,P17+P131,1
Q27348200,1,0,P17_only,0
Q13648967,1,1,P17+P131,1
Q13477899,0,1,P131_only,1
Q56368486,1,1,P17+P131,1
Q32206221,1,0,P17_only,0
Q17494767,1,1,P17+P131,1
Q12532342,1,0,P17_only,1
Q12532467,1,1,P17+P131,1
Q31510801,1,0,P17_only,0
Q13664037,1,1,P17+P131,1
Q13652673,0,1,P131_only,1
Q4069726,1,1,P17+P131,1
Q32214221,1,0,P17_only,0
Q12532659,1,0,P17_only,1
Q112003945,1,0,P17_only,0
Q13643061,0,1,P131_only,0
Q123363719,1,0,P17_only,0
Q32198997,1,1,P17+P131,0
Q32198468,1,0,P17_only,0
Q135829038,1,0,P17_only,0
Q32173117,1,0,P17_only,0
Q16273613,1,1,P17+P131,1
Q16681566,1,1,P17+P131,1
Q123363489,1,0,P17_only,0
Q13647962,1,1,P17+P131,1
Q4503781,1,1,P17+P131,0
Q22203327,1,1,P17+P131,1
Q12560421,1,1,P17+P131,1
Q16667504,1,1,P17+P131,1
Q698941,1,1,P17+P131,1
Q12536462,1,1,P17+P131,1
Q32172583,1,0,P17_only,0
Q32198047,1,0,P17_only,0
Q2737304,1,1,P17+P131,1
Q12550967,1,0,P17_only,1
Q112584879,0,1,P131_only,0
Q16537062,0,1,P131_only,1
Q12531701,1,1,P17+P131,1
Q32170514,0,1,P131_only,0
Q27355062,1,0,P17_only,0
Q13642256,1,1,P17+P131,1
Q32198255,1,0,P17_only,0
Q12533117,1,0,P17_only,1
Q112295819,1,1,P17+P131,0
Q12647295,1,0,P17_only,0
Q86674863,1,0,P17_only,1
Q113988484,1,0,P17_only,0
Q135829880,1,0,P17_only,0
Q16651078,1,1,P17+P131,1
Q16656899,1,1,P17+P131,1
Q56307892,1,1,P17+P131,0
Q123363651,1,0,P17_only,0
Q13643213,0,1,P131_only,1
Q61368263,1,1,P17+P131,1
Q20098371,1,1,P17+P131,1
Q60851546,1,0,P17_only,1
Q931971,1,0,P17_only,1
Q22204899,1,1,P17+P131,1
Q20486159,1,0,P17_only,1
Q12554046,1,1,P17+P131,1
Q1881641,1,1,P17+P131,1
Q13642248,1,1,P17+P131,1
Q16694837,1,1,P17+P131,1
Q4448319,1,1,P17+P131,1
Q27348197,1,1,P17+P131,0
Q32196344,1,0,P17_only,0
Q16688130,1,1,P17+P131,1
Q12545335,1,0,P17_only,1
Q21619117,1,1,P17+P131,0
Q12532264,1,0,P17_only,1
Q13643083,0,1,P131_only,1
Q16272553,1,1,P17+P131,1
Q20484607,1,0,P17_only,1
Q55659884,1,0,P17_only,0
Q16669448,1,1,P17+P131,0
Q32177336,1,0,P17_only,0
Q15845724,1,1,P17+P131,1
Q12531321,1,0,P17_only,1
Q16661521,1,1,P17+P131,1
Q18398729,1,1,P17+P131,1
Q27430662,1,1,P17+P131,1
Q27351896,1,0,P17_only,0
Q27354976,1,0,P17_only,0
Q22204541,1,1,P17+P131,1
Q32183384,1,0,P17_only,0
Q123363588,1,0,P17_only,0
Q16689435,1,1,P17+P131,1
Q77860311,1,0,P17_only,0
Q3312325,1,1,P17+P131,1
Q16431239,1,1,P17+P131,1
Q18408713,1,0,P17_only,0
Q96385039,1,1,P17+P131,0
Q135828839,1,0,P17_only,0
Q12532247,1,0,P17_only,1
Q16689107,1,1,P17+P131,0
Q137527318,1,0,P17_only,0
Q16648038,1,1,P17+P131,0
Q135829163,1,0,P17_only,0
Q16684128,1,1,P17+P131,1
Q27354298,1,1,P17+P131,0
Q65259067,1,0,P17_only,0
Q97214698,1,0,P17_only,1
Q13643370,1,1,P17+P131,1
Q23958865,1,0,P17_only,1
Q16273429,1,1,P17+P131,1
Q18407405,1,1,P17+P131,1
Q16431855,1,0,P17_only,1
Q63595285,1,0,P17_only,0
Q64806504,1,0,P17_only,0
Q16431228,1,1,P17+P131,1
Q56368749,1,1,P17+P131,1
Q13433656,0,1,P131_only,1
Q12533990,1,0,P17_only,1
Q32219034,1,1,P17+P131,0
Q61369171,1,1,P17+P131,1
Q135828748,1,0,P17_only,0
Q111908476,1,0,P17_only,0
Q27430781,1,0,P17_only,0
Q123363822,1,0,P17_only,0
Q12577874,1,0,P17_only,1
Q4040688,1,0,P17_only,1
Q2736638,1,1,P17+P131,1
Q64198818,1,0,P17_only,1
Q13476474,0,1,P131_only,1
Q13645663,1,1,P17+P131,1
Q13642310,0,1,P131_only,1
Q27357137,1,0,P17_only,0
Q12576625,1,0,P17_only,1
Q18406107,1,1,P17+P131,1
Q131342283,1,1,P17+P131,0
Q13664228,1,1,P17+P131,1
Q12569995,1,1,P17+P131,1
Q1375783,1,0,P17_only,0
Q16675131,1,1,P17+P131,1
Q21041029,1,0,P17_only,0
Q32183820,1,0,P17_only,0
Q20484844,1,0,P17_only,1
Q32182411,1,0,P17_only,0
Q97162597,1,0,P17_only,0
Q18400660,1,1,P17+P131,1
Q13640863,1,1,P17+P131,0
Q16683500,1,1,P17+P131,1
Q16685560,1,1,P17+P131,1
Q20485892,1,0,P17_only,1
Q12568918,1,1,P17+P131,1
Q20453341,1,0,P17_only,0
Q4133858,1,0,P17_only,0
Q16661639,1,1,P17+P131,1
Q16431892,1,1,P17+P131,1
Q16690635,1,1,P17+P131,1
Q32188402,1,0,P17_only,0
Q23136689,1,0,P17_only,0
Q4740842,1,0,P17_only,1
Q135829497,1,0,P17_only,0
Q108785072,1,0,P17_only,0
Q131396956,1,1,P17+P131,0
Q16699080,1,1,P17+P131,1
Q32216945,1,0,P17_only,0
Q20484409,1,1,P17+P131,1
Q21657928,1,0,P17_only,0
Q96398782,1,0,P17_only,0
Q137527458,1,0,P17_only,0
Q27352882,1,0,P17_only,0
Q63969858,1,0,P17_only,1
Q12561184,1,1,P17+P131,1
Q123363858,1,0,P17_only,0
Q27357217,1,0,P17_only,0
Q18415497,1,0,P17_only,0
Q65259603,1,0,P17_only,0
Q12549343,1,1,P17+P131,1
Q16431582,1,0,P17_only,1
Q137942175,1,0,P17_only,0
Q139974012,1,1,P17+P131,0
Q20484907,1,0,P17_only,1
Q12542354,1,0,P17_only,1
Q27798768,1,0,P17_only,0
Q27357869,1,0,P17_only,0
Q16431632,1,0,P17_only,1
Q30974402,1,1,P17+P131,1
Q126280905,1,0,P17_only,0
Q135828679,1,0,P17_only,0
Q112654980,0,1,P131_only,0
Q17749608,1,1,P17+P131,1
Q4474930,1,1,P17+P131,1
Q12537139,1,0,P17_only,1
Q30974459,1,1,P17+P131,1
Q135829097,1,0,P17_only,0
Q13668712,1,1,P17+P131,1
Q12551841,0,1,P131_only,1
Q16273747,1,0,P17_only,0
Q16431417,1,1,P17+P131,1
Q16432082,1,0,P17_only,1
Q22202513,1,1,P17+P131,1
Q12536908,1,0,P17_only,1
Q4056543,1,1,P17+P131,1
Q108783659,1,0,P17_only,0
Q56367241,1,1,P17+P131,1
Q4529287,1,0,P17_only,1
Q16685607,1,1,P17+P131,1
Q17067316,1,0,P17_only,0
Q32219253,1,0,P17_only,0
Q115866150,1,0,P17_only,0
Q139963791,1,0,P17_only,0
Q16685564,1,1,P17+P131,1
Q4504811,1,1,P17+P131,1
Q12574485,1,0,P17_only,1
Q20484449,1,1,P17+P131,1
Q135829535,1,0,P17_only,0
Q30974953,1,1,P17+P131,1
Q32218354,1,0,P17_only,0
Q12569893,1,0,P17_only,1
Q27348246,1,0,P17_only,1
Q16656857,1,1,P17+P131,1
Q5258021,1,0,P17_only,1
Q22203920,1,1,P17+P131,1
Q16434782,1,1,P17+P131,1
Q27355092,1,0,P17_only,0
Q112004045,1,0,P17_only,0
Q16431741,1,0,P17_only,1
Q13646235,1,1,P17+P131,1
Q13650525,1,1,P17+P131,1
Q32218449,1,0,P17_only,0
Q32171809,1,0,P17_only,0
Q12532675,1,1,P17+P131,1
Q13647394,1,1,P17+P131,1
Q32190891,1,0,P17_only,0
Q13643215,0,1,P131_only,0
Q20098431,1,1,P17+P131,1
Q32213761,1,0,P17_only,0
Q12574508,1,0,P17_only,1
Q16669513,1,1,P17+P131,1
Q97045187,1,0,P17_only,0
Q16651044,1,1,P17+P131,1
Q27358062,1,0,P17_only,0
Q2515508,1,0,P17_only,0
Q12579262,1,0,P17_only,1
Q68036773,1,0,P17_only,0
Q25505292,1,1,P17+P131,1
Q12544187,0,1,P131_only,1
Q20098597,1,1,P17+P131,1
Q136261108,1,0,P17_only,0
Q6475664,1,1,P17+P131,1
Q136468944,1,0,P17_only,0
Q32195065,1,0,P17_only,0
Q16432167,1,1,P17+P131,1
Q17562730,1,1,P17+P131,1
Q15617575,1,1,P17+P131,1
Q4054343,1,0,P17_only,1
Q4419123,1,1,P17+P131,1
Q13665061,1,1,P17+P131,1
Q16432746,1,1,P17+P131,1
Q16692409,1,1,P17+P131,1
Q32178305,1,1,P17+P131,0
Q30969858,1,1,P17+P131,1
Q7304484,0,1,P131_only,1
Q135829151,1,0,P17_only,0
Q12532365,1,0,P17_only,1
Q16434124,1,1,P17+P131,1
Q12527763,1,0,P17_only,1
Q135829712,1,0,P17_only,0
Q13643455,1,1,P17+P131,1
Q20485998,1,0,P17_only,1
Q21504166,1,1,P17+P131,0
Q7303719,1,1,P17+P131,1
Q13663122,1,1,P17+P131,1
Q13651799,1,1,P17+P131,1
Q112004014,1,0,P17_only,0
Q127745,1,1,P17+P131,1
Q13646571,1,1,P17+P131,1
Q135829975,1,0,P17_only,0
Q16685932,1,1,P17+P131,1
Q3731134,1,0,P17_only,1
Q20072644,0,1,P131_only,1
Q68036959,1,0,P17_only,0
Q56368488,1,1,P17+P131,1
Q13409212,0,1,P131_only,1
Q12577161,1,0,P17_only,1
Q115936571,1,0,P17_only,0
Q26733817,1,0,P17_only,0
Q12530091,1,1,P17+P131,1
Q13645914,1,1,P17+P131,1
Q135829735,1,0,P17_only,0
Q16708764,1,1,P17+P131,1
Q104330838,1,0,P17_only,0
Q13650448,1,1,P17+P131,1
Q16272798,1,1,P17+P131,1
Q115936200,1,0,P17_only,0
Q12554179,1,0,P17_only,1
Q27348415,1,1,P17+P131,1
Q61368964,1,1,P17+P131,1
Q190387,1,1,P17+P131,1
Q32177286,1,0,P17_only,0
Q20098485,1,1,P17+P131,1
Q13653594,1,1,P17+P131,1
Q13641636,1,1,P17+P131,1
Q12573796,1,0,P17_only,1
Q18409395,1,1,P17+P131,1
Q16432754,1,0,P17_only,1
Q16274316,1,1,P17+P131,1
Q16661634,1,1,P17+P131,1
Q20098996,1,1,P17+P131,1
Q20486274,1,0,P17_only,1
Q32213925,1,0,P17_only,0
Q16694808,1,1,P17+P131,1
Q2556261,1,1,P17+P131,1
Q13648430,1,1,P17+P131,1
Q795708,1,0,P17_only,0
Q13649120,1,1,P17+P131,1
Q61368714,1,1,P17+P131,1
Q16433288,1,0,P17_only,1
Q64176369,1,0,P17_only,1
Q13648472,1,1,P17+P131,1
Q64182025,1,0,P17_only,0
Q13667123,1,1,P17+P131,1
Q123225279,1,0,P17_only,0
Q13647439,1,1,P17+P131,1
Q20098535,1,1,P17+P131,1
Q3723396,1,0,P17_only,1
Q12573537,1,0,P17_only,1
Q12578394,1,1,P17+P131,1
Q13666984,1,1,P17+P131,0
Q21655345,1,0,P17_only,1
Q16670741,1,1,P17+P131,1
Q27357994,1,0,P17_only,0
Q25504819,1,0,P17_only,1
Q115055893,1,0,P17_only,0
Q13652370,0,1,P131_only,1
Q16651020,1,1,P17+P131,1
Q12536501,1,1,P17+P131,1
Q12535772,1,1,P17+P131,1
Q136090692,1,0,P17_only,0
Q12550412,1,1,P17+P131,1
Q12572653,1,0,P17_only,1
Q27430595,1,0,P17_only,0
Q12536152,0,1,P131_only,1
Q16701437,1,1,P17+P131,1
Q123363869,1,0,P17_only,0
Q16682814,1,1,P17+P131,1
Q12554769,1,0,P17_only,1
Q30969876,1,1,P17+P131,1
Q97291522,1,0,P17_only,1
Q111862455,1,1,P17+P131,0
Q4738004,1,1,P17+P131,1
Q19615442,0,1,P131_only,1
Q30974399,1,1,P17+P131,1
Q32184696,1,0,P17_only,0
Q27350860,1,0,P17_only,0
Q18400641,1,1,P17+P131,1
Q32187743,1,0,P17_only,0
Q13651656,1,1,P17+P131,1
Q27357079,1,0,P17_only,0
Q111296988,1,0,P17_only,0
Q16691611,1,1,P17+P131,1
Q16664639,1,1,P17+P131,1
Q4375507,1,0,P17_only,0
Q16433005,1,1,P17+P131,1
Q4471341,1,1,P17+P131,1
Q109497278,1,0,P17_only,0
Q12569415,1,1,P17+P131,1
Q16710371,1,1,P17+P131,1
Q137527280,1,0,P17_only,0
Q4505164,1,0,P17_only,0
Q14139753,1,1,P17+P131,1
Q8507040,1,0,P17_only,0
Q16434510,1,0,P17_only,1
Q136567960,1,0,P17_only,0
Q32215890,1,0,P17_only,0
Q16433802,1,0,P17_only,1
Q27824504,1,0,P17_only,1
Q61366858,1,1,P17+P131,1
Q12540908,0,1,P131_only,1
Q12576103,1,1,P17+P131,1
Q20485839,1,0,P17_only,1
Q16434204,1,1,P17+P131,1
Q32199944,1,0,P17_only,0
Q27357192,1,0,P17_only,0
Q32213607,1,0,P17_only,0
Q56367048,1,1,P17+P131,1
Q12547701,1,0,P17_only,1
Q30972522,1,1,P17+P131,1
Q135829036,1,0,P17_only,0
Q1019810,1,1,P17+P131,1
Q16661743,1,1,P17+P131,1
Q32203797,1,0,P17_only,0
Q16432295,1,0,P17_only,1
Q27357576,1,0,P17_only,0
Q27358030,1,0,P17_only,0
Q135828694,1,0,P17_only,0
Q13664886,1,1,P17+P131,1
Q22328402,1,0,P17_only,0
Q64143692,1,1,P17+P131,1
Q1256191,1,0,P17_only,0
Q32201372,1,0,P17_only,0
Q13647959,1,1,P17+P131,1
Q12550963,1,0,P17_only,1
Q134463107,1,0,P17_only,0
Q39058931,1,0,P17_only,0
Q4178054,1,0,P17_only,1
Q107523181,1,1,P17+P131,1
Q12570272,1,0,P17_only,1
Q27352108,1,0,P17_only,0
Q17494783,1,1,P17+P131,1
Q12543122,1,0,P17_only,1
Q12571288,1,0,P17_only,1
Q20098483,1,1,P17+P131,1
Q63992482,1,0,P17_only,1
Q13655721,1,1,P17+P131,1
Q97640833,1,0,P17_only,0
Q65253740,1,0,P17_only,0
Q6352799,1,1,P17+P131,1
Q16433285,1,1,P17+P131,1
Q32198588,1,0,P17_only,0
Q20098494,1,1,P17+P131,1
Q61366398,1,1,P17+P131,1
Q12543074,1,0,P17_only,1
Q32188125,1,0,P17_only,0
Q1046536,1,1,P17+P131,1
Q49542,1,0,P17_only,1
Q27350658,1,0,P17_only,0
Q16432155,1,1,P17+P131,1
Q2624925,1,1,P17+P131,1
Q13652856,0,1,P131_only,1
Q13640963,1,1,P17+P131,1
Q16432505,1,1,P17+P131,1
Q12544916,1,1,P17+P131,1
Q20486131,1,0,P17_only,1
Q15617540,1,1,P17+P131,1
Q111019601,1,1,P17+P131,0
Q30972929,1,1,P17+P131,1
Q16666663,1,1,P17+P131,1
Q111296984,1,0,P17_only,0
Q16272988,1,1,P17+P131,1
Q13663198,1,1,P17+P131,1
Q7660490,1,0,P17_only,0
Q30972521,1,1,P17+P131,1
Q10813410,1,0,P17_only,1
Q16710020,1,1,P17+P131,1
Q125422800,1,1,P17+P131,0
Q13359487,0,1,P131_only,1
Q112518823,1,0,P17_only,0
Q13664290,1,1,P17+P131,1
Q1954569,1,0,P17_only,1
Q16704865,1,1,P17+P131,0
Q25238438,1,0,P17_only,0
Q56367401,1,1,P17+P131,1
Q27430541,1,0,P17_only,0
Q56367308,1,1,P17+P131,1
Q16433867,1,1,P17+P131,1
Q20091888,1,1,P17+P131,1
Q2995409,1,1,P17+P131,1
Q108789734,1,1,P17+P131,0
Q2561201,1,0,P17_only,1
Q97496723,1,0,P17_only,0
Q12551216,0,1,P131_only,1
Q32187247,1,0,P17_only,1
Q12531871,1,0,P17_only,1
Q32216410,1,0,P17_only,0
Q19928453,0,1,P131_only,1
Q27354718,1,0,P17_only,0
Q56367240,1,1,P17+P131,1
Q1569210,1,0,P17_only,1
Q12573178,1,0,P17_only,1
Q9292,1,0,P17_only,1
Q32178604,1,0,P17_only,0
Q106325598,1,0,P17_only,0
Q107369606,1,0,P17_only,1
Q13638237,0,1,P131_only,1
Q12557619,1,1,P17+P131,1
Q18408982,1,1,P17+P131,1
Q15918890,1,1,P17+P131,1
Q18402034,1,1,P17+P131,1
Q13649578,1,1,P17+P131,1
Q17494838,1,1,P17+P131,1
Q32205620,1,0,P17_only,0
Q16432402,1,0,P17_only,1
Q128426693,1,0,P17_only,1
Q956423,1,0,P17_only,1
Q27358028,1,0,P17_only,0
Q123700064,1,0,P17_only,0
Q32171665,1,0,P17_only,0
Q64151319,1,0,P17_only,0
Q12555879,1,0,P17_only,1
Q136090922,1,0,P17_only,0
Q16431325,1,0,P17_only,1
Q32187225,1,1,P17+P131,0
Q115657177,1,0,P17_only,0
Q27352867,1,0,P17_only,0
Q684441,1,1,P17+P131,1
Q23958902,1,0,P17_only,1
Q135828862,1,0,P17_only,0
Q16647548,1,1,P17+P131,1
Q27355030,1,0,P17_only,0
Q65250659,1,0,P17_only,1
Q27352652,0,1,P131_only,0
Q17494756,1,1,P17+P131,1
Q110863555,1,0,P17_only,1
Q123363735,1,0,P17_only,0
Q13652404,0,1,P131_only,1
Q1128842,1,0,P17_only,0
Q32191399,1,0,P17_only,0
Q4521397,1,1,P17+P131,1
Q16694815,1,1,P17+P131,1
Q27355080,1,0,P17_only,0
Q12701550,1,0,P17_only,0
Q56367175,1,1,P17+P131,1
Q12682935,1,0,P17_only,0
Q135830080,1,0,P17_only,0
Q27358032,1,0,P17_only,0
Q27430774,1,0,P17_only,0
Q124371404,1,1,P17+P131,0
Q27358189,1,1,P17+P131,0
Q135829789,1,0,P17_only,0
Q13646015,1,1,P17+P131,1
Q140042346,1,0,P17_only,0
Q18401875,1,1,P17+P131,0
Q18404572,1,1,P17+P131,0
Q4265600,1,1,P17+P131,1
Q12563845,1,0,P17_only,1
Q32206151,1,1,P17+P131,0
Q56417632,1,1,P17+P131,0
Q12551060,0,1,P131_only,1
Q16664628,1,1,P17+P131,0
Q16433009,1,0,P17_only,1
Q401546,1,1,P17+P131,1
Q13646411,1,1,P17+P131,1
Q13642101,1,1,P17+P131,1
Q123363512,1,0,P17_only,0
Q101436234,1,1,P17+P131,0
Q86663421,1,0,P17_only,0
Q32211658,1,0,P17_only,0
Q30975154,1,1,P17+P131,1
Q32201652,1,0,P17_only,0
Q20485034,1,0,P17_only,1
Q12577436,1,0,P17_only,1
Q32219400,1,1,P17+P131,1
Q12551753,0,1,P131_only,1
Q12576584,1,0,P17_only,1
Q20098456,1,1,P17+P131,1
Q27355073,1,0,P17_only,0
Q18407540,1,1,P17+P131,0
Q17749621,1,1,P17+P131,1
Q112518825,1,0,P17_only,0
Q25485418,1,1,P17+P131,1
Q97167320,1,0,P17_only,1
Q1191692,1,0,P17_only,1
Q12569009,1,0,P17_only,1
Q13664391,1,1,P17+P131,1
Q27354806,1,0,P17_only,0
Q56273706,1,0,P17_only,0
Q1563804,1,0,P17_only,1
Q13642945,0,1,P131_only,1
Q7925052,1,0,P17_only,1
Q27351224,1,1,P17+P131,0
Q32199999,1,0,P17_only,0
Q13642243,1,1,P17+P131,1
Q4208070,1,0,P17_only,0
Q16272549,1,1,P17+P131,1
Q32191756,1,0,P17_only,0
Q32206576,1,1,P17+P131,0
Q12534833,1,1,P17+P131,1
Q4415522,1,1,P17+P131,0
Q32184235,1,1,P17+P131,0
Q123363515,1,0,P17_only,0
Q137527281,1,0,P17_only,0
Q27430954,1,0,P17_only,0
Q12532263,1,1,P17+P131,1
Q12543563,1,0,P17_only,1
Q20078491,1,1,P17+P131,1
Q588769,1,0,P17_only,1
Q20098616,1,1,P17+P131,1
Q32170671,0,1,P131_only,0
Q12552451,1,1,P17+P131,1
Q16433449,1,0,P17_only,1
Q13649062,1,1,P17+P131,1
Q12542557,1,1,P17+P131,1
Q12550674,1,0,P17_only,1
Q13653533,1,1,P17+P131,1
Q16655254,1,0,P17_only,0
Q17749576,1,1,P17+P131,1
Q19287763,1,0,P17_only,1
Q32172599,1,0,P17_only,0
Q12575551,1,1,P17+P131,1
Q27430856,1,0,P17_only,0
Q16431848,1,0,P17_only,1
Q2839065,1,0,P17_only,1
Q16678935,1,1,P17+P131,1
Q18401815,1,1,P17+P131,1
Q4408880,1,1,P17+P131,1
Q65270471,1,0,P17_only,0
Q12542144,1,1,P17+P131,1
Q15617609,1,1,P17+P131,1
Q18235277,1,1,P17+P131,1
Q32211932,1,0,P17_only,0
Q20098389,1,1,P17+P131,1
Q135828906,1,0,P17_only,0
Q12570542,1,1,P17+P131,1
Q16432286,1,0,P17_only,1
Q16273437,1,1,P17+P131,1
Q12535237,1,0,P17_only,1
Q12532487,1,0,P17_only,1
Q12575020,1,1,P17+P131,1
Q20485811,1,0,P17_only,1
Q25503070,1,0,P17_only,1
Q12550973,1,0,P17_only,1
Q27356946,1,0,P17_only,0
Q12550922,1,1,P17+P131,1
Q20098564,1,1,P17+P131,1
Q12548535,1,0,P17_only,1
Q1735516,1,0,P17_only,1
Q16721559,1,1,P17+P131,1
Q13645603,1,1,P17+P131,1
Q12573815,1,1,P17+P131,1
Q16651835,1,1,P17+P131,1
Q12534066,1,0,P17_only,1
Q16434162,1,1,P17+P131,1
Q27357983,1,0,P17_only,0
Q132485797,1,1,P17+P131,1
Q27351572,1,1,P17+P131,0
Q12565279,1,0,P17_only,1
Q27430554,1,0,P17_only,0
Q8134218,1,1,P17+P131,1
Q13648101,1,1,P17+P131,1
Q4213932,1,1,P17+P131,1
Q32205979,1,0,P17_only,0
Q140591428,1,1,P17+P131,0
Q30972367,1,1,P17+P131,1
Q12541305,0,1,P131_only,1
Q115092713,1,0,P17_only,0
Q134860236,1,1,P17+P131,1
Q13649060,1,1,P17+P131,1
Q13666931,1,1,P17+P131,1
Q12566299,1,1,P17+P131,1
Q16273233,1,1,P17+P131,1
Q118352564,1,0,P17_only,0
Q56310476,1,0,P17_only,0
Q12711431,1,0,P17_only,0
Q3089099,1,0,P17_only,1
Q27354354,1,0,P17_only,0
Q12702567,1,0,P17_only,0
Q30974994,1,1,P17+P131,0
Q16668754,1,1,P17+P131,1
Q13643502,1,1,P17+P131,1
Q4087039,1,0,P17_only,1
Q12532169,1,0,P17_only,1
Q137527451,1,0,P17_only,0
Q136090691,1,0,P17_only,0
Q24789256,1,1,P17+P131,0
Q27350717,1,1,P17+P131,0
Q135828908,1,0,P17_only,0
Q12527827,1,1,P17+P131,1
Q16694095,1,1,P17+P131,1
Q27358063,1,1,P17+P131,0
Q61369258,1,1,P17+P131,1
Q12543654,0,1,P131_only,1
Q13359450,0,1,P131_only,1
Q13646093,1,1,P17+P131,1
Q129880783,1,1,P17+P131,1
Q18406094,1,1,P17+P131,0
Q16684604,1,0,P17_only,0
Q32214573,1,0,P17_only,1
Q2643128,1,0,P17_only,1
Q27972277,1,0,P17_only,1
Q12572263,1,1,P17+P131,1
Q27354340,1,1,P17+P131,1
Q32185773,1,0,P17_only,0
Q27352761,0,1,P131_only,0
Q38006849,1,0,P17_only,0
Q16683208,1,1,P17+P131,0
Q12532523,1,0,P17_only,1
Q129880708,1,1,P17+P131,1
Q13649959,1,1,P17+P131,1
Q1238323,1,1,P17+P131,1
Q16719121,1,1,P17+P131,1
Q16697373,1,1,P17+P131,1
Q135829886,1,0,P17_only,0
Q13646924,1,1,P17+P131,1
Q16694663,1,1,P17+P131,1
Q12545050,1,1,P17+P131,1
Q12561168,1,1,P17+P131,1
Q4213671,1,0,P17_only,0
Q12557400,1,0,P17_only,1
Q12533955,1,0,P17_only,1
Q27356968,1,0,P17_only,0
Q12559027,1,1,P17+P131,1
Q27357503,1,0,P17_only,0
Q30972874,1,1,P17+P131,1
Q20484983,1,0,P17_only,1
Q20098147,1,1,P17+P131,1
Q12561158,1,1,P17+P131,1
Q41143792,1,0,P17_only,0
Q12526192,1,1,P17+P131,1
Q16673838,1,1,P17+P131,1
Q13648883,1,1,P17+P131,1
Q32214979,1,0,P17_only,0
Q27358037,1,0,P17_only,0
Q12555446,1,0,P17_only,1
Q16272185,0,1,P131_only,1
Q4506570,1,1,P17+P131,1
Q47485799,1,1,P17+P131,1
Q22204207,1,1,P17+P131,1
Q2073917,1,1,P17+P131,1
Q13640906,1,1,P17+P131,1
Q12354517,1,1,P17+P131,1
Q12684062,1,0,P17_only,0
Q27357605,1,0,P17_only,0
Q16687200,1,1,P17+P131,0
Q27358162,1,1,P17+P131,0
Q645076,1,1,P17+P131,1
Q4505902,1,1,P17+P131,1
Q27430609,1,0,P17_only,0
Q12565785,1,1,P17+P131,1
Q12578437,1,0,P17_only,1
Q64197408,1,0,P17_only,1
Q22204277,1,1,P17+P131,1
Q16626575,0,1,P131_only,1
Q32173615,0,1,P131_only,0
Q12546787,1,1,P17+P131,1
Q12570277,1,1,P17+P131,1
Q13663175,1,1,P17+P131,1
Q65259836,1,0,P17_only,0
Q32202627,1,0,P17_only,0
Q13648417,1,1,P17+P131,1
Q16661680,1,1,P17+P131,1
Q32193071,1,0,P17_only,0
Q56368752,1,1,P17+P131,1
Q12533250,1,0,P17_only,1
Q12542377,1,1,P17+P131,1
Q60852050,1,1,P17+P131,1
Q18408980,1,1,P17+P131,1
Q32179570,1,1,P17+P131,0
Q4515646,1,1,P17+P131,1
Q1627371,1,0,P17_only,0
Q20098543,1,1,P17+P131,1
Q16710339,1,1,P17+P131,1
Q63922095,1,1,P17+P131,0
Q30969552,1,1,P17+P131,1
Q1744120,1,0,P17_only,0
Q111297044,1,0,P17_only,0
Q27430854,1,0,P17_only,0
Q27352194,1,0,P17_only,0
Q116753110,1,0,P17_only,0
Q33458299,1,0,P17_only,0
Q47961,1,1,P17+P131,1
Q12548861,1,0,P17_only,1
Q16699123,1,1,P17+P131,1
Q27356850,1,0,P17_only,0
Q13662891,1,1,P17+P131,1
Q13643549,1,1,P17+P131,1
Q27357374,1,0,P17_only,0
Q125555972,1,0,P17_only,1
Q13643092,0,1,P131_only,1
Q32175203,1,0,P17_only,0
Q12543115,1,0,P17_only,1
Q114976704,1,0,P17_only,1
Q20486068,1,0,P17_only,1
Q27352877,1,0,P17_only,0
Q65608298,1,0,P17_only,0
Q68036169,1,0,P17_only,0
Q32174881,1,0,P17_only,0
Q12546168,1,0,P17_only,1
Q12691091,1,0,P17_only,0
Q4060136,1,1,P17+P131,1
Q13641953,1,1,P17+P131,1
Q16651156,1,1,P17+P131,1
Q12546152,1,0,P17_only,1
Q56367010,1,1,P17+P131,1
Q115616557,1,0,P17_only,0
Q13657568,1,1,P17+P131,1
Q27354707,1,0,P17_only,0
Q97165525,1,0,P17_only,0
Q16434342,1,1,P17+P131,1
Q16701011,1,1,P17+P131,1
Q32186440,1,0,P17_only,0
Q491102,1,1,P17+P131,1
Q15648248,1,1,P17+P131,1
Q110118483,1,0,P17_only,1
Q746625,1,1,P17+P131,0
Q13663988,1,1,P17+P131,1
Q124217987,1,0,P17_only,0
Q12530485,1,0,P17_only,1
Q12578318,1,1,P17+P131,1
Q27351921,1,0,P17_only,0
Q19617397,0,1,P131_only,1
Q13645924,1,1,P17+P131,1
Q16433919,1,0,P17_only,1
Q65259114,1,0,P17_only,0
Q27430796,1,0,P17_only,0
Q12539988,0,1,P131_only,1
Q16652528,1,1,P17+P131,1
Q17562701,1,1,P17+P131,1
Q1804795,1,0,P17_only,1
Q28668902,1,0,P17_only,0
Q16706525,1,1,P17+P131,1
Q111297062,1,0,P17_only,0
Q13359443,0,1,P131_only,1
Q112635512,0,1,P131_only,0
Q13423418,0,1,P131_only,1
Q66405111,1,0,P17_only,0
Q12689546,1,1,P17+P131,1
Q162164,1,0,P17_only,0
Q16702067,1,1,P17+P131,0
Q32178876,1,0,P17_only,0
Q12557392,1,0,P17_only,1
Q25042277,1,0,P17_only,0
Q13642277,1,1,P17+P131,1
Q27354989,1,0,P17_only,0
Q12027719,1,0,P17_only,1
Q12557440,1,1,P17+P131,1
Q10874268,1,0,P17_only,0
Q16714002,1,1,P17+P131,1
Q12574843,1,0,P17_only,1
Q16431592,1,0,P17_only,1
Q12545583,1,0,P17_only,1
Q137379143,1,0,P17_only,0
Q12548932,1,0,P17_only,1
Q16664319,1,1,P17+P131,1
Q332695,1,0,P17_only,1
Q18400972,1,1,P17+P131,1
Q27357328,1,0,P17_only,0
Q12535261,1,0,P17_only,1
Q13642300,1,1,P17+P131,1
Q27348178,1,0,P17_only,0
Q13645745,1,1,P17+P131,1
Q112003983,1,0,P17_only,0
Q131403956,0,1,P131_only,0
Q12072547,1,1,P17+P131,1
Q745859,1,1,P17+P131,1
Q121590463,1,0,P17_only,0
Q60289769,1,0,P17_only,0
Q2164320,1,0,P17_only,1
Q110319517,1,1,P17+P131,0
Q55658227,1,0,P17_only,0
Q12569588,1,1,P17+P131,1
Q27430552,1,0,P17_only,0
Q27351057,1,0,P17_only,0
Q12545333,1,1,P17+P131,1
Q22204042,1,1,P17+P131,1
Q16664736,1,1,P17+P131,1
Q32212158,1,0,P17_only,0
Q16431096,1,0,P17_only,1
Q135647346,1,1,P17+P131,1
Q12528965,1,1,P17+P131,1
Q30974006,1,1,P17+P131,1
Q13646878,1,1,P17+P131,1
Q4472195,1,1,P17+P131,1
Q112003949,1,0,P17_only,0
Q97170824,1,0,P17_only,1
Q7498534,0,1,P131_only,1
Q20076866,1,1,P17+P131,1
Q12542777,1,0,P17_only,1
Q12527826,1,1,P17+P131,1
Q6367905,1,1,P17+P131,1
Q32207405,0,1,P131_only,0
Q27358225,1,0,P17_only,0
Q20098487,1,1,P17+P131,1
Q30969421,1,1,P17+P131,1
Q27357148,1,0,P17_only,0
Q135829888,1,0,P17_only,0
Q109362475,1,0,P17_only,1
Q12532194,1,1,P17+P131,1
Q135828995,1,0,P17_only,0
Q12534943,1,0,P17_only,1
Q27430933,1,0,P17_only,0
Q16667666,1,1,P17+P131,1
Q13641934,1,1,P17+P131,1
Q27350734,1,0,P17_only,1
Q16432038,1,1,P17+P131,1
Q27430983,1,0,P17_only,0
Q12537124,1,0,P17_only,1
Q25504757,1,1,P17+P131,1
Q24909755,1,0,P17_only,0
Q12542551,1,0,P17_only,1
Q32207945,0,1,P131_only,0
Q12574324,1,0,P17_only,1
Q13663025,1,1,P17+P131,1
Q16661535,1,1,P17+P131,1
Q13648909,1,1,P17+P131,1
Q3089091,1,0,P17_only,1
Q135829219,1,0,P17_only,0
Q13646696,1,1,P17+P131,1
Q4294536,1,0,P17_only,1
Q4059053,1,1,P17+P131,1
Q20485869,1,0,P17_only,1
Q12574763,1,0,P17_only,1
Q61366811,1,1,P17+P131,1
Q13648734,1,1,P17+P131,1
Q18407082,1,1,P17+P131,1
Q2125839,1,0,P17_only,0
Q32214800,1,0,P17_only,0
Q32205650,1,0,P17_only,1
Q16431676,1,0,P17_only,1
Q16434604,1,1,P17+P131,1
Q65250379,1,0,P17_only,1
Q13647309,1,1,P17+P131,1
Q13642183,1,1,P17+P131,1
Q12578892,1,0,P17_only,1
Q12535409,1,1,P17+P131,1
Q2072127,1,1,P17+P131,1
Q13646160,0,1,P131_only,1
Q12550124,1,1,P17+P131,1
Q41691074,1,0,P17_only,0
Q12574776,1,0,P17_only,1
Q32175865,1,0,P17_only,0
Q134463187,1,0,P17_only,0
Q43304694,1,0,P17_only,0
Q16666739,1,1,P17+P131,1
Q13647380,1,1,P17+P131,1
Q27348134,1,1,P17+P131,0
Q16433277,1,0,P17_only,1
Q12549932,1,1,P17+P131,1
Q2952939,1,0,P17_only,1
Q13646232,1,1,P17+P131,1
Q55524375,1,0,P17_only,0
Q18407451,1,1,P17+P131,1
Q32178841,1,0,P17_only,0
Q1430836,1,1,P17+P131,1
Q15617538,1,1,P17+P131,1
Q13651700,1,1,P17+P131,1
Q12531800,1,0,P17_only,1
Q22202666,1,1,P17+P131,1
Q16433244,1,0,P17_only,1
Q25386229,1,0,P17_only,1
Q4214663,1,1,P17+P131,0
Q27430953,1,0,P17_only,0
Q16433610,1,1,P17+P131,1
Q16272034,0,1,P131_only,1
Q12550153,1,1,P17+P131,1
Q13647326,1,1,P17+P131,1
Q27358002,1,0,P17_only,0
Q27430640,1,0,P17_only,0
Q125346768,1,0,P17_only,0
Q134728987,1,0,P17_only,1
Q25514821,1,0,P17_only,1
Q93436765,0,1,P131_only,0
Q4450386,1,1,P17+P131,0
Q12574534,1,0,P17_only,1
Q30973178,1,1,P17+P131,0
Q13646166,0,1,P131_only,1
Q12689550,1,0,P17_only,0
Q20484076,1,0,P17_only,1
Q25577243,1,0,P17_only,0
Q13645676,1,1,P17+P131,1
Q123363590,1,0,P17_only,0
Q13641913,1,1,P17+P131,1
Q6367632,1,0,P17_only,1
Q123363799,1,0,P17_only,0
Q120868822,1,0,P17_only,0
Q16431840,1,1,P17+P131,1
Q20098491,1,1,P17+P131,1
Q15617567,1,1,P17+P131,1
Q30972189,1,1,P17+P131,1
Q21661766,1,1,P17+P131,0
Q12530237,1,1,P17+P131,1
Q112004012,1,0,P17_only,0
Q4476438,1,0,P17_only,1
Q113613585,0,1,P131_only,0
Q13642196,1,1,P17+P131,1
Q61366346,1,1,P17+P131,1
Q27430709,1,0,P17_only,0
Q12574454,1,0,P17_only,1
Q16433220,1,1,P17+P131,1
Q6358401,1,1,P17+P131,1
Q81216525,1,0,P17_only,1
Q16431924,1,0,P17_only,1
Q32185471,1,1,P17+P131,0
Q12532170,1,0,P17_only,1
Q12577681,1,0,P17_only,1
Q16720744,1,1,P17+P131,1
Q15617736,1,1,P17+P131,1
Q16701360,1,1,P17+P131,1
Q13655958,1,1,P17+P131,1
Q139738167,1,1,P17+P131,1
Q12535257,1,1,P17+P131,1
Q108533850,1,0,P17_only,0
Q55168318,1,0,P17_only,1
Q22200742,1,1,P17+P131,1
Q32198572,1,0,P17_only,0
Q13646919,1,1,P17+P131,1
Q16432396,1,1,P17+P131,1
Q32175117,1,0,P17_only,0
Q20680078,1,0,P17_only,0
Q16715917,1,1,P17+P131,1
Q27358218,1,0,P17_only,0
Q136939,1,0,P17_only,0
Q6362954,1,1,P17+P131,1
Q16705788,1,1,P17+P131,1
Q27352041,1,0,P17_only,0
Q12564335,1,1,P17+P131,1
Q13648028,1,1,P17+P131,1
Q32184443,1,0,P17_only,1
Q32203604,1,0,P17_only,0
Q115864717,1,0,P17_only,0
Q12567151,1,0,P17_only,1
Q12560494,1,1,P17+P131,1
Q13643055,0,1,P131_only,1
Q18407425,1,1,P17+P131,1
Q18407587,1,1,P17+P131,1
Q138300145,1,0,P17_only,0
Q16273982,1,1,P17+P131,1
Q112003992,1,0,P17_only,0
Q1046094,1,1,P17+P131,1
Q12574674,1,1,P17+P131,1
Q16692031,1,1,P17+P131,1
Q2632749,1,1,P17+P131,1
Q135828726,1,0,P17_only,0
Q21847092,1,0,P17_only,0
Q12539409,1,0,P17_only,1
Q20077494,1,1,P17+P131,1
Q32185121,1,0,P17_only,0
Q16710068,1,0,P17_only,1
Q16430999,1,0,P17_only,1
Q18396454,1,1,P17+P131,1
Q16432594,1,1,P17+P131,1
Q130278908,1,1,P17+P131,0
Q12536392,1,0,P17_only,1
Q12543102,1,0,P17_only,1
Q13643322,1,1,P17+P131,1
Q15872957,1,0,P17_only,1
Q64199772,1,0,P17_only,1
Q12563414,1,1,P17+P131,1
Q32183070,1,1,P17+P131,0
Q12533039,1,0,P17_only,1
Q16691674,1,1,P17+P131,1
Q20098231,1,1,P17+P131,1
Q65253040,1,1,P17+P131,1
Q43304710,1,0,P17_only,0
Q136090961,1,0,P17_only,0
Q16661582,1,0,P17_only,1
Q56367430,1,1,P17+P131,1
Q14628851,1,0,P17_only,1
Q13646688,1,1,P17+P131,1
Q13643538,1,1,P17+P131,1
Q13651833,1,1,P17+P131,1
Q27430728,1,0,P17_only,0
Q4135334,1,0,P17_only,1
Q135828815,1,0,P17_only,0
Q76983581,1,0,P17_only,0
Q16629786,0,1,P131_only,1
Q18405735,1,1,P17+P131,1
Q32213535,1,0,P17_only,0
Q123363463,1,0,P17_only,0
Q16705370,1,1,P17+P131,1
Q4177201,1,1,P17+P131,1
Q1800196,1,0,P17_only,1
Q16704591,1,1,P17+P131,1
Q12534007,1,0,P17_only,1
Q20076749,1,1,P17+P131,1
Q16704146,1,1,P17+P131,0
Q67893053,1,0,P17_only,0
Q65316590,1,0,P17_only,0
Q27354945,1,0,P17_only,0
Q2334330,1,0,P17_only,0
Q20486223,1,0,P17_only,1
Q10844158,1,1,P17+P131,1
Q4456235,1,0,P17_only,0
Q25447953,1,1,P17+P131,1
Q135829601,1,0,P17_only,0
Q4700025,1,0,P17_only,1
Q32191479,1,0,P17_only,0
Q16681482,1,1,P17+P131,0
Q13656029,1,1,P17+P131,1
Q20098396,1,1,P17+P131,1
Q12573323,1,1,P17+P131,1
Q32200382,1,0,P17_only,0
Q32215022,1,0,P17_only,0
Q12542347,1,1,P17+P131,1
Q16651959,1,1,P17+P131,1
Q112113719,1,0,P17_only,0
Q129880663,1,1,P17+P131,1
Q25504645,1,0,P17_only,1
Q27354997,1,0,P17_only,0
Q32216060,1,0,P17_only,0
Q18406938,1,1,P17+P131,0
Q12577427,1,0,P17_only,1
Q16273630,1,1,P17+P131,1
Q13643194,0,1,P131_only,1
Q4740714,1,0,P17_only,1
Q13651884,1,1,P17+P131,1
Q16690885,1,1,P17+P131,1
Q12549288,1,1,P17+P131,1
Q32210357,0,1,P131_only,0
Q64061561,1,0,P17_only,1
Q65164293,1,0,P17_only,0
Q32205422,1,0,P17_only,0
Q13653384,1,1,P17+P131,1
Q4510433,1,1,P17+P131,0
Q13664513,1,1,P17+P131,1
Q16668790,1,1,P17+P131,1
Q30897550,1,1,P17+P131,0
Q32211542,1,0,P17_only,0
Q16432235,1,0,P17_only,1
Q111297007,1,0,P17_only,0
Q104310152,1,0,P17_only,0
Q16688497,1,1,P17+P131,1
Q27352636,0,1,P131_only,0
Q104902611,1,0,P17_only,0
Q21660774,1,1,P17+P131,0
Q16272682,1,1,P17+P131,1
Q12532550,1,0,P17_only,1
Q125122560,1,1,P17+P131,0
Q97640766,1,0,P17_only,0
Q16700618,1,1,P17+P131,1
Q79861160,1,0,P17_only,0
Q16432280,1,0,P17_only,1
Q20484040,1,0,P17_only,1
Q43304678,1,0,P17_only,0
Q13645917,1,1,P17+P131,1
Q135828655,1,0,P17_only,0
Q12686902,1,0,P17_only,0
Q1703483,1,1,P17+P131,1
Q12570686,1,1,P17+P131,1
Q4219386,1,1,P17+P131,1
Q16434506,1,0,P17_only,1
Q32217615,1,0,P17_only,0
Q27358097,1,1,P17+P131,0
Q13643752,1,1,P17+P131,1
