qid,has_kkwiki,p21,p21_group
Q1009230,1,Q6581097,Q6581097
Q1036808,1,Q6581097,Q6581097
Q1045853,1,Q6581097,Q6581097
Q1045973,1,Q6581097,Q6581097
Q1045997,1,Q6581097,Q6581097
Q1046003,1,Q6581097,Q6581097
Q1046009,1,Q6581097,Q6581097
Q1046021,1,Q6581097,Q6581097
Q1046192,1,Q6581097,Q6581097
Q1046276,1,Q6581097,Q6581097
Q1046297,1,Q6581097,Q6581097
Q1046306,1,Q6581097,Q6581097
Q1046313,1,Q6581072,Q6581072
Q1047017,1,Q6581097,Q6581097
Q1047319,1,Q6581097,Q6581097
Q1047836,0,Q6581097,Q6581097
Q1048743,1,Q6581097,Q6581097
Q1058378,1,Q6581097,Q6581097
Q1072565,1,Q6581097,Q6581097
Q1074511,1,Q6581097,Q6581097
Q1076093,1,Q6581072,Q6581072
Q1087691,1,Q6581097,Q6581097
Q1087714,1,Q6581097,Q6581097
Q1088352,1,Q6581072,Q6581072
Q1100579,1,Q6581097,Q6581097
Q1106371,1,Q6581097,Q6581097
Q1109100,0,Q6581097,Q6581097
Q1114554,0,Q6581072,Q6581072
Q1119664,0,Q6581097,Q6581097
Q1150775,1,Q6581097,Q6581097
Q1152935,1,Q6581097,Q6581097
Q1163980,0,Q6581097,Q6581097
Q1166400,1,Q6581097,Q6581097
Q1173026,1,Q6581097,Q6581097
Q1187035,0,Q6581097,Q6581097
Q1187554,0,Q6581097,Q6581097
Q1187703,0,Q6581097,Q6581097
Q1187706,0,Q6581097,Q6581097
Q1195698,0,Q6581097,Q6581097
Q1226580,1,Q6581097,Q6581097
Q1228296,0,Q6581072,Q6581072
Q1229829,1,Q6581097,Q6581097
Q1232383,0,Q6581097,Q6581097
Q1232460,1,Q6581097,Q6581097
Q1232640,0,Q6581097,Q6581097
Q1232649,0,Q6581097,Q6581097
Q1232689,1,Q6581097,Q6581097
Q1234192,0,Q6581097,Q6581097
Q1235398,1,Q6581097,Q6581097
Q1251008,1,Q6581097,Q6581097
Q1255869,0,Q6581097,Q6581097
Q1256541,1,Q6581097,Q6581097
Q1266811,1,Q6581097,Q6581097
Q1267689,0,Q6581097,Q6581097
Q1279733,0,Q6581097,Q6581097
Q1284671,0,Q6581097,Q6581097
Q1302590,0,Q6581072,Q6581072
Q1308418,0,Q6581097,Q6581097
Q1319967,0,Q6581097,Q6581097
Q1327898,0,Q6581072,Q6581072
Q1333027,0,Q6581072,Q6581072
Q1349090,0,Q6581097,Q6581097
Q1355800,0,Q6581097,Q6581097
Q1355980,1,Q6581097,Q6581097
Q1363076,0,Q6581097,Q6581097
Q1364482,0,Q6581097,Q6581097
Q1365223,0,Q6581097,Q6581097
Q1365549,1,Q6581097,Q6581097
Q1371557,0,Q6581097,Q6581097
Q1377512,1,Q6581097,Q6581097
Q1377525,1,Q6581097,Q6581097
Q1377572,1,Q6581097,Q6581097
Q1377697,1,Q6581097,Q6581097
Q1377739,1,Q6581097,Q6581097
Q1377798,1,Q6581097,Q6581097
Q1378405,1,Q6581097,Q6581097
Q1379417,0,Q6581097,Q6581097
Q1383931,1,Q6581097,Q6581097
Q1384003,1,Q6581097,Q6581097
Q1385647,0,Q6581097,Q6581097
Q1386374,0,Q6581097,Q6581097
Q1386531,0,Q6581097,Q6581097
Q1389063,0,Q6581097,Q6581097
Q1389422,0,Q6581097,Q6581097
Q1389615,1,Q6581072,Q6581072
Q1390128,1,Q6581097,Q6581097
Q1392566,0,Q6581097,Q6581097
Q1393082,0,Q6581097,Q6581097
Q1393406,0,Q6581097,Q6581097
Q1393528,0,Q6581097,Q6581097
Q1397351,0,Q6581072,Q6581072
Q1398049,0,Q6581097,Q6581097
Q1398123,1,Q6581097,Q6581097
Q1400186,1,Q6581097,Q6581097
Q1400689,0,Q6581097,Q6581097
Q1429004,1,Q6581072,Q6581072
Q1432108,1,Q6581097,Q6581097
Q1436649,0,Q6581072,Q6581072
Q1437015,1,Q6581097,Q6581097
Q1437193,0,Q6581097,Q6581097
Q77450,1,Q6581097,Q6581097
Q94394,1,Q6581097,Q6581097
Q112047,0,Q6581072,Q6581072
Q115204,1,Q6581097,Q6581097
Q115212,1,Q6581097,Q6581097
Q115303,1,Q6581097,Q6581097
Q127350,1,Q6581097,Q6581097
Q128239,1,Q6581097,Q6581097
Q128357,0,Q6581097,Q6581097
Q132083,1,Q6581097,Q6581097
Q164370,0,Q6581097,Q6581097
Q166846,1,Q6581097,Q6581097
Q179190,0,Q6581097,Q6581097
Q181366,1,Q6581097,Q6581097
Q185782,0,Q6581097,Q6581097
Q200881,1,Q6581097,Q6581097
Q208876,0,Q6581072,Q6581072
Q209639,1,Q6581097,Q6581097
Q222747,0,Q6581097,Q6581097
Q224790,1,Q6581097,Q6581097
Q229073,1,Q6581072,Q6581072
Q230881,0,Q6581072,Q6581072
Q232613,0,Q6581072,Q6581072
Q232764,1,Q6581072,Q6581072
Q233231,0,Q6581072,Q6581072
Q234831,1,Q6581072,Q6581072
Q240307,0,Q6581097,Q6581097
Q252769,1,Q6581097,Q6581097
Q252860,1,Q6581097,Q6581097
Q254132,1,Q6581072,Q6581072
Q254220,1,Q6581072,Q6581072
Q254313,1,Q6581072,Q6581072
Q254415,1,Q6581097,Q6581097
Q256141,1,Q6581097,Q6581097
Q260599,0,Q6581097,Q6581097
Q264664,0,Q6581097,Q6581097
Q272543,0,Q6581072,Q6581072
Q272817,0,Q6581072,Q6581072
Q275299,0,Q6581097,Q6581097
Q275833,1,Q6581097,Q6581097
Q277506,1,Q6581097,Q6581097
Q285823,1,Q6581097,Q6581097
Q286961,1,Q6581097,Q6581097
Q291857,1,Q6581072,Q6581072
Q292930,1,Q6581072,Q6581072
Q295991,1,Q6581097,Q6581097
Q324950,1,Q6581097,Q6581097
Q325063,1,Q6581097,Q6581097
Q327205,1,Q6581097,Q6581097
Q338811,1,Q6581097,Q6581097
Q340559,1,Q6581097,Q6581097
Q340561,1,Q6581097,Q6581097
Q344854,1,Q6581097,Q6581097
Q357131,1,Q6581097,Q6581097
Q357241,1,Q6581097,Q6581097
Q358552,1,Q6581097,Q6581097
Q361798,0,Q6581097,Q6581097
Q366412,1,Q6581097,Q6581097
Q367146,1,Q6581097,Q6581097
Q370989,0,Q6581097,Q6581097
Q374837,1,Q6581097,Q6581097
Q375085,1,Q6581097,Q6581097
Q375521,0,Q6581097,Q6581097
Q376532,1,Q6581072,Q6581072
Q377012,0,Q6581097,Q6581097
Q380247,1,Q6581097,Q6581097
Q380254,1,Q6581097,Q6581097
Q382518,1,Q6581097,Q6581097
Q382710,0,Q6581097,Q6581097
Q390913,1,Q6581097,Q6581097
Q417490,1,Q6581097,Q6581097
Q429155,0,Q6581097,Q6581097
Q430283,0,Q6581097,Q6581097
Q432015,1,Q6581097,Q6581097
Q433416,0,Q6581097,Q6581097
Q435078,1,Q6581097,Q6581097
Q435303,1,Q6581097,Q6581097
Q435617,1,Q6581097,Q6581097
Q435635,1,Q6581097,Q6581097
Q437076,0,Q6581097,Q6581097
Q440700,1,Q6581072,Q6581072
Q441386,1,Q6581072,Q6581072
Q442229,1,Q6581097,Q6581097
Q444924,0,Q6581072,Q6581072
Q445324,0,Q6581097,Q6581097
Q448407,1,Q6581097,Q6581097
Q448460,0,Q6581097,Q6581097
Q448689,0,Q6581097,Q6581097
Q449259,0,Q6581097,Q6581097
Q452328,0,Q6581097,Q6581097
Q452956,1,Q6581072,Q6581072
Q453535,0,Q6581097,Q6581097
Q454472,0,Q6581072,Q6581072
Q455454,1,Q6581097,Q6581097
Q458069,0,Q6581097,Q6581097
Q459166,1,Q6581097,Q6581097
Q459936,1,Q6581072,Q6581072
Q460465,0,Q6581072,Q6581072
Q461014,1,Q6581097,Q6581097
Q461051,1,Q6581097,Q6581097
Q461089,1,Q6581097,Q6581097
Q461565,1,Q6581072,Q6581072
Q461756,0,Q6581072,Q6581072
Q462018,0,Q6581097,Q6581097
Q462119,1,Q6581097,Q6581097
Q464132,0,Q6581097,Q6581097
Q464206,1,Q6581097,Q6581097
Q464735,1,Q6581072,Q6581072
Q464740,1,Q6581072,Q6581072
Q464765,1,Q6581072,Q6581072
Q464784,1,Q6581072,Q6581072
Q464840,1,Q6581072,Q6581072
Q464847,1,Q6581072,Q6581072
Q465885,0,Q6581097,Q6581097
Q465990,1,Q6581097,Q6581097
Q466542,1,Q6581072,Q6581072
Q466560,1,Q6581072,Q6581072
Q466910,0,Q6581097,Q6581097
Q467543,0,Q6581097,Q6581097
Q468258,1,Q6581097,Q6581097
Q471438,1,Q6581097,Q6581097
Q472014,0,Q6581097,Q6581097
Q472152,0,Q6581097,Q6581097
Q475565,0,Q6581097,Q6581097
Q477337,0,Q6581097,Q6581097
Q487649,0,Q6581097,Q6581097
Q487780,0,Q6581097,Q6581097
Q487950,1,Q6581097,Q6581097
Q488279,0,Q6581097,Q6581097
Q496663,0,Q6581097,Q6581097
Q501925,0,Q6581097,Q6581097
Q501997,1,Q6581097,Q6581097
Q502019,0,Q6581097,Q6581097
Q502152,0,Q6581097,Q6581097
Q502202,1,Q6581097,Q6581097
Q502203,1,Q6581097,Q6581097
Q502256,0,Q6581097,Q6581097
Q502275,0,Q6581097,Q6581097
Q502383,1,Q6581097,Q6581097
Q502477,0,Q6581097,Q6581097
Q502648,0,Q6581097,Q6581097
Q502659,0,Q6581097,Q6581097
Q502759,0,Q6581097,Q6581097
Q502915,0,Q6581097,Q6581097
Q503024,0,Q6581097,Q6581097
Q510037,1,Q6581097,Q6581097
Q510510,0,Q6581097,Q6581097
Q514731,0,Q6581072,Q6581072
Q515803,0,Q6581072,Q6581072
Q516178,1,,MISSING
Q525722,0,,MISSING
Q527063,1,,MISSING
Q527078,1,,MISSING
Q527123,1,,MISSING
Q528484,1,,MISSING
Q529518,1,,MISSING
Q530752,1,,MISSING
Q534137,1,,MISSING
Q535976,1,,MISSING
Q539483,1,,MISSING
Q539539,1,,MISSING
Q542596,0,,MISSING
Q544836,1,,MISSING
Q546327,1,,MISSING
Q553574,0,,MISSING
Q553642,1,,MISSING
Q555377,0,,MISSING
Q558567,1,,MISSING
Q560296,1,,MISSING
Q560301,1,,MISSING
Q560349,1,,MISSING
Q560360,1,,MISSING
Q560365,1,,MISSING
Q560378,1,,MISSING
Q560383,1,,MISSING
Q568089,0,,MISSING
Q573172,1,,MISSING
Q574151,0,,MISSING
Q574948,1,,MISSING
Q584510,0,,MISSING
Q589598,1,,MISSING
Q592266,0,,MISSING
Q595186,0,,MISSING
Q595939,1,,MISSING
Q602087,1,,MISSING
Q602658,0,,MISSING
Q609798,0,,MISSING
Q611014,0,,MISSING
Q612317,1,,MISSING
Q616292,0,,MISSING
Q622768,1,,MISSING
Q639162,0,,MISSING
Q653133,0,,MISSING
Q654394,1,,MISSING
Q664728,1,,MISSING
Q667823,1,,MISSING
Q672829,0,,MISSING
Q674151,0,,MISSING
Q676967,1,,MISSING
Q676981,1,,MISSING
Q683838,0,,MISSING
Q701515,1,,MISSING
Q705098,0,,MISSING
Q706620,0,,MISSING
Q707102,0,,MISSING
Q713470,0,,MISSING
Q716035,0,,MISSING
Q717645,1,,MISSING
Q721179,1,,MISSING
Q722079,1,,MISSING
Q723866,1,,MISSING
Q729610,1,,MISSING
Q729641,1,,MISSING
Q729658,1,,MISSING
Q731118,1,,MISSING
Q732542,1,,MISSING
Q732574,0,,MISSING
Q739222,1,,MISSING
Q755572,1,,MISSING
Q756148,1,,MISSING
Q769828,0,,MISSING
Q774964,1,,MISSING
Q779506,0,,MISSING
Q789083,1,,MISSING
Q798254,1,,MISSING
Q798262,0,,MISSING
Q811973,1,,MISSING
Q814637,1,,MISSING
Q822792,1,,MISSING
Q832251,0,,MISSING
Q836162,0,,MISSING
Q857546,1,,MISSING
Q865862,0,,MISSING
Q866100,0,,MISSING
Q867868,0,,MISSING
Q890847,0,,MISSING
Q891263,0,,MISSING
Q891849,1,,MISSING
Q893800,1,,MISSING
Q898119,0,,MISSING
Q899510,1,,MISSING
Q909951,0,,MISSING
Q910751,1,,MISSING
Q911281,1,,MISSING
Q919053,0,,MISSING
Q919896,0,,MISSING
Q921538,1,,MISSING
Q922509,1,,MISSING
Q923792,1,,MISSING
Q924356,0,,MISSING
Q931505,1,,MISSING
Q931958,1,,MISSING
Q932038,1,,MISSING
Q936432,0,,MISSING
Q938109,0,,MISSING
Q938191,0,,MISSING
Q939474,0,,MISSING
Q941970,0,,MISSING
Q950162,0,,MISSING
Q950172,0,,MISSING
Q951230,0,,MISSING
Q952638,0,,MISSING
Q954823,1,,MISSING
Q957162,0,,MISSING
Q962787,1,,MISSING
Q963013,0,,MISSING
Q963924,1,,MISSING
Q964688,0,,MISSING
Q964712,0,,MISSING
Q964931,1,,MISSING
Q967297,0,,MISSING
Q968213,0,,MISSING
Q970546,1,,MISSING
Q971494,1,,MISSING
Q976179,0,,MISSING
Q976616,1,,MISSING
Q976657,1,,MISSING
Q978489,1,,MISSING
Q981058,1,,MISSING
Q981074,1,,MISSING
Q981103,1,,MISSING
Q981118,1,,MISSING
Q981142,1,,MISSING
Q981145,1,,MISSING
Q981187,1,,MISSING
Q982296,1,,MISSING
Q983522,1,,MISSING
Q984224,0,,MISSING
Q984307,1,,MISSING
Q984618,1,,MISSING
Q1448548,0,,MISSING
Q1458568,0,,MISSING
Q1459251,1,,MISSING
Q1472457,1,,MISSING
Q1486331,0,,MISSING
Q1491329,1,,MISSING
Q1492107,0,,MISSING
Q1492104,0,,MISSING
Q1492846,0,,MISSING
Q1520580,1,,MISSING
Q1521334,1,,MISSING
Q1534884,1,,MISSING
Q1541504,0,,MISSING
Q1569469,0,,MISSING
Q1587282,0,,MISSING
Q1606287,0,,MISSING
Q1641885,0,,MISSING
Q1648716,0,,MISSING
Q1657680,0,,MISSING
Q1657810,1,,MISSING
Q1658615,0,,MISSING
Q1658645,0,,MISSING
Q1672181,1,,MISSING
Q1672648,0,,MISSING
Q1672678,0,,MISSING
Q1674158,0,,MISSING
Q1675595,0,,MISSING
Q1675926,0,,MISSING
Q1676011,0,,MISSING
Q1686645,0,,MISSING
Q1687659,1,,MISSING
Q1688631,0,,MISSING
Q1688653,0,,MISSING
Q1688680,0,,MISSING
Q1706393,0,,MISSING
Q1706483,0,,MISSING
Q1713903,0,,MISSING
Q1717736,0,,MISSING
Q1719451,1,,MISSING
Q1721851,1,,MISSING
Q1721852,1,,MISSING
Q1722547,1,,MISSING
Q1747488,1,,MISSING
Q1749896,0,,MISSING
Q1754694,1,,MISSING
Q1756671,0,,MISSING
Q1757267,0,,MISSING
Q1769589,1,,MISSING
Q1771929,0,,MISSING
Q1775487,1,,MISSING
Q1782742,0,,MISSING
Q1782764,0,,MISSING
Q1782809,0,,MISSING
Q1788279,1,,MISSING
Q1815917,0,,MISSING
Q1825451,1,,MISSING
Q1841423,1,,MISSING
Q1842193,1,,MISSING
Q1849512,0,,MISSING
Q1856100,1,,MISSING
Q1866766,0,,MISSING
Q1873329,0,,MISSING
Q1884670,0,,MISSING
Q1886526,0,,MISSING
Q1892315,1,,MISSING
Q1895187,0,,MISSING
Q1900070,1,,MISSING
Q1913816,1,,MISSING
Q1913829,1,,MISSING
Q1913833,0,,MISSING
Q1930267,1,,MISSING
Q1952525,0,,MISSING
Q1953571,1,,MISSING
Q1963481,1,,MISSING
Q1963965,0,,MISSING
Q1967799,1,,MISSING
Q1971390,0,,MISSING
Q1972850,0,,MISSING
Q1984107,1,,MISSING
Q1990796,0,,MISSING
Q1995708,1,,MISSING
Q2005414,0,,MISSING
Q2019276,1,,MISSING
Q2019280,0,,MISSING
Q2019433,0,,MISSING
Q2019703,0,,MISSING
Q2019714,0,,MISSING
Q2019722,0,,MISSING
Q2019724,0,,MISSING
Q2023257,0,,MISSING
Q2026111,1,,MISSING
Q2027626,1,,MISSING
Q2029855,0,,MISSING
Q2031373,0,,MISSING
Q2034781,0,,MISSING
Q2036001,1,,MISSING
Q2039441,0,,MISSING
Q2062590,1,,MISSING
Q2063190,0,,MISSING
Q2070757,0,,MISSING
Q2082981,1,,MISSING
Q2107164,0,,MISSING
Q2107364,0,,MISSING
Q2107402,0,,MISSING
Q2107667,1,,MISSING
Q2108153,1,,MISSING
Q2108313,0,,MISSING
Q2154705,0,,MISSING
Q2164743,0,,MISSING
Q2176851,0,,MISSING
Q2178182,0,,MISSING
Q2178909,0,,MISSING
Q2202217,0,,MISSING
Q2226067,1,,MISSING
Q2226968,1,,MISSING
Q2230880,1,,MISSING
Q2250110,0,,MISSING
Q2260327,0,,MISSING
Q2260606,0,,MISSING
Q2261644,0,,MISSING
Q2267979,0,,MISSING
Q2272512,0,,MISSING
Q2272963,0,,MISSING
Q2272966,0,,MISSING
Q2320454,0,,MISSING
Q2330636,0,,MISSING
Q2342370,0,,MISSING
Q2342687,1,,MISSING
Q2345842,0,,MISSING
Q2346510,0,,MISSING
Q2347545,0,,MISSING
Q2348581,0,,MISSING
Q2355755,0,,MISSING
Q2357031,0,,MISSING
Q2372736,0,,MISSING
Q2374467,1,,MISSING
Q2375002,0,,MISSING
Q2380553,1,,MISSING
Q2386511,0,,MISSING
Q2391190,1,,MISSING
Q2391790,0,,MISSING
Q2395662,0,,MISSING
Q2400533,0,,MISSING
Q2417517,0,,MISSING
Q2429984,1,,MISSING
Q2444320,1,,MISSING
Q2450518,1,,MISSING
Q2464001,1,,MISSING
Q2466357,1,,MISSING
Q2466379,1,,MISSING
Q2471041,1,,MISSING
Q2471516,1,,MISSING
Q2479354,0,,MISSING
Q2501357,0,,MISSING
Q2502828,1,,MISSING
Q2536822,0,,MISSING
Q2538754,0,,MISSING
Q2538766,0,,MISSING
Q2538812,1,,MISSING
Q2542175,1,,MISSING
Q2542214,0,,MISSING
Q2542723,1,,MISSING
Q2560080,1,,MISSING
Q2567676,1,,MISSING
Q2570017,1,,MISSING
Q2570084,0,,MISSING
Q2587082,0,,MISSING
Q2587155,0,,MISSING
Q2587184,0,,MISSING
Q2587200,0,,MISSING
Q2587378,0,,MISSING
Q2587509,0,,MISSING
Q2600001,0,,MISSING
Q2602053,0,,MISSING
Q2602840,0,,MISSING
Q2617878,1,,MISSING
Q2618199,0,,MISSING
Q2621391,0,,MISSING
Q2622432,0,,MISSING
Q2623000,0,,MISSING
Q2626602,1,,MISSING
Q2626934,1,,MISSING
Q2628409,1,,MISSING
Q2628417,1,,MISSING
Q2640776,1,,MISSING
Q2641225,1,,MISSING
Q2642013,0,,MISSING
Q2642056,0,,MISSING
Q2642691,0,,MISSING
Q2642970,0,,MISSING
Q2643020,0,,MISSING
Q2643963,0,,MISSING
Q2643996,0,,MISSING
Q2644031,0,,MISSING
Q2654184,0,,MISSING
Q2658743,1,,MISSING
Q2660661,0,,MISSING
Q2667308,1,,MISSING
Q2667651,1,,MISSING
Q5092066,1,,MISSING
Q5216278,1,,MISSING
Q5219893,0,,MISSING
Q5223639,0,,MISSING
Q5228023,0,,MISSING
Q5272053,1,,MISSING
Q5277832,0,,MISSING
Q5282494,1,,MISSING
Q5285512,0,,MISSING
Q5285537,0,,MISSING
Q5285656,0,,MISSING
Q5285661,0,,MISSING
Q5285673,0,,MISSING
Q5285676,0,,MISSING
Q5340442,0,,MISSING
Q5353896,0,,MISSING
Q5359045,0,,MISSING
Q5363904,0,,MISSING
Q5365382,0,,MISSING
Q5381553,0,,MISSING
Q5384230,1,,MISSING
Q5548472,0,,MISSING
Q5551139,1,,MISSING
Q5617836,1,,MISSING
Q5617972,0,,MISSING
Q5910578,0,,MISSING
Q5993372,0,,MISSING
Q5993692,0,,MISSING
Q5993774,0,,MISSING
Q5993860,0,,MISSING
Q5997720,0,,MISSING
Q6052889,0,,MISSING
Q6062443,0,,MISSING
Q6075874,1,,MISSING
Q6211877,0,,MISSING
Q6348338,1,,MISSING
Q6348540,1,,MISSING
Q6351099,0,,MISSING
Q6353074,0,,MISSING
Q6354683,0,,MISSING
Q6355766,0,,MISSING
Q6380687,0,,MISSING
Q6380691,0,,MISSING
Q6385510,0,,MISSING
Q6389180,1,,MISSING
Q6409727,1,,MISSING
Q6415268,0,,MISSING
Q6430007,0,,MISSING
Q6430019,0,,MISSING
Q6430017,0,,MISSING
Q6438258,0,,MISSING
Q6440764,0,,MISSING
Q6441112,1,,MISSING
Q6489441,0,,MISSING
Q6526425,0,,MISSING
Q6533163,0,,MISSING
Q6557579,0,,MISSING
Q6659978,1,,MISSING
Q6684276,1,,MISSING
Q6698897,0,,MISSING
Q6740186,1,,MISSING
Q6740193,0,,MISSING
Q6755404,1,,MISSING
Q6763873,0,,MISSING
Q6763886,0,,MISSING
Q6763908,0,,MISSING
Q6796736,0,,MISSING
Q6849753,0,,MISSING
Q6849756,1,,MISSING
Q6849946,1,,MISSING
Q6874960,0,,MISSING
Q6918931,0,,MISSING
Q6957606,0,,MISSING
Q6968310,0,,MISSING
Q6968308,0,,MISSING
Q6974494,1,,MISSING
Q7029037,1,,MISSING
Q7035903,0,,MISSING
Q7036327,0,,MISSING
Q7070155,1,,MISSING
Q7070326,0,,MISSING
Q7070324,0,,MISSING
Q7086061,0,,MISSING
Q7086070,1,,MISSING
Q7086116,0,,MISSING
Q7086135,0,,MISSING
Q7086270,0,,MISSING
Q7089287,0,,MISSING
Q7099414,0,,MISSING
Q7099418,1,,MISSING
Q7099959,1,,MISSING
Q7155747,1,,MISSING
Q7155798,1,,MISSING
Q7204282,1,,MISSING
Q7226899,1,,MISSING
Q7247616,1,,MISSING
Q12567783,1,,MISSING
Q12568019,1,,MISSING
Q12568060,1,,MISSING
Q12568064,1,,MISSING
Q12568115,1,,MISSING
Q12568120,1,,MISSING
Q12568173,1,,MISSING
Q12568303,1,,MISSING
Q12568667,1,,MISSING
Q12568709,1,,MISSING
Q12568748,1,,MISSING
Q12568749,1,,MISSING
Q12568761,1,,MISSING
Q12568892,1,,MISSING
Q12568912,1,,MISSING
Q12568958,1,,MISSING
Q12568972,1,,MISSING
Q12568976,1,,MISSING
Q12569106,1,,MISSING
Q12569104,1,,MISSING
Q12569180,1,,MISSING
Q12569219,1,,MISSING
Q12569439,1,,MISSING
Q12569614,1,,MISSING
Q12569669,1,,MISSING
Q12570067,1,,MISSING
Q12570113,1,,MISSING
Q12570136,1,,MISSING
Q12570249,1,,MISSING
Q12570262,1,,MISSING
Q12570266,1,,MISSING
Q12570375,1,,MISSING
Q12570453,1,,MISSING
Q12570713,1,,MISSING
Q12570954,1,,MISSING
Q12570972,1,,MISSING
Q12570976,1,,MISSING
Q12570977,1,,MISSING
Q12570991,1,,MISSING
Q12570994,1,,MISSING
Q12570992,1,,MISSING
Q12570996,1,,MISSING
Q12571001,1,,MISSING
Q12571011,1,,MISSING
Q12571114,1,,MISSING
Q12571256,1,,MISSING
Q12571296,1,,MISSING
Q12571970,1,,MISSING
Q12572102,1,,MISSING
Q12572101,1,,MISSING
Q12572106,1,,MISSING
Q12572127,1,,MISSING
Q12572128,1,,MISSING
Q12572142,1,,MISSING
Q12572150,1,,MISSING
Q12572152,1,,MISSING
Q12572234,1,,MISSING
Q12572290,1,,MISSING
Q12572337,1,,MISSING
Q12572362,1,,MISSING
Q12572363,1,,MISSING
Q12572398,1,,MISSING
Q12572402,1,Q6581097,Q6581097
Q12572429,1,Q6581097,Q6581097
Q12572461,1,Q6581097,Q6581097
Q12572537,1,Q6581097,Q6581097
Q12572599,1,Q6581097,Q6581097
Q12572620,1,Q6581097,Q6581097
Q12572671,1,Q6581072,Q6581072
Q12572783,1,Q6581097,Q6581097
Q12573629,1,,MISSING
Q12573645,1,Q6581097,Q6581097
Q12573659,1,,MISSING
Q12573687,1,Q6581097,Q6581097
Q12573730,1,Q6581097,Q6581097
Q12573728,1,Q6581097,Q6581097
Q12573767,1,Q6581097,Q6581097
Q12573773,1,Q6581097,Q6581097
Q12573784,1,Q6581097,Q6581097
Q12573791,1,Q6581097,Q6581097
Q12573902,1,Q6581097,Q6581097
Q12573983,1,,MISSING
Q12574009,1,Q6581097,Q6581097
Q12574086,1,Q6581097,Q6581097
Q12574099,1,Q6581072,Q6581072
Q12574110,1,Q6581097,Q6581097
Q12574109,1,Q6581097,Q6581097
Q12574118,1,Q6581072,Q6581072
Q12574204,1,Q6581097,Q6581097
Q12574263,1,,MISSING
Q12574304,1,Q6581097,Q6581097
Q12574360,1,Q6581097,Q6581097
Q12574564,1,Q6581097,Q6581097
Q12574928,1,Q6581097,Q6581097
Q12574968,1,Q6581097,Q6581097
Q12574973,1,Q6581072,Q6581072
Q12574978,1,,MISSING
Q12574976,1,Q6581097,Q6581097
Q12575143,1,Q6581097,Q6581097
Q12575144,1,Q6581097,Q6581097
Q12575145,1,Q6581097,Q6581097
Q12575158,1,Q6581097,Q6581097
Q12575198,1,Q6581072,Q6581072
Q12575277,1,Q6581097,Q6581097
Q12575383,1,Q6581072,Q6581072
Q12575507,1,Q6581097,Q6581097
Q12575544,1,Q6581097,Q6581097
Q12575554,1,Q6581097,Q6581097
Q12575670,1,Q6581097,Q6581097
Q12575738,1,Q6581072,Q6581072
Q12575736,1,Q6581097,Q6581097
Q12575760,1,Q6581097,Q6581097
Q12575991,1,Q6581097,Q6581097
Q12576187,1,,MISSING
Q12576227,1,,MISSING
Q12576245,1,Q6581097,Q6581097
Q12576266,1,Q6581097,Q6581097
Q12576304,1,Q6581097,Q6581097
Q12576314,1,Q6581097,Q6581097
Q12576540,1,Q6581097,Q6581097
Q12576602,1,Q6581097,Q6581097
Q12576600,1,Q6581097,Q6581097
Q12576633,1,Q6581097,Q6581097
Q12576716,1,Q6581097,Q6581097
Q12576815,1,Q6581097,Q6581097
Q12576817,1,Q6581097,Q6581097
Q12576827,1,Q6581097,Q6581097
Q12576872,1,Q6581097,Q6581097
Q12576966,1,Q6581072,Q6581072
Q12576968,1,Q6581072,Q6581072
Q12576989,1,Q6581097,Q6581097
Q12577008,1,Q6581097,Q6581097
Q12577016,1,Q6581097,Q6581097
Q12577045,1,Q6581097,Q6581097
Q12577169,1,Q6581097,Q6581097
Q12577184,1,Q6581097,Q6581097
Q12577190,1,Q6581097,Q6581097
Q12577382,1,Q6581097,Q6581097
Q12577515,1,Q6581097,Q6581097
Q12577562,1,Q6581072,Q6581072
Q12577569,1,Q6581097,Q6581097
Q12577718,1,Q6581097,Q6581097
Q12577890,1,Q6581097,Q6581097
Q12578091,1,Q6581097,Q6581097
Q12578092,1,Q6581097,Q6581097
Q12578093,1,Q6581097,Q6581097
Q12578096,1,,MISSING
Q12578101,1,Q6581097,Q6581097
Q12578136,1,Q6581097,Q6581097
Q12578143,1,Q6581097,Q6581097
Q12578147,1,Q6581097,Q6581097
Q12578144,1,Q6581097,Q6581097
Q12578150,1,Q6581097,Q6581097
Q12578171,1,Q6581097,Q6581097
Q12578194,1,Q6581097,Q6581097
Q12578210,1,Q6581097,Q6581097
Q12578215,1,Q6581097,Q6581097
Q12578213,1,Q6581097,Q6581097
Q12578243,1,Q6581097,Q6581097
Q12578259,1,Q6581097,Q6581097
Q12578276,1,Q6581097,Q6581097
Q12578282,1,Q6581097,Q6581097
Q12578291,1,Q6581097,Q6581097
Q12578317,1,Q6581097,Q6581097
Q12578320,1,Q6581097,Q6581097
Q12578335,1,Q6581097,Q6581097
Q12578380,1,Q6581097,Q6581097
Q12578411,1,Q6581097,Q6581097
Q12578413,1,Q6581097,Q6581097
Q12578443,1,Q6581097,Q6581097
Q12578479,1,Q6581097,Q6581097
Q12578534,1,Q6581097,Q6581097
Q12578752,1,Q6581097,Q6581097
Q12578756,1,Q6581097,Q6581097
Q12578766,1,Q6581072,Q6581072
Q12578779,1,Q6581097,Q6581097
Q12578839,1,Q6581097,Q6581097
Q12578850,1,Q6581097,Q6581097
Q12578851,1,Q6581097,Q6581097
Q12578854,1,Q6581097,Q6581097
Q12578862,1,Q6581097,Q6581097
Q12578888,1,Q6581097,Q6581097
Q12578894,0,Q6581097,Q6581097
Q12578909,1,Q6581097,Q6581097
Q12578917,1,Q6581097,Q6581097
Q12578922,1,Q6581097,Q6581097
Q12578945,1,Q6581097,Q6581097
Q12578949,1,Q6581097,Q6581097
Q12578955,1,Q6581097,Q6581097
Q12578959,1,Q6581097,Q6581097
Q12579023,1,Q6581072,Q6581072
Q12579021,1,Q6581072,Q6581072
Q12579024,1,Q6581072,Q6581072
Q12579038,1,Q6581097,Q6581097
Q12579050,1,Q6581072,Q6581072
Q12579053,1,Q6581072,Q6581072
Q12579171,1,Q6581097,Q6581097
Q12579174,1,Q6581097,Q6581097
Q12579297,1,Q6581097,Q6581097
Q12579301,1,Q6581097,Q6581097
Q16433516,1,Q6581097,Q6581097
Q16433565,1,Q6581097,Q6581097
Q16433573,1,Q6581097,Q6581097
Q16433579,1,Q6581097,Q6581097
Q16433585,1,Q6581097,Q6581097
Q16433607,1,Q6581097,Q6581097
Q16433611,1,Q6581097,Q6581097
Q16433615,1,Q6581097,Q6581097
Q16433633,1,Q6581097,Q6581097
Q16433673,1,Q6581097,Q6581097
Q16433708,1,Q6581097,Q6581097
Q16433721,1,Q6581072,Q6581072
Q16433776,1,Q6581097,Q6581097
Q16433893,1,Q6581097,Q6581097
Q16433902,1,Q6581097,Q6581097
Q16433935,1,Q6581072,Q6581072
Q16433949,1,Q6581097,Q6581097
Q16434011,1,Q6581097,Q6581097
Q16434105,1,Q6581097,Q6581097
Q16434131,1,,MISSING
Q16434160,1,Q6581097,Q6581097
Q16434219,1,Q6581097,Q6581097
Q16434231,1,Q6581097,Q6581097
Q16434249,1,Q6581097,Q6581097
Q16434341,1,Q6581072,Q6581072
Q16434367,1,Q6581097,Q6581097
Q16434426,1,Q6581097,Q6581097
Q16434454,1,Q6581097,Q6581097
Q16434518,1,Q6581072,Q6581072
Q16434562,1,Q6581097,Q6581097
Q16434570,1,Q6581097,Q6581097
Q16434708,1,Q6581097,Q6581097
Q16434729,1,Q6581097,Q6581097
Q16434815,1,Q6581097,Q6581097
Q16434830,1,Q6581072,Q6581072
Q16434859,1,Q6581097,Q6581097
Q16434891,1,Q6581072,Q6581072
Q16434897,1,Q6581072,Q6581072
Q16434919,1,Q6581097,Q6581097
Q16434946,1,Q6581072,Q6581072
Q16435052,1,Q6581097,Q6581097
Q16435130,1,Q6581097,Q6581097
Q16435133,1,Q6581097,Q6581097
Q16435154,1,Q6581072,Q6581072
Q16435168,1,Q6581097,Q6581097
Q16435236,1,Q6581097,Q6581097
Q16435247,1,Q6581072,Q6581072
Q16435263,1,Q6581097,Q6581097
Q16435272,1,Q6581097,Q6581097
Q16435290,1,Q6581097,Q6581097
Q16435306,1,Q6581097,Q6581097
Q16435323,1,Q6581097,Q6581097
Q16435325,1,Q6581072,Q6581072
Q16435332,1,Q6581097,Q6581097
Q16435345,1,Q6581097,Q6581097
Q16435351,1,Q6581097,Q6581097
Q16435354,0,Q6581097,Q6581097
Q16435355,1,Q6581097,Q6581097
Q16435361,1,Q6581097,Q6581097
Q16435373,1,Q6581097,Q6581097
Q16435387,1,Q6581097,Q6581097
Q16435402,1,Q6581097,Q6581097
Q16435415,1,Q6581072,Q6581072
Q16435412,1,Q6581097,Q6581097
Q16435422,1,Q6581072,Q6581072
Q16435438,1,Q6581097,Q6581097
Q16435503,1,Q6581097,Q6581097
Q16435507,1,Q6581097,Q6581097
Q16435532,1,Q6581097,Q6581097
Q16435587,1,Q6581097,Q6581097
Q16435593,1,,MISSING
Q16435603,1,Q6581097,Q6581097
Q16435601,1,Q6581072,Q6581072
Q16435608,1,Q6581072,Q6581072
Q16435623,1,Q6581072,Q6581072
Q16435650,1,Q6581097,Q6581097
Q16435666,1,,MISSING
Q16435726,1,Q6581072,Q6581072
Q16435732,1,Q6581097,Q6581097
Q16435733,1,Q6581097,Q6581097
Q16435741,1,Q6581097,Q6581097
Q16435745,1,Q6581097,Q6581097
Q16435762,1,Q6581097,Q6581097
Q16435781,1,Q6581097,Q6581097
Q16435784,1,Q6581097,Q6581097
Q16435791,1,Q6581072,Q6581072
Q16435792,1,Q6581097,Q6581097
Q16435811,1,Q6581097,Q6581097
Q16435854,1,Q6581097,Q6581097
Q16435865,1,Q6581097,Q6581097
Q16435893,1,Q6581097,Q6581097
Q16435899,1,Q6581097,Q6581097
Q16435919,1,Q6581072,Q6581072
Q16435947,1,Q6581072,Q6581072
Q16435952,1,Q6581097,Q6581097
Q16435986,1,Q6581097,Q6581097
Q16435994,1,Q6581097,Q6581097
Q16436032,1,Q6581072,Q6581072
Q16436042,1,Q6581097,Q6581097
Q16436040,1,Q6581097,Q6581097
Q16436049,1,Q6581097,Q6581097
Q16436067,1,Q6581097,Q6581097
Q16436073,1,Q6581097,Q6581097
Q16436085,1,Q6581097,Q6581097
Q16436088,1,Q6581072,Q6581072
Q16436096,1,Q6581097,Q6581097
Q16436105,1,Q6581097,Q6581097
Q16436114,1,Q6581072,Q6581072
Q16436123,1,Q6581072,Q6581072
Q16436130,1,Q6581097,Q6581097
Q16436134,1,Q6581072,Q6581072
Q16436147,1,Q6581072,Q6581072
Q16436150,1,,MISSING
Q16436165,1,,MISSING
Q16436172,1,,MISSING
Q16436194,1,,MISSING
Q16436195,1,,MISSING
Q16436193,1,,MISSING
Q16436199,1,,MISSING
Q16436197,1,,MISSING
Q16436234,1,,MISSING
Q16436290,1,,MISSING
Q16436300,1,,MISSING
Q16436316,1,,MISSING
Q16436341,1,,MISSING
Q16436394,1,,MISSING
Q16436396,1,,MISSING
Q16436402,1,,MISSING
Q16436406,1,,MISSING
Q16436427,1,,MISSING
Q16436438,1,,MISSING
Q16436440,1,,MISSING
Q16436446,1,,MISSING
Q16436474,1,,MISSING
Q16436483,1,,MISSING
Q16436481,1,,MISSING
Q16436498,1,,MISSING
Q16436500,1,,MISSING
Q16436511,1,,MISSING
Q16436514,1,,MISSING
Q16436523,1,,MISSING
Q16436544,1,,MISSING
Q16436549,1,,MISSING
Q16436572,1,,MISSING
Q16436579,1,,MISSING
Q16436596,1,,MISSING
Q16436597,1,,MISSING
Q16436606,1,,MISSING
Q16436605,1,,MISSING
Q16436608,1,,MISSING
Q16436625,1,,MISSING
Q16436652,1,,MISSING
Q16436663,1,,MISSING
Q16436666,1,,MISSING
Q16436669,1,,MISSING
Q16436707,1,,MISSING
Q16436730,1,,MISSING
Q16436739,1,,MISSING
Q16436748,1,,MISSING
Q16436761,1,,MISSING
Q16436782,1,,MISSING
Q16436797,1,,MISSING
Q16436800,1,,MISSING
Q16436807,1,,MISSING
Q16436849,1,,MISSING
Q16436852,1,,MISSING
Q16436856,1,,MISSING
Q16436894,1,,MISSING
Q16436915,1,,MISSING
Q16436979,1,,MISSING
Q16436996,1,,MISSING
Q16437044,1,,MISSING
Q16437100,1,,MISSING
Q16437108,1,,MISSING
Q16437109,1,,MISSING
Q16437138,1,,MISSING
Q16437160,1,,MISSING
Q16437169,1,,MISSING
Q16437215,1,,MISSING
Q16437217,1,,MISSING
Q16437227,1,,MISSING
Q16437230,1,,MISSING
Q16437228,1,,MISSING
Q16437245,1,,MISSING
Q16437257,1,,MISSING
Q16437282,1,,MISSING
Q16437311,1,,MISSING
Q16437345,1,,MISSING
Q16437371,1,,MISSING
Q16437439,1,,MISSING
Q16437437,1,,MISSING
Q16437504,1,,MISSING
Q16437519,1,,MISSING
Q16437528,1,,MISSING
Q16437615,1,,MISSING
Q16437645,1,,MISSING
Q16437648,1,,MISSING
Q16437674,1,,MISSING
Q16437708,1,,MISSING
Q16437720,1,,MISSING
Q6338,1,,MISSING
Q24148,1,,MISSING
Q32176,0,,MISSING
Q45396,1,,MISSING
Q47239,1,,MISSING
Q57394,1,,MISSING
Q57863,1,,MISSING
Q58203,1,,MISSING
Q65438,1,,MISSING
Q2702030,1,,MISSING
Q2704374,1,,MISSING
Q2752943,1,,MISSING
Q2790048,0,,MISSING
Q2821406,0,,MISSING
Q2833244,0,,MISSING
Q2836450,0,,MISSING
Q2845638,0,,MISSING
Q2850626,0,,MISSING
Q2857035,0,,MISSING
Q2861545,0,,MISSING
Q2874863,1,,MISSING
Q2901738,0,,MISSING
Q2913171,1,,MISSING
Q2946771,0,,MISSING
Q2986351,1,,MISSING
Q2986356,1,,MISSING
Q2986491,0,,MISSING
Q2994407,1,,MISSING
Q3012197,0,,MISSING
Q3013559,0,,MISSING
Q3015069,0,,MISSING
Q3016311,1,,MISSING
Q3028368,1,,MISSING
Q3042609,0,,MISSING
Q3087408,0,,MISSING
Q3087953,1,,MISSING
Q3088780,1,,MISSING
Q3094890,1,,MISSING
Q3154371,0,,MISSING
Q3177475,0,,MISSING
Q3191982,0,,MISSING
Q3191983,1,,MISSING
Q3191984,0,,MISSING
Q3197271,1,,MISSING
Q3198952,0,,MISSING
Q3247101,1,,MISSING
Q3266965,0,,MISSING
Q3272133,1,,MISSING
Q3277414,1,,MISSING
Q3280989,0,,MISSING
Q3287460,0,,MISSING
Q3290553,1,,MISSING
Q3302413,0,,MISSING
Q3313062,0,,MISSING
Q3315899,0,,MISSING
Q3328842,0,,MISSING
Q3329297,1,,MISSING
Q3336440,1,,MISSING
Q3341512,0,,MISSING
Q3341610,1,,MISSING
Q3341664,0,,MISSING
Q3350469,1,,MISSING
Q3364969,1,,MISSING
Q3364975,0,,MISSING
Q3365514,0,,MISSING
Q3372935,0,,MISSING
Q3375391,1,,MISSING
Q3377061,0,,MISSING
Q3378554,1,,MISSING
Q3378831,0,,MISSING
Q3416194,1,,MISSING
Q3425432,0,,MISSING
Q3428515,1,,MISSING
Q3429008,1,,MISSING
Q3440912,0,,MISSING
Q3453555,1,,MISSING
Q3479616,1,,MISSING
Q3479721,0,,MISSING
Q3479725,0,,MISSING
Q3479753,0,,MISSING
Q3506297,0,,MISSING
Q3506303,0,,MISSING
Q3506300,0,,MISSING
Q3506308,0,,MISSING
Q3506315,0,,MISSING
Q3506324,0,,MISSING
Q3516131,0,,MISSING
Q3516128,0,,MISSING
Q3525119,0,,MISSING
Q3553682,0,,MISSING
Q3561908,0,,MISSING
Q3572104,0,,MISSING
Q3572105,0,,MISSING
Q3572190,1,,MISSING
Q3596048,0,,MISSING
Q3607988,0,,MISSING
Q3608230,0,,MISSING
Q3608241,0,,MISSING
Q3609506,0,,MISSING
Q3609514,0,,MISSING
Q3609534,0,,MISSING
Q3609595,0,,MISSING
Q3609596,0,,MISSING
Q3610813,0,,MISSING
Q3614358,0,,MISSING
Q3615127,0,,MISSING
Q3616306,0,,MISSING
Q3631384,0,,MISSING
Q3641697,0,,MISSING
Q3662275,0,,MISSING
Q3675000,1,,MISSING
Q3702240,0,,MISSING
Q3707864,1,,MISSING
Q3712294,0,,MISSING
Q3712339,0,,MISSING
Q3712344,0,,MISSING
Q3716953,0,,MISSING
Q3719139,1,,MISSING
Q3719753,0,,MISSING
Q3756412,0,,MISSING
Q3757632,0,,MISSING
Q3793553,1,,MISSING
Q3801963,0,,MISSING
Q3807342,0,,MISSING
Q3812499,0,,MISSING
Q3812500,0,,MISSING
Q3857494,0,,MISSING
Q3876945,0,,MISSING
Q3879915,0,,MISSING
Q3881568,0,,MISSING
Q3898306,0,,MISSING
Q3898308,0,,MISSING
Q3929876,0,,MISSING
Q3954664,1,,MISSING
Q3955150,0,,MISSING
Q3955920,0,,MISSING
Q3955982,0,,MISSING
Q3968197,1,,MISSING
Q3980420,0,,MISSING
Q3991514,0,,MISSING
Q4007933,0,,MISSING
Q4014943,0,,MISSING
Q4022641,0,,MISSING
Q4022703,0,,MISSING
Q4022705,0,,MISSING
Q4054459,1,,MISSING
Q4054460,1,,MISSING
Q4054465,1,,MISSING
Q4054480,1,,MISSING
Q4054481,1,,MISSING
Q4054489,1,,MISSING
Q4054493,1,,MISSING
Q4054507,0,,MISSING
Q4054517,0,,MISSING
Q4054539,1,,MISSING
Q4054577,0,,MISSING
Q4054618,0,,MISSING
Q4054650,1,,MISSING
Q4054654,1,,MISSING
Q4054687,1,,MISSING
Q4054735,1,,MISSING
Q4054733,1,,MISSING
Q4054736,1,,MISSING
Q4054745,1,,MISSING
Q4054770,1,,MISSING
Q4054802,1,,MISSING
Q4054807,0,,MISSING
Q4055199,1,,MISSING
Q4055196,1,,MISSING
Q4055516,1,,MISSING
Q4056511,1,,MISSING
Q4056548,1,,MISSING
Q4057243,1,,MISSING
Q4057263,1,,MISSING
Q4057267,1,,MISSING
Q4057294,0,,MISSING
Q4058035,0,,MISSING
Q4058042,1,,MISSING
Q4058904,1,,MISSING
Q4059010,0,,MISSING
Q4059015,1,,MISSING
Q4059031,1,,MISSING
Q4059329,1,,MISSING
Q4059986,0,,MISSING
Q4060707,1,,MISSING
Q4060710,1,,MISSING
Q4060825,1,,MISSING
Q4060976,0,,MISSING
Q4061652,0,,MISSING
Q4062303,1,,MISSING
Q4062300,1,,MISSING
Q4062308,1,,MISSING
Q4062324,0,,MISSING
Q4062363,1,,MISSING
Q4062371,1,,MISSING
Q4062375,1,,MISSING
Q4062894,1,,MISSING
Q4063743,0,,MISSING
Q4063931,1,,MISSING
Q4065002,1,,MISSING
Q4065410,0,,MISSING
Q4065951,1,,MISSING
Q4066303,0,,MISSING
Q4067339,1,,MISSING
Q4067421,0,,MISSING
Q4068536,1,,MISSING
Q4068810,0,,MISSING
Q4068808,0,,MISSING
Q4069402,0,,MISSING
Q7269681,1,,MISSING
Q7274945,1,,MISSING
Q7294926,0,,MISSING
Q7334590,0,,MISSING
Q7361568,0,,MISSING
Q7362088,1,,MISSING
Q7362104,0,,MISSING
Q7381001,1,,MISSING
Q7382438,0,,MISSING
Q7403570,0,,MISSING
Q7404619,1,,MISSING
Q7453602,1,,MISSING
Q7453622,1,,MISSING
Q7453672,0,,MISSING
Q7453951,0,,MISSING
Q7453954,0,,MISSING
Q7454084,0,,MISSING
Q7454095,0,,MISSING
Q7454093,0,,MISSING
Q7454121,0,,MISSING
Q7454138,0,,MISSING
Q7492278,1,,MISSING
Q7497082,0,,MISSING
Q7500255,1,,MISSING
Q7503861,0,,MISSING
Q7599016,0,,MISSING
Q7599034,0,,MISSING
Q7599073,0,,MISSING
Q7652456,0,,MISSING
Q7652483,0,,MISSING
Q7678199,0,,MISSING
Q7679442,1,,MISSING
Q7679443,1,,MISSING
Q7688533,0,,MISSING
Q7688537,1,,MISSING
Q7688554,0,,MISSING
Q7688552,0,,MISSING
Q7813524,0,,MISSING
Q7814300,1,,MISSING
Q7878751,0,,MISSING
Q7908983,1,,MISSING
Q7929725,0,,MISSING
Q7929944,0,,MISSING
Q7929948,0,,MISSING
Q7936875,0,,MISSING
Q7936880,0,,MISSING
Q7936891,1,,MISSING
Q7938281,1,,MISSING
Q7938356,0,,MISSING
Q7938461,1,,MISSING
Q7938534,0,,MISSING
Q7938653,0,,MISSING
Q7938983,0,,MISSING
Q7943789,0,,MISSING
Q8051363,0,,MISSING
Q8051360,0,,MISSING
Q8051366,0,,MISSING
Q8051457,0,,MISSING
Q8051476,0,,MISSING
Q8051484,0,,MISSING
Q8051495,0,,MISSING
Q8051504,0,,MISSING
Q8051505,0,,MISSING
Q8052634,0,,MISSING
Q8053227,0,,MISSING
Q8053243,0,,MISSING
Q8053250,0,,MISSING
Q8053277,1,,MISSING
Q8060935,0,,MISSING
Q8060979,0,,MISSING
Q8061465,1,,MISSING
Q8061719,1,,MISSING
Q8061742,0,,MISSING
Q8067182,0,,MISSING
Q8070126,0,,MISSING
Q8070505,0,,MISSING
Q8070789,0,,MISSING
Q8070894,0,,MISSING
Q8839752,0,,MISSING
Q9103563,0,,MISSING
Q9131126,0,,MISSING
Q9146327,0,,MISSING
Q9146630,0,,MISSING
Q9146907,1,,MISSING
Q9157847,0,,MISSING
Q9207935,0,,MISSING
Q9276343,0,,MISSING
Q9302443,0,,MISSING
Q9345417,0,,MISSING
Q9355172,0,,MISSING
Q9355842,0,,MISSING
Q9355850,0,,MISSING
Q9369973,0,,MISSING
Q9371412,1,,MISSING
Q9374042,0,,MISSING
Q10397938,1,,MISSING
Q10474069,1,,MISSING
Q10476376,0,,MISSING
Q10480937,0,,MISSING
Q10485100,0,,MISSING
Q10506152,0,,MISSING
Q10513953,1,,MISSING
Q10514912,0,,MISSING
Q11298680,0,,MISSING
Q11348947,1,,MISSING
Q11351364,0,,MISSING
Q11665420,0,,MISSING
Q11685501,0,,MISSING
Q11712490,0,,MISSING
Q11712609,0,,MISSING
Q11714011,0,,MISSING
Q11714020,0,,MISSING
Q11714021,0,,MISSING
Q11719705,0,,MISSING
Q11724056,0,,MISSING
Q11724069,0,,MISSING
Q11729576,0,,MISSING
Q11754561,0,,MISSING
Q11763412,0,,MISSING
Q11767298,0,,MISSING
Q11769962,0,,MISSING
Q11778449,0,,MISSING
Q11778456,0,,MISSING
Q11778517,0,,MISSING
Q11787780,0,,MISSING
Q11790034,0,,MISSING
Q11797726,0,,MISSING
Q11797818,0,,MISSING
Q11797907,0,,MISSING
Q11851355,1,,MISSING
Q12075620,1,,MISSING
Q12077959,0,,MISSING
Q12086913,1,,MISSING
Q12104745,1,,MISSING
Q12165291,0,,MISSING
Q12269954,1,,MISSING
Q12525998,1,,MISSING
Q12526094,1,,MISSING
Q12526200,1,,MISSING
Q12526258,1,,MISSING
Q12526257,1,,MISSING
Q12526354,1,,MISSING
Q12526370,1,,MISSING
Q12526383,1,,MISSING
Q12526553,1,,MISSING
Q12527143,1,,MISSING
Q12527141,1,,MISSING
Q12527150,1,,MISSING
Q12527181,1,,MISSING
Q12527347,1,,MISSING
Q12527378,1,,MISSING
Q12527426,1,,MISSING
Q12527473,1,,MISSING
Q12527514,1,,MISSING
Q12527512,1,,MISSING
Q12527634,1,,MISSING
Q12527667,1,,MISSING
Q12527679,1,,MISSING
Q12527709,1,,MISSING
Q12527712,1,,MISSING
Q12527847,1,,MISSING
Q12528202,1,,MISSING
Q12528235,1,,MISSING
Q12528254,1,,MISSING
Q12528269,1,,MISSING
Q12528283,1,,MISSING
Q12528286,1,,MISSING
Q12528291,1,,MISSING
Q12528313,1,,MISSING
Q12528338,1,,MISSING
Q12528339,1,,MISSING
Q12528378,1,,MISSING
Q12528449,1,,MISSING
Q12528467,1,,MISSING
Q12528464,1,,MISSING
Q12528591,1,,MISSING
Q12528604,1,,MISSING
Q12528672,1,,MISSING
Q12528678,1,,MISSING
Q12528682,1,,MISSING
Q12528810,1,,MISSING
Q12528899,1,,MISSING
Q12528926,1,,MISSING
Q12528968,1,,MISSING
Q12529000,1,,MISSING
Q12529025,1,,MISSING
Q12529154,1,,MISSING
Q12529198,1,,MISSING
Q12529402,1,,MISSING
Q12529427,1,,MISSING
Q12529815,1,,MISSING
Q12529816,1,,MISSING
Q12529952,1,,MISSING
Q12529956,1,,MISSING
Q12530044,1,,MISSING
Q12530050,1,,MISSING
Q12530070,1,,MISSING
Q12530160,1,,MISSING
Q12530219,1,,MISSING
Q12530340,1,,MISSING
Q12579341,1,,MISSING
Q12579445,1,,MISSING
Q12579543,1,,MISSING
Q12579566,1,,MISSING
Q12579576,1,,MISSING
Q12579585,1,,MISSING
Q12579707,1,,MISSING
Q12579732,1,,MISSING
Q12579783,1,,MISSING
Q12579791,1,,MISSING
Q12579792,1,,MISSING
Q12579801,1,,MISSING
Q12579892,1,,MISSING
Q13015563,0,,MISSING
Q13359630,0,,MISSING
Q13369600,1,,MISSING
Q13377705,0,,MISSING
Q13476427,0,,MISSING
Q13560355,1,,MISSING
Q13569890,0,,MISSING
Q13749300,0,,MISSING
Q14566097,0,,MISSING
Q14567127,0,,MISSING
Q14752045,0,,MISSING
Q14866852,1,,MISSING
Q15020642,0,,MISSING
Q15053563,0,,MISSING
Q15060855,0,,MISSING
Q15061479,1,,MISSING
Q15062958,0,,MISSING
Q15063215,1,,MISSING
Q15063870,1,,MISSING
Q15063872,1,,MISSING
Q15063877,1,,MISSING
Q15063889,0,,MISSING
Q15063924,1,,MISSING
Q15064246,1,,MISSING
Q15064245,0,,MISSING
Q15064351,0,,MISSING
Q15064381,0,,MISSING
Q15064446,1,,MISSING
Q15064481,0,,MISSING
Q15064590,0,,MISSING
Q15064964,1,,MISSING
Q15065024,0,,MISSING
Q15065367,0,,MISSING
Q15065634,0,,MISSING
Q15065709,1,,MISSING
Q15065737,0,,MISSING
Q15065801,0,,MISSING
Q15066268,0,,MISSING
Q15066479,1,,MISSING
Q15066523,0,,MISSING
Q15066553,1,,MISSING
Q15067060,0,,MISSING
Q15067090,0,,MISSING
Q15067184,1,,MISSING
Q15067221,0,,MISSING
Q15067631,1,,MISSING
Q15068216,0,,MISSING
Q15068466,0,,MISSING
Q15068567,0,,MISSING
Q15068573,0,,MISSING
Q15068790,0,,MISSING
Q15069178,1,,MISSING
Q15069385,1,,MISSING
Q15069478,0,,MISSING
Q15070764,0,,MISSING
Q15070769,1,,MISSING
Q15070876,0,,MISSING
Q15070958,0,,MISSING
Q15070975,0,,MISSING
Q15071106,0,,MISSING
Q15071212,0,,MISSING
Q15072230,0,,MISSING
Q15074591,0,,MISSING
Q15074640,1,,MISSING
Q15074644,1,,MISSING
Q15075278,0,,MISSING
Q15075276,1,,MISSING
Q15075281,0,,MISSING
Q15075299,0,,MISSING
Q15075606,0,,MISSING
Q15075841,1,,MISSING
Q15075851,1,,MISSING
Q15076508,1,,MISSING
Q15076668,1,,MISSING
Q15076907,0,,MISSING
Q15076982,0,,MISSING
Q15077187,0,,MISSING
Q15078109,0,,MISSING
Q15080522,1,,MISSING
Q15085911,0,,MISSING
Q15087881,1,,MISSING
Q15088254,1,,MISSING
Q15088591,1,,MISSING
Q15088982,1,,MISSING
Q15089501,0,,MISSING
Q15116820,0,,MISSING
Q15132637,1,,MISSING
Q15135604,0,,MISSING
Q15140112,1,,MISSING
Q15142803,0,,MISSING
Q15205899,0,,MISSING
Q15215611,0,,MISSING
Q15303755,0,,MISSING
Q15351916,1,,MISSING
Q15383741,0,,MISSING
Q15616640,0,,MISSING
Q15617449,1,,MISSING
Q15617497,0,,MISSING
Q15619386,1,,MISSING
Q15619422,1,,MISSING
Q15686237,0,,MISSING
Q15686283,1,,MISSING
Q15686412,0,,MISSING
Q15710604,0,,MISSING
Q15728896,1,,MISSING
Q15728948,0,,MISSING
Q15732655,0,,MISSING
Q15733118,1,,MISSING
Q15779522,0,,MISSING
Q15779979,0,,MISSING
Q15822114,0,,MISSING
Q15823630,0,,MISSING
Q15830398,0,,MISSING
Q15830416,0,,MISSING
Q15837990,0,,MISSING
Q15845717,0,,MISSING
Q15845812,0,,MISSING
Q15845874,0,,MISSING
Q15850168,0,,MISSING
Q15891680,0,,MISSING
Q15901644,0,,MISSING
Q15901650,0,,MISSING
Q15919538,1,,MISSING
Q15961850,1,,MISSING
Q15965429,0,,MISSING
Q15975377,1,,MISSING
Q16020912,0,,MISSING
Q16021021,0,,MISSING
Q16057976,0,,MISSING
Q16106351,0,,MISSING
Q16145806,0,,MISSING
Q16146654,0,,MISSING
Q16151040,0,,MISSING
Q16153519,1,,MISSING
Q16159792,0,,MISSING
Q16162124,0,,MISSING
Q16162362,0,,MISSING
Q16163729,0,,MISSING
Q16165447,1,,MISSING
Q16165493,1,,MISSING
Q16166210,0,,MISSING
Q16169883,0,,MISSING
Q16185621,1,,MISSING
Q16192976,1,,MISSING
Q16194799,0,,MISSING
Q16196011,1,,MISSING
Q16197934,0,,MISSING
Q16200597,0,,MISSING
Q16201798,0,,MISSING
Q16204345,0,,MISSING
Q16209838,0,,MISSING
Q16210997,0,,MISSING
Q16212391,0,,MISSING
Q16212401,0,,MISSING
Q16212470,0,,MISSING
Q16213644,0,,MISSING
Q16214213,0,,MISSING
Q16214614,0,,MISSING
Q16214631,0,,MISSING
Q16215043,0,,MISSING
Q16215879,0,,MISSING
Q16216078,0,,MISSING
Q16216085,0,,MISSING
Q16216185,1,,MISSING
Q16216765,0,,MISSING
Q16217398,0,,MISSING
Q16217663,0,,MISSING
Q16222375,0,,MISSING
Q16223732,0,,MISSING
Q16224038,0,,MISSING
Q16224267,0,,MISSING
Q16224273,0,,MISSING
Q16224607,0,,MISSING
Q16225420,0,,MISSING
Q16225599,0,,MISSING
Q16225816,0,,MISSING
Q16227150,0,,MISSING
Q16227312,0,,MISSING
Q16227712,0,,MISSING
Q16228558,0,,MISSING
Q16229276,0,,MISSING
Q16229901,0,,MISSING
Q16231580,0,,MISSING
Q16233678,0,,MISSING
Q16235496,0,,MISSING
Q16235545,1,,MISSING
Q16239782,1,,MISSING
Q16263827,0,,MISSING
Q16264487,0,,MISSING
Q16266893,0,,MISSING
Q16270883,1,,MISSING
Q16272092,1,,MISSING
Q16272372,0,,MISSING
Q16272841,0,,MISSING
Q16273057,1,,MISSING
Q16273574,0,,MISSING
Q16335540,1,,MISSING
Q16430998,1,,MISSING
Q16431046,1,,MISSING
Q16431155,1,,MISSING
Q16431158,1,,MISSING
Q16431179,1,,MISSING
Q16431191,1,,MISSING
Q16431292,1,,MISSING
Q16431297,1,,MISSING
Q16431301,1,,MISSING
Q16431315,1,,MISSING
Q16431351,1,,MISSING
Q16431393,1,,MISSING
Q16431416,1,,MISSING
Q16431443,1,,MISSING
Q16431489,1,,MISSING
Q16431523,1,,MISSING
Q16431538,1,,MISSING
Q16431573,1,,MISSING
Q16431577,1,,MISSING
Q16431628,1,,MISSING
Q16431793,1,,MISSING
Q16431807,1,,MISSING
Q16431816,1,,MISSING
Q16431825,1,,MISSING
Q16431834,1,,MISSING
Q16431850,1,,MISSING
Q16431914,1,,MISSING
Q16432047,1,,MISSING
Q16432051,1,,MISSING
Q16432069,1,,MISSING
Q16432081,1,,MISSING
Q16432086,1,,MISSING
Q16432099,1,,MISSING
Q16432153,1,,MISSING
Q16432211,1,,MISSING
Q16432247,1,,MISSING
Q16432318,1,,MISSING
Q16432321,1,,MISSING
Q16432324,1,,MISSING
Q16432342,1,,MISSING
Q16432344,1,,MISSING
Q16432367,1,,MISSING
Q16432379,1,,MISSING
Q16432381,1,,MISSING
Q16432395,1,,MISSING
Q16432451,1,,MISSING
Q16432478,1,,MISSING
Q16432477,1,,MISSING
Q16432493,1,,MISSING
Q16432512,1,,MISSING
Q16432521,1,,MISSING
Q16432525,1,,MISSING
Q16432540,1,,MISSING
Q16432547,1,,MISSING
Q16432562,1,,MISSING
Q16432633,1,,MISSING
Q16432641,1,,MISSING
Q16432682,1,,MISSING
Q16432688,1,,MISSING
Q16432706,1,,MISSING
Q16432718,1,,MISSING
Q16432720,1,,MISSING
Q16432787,1,,MISSING
Q16432790,1,,MISSING
Q16432793,1,,MISSING
Q16432830,1,,MISSING
Q16432853,1,,MISSING
Q16432906,1,,MISSING
Q16432939,1,,MISSING
Q16432962,1,,MISSING
Q16432970,1,,MISSING
Q16432985,1,,MISSING
Q16433030,1,,MISSING
Q16433033,1,,MISSING
Q16433084,1,,MISSING
Q16433107,1,,MISSING
Q16433114,1,,MISSING
Q16433150,1,,MISSING
Q16433156,1,,MISSING
Q16433185,1,,MISSING
Q16433297,1,,MISSING
Q16433366,1,,MISSING
Q16433402,1,,MISSING
Q16433457,1,,MISSING
Q16433475,1,,MISSING
Q16433476,1,,MISSING
Q16433495,1,,MISSING
Q16433496,1,,MISSING
Q16433515,1,,MISSING
Q16437771,1,,MISSING
Q16437786,1,,MISSING
Q16437794,1,,MISSING
Q16437797,1,,MISSING
Q16437806,1,,MISSING
Q16437807,1,,MISSING
Q16437831,1,,MISSING
Q16437832,1,,MISSING
Q16437838,1,,MISSING
Q16437857,1,,MISSING
Q16437904,1,,MISSING
Q16437927,1,,MISSING
Q16437935,1,,MISSING
Q16437944,1,,MISSING
Q16437957,1,,MISSING
Q16437963,1,,MISSING
Q16437967,1,,MISSING
Q16437990,1,,MISSING
Q16437999,1,,MISSING
Q16438011,1,,MISSING
Q16438021,1,,MISSING
Q16438061,1,,MISSING
Q16438084,1,,MISSING
Q16438094,1,,MISSING
Q16438096,1,,MISSING
Q16438114,1,,MISSING
Q16438127,1,,MISSING
Q16438147,1,,MISSING
Q16438151,1,,MISSING
Q16438175,1,,MISSING
Q16514524,1,,MISSING
Q16526116,0,,MISSING
Q16526135,0,,MISSING
Q16526863,0,,MISSING
Q16526880,0,,MISSING
Q16526917,0,,MISSING
Q16528922,0,,MISSING
Q16530283,0,,MISSING
Q16530404,0,,MISSING
Q16530427,0,,MISSING
Q16531935,1,,MISSING
Q16534529,1,,MISSING
Q16536587,0,,MISSING
Q16538862,0,,MISSING
Q16538983,0,,MISSING
Q16544772,0,,MISSING
Q16549401,0,,MISSING
Q16559504,0,,MISSING
Q16562598,0,,MISSING
Q16562652,0,,MISSING
Q16562667,1,,MISSING
Q16562677,0,,MISSING
Q16562991,0,,MISSING
Q16563042,1,,MISSING
Q16574122,0,,MISSING
Q16574430,0,,MISSING
Q16574433,0,,MISSING
Q16574710,1,,MISSING
Q16583172,0,,MISSING
Q16583183,0,,MISSING
Q16583725,0,,MISSING
Q16584028,0,,MISSING
Q16593958,0,,MISSING
Q16595059,0,,MISSING
Q16597111,0,,MISSING
Q16598309,0,,MISSING
Q16598322,0,,MISSING
Q16600334,0,,MISSING
Q16600961,0,,MISSING
Q16601020,1,,MISSING
Q16601029,0,,MISSING
Q16608126,0,,MISSING
Q16608124,0,,MISSING
Q16609915,0,,MISSING
Q16615609,0,,MISSING
Q16620931,0,,MISSING
Q16620934,0,,MISSING
Q16620937,0,,MISSING
Q16626671,0,,MISSING
Q16629534,0,,MISSING
Q16635588,1,,MISSING
Q16639797,1,,MISSING
Q16639906,0,,MISSING
Q16641700,0,,MISSING
Q16646657,0,,MISSING
Q16647775,1,,MISSING
Q16648524,0,,MISSING
Q16650914,1,,MISSING
Q16653666,0,,MISSING
Q16654523,0,,MISSING
Q16655210,0,,MISSING
Q16655611,0,,MISSING
Q16657041,0,,MISSING
Q16665916,0,,MISSING
Q16666174,0,,MISSING
Q16666224,0,,MISSING
Q16666456,0,,MISSING
Q16669036,0,,MISSING
Q16673254,0,,MISSING
Q16675573,0,,MISSING
Q16676460,0,,MISSING
Q16678719,1,,MISSING
Q16679813,0,,MISSING
Q16680097,0,,MISSING
Q16680167,0,,MISSING
Q16681896,0,,MISSING
Q16681900,0,,MISSING
Q16681906,1,,MISSING
Q16683905,0,,MISSING
Q16685047,1,,MISSING
Q16686615,0,,MISSING
Q16686679,0,,MISSING
Q16688944,0,,MISSING
Q16690367,0,,MISSING
Q16690532,0,,MISSING
Q16694772,1,,MISSING
Q16695837,0,,MISSING
Q16697014,1,,MISSING
Q16704875,0,,MISSING
Q16718675,0,,MISSING
Q16721261,0,,MISSING
Q16730070,1,,MISSING
Q16735439,0,,MISSING
Q16736950,1,,MISSING
Q17072642,0,,MISSING
Q17198398,0,,MISSING
Q17232763,0,,MISSING
Q17265971,1,,MISSING
Q17265972,1,,MISSING
Q17274657,0,,MISSING
Q17319098,0,,MISSING
Q17338978,0,,MISSING
Q17350534,0,,MISSING
Q17350595,0,,MISSING
Q17350822,0,,MISSING
Q17385157,1,,MISSING
Q17403063,0,,MISSING
Q17403194,0,,MISSING
Q17412713,1,,MISSING
Q17413110,1,,MISSING
Q17416345,0,,MISSING
Q17426652,0,,MISSING
Q17426857,1,,MISSING
Q17448547,1,,MISSING
Q17448630,1,,MISSING
Q17462777,1,,MISSING
Q17466485,0,,MISSING
Q17478686,0,,MISSING
Q17487569,1,,MISSING
Q17489784,1,,MISSING
Q17525059,1,,MISSING
Q17541381,0,,MISSING
Q17602261,0,,MISSING
Q17602359,0,,MISSING
Q17602417,0,,MISSING
Q17627286,0,,MISSING
Q17627287,0,,MISSING
Q17628955,1,,MISSING
Q17905120,0,,MISSING
Q18001159,0,,MISSING
Q18001521,0,,MISSING
Q18002861,1,,MISSING
Q18009084,0,,MISSING
Q18009138,1,,MISSING
Q18011061,0,,MISSING
Q18011070,0,,MISSING
Q18015214,0,,MISSING
Q18015215,0,,MISSING
Q18015213,0,,MISSING
Q18015273,0,,MISSING
Q18015316,0,,MISSING
Q18015328,0,,MISSING
Q18015332,0,,MISSING
Q18015333,1,,MISSING
Q18015391,0,,MISSING
Q18015409,0,,MISSING
Q18015423,0,,MISSING
Q18015430,0,,MISSING
Q18043859,0,,MISSING
Q18044151,0,,MISSING
Q18044203,1,,MISSING
Q18044266,0,,MISSING
Q18044269,0,,MISSING
Q18044322,0,,MISSING
Q18044321,0,,MISSING
Q18044326,1,,MISSING
Q18044329,1,,MISSING
Q18045004,1,,MISSING
Q18045137,0,,MISSING
Q18045211,1,,MISSING
Q18045264,0,,MISSING
Q18051435,0,,MISSING
Q18117384,0,,MISSING
Q18123911,1,,MISSING
Q18126503,0,,MISSING
Q18170502,0,,MISSING
Q18171665,0,,MISSING
Q18175694,1,,MISSING
Q39387738,0,,MISSING
Q39389408,0,,MISSING
Q39390360,1,,MISSING
Q39391421,0,,MISSING
Q39394703,1,Q6581097,Q6581097
Q39756258,0,Q6581097,Q6581097
Q39996835,0,Q6581097,Q6581097
Q40077639,0,Q6581097,Q6581097
Q41186347,0,Q6581097,Q6581097
Q41186368,0,Q6581097,Q6581097
Q41186753,0,Q6581097,Q6581097
Q41771547,0,Q6581097,Q6581097
Q41796736,0,Q6581097,Q6581097
Q41799048,0,Q6581097,Q6581097
Q42055714,1,Q6581072,Q6581072
Q42296349,0,Q6581097,Q6581097
Q42296414,1,Q6581072,Q6581072
Q42308056,0,Q6581097,Q6581097
Q42320124,1,Q6581097,Q6581097
Q42435987,0,Q6581097,Q6581097
Q42476242,1,Q6581097,Q6581097
Q42490567,0,Q6581097,Q6581097
Q42535623,0,Q6581072,Q6581072
Q42907476,0,Q6581072,Q6581072
Q43423947,0,Q6581097,Q6581097
Q43427155,0,Q6581097,Q6581097
Q43427628,0,Q6581097,Q6581097
Q43429410,0,Q6581097,Q6581097
Q43767153,0,Q6581072,Q6581072
Q44155535,1,Q6581097,Q6581097
Q46380572,0,Q6581072,Q6581072
Q46712710,0,Q6581097,Q6581097
Q47010854,0,Q6581097,Q6581097
Q47013799,0,Q6581097,Q6581097
Q47155847,0,Q6581072,Q6581072
Q47452937,0,Q6581097,Q6581097
Q47452961,0,Q6581097,Q6581097
Q47453355,1,Q6581097,Q6581097
Q47453352,0,Q6581097,Q6581097
Q47453880,0,Q6581072,Q6581072
Q47468072,0,Q6581072,Q6581072
Q47484926,1,Q6581097,Q6581097
Q47484947,0,Q6581097,Q6581097
Q47489453,1,Q6581072,Q6581072
Q47491337,0,Q6581097,Q6581097
Q47543854,1,Q6581072,Q6581072
Q47636640,0,Q6581097,Q6581097
Q47658583,0,Q6581072,Q6581072
Q47762758,1,Q6581097,Q6581097
Q48145048,0,Q6581097,Q6581097
Q48157421,0,Q6581072,Q6581072
Q48165840,0,Q6581097,Q6581097
Q48196966,0,Q6581072,Q6581072
Q48198696,0,Q6581072,Q6581072
Q48200215,0,Q6581072,Q6581072
Q48233631,0,Q6581072,Q6581072
Q48266966,0,Q6581097,Q6581097
Q48453159,0,Q6581097,Q6581097
Q48645085,1,Q6581097,Q6581097
Q48666944,0,Q6581097,Q6581097
Q48805669,0,Q6581097,Q6581097
Q48869368,0,Q6581097,Q6581097
Q48870054,0,Q6581097,Q6581097
Q48870053,0,,MISSING
Q48870058,0,Q6581097,Q6581097
Q48870056,0,,MISSING
Q48870060,0,Q6581097,Q6581097
Q48870065,0,Q6581097,Q6581097
Q48870076,0,,MISSING
Q48877054,0,Q6581097,Q6581097
Q48877052,0,Q6581097,Q6581097
Q48877103,0,Q6581097,Q6581097
Q48877223,0,,MISSING
Q48877373,0,,MISSING
Q48877377,0,Q6581097,Q6581097
Q48877383,0,,MISSING
Q48877380,0,,MISSING
Q48877386,0,,MISSING
Q48877389,0,Q6581097,Q6581097
Q48877395,0,Q6581097,Q6581097
Q48877392,0,Q6581097,Q6581097
Q48877403,0,,MISSING
Q48877400,0,,MISSING
Q48877407,0,Q6581097,Q6581097
Q48877414,0,Q6581097,Q6581097
Q48877412,0,Q6581097,Q6581097
Q48877418,0,Q6581097,Q6581097
Q48936634,0,Q6581097,Q6581097
Q48937492,1,Q6581072,Q6581072
Q48938575,0,Q6581072,Q6581072
Q48942142,0,Q6581097,Q6581097
Q48953194,0,Q6581097,Q6581097
Q48954084,1,Q6581097,Q6581097
Q48954522,1,Q6581097,Q6581097
Q48955457,1,Q6581097,Q6581097
Q48955565,0,Q6581097,Q6581097
Q48956177,1,Q6581097,Q6581097
Q48956633,0,Q6581097,Q6581097
Q48956684,0,Q6581097,Q6581097
Q49178316,0,,MISSING
Q4070407,0,Q6581072,Q6581072
Q4070467,1,Q6581072,Q6581072
Q4071069,1,Q6581097,Q6581097
Q4071135,1,Q6581097,Q6581097
Q4071138,1,Q6581097,Q6581097
Q4071221,1,Q6581097,Q6581097
Q4071834,1,Q6581097,Q6581097
Q4071876,1,Q6581097,Q6581097
Q4072002,1,Q6581097,Q6581097
Q4072175,1,Q6581097,Q6581097
Q4072350,1,Q6581072,Q6581072
Q4072490,1,Q6581097,Q6581097
Q4072504,1,Q6581097,Q6581097
Q4073101,1,Q6581097,Q6581097
Q4073104,0,Q6581072,Q6581072
Q4073105,1,Q6581097,Q6581097
Q4073115,1,Q6581097,Q6581097
Q4073117,1,Q6581097,Q6581097
Q4073463,1,Q6581097,Q6581097
Q4073467,1,Q6581097,Q6581097
Q4073478,1,Q6581097,Q6581097
Q4073538,1,Q6581097,Q6581097
Q4073747,0,Q6581072,Q6581072
Q4073762,1,Q6581097,Q6581097
Q4073773,0,Q6581097,Q6581097
Q4074597,0,Q6581072,Q6581072
Q4074798,1,Q6581072,Q6581072
Q4074959,1,Q6581097,Q6581097
Q4074966,1,Q6581097,Q6581097
Q4075062,1,Q6581097,Q6581097
Q4075099,0,Q6581097,Q6581097
Q4075417,0,Q6581097,Q6581097
Q4075468,0,Q6581097,Q6581097
Q4075490,1,Q6581097,Q6581097
Q4075495,0,Q6581097,Q6581097
Q4075492,1,Q6581097,Q6581097
Q4075630,1,Q6581097,Q6581097
Q4075662,1,Q6581097,Q6581097
Q4075723,1,Q6581097,Q6581097
Q4075746,1,Q6581097,Q6581097
Q4075756,1,Q6581097,Q6581097
Q4075761,0,Q6581097,Q6581097
Q4075870,1,Q6581097,Q6581097
Q4076608,1,Q6581072,Q6581072
Q4076987,1,Q6581097,Q6581097
Q4077526,1,Q6581097,Q6581097
Q4078359,0,Q6581097,Q6581097
Q4078994,1,Q6581097,Q6581097
Q4079298,0,Q6581097,Q6581097
Q4079866,1,Q6581072,Q6581072
Q4080581,0,Q6581097,Q6581097
Q4081234,1,Q6581072,Q6581072
Q4081237,0,Q6581097,Q6581097
Q4081349,0,Q6581097,Q6581097
Q4081446,1,Q6581097,Q6581097
Q4081449,1,Q6581097,Q6581097
Q4081463,1,Q6581097,Q6581097
Q4083221,1,Q6581097,Q6581097
Q4083471,1,Q6581097,Q6581097
Q4083506,0,Q6581097,Q6581097
Q4084878,0,Q6581097,Q6581097
Q4084915,1,Q6581097,Q6581097
Q4084916,1,Q6581072,Q6581072
Q4085194,1,Q6581097,Q6581097
Q4085915,1,Q6581097,Q6581097
Q4086586,1,Q6581097,Q6581097
Q4086639,0,Q6581097,Q6581097
Q4088380,1,Q6581072,Q6581072
Q4089095,1,Q6581097,Q6581097
Q4090191,1,Q6581097,Q6581097
Q4090256,1,Q6581097,Q6581097
Q4093448,0,Q6581097,Q6581097
Q4093834,0,Q6581097,Q6581097
Q4094616,0,Q6581097,Q6581097
Q4097021,0,Q6581097,Q6581097
Q4098657,0,Q6581097,Q6581097
Q4099575,1,Q6581097,Q6581097
Q4099629,1,Q6581097,Q6581097
Q4100314,0,Q6581097,Q6581097
Q4101231,0,Q6581097,Q6581097
Q4102172,0,Q6581097,Q6581097
Q4102875,1,Q6581097,Q6581097
Q4102880,1,Q6581097,Q6581097
Q4102905,1,Q6581097,Q6581097
Q4104769,0,Q6581072,Q6581072
Q4105359,0,Q6581072,Q6581072
Q4107566,0,Q6581097,Q6581097
Q4109357,0,Q6581097,Q6581097
Q4110811,1,Q6581097,Q6581097
Q4112711,0,Q6581072,Q6581072
Q4112793,1,Q6581097,Q6581097
Q4120867,1,Q6581097,Q6581097
Q4122612,1,Q6581097,Q6581097
Q4122917,1,Q6581097,Q6581097
Q4123286,0,Q6581097,Q6581097
Q4123693,0,Q6581097,Q6581097
Q4125934,1,Q6581097,Q6581097
Q4126117,1,Q6581097,Q6581097
Q4126665,0,Q6581097,Q6581097
Q4126862,1,Q6581097,Q6581097
Q4130450,0,Q6581097,Q6581097
Q4130867,1,Q6581097,Q6581097
Q4130989,1,Q6581097,Q6581097
Q4131632,1,Q6581097,Q6581097
Q4132185,0,Q6581097,Q6581097
Q4132443,1,Q6581072,Q6581072
Q4132940,0,Q6581097,Q6581097
Q4133773,1,Q6581097,Q6581097
Q4134533,1,Q6581097,Q6581097
Q4138363,1,Q6581097,Q6581097
Q4140398,0,Q6581097,Q6581097
Q4141498,1,Q6581097,Q6581097
Q4141733,0,Q6581097,Q6581097
Q4141789,0,Q6581097,Q6581097
Q4142804,0,Q6581097,Q6581097
Q4143104,1,Q6581097,Q6581097
Q4144823,0,Q6581097,Q6581097
Q4145817,1,Q6581097,Q6581097
Q4145989,0,Q6581097,Q6581097
Q4146002,0,Q6581097,Q6581097
Q4146416,1,Q6581097,Q6581097
Q4148865,0,Q6581097,Q6581097
Q4148877,1,Q6581097,Q6581097
Q4149218,1,Q6581097,Q6581097
Q4151286,0,Q6581097,Q6581097
Q4151983,1,Q6581097,Q6581097
Q4152036,0,Q6581097,Q6581097
Q4154423,1,Q6581097,Q6581097
Q4154466,0,Q6581097,Q6581097
Q4154633,0,Q6581097,Q6581097
Q4155004,1,Q6581097,Q6581097
Q4155257,1,Q6581097,Q6581097
Q4155266,1,Q6581097,Q6581097
Q4156510,0,Q6581097,Q6581097
Q4157752,1,Q6581097,Q6581097
Q4158694,1,Q6581097,Q6581097
Q4158742,0,Q6581097,Q6581097
Q4159032,1,Q6581097,Q6581097
Q4159725,0,Q6581072,Q6581072
Q4159752,1,Q6581097,Q6581097
Q4159802,1,Q6581072,Q6581072
Q4159873,1,Q6581072,Q6581072
Q4159949,1,Q6581072,Q6581072
Q4160158,0,Q6581097,Q6581097
Q4160287,1,Q6581097,Q6581097
Q4160389,1,Q6581097,Q6581097
Q4160582,1,Q6581097,Q6581097
Q4161337,0,Q6581097,Q6581097
Q4163310,1,Q6581097,Q6581097
Q4163863,0,Q6581097,Q6581097
Q4166160,1,Q6581072,Q6581072
Q4166396,0,Q6581097,Q6581097
Q4167043,0,Q6581072,Q6581072
Q4167136,1,Q6581097,Q6581097
Q4167176,1,,MISSING
Q4167198,0,,MISSING
Q4167199,1,,MISSING
Q4167308,1,,MISSING
Q4167786,0,,MISSING
Q4170318,0,,MISSING
Q4170429,1,,MISSING
Q4170676,1,,MISSING
Q4171187,1,,MISSING
Q4172429,0,,MISSING
Q4173379,0,,MISSING
Q4173777,0,,MISSING
Q4174730,0,,MISSING
Q4176165,1,,MISSING
Q4176180,1,,MISSING
Q4176249,0,,MISSING
Q4176695,1,,MISSING
Q4176811,1,,MISSING
Q4177065,1,,MISSING
Q4177071,1,,MISSING
Q4177075,1,,MISSING
Q4177077,1,,MISSING
Q4177088,1,,MISSING
Q4177093,1,,MISSING
Q4177171,1,,MISSING
Q4177180,1,,MISSING
Q4177738,0,,MISSING
Q4178079,1,,MISSING
Q4178086,1,,MISSING
Q4178101,1,,MISSING
Q4178149,0,,MISSING
Q4178351,1,,MISSING
Q4179832,1,,MISSING
Q4179984,1,,MISSING
Q4180459,0,,MISSING
Q4180658,0,,MISSING
Q4180858,0,,MISSING
Q4181032,1,,MISSING
Q4181036,1,,MISSING
Q4181037,1,,MISSING
Q4181066,0,,MISSING
Q4181195,1,,MISSING
Q4181620,0,,MISSING
Q4181629,1,,MISSING
Q4181638,1,,MISSING
Q4181645,1,,MISSING
Q12530362,1,,MISSING
Q12530375,1,,MISSING
Q12530377,1,,MISSING
Q12530419,1,,MISSING
Q12530422,1,,MISSING
Q12530433,1,,MISSING
Q12530651,1,,MISSING
Q12531061,1,,MISSING
Q12531066,1,,MISSING
Q12531079,1,,MISSING
Q12531093,1,,MISSING
Q12531116,1,,MISSING
Q12531122,1,,MISSING
Q12531125,1,,MISSING
Q12531342,1,,MISSING
Q12531428,1,,MISSING
Q12531439,1,,MISSING
Q12531633,1,,MISSING
Q12532358,1,,MISSING
Q12532407,1,,MISSING
Q12532737,1,,MISSING
Q12532767,1,,MISSING
Q12532789,1,,MISSING
Q12532811,1,,MISSING
Q12532916,1,,MISSING
Q12532968,1,,MISSING
Q12533007,1,,MISSING
Q12533257,1,,MISSING
Q12533295,1,,MISSING
Q12533318,1,,MISSING
Q12533600,1,,MISSING
Q12533663,1,,MISSING
Q12533670,1,,MISSING
Q12534054,1,,MISSING
Q12534167,1,,MISSING
Q12534174,1,,MISSING
Q12534186,1,,MISSING
Q12534196,1,,MISSING
Q12534206,1,,MISSING
Q12534207,1,,MISSING
Q12534231,1,,MISSING
Q12534338,1,,MISSING
Q12534351,1,,MISSING
Q12534406,1,,MISSING
Q12534454,1,,MISSING
Q12534485,1,,MISSING
Q12534490,1,,MISSING
Q12534494,1,,MISSING
Q12534507,1,,MISSING
Q12534534,1,,MISSING
Q12534539,1,,MISSING
Q12534547,1,,MISSING
Q12534570,1,,MISSING
Q12534568,1,,MISSING
Q12534632,1,,MISSING
Q12534633,1,,MISSING
Q12534741,1,,MISSING
Q12534794,1,,MISSING
Q12534818,1,,MISSING
Q12534845,1,,MISSING
Q12534868,1,,MISSING
Q12535121,1,,MISSING
Q12535129,1,,MISSING
Q12535143,1,,MISSING
Q12535201,1,,MISSING
Q12535435,1,,MISSING
Q12535470,1,,MISSING
Q12535629,1,,MISSING
Q12535705,1,,MISSING
Q12535744,1,,MISSING
Q12535791,1,,MISSING
Q12535866,1,,MISSING
Q12535868,1,,MISSING
Q12535874,1,,MISSING
Q12535872,1,,MISSING
Q12535892,1,,MISSING
Q12535898,1,,MISSING
Q12535900,1,,MISSING
Q12535901,1,,MISSING
Q12536063,1,,MISSING
Q12536066,1,,MISSING
Q12536109,1,,MISSING
Q12536168,1,,MISSING
Q12536244,1,,MISSING
Q12536363,1,,MISSING
Q12536503,1,,MISSING
Q12537172,1,,MISSING
Q12537200,1,,MISSING
Q12537376,1,,MISSING
Q12537470,1,,MISSING
Q12537577,1,,MISSING
Q12537580,1,,MISSING
Q12537585,1,,MISSING
Q12537598,1,,MISSING
Q12537602,1,,MISSING
Q12537735,1,,MISSING
Q12537733,1,,MISSING
Q12537740,1,,MISSING
Q12537748,1,,MISSING
Q12537755,1,,MISSING
Q12537869,1,,MISSING
Q12537896,1,,MISSING
Q12537917,1,,MISSING
Q12537986,1,,MISSING
Q12537996,1,,MISSING
Q12538031,1,,MISSING
Q12538065,1,,MISSING
Q12538136,1,,MISSING
Q12538175,1,,MISSING
Q12538172,1,,MISSING
Q12538194,1,,MISSING
Q12538207,1,,MISSING
Q12538211,1,,MISSING
Q12538215,1,,MISSING
Q12538230,1,,MISSING
Q12538247,1,,MISSING
Q12538261,1,,MISSING
Q12538270,1,,MISSING
Q12538277,1,,MISSING
Q12538292,1,,MISSING
Q12538427,1,,MISSING
Q12538429,1,,MISSING
Q12538475,1,,MISSING
Q12538592,1,,MISSING
Q12538593,1,,MISSING
Q12538596,1,,MISSING
Q12538597,1,,MISSING
Q12538696,1,,MISSING
Q12538771,1,,MISSING
Q12538984,1,,MISSING
Q12539349,1,,MISSING
Q12539589,1,,MISSING
Q12539601,1,,MISSING
Q12539666,1,,MISSING
Q12539664,1,,MISSING
Q12539680,1,,MISSING
Q12539717,1,,MISSING
Q12539735,1,,MISSING
Q12539738,1,,MISSING
Q12539743,1,,MISSING
Q12539750,1,,MISSING
Q12539751,1,,MISSING
Q12539749,1,,MISSING
Q12539765,1,,MISSING
Q12539769,1,,MISSING
Q12539779,1,,MISSING
Q12539800,1,,MISSING
Q12539807,1,,MISSING
Q12539883,1,,MISSING
Q12539915,1,,MISSING
Q12539955,1,,MISSING
Q12540008,1,,MISSING
Q12540193,1,,MISSING
Q12540221,1,,MISSING
Q12540311,1,,MISSING
Q12540445,1,,MISSING
Q12540473,1,,MISSING
Q12540530,1,,MISSING
Q12540571,1,,MISSING
Q12540574,1,,MISSING
Q12540572,1,,MISSING
Q12540866,1,,MISSING
Q12540869,1,,MISSING
Q12540880,1,,MISSING
Q12540884,1,,MISSING
Q12540885,1,,MISSING
Q12540895,1,,MISSING
Q12540978,1,,MISSING
Q12540977,1,,MISSING
Q12541030,1,,MISSING
Q12541081,1,,MISSING
Q12541190,1,,MISSING
Q12541189,1,,MISSING
Q12541194,1,,MISSING
Q12541221,1,,MISSING
Q12541319,1,,MISSING
Q12541515,1,,MISSING
Q12541531,1,,MISSING
Q12541607,1,,MISSING
Q12541656,1,,MISSING
Q12541750,1,,MISSING
Q12541755,1,,MISSING
Q12541752,1,,MISSING
Q12541760,1,,MISSING
Q12541856,1,,MISSING
Q12541905,1,,MISSING
Q12541909,1,,MISSING
Q12541946,1,,MISSING
Q12541956,1,,MISSING
Q12541963,1,,MISSING
Q12541966,1,,MISSING
Q12541989,1,,MISSING
Q12541999,1,,MISSING
Q12542039,1,,MISSING
Q12542042,1,,MISSING
Q12542048,1,,MISSING
Q12542049,1,,MISSING
Q12542053,1,,MISSING
Q12542091,1,,MISSING
Q12542109,1,,MISSING
Q12542199,1,,MISSING
Q12542238,1,,MISSING
Q12542244,1,,MISSING
Q12542248,1,,MISSING
Q12542256,1,,MISSING
Q12542269,1,,MISSING
Q12542277,1,,MISSING
Q12542308,1,,MISSING
Q12542313,1,,MISSING
Q12542319,1,,MISSING
Q12542366,1,,MISSING
Q12542367,1,,MISSING
Q12542453,1,,MISSING
Q12542542,1,,MISSING
Q12542602,1,,MISSING
Q12542830,1,,MISSING
Q12543131,1,,MISSING
Q12543151,1,,MISSING
Q12543148,1,,MISSING
Q12543194,1,,MISSING
Q12543219,1,,MISSING
Q12543274,1,,MISSING
Q12543310,1,,MISSING
Q12543309,1,,MISSING
Q12543340,1,,MISSING
Q12543375,1,,MISSING
Q12543381,1,,MISSING
Q12543440,1,,MISSING
Q12543445,1,,MISSING
Q12543516,1,,MISSING
Q12543524,1,,MISSING
Q12543533,1,,MISSING
Q12543657,1,,MISSING
Q12543662,1,,MISSING
Q12543922,1,,MISSING
Q12544013,1,,MISSING
Q12544061,1,,MISSING
Q12544090,1,,MISSING
Q12544091,1,,MISSING
Q12544731,1,,MISSING
Q12544750,1,,MISSING
Q12544831,1,,MISSING
Q12544919,1,,MISSING
Q12545009,1,,MISSING
Q12545045,1,,MISSING
Q12545061,1,,MISSING
Q12545469,1,,MISSING
Q12545538,1,,MISSING
Q12545601,1,,MISSING
Q12545744,1,,MISSING
Q12545749,1,,MISSING
Q12545754,1,,MISSING
Q12545859,1,,MISSING
Q12545873,1,,MISSING
Q12545877,1,,MISSING
Q12545895,1,,MISSING
Q12545907,1,,MISSING
Q12546021,1,,MISSING
Q12546079,1,,MISSING
Q12546081,1,,MISSING
Q12546115,1,,MISSING
Q12546177,1,,MISSING
Q12546228,1,,MISSING
Q12546229,1,,MISSING
Q12546307,1,,MISSING
Q12546395,1,,MISSING
Q12546399,1,,MISSING
Q12546403,1,,MISSING
Q12546429,1,,MISSING
Q12546454,1,,MISSING
Q12546508,1,,MISSING
Q12546520,1,,MISSING
Q12546546,1,,MISSING
Q12546599,1,,MISSING
Q12546602,1,,MISSING
Q12546614,1,,MISSING
Q12546654,1,,MISSING
Q12546655,1,,MISSING
Q12546669,1,,MISSING
Q12546675,1,,MISSING
Q12546678,1,,MISSING
Q12546676,1,,MISSING
Q12546742,1,,MISSING
Q12546746,1,,MISSING
Q12546755,1,,MISSING
Q12546769,1,,MISSING
Q12546790,1,,MISSING
Q12546809,1,,MISSING
Q12546833,1,,MISSING
Q12546914,1,,MISSING
Q12547541,1,,MISSING
Q12547554,1,,MISSING
Q12547579,1,,MISSING
Q12547586,1,,MISSING
Q12547591,1,,MISSING
Q12547589,1,,MISSING
Q12547638,1,,MISSING
Q12547653,1,,MISSING
Q12547660,1,,MISSING
Q12547750,1,,MISSING
Q18184792,0,,MISSING
Q18186940,0,,MISSING
Q18187983,0,,MISSING
Q18199725,0,,MISSING
Q18205740,1,,MISSING
Q18217880,0,,MISSING
Q18218115,0,,MISSING
Q18218118,1,,MISSING
Q18226527,0,,MISSING
Q18233425,1,,MISSING
Q18235201,0,,MISSING
Q18239225,0,,MISSING
Q18243385,1,,MISSING
Q18243857,0,,MISSING
Q18276439,0,,MISSING
Q18278338,0,,MISSING
Q18278432,1,,MISSING
Q18278691,0,,MISSING
Q18278759,0,,MISSING
Q18278962,1,,MISSING
Q18279124,0,,MISSING
Q18279420,0,,MISSING
Q18279474,0,,MISSING
Q18337783,0,,MISSING
Q18350577,0,,MISSING
Q18351239,0,,MISSING
Q18356888,0,,MISSING
Q18378080,0,,MISSING
Q18388576,1,,MISSING
Q18396502,0,,MISSING
Q18401097,1,,MISSING
Q18405310,0,,MISSING
Q18407196,0,,MISSING
Q18408936,1,,MISSING
Q18409516,0,,MISSING
Q18430974,0,,MISSING
Q18434070,0,,MISSING
Q18536146,1,,MISSING
Q18563062,1,,MISSING
Q18633983,0,,MISSING
Q18634056,0,,MISSING
Q18634070,0,,MISSING
Q18634269,1,,MISSING
Q18634314,1,,MISSING
Q18635177,0,,MISSING
Q18635202,0,,MISSING
Q18636519,0,,MISSING
Q18640145,0,,MISSING
Q18640449,0,,MISSING
Q18640523,0,,MISSING
Q18640695,1,,MISSING
Q18741031,0,,MISSING
Q18741084,0,,MISSING
Q18741268,0,,MISSING
Q18741424,0,,MISSING
Q18819874,0,,MISSING
Q19060730,0,,MISSING
Q19060767,0,,MISSING
Q19361744,1,,MISSING
Q19364678,0,,MISSING
Q19364676,0,,MISSING
Q19364683,0,,MISSING
Q19364680,0,,MISSING
Q19364681,0,,MISSING
Q19515559,0,,MISSING
Q19518598,1,,MISSING
Q19518654,0,,MISSING
Q19518657,0,,MISSING
Q19520406,0,,MISSING
Q19559969,0,,MISSING
Q19561033,0,,MISSING
Q19561040,0,,MISSING
Q19561124,1,,MISSING
Q19561421,0,,MISSING
Q19577733,1,,MISSING
Q19605336,0,,MISSING
Q19605359,0,,MISSING
Q19613311,0,,MISSING
Q19613939,0,,MISSING
Q19614129,0,,MISSING
Q19614821,1,,MISSING
Q19615342,1,,MISSING
Q19615390,0,,MISSING
Q19616575,0,,MISSING
Q19617489,0,,MISSING
Q19619140,0,,MISSING
Q19619141,0,,MISSING
Q19630090,0,,MISSING
Q19649673,0,,MISSING
Q19662268,0,,MISSING
Q19666099,0,,MISSING
Q19667925,0,,MISSING
Q19742650,0,,MISSING
Q19758967,0,,MISSING
Q19772479,0,,MISSING
Q19817440,1,,MISSING
Q19818930,0,,MISSING
Q19819075,0,,MISSING
Q19834001,1,,MISSING
Q19835594,1,,MISSING
Q19882087,0,,MISSING
Q19886281,0,,MISSING
Q19886290,1,,MISSING
Q19907915,0,,MISSING
Q19908360,0,,MISSING
Q19908412,0,,MISSING
Q19908611,0,,MISSING
Q19909428,0,,MISSING
Q19910125,0,,MISSING
Q19910817,0,,MISSING
Q19915709,0,,MISSING
Q19915858,0,,MISSING
Q19916831,0,,MISSING
Q19916923,0,,MISSING
Q19916979,1,,MISSING
Q19917057,0,,MISSING
Q19917979,0,,MISSING
Q19918017,0,,MISSING
Q19918164,0,,MISSING
Q19918227,0,,MISSING
Q19918243,0,,MISSING
Q19918274,1,,MISSING
Q19918386,0,,MISSING
Q19930167,0,,MISSING
Q19930164,0,,MISSING
Q19930165,0,,MISSING
Q19930170,0,,MISSING
Q19930168,0,,MISSING
Q19930169,0,,MISSING
Q19960011,1,,MISSING
Q19960172,0,,MISSING
Q19968699,1,,MISSING
Q19979431,1,,MISSING
Q20026213,1,,MISSING
Q20028126,0,,MISSING
Q20030953,1,,MISSING
Q20031046,1,,MISSING
Q20036949,0,,MISSING
Q20070370,0,,MISSING
Q20088684,0,,MISSING
Q20090322,1,,MISSING
Q20111694,0,,MISSING
Q20177414,0,,MISSING
Q20180503,0,,MISSING
Q20180793,1,,MISSING
Q20190643,1,,MISSING
Q20482338,1,,MISSING
Q20482546,1,,MISSING
Q20482549,1,,MISSING
Q20482553,1,,MISSING
Q20482583,1,,MISSING
Q20482580,1,,MISSING
Q20482593,1,,MISSING
Q20482598,1,,MISSING
Q20482608,1,,MISSING
Q20482646,0,,MISSING
Q20482652,1,,MISSING
Q20482694,1,,MISSING
Q20482699,1,,MISSING
Q20482713,1,,MISSING
Q20482723,1,,MISSING
Q20482742,1,,MISSING
Q20482747,1,,MISSING
Q20482745,1,,MISSING
Q20482778,1,,MISSING
Q20482792,1,,MISSING
Q20482801,1,,MISSING
Q20482820,1,,MISSING
Q20482825,1,,MISSING
Q20482857,1,,MISSING
Q20482890,1,,MISSING
Q20482891,1,,MISSING
Q20482904,1,,MISSING
Q20482926,1,,MISSING
Q20483031,1,,MISSING
Q20483094,1,,MISSING
Q20483102,1,,MISSING
Q20483107,1,,MISSING
Q20483114,1,,MISSING
Q20483115,1,,MISSING
Q20483132,1,,MISSING
Q20483137,1,,MISSING
Q20483196,1,,MISSING
Q20483203,1,,MISSING
Q20483214,1,,MISSING
Q20483215,1,,MISSING
Q20483228,1,,MISSING
Q20483254,1,,MISSING
Q20483276,1,,MISSING
Q20483283,1,,MISSING
Q20483294,1,,MISSING
Q20483299,1,,MISSING
Q20483310,1,,MISSING
Q20483318,1,,MISSING
Q20483324,1,,MISSING
Q20483337,1,,MISSING
Q20483346,1,,MISSING
Q20483371,1,,MISSING
Q20483375,1,,MISSING
Q20483376,1,,MISSING
Q49561532,0,,MISSING
Q49561541,0,,MISSING
Q49562010,0,,MISSING
Q49562022,0,,MISSING
Q49562036,0,,MISSING
Q49597784,0,,MISSING
Q50189012,0,,MISSING
Q50239709,1,,MISSING
Q50323561,0,,MISSING
Q50335903,0,,MISSING
Q50380532,1,,MISSING
Q50398924,0,,MISSING
Q50485443,0,,MISSING
Q50526811,1,,MISSING
Q50772739,1,,MISSING
Q50847964,1,,MISSING
Q50926283,0,,MISSING
Q50928253,0,,MISSING
Q50941292,1,,MISSING
Q51022055,1,,MISSING
Q51334801,0,,MISSING
Q51667466,0,,MISSING
Q51667895,0,,MISSING
Q51668139,0,,MISSING
Q51668185,0,,MISSING
Q51668816,1,,MISSING
Q51669613,0,,MISSING
Q51670531,1,,MISSING
Q51670845,0,,MISSING
Q51787735,0,,MISSING
Q51787899,0,,MISSING
Q51787933,0,,MISSING
Q51787941,0,,MISSING
Q51787949,0,,MISSING
Q51843965,0,,MISSING
Q51844105,0,,MISSING
Q51844603,0,,MISSING
Q51845471,0,,MISSING
Q51954373,0,,MISSING
Q51972175,0,,MISSING
Q52371940,0,,MISSING
Q52735381,0,,MISSING
Q53381363,0,,MISSING
Q53791790,1,,MISSING
Q53862617,1,,MISSING
Q54862554,0,,MISSING
Q54877297,0,,MISSING
Q54969311,1,,MISSING
Q55012166,0,,MISSING
Q55103199,1,,MISSING
Q55103353,0,,MISSING
Q55103372,1,,MISSING
Q55103401,0,,MISSING
Q55103616,0,,MISSING
Q55103771,0,,MISSING
Q55104161,0,,MISSING
Q55104737,0,,MISSING
Q55105191,1,,MISSING
Q55106289,1,,MISSING
Q55239134,0,,MISSING
Q55239156,0,,MISSING
Q55239165,0,,MISSING
Q55239174,0,,MISSING
Q55282024,0,,MISSING
Q55282028,1,,MISSING
Q55362617,0,,MISSING
Q55374956,1,,MISSING
Q55389931,0,,MISSING
Q55389937,0,,MISSING
Q55390040,0,,MISSING
Q55471621,0,,MISSING
Q55541199,0,,MISSING
Q55593174,0,,MISSING
Q55593271,0,,MISSING
Q55605967,1,,MISSING
Q55650836,1,,MISSING
Q55652742,1,,MISSING
Q55653608,0,,MISSING
Q55655395,0,,MISSING
Q55655548,0,,MISSING
Q55691572,0,,MISSING
Q55713901,0,,MISSING
Q55768429,0,,MISSING
Q55834393,0,,MISSING
Q56046729,0,,MISSING
Q56064017,0,,MISSING
Q56065078,1,,MISSING
Q56222316,0,,MISSING
Q56224848,0,,MISSING
Q56226512,0,,MISSING
Q56250314,0,,MISSING
Q56307080,1,,MISSING
Q56307178,0,,MISSING
Q56308148,0,,MISSING
Q56308476,0,,MISSING
Q56308477,0,,MISSING
Q56308502,0,,MISSING
Q56308573,0,,MISSING
Q56308579,0,,MISSING
Q56308813,0,,MISSING
Q56309701,1,,MISSING
Q56309748,0,,MISSING
Q56309756,0,,MISSING
Q56309986,0,,MISSING
Q56310801,0,,MISSING
Q56310805,0,,MISSING
Q56310931,0,,MISSING
Q56310977,0,,MISSING
Q56311185,0,,MISSING
Q56311197,0,,MISSING
Q56311200,0,,MISSING
Q56311808,0,,MISSING
Q56315443,1,,MISSING
Q56322088,0,,MISSING
Q56340833,0,,MISSING
Q56426633,1,,MISSING
Q56433531,0,,MISSING
Q56475546,0,,MISSING
Q56475547,0,,MISSING
Q56599619,0,,MISSING
Q56681477,1,,MISSING
Q56682769,0,,MISSING
Q56685591,0,,MISSING
Q56710757,0,,MISSING
Q56808028,0,,MISSING
Q56809113,1,,MISSING
Q56825894,1,,MISSING
Q56884013,0,,MISSING
Q57323319,0,,MISSING
Q57326692,0,,MISSING
Q57445822,1,,MISSING
Q57558189,0,,MISSING
Q57858847,1,,MISSING
Q57915940,0,,MISSING
Q58072080,1,,MISSING
Q58079733,0,,MISSING
Q58196938,1,,MISSING
Q58240233,1,,MISSING
Q58308116,0,,MISSING
Q58315988,0,,MISSING
Q58327407,1,,MISSING
Q58367440,0,,MISSING
Q58368847,0,,MISSING
Q58378992,0,,MISSING
Q58389249,0,,MISSING
Q58878881,0,,MISSING
Q58885843,0,,MISSING
Q59101173,0,,MISSING
Q59175847,0,,MISSING
Q59185728,0,,MISSING
Q59387261,1,,MISSING
Q59682116,0,,MISSING
Q59857659,0,,MISSING
Q60023751,0,,MISSING
Q60496212,0,,MISSING
Q60535382,0,,MISSING
Q60537094,0,,MISSING
Q60537165,0,,MISSING
Q60590427,0,,MISSING
Q60694353,1,,MISSING
Q60694666,0,,MISSING
Q60694751,0,,MISSING
Q60695117,0,,MISSING
Q60825564,1,,MISSING
Q60825884,0,,MISSING
Q60826671,0,,MISSING
Q60826736,0,,MISSING
Q60827308,0,,MISSING
Q60827314,1,,MISSING
Q60828327,0,,MISSING
Q60828424,0,,MISSING
Q60829141,0,,MISSING
Q60829941,0,,MISSING
Q60830552,1,,MISSING
Q60830629,0,,MISSING
Q60830721,0,,MISSING
Q60830925,0,,MISSING
Q60830968,1,,MISSING
Q60831075,0,,MISSING
Q60831076,0,,MISSING
Q60831525,1,,MISSING
Q60832926,1,,MISSING
Q60833499,1,,MISSING
Q60833553,1,,MISSING
Q60833563,1,,MISSING
Q60834344,0,,MISSING
Q60834482,1,,MISSING
Q60835306,1,,MISSING
Q60835661,0,,MISSING
Q60836096,0,,MISSING
Q60836102,1,,MISSING
Q60836284,0,,MISSING
Q60836831,0,,MISSING
Q60837254,0,,MISSING
Q60837267,0,,MISSING
Q60837759,0,,MISSING
Q60837897,0,,MISSING
Q60837906,0,,MISSING
Q60838064,1,,MISSING
Q60838161,0,,MISSING
Q65250338,1,,MISSING
Q65250450,1,,MISSING
Q65250470,1,,MISSING
Q65250497,1,,MISSING
Q65250503,1,,MISSING
Q65250500,1,,MISSING
Q65250512,1,,MISSING
Q65250523,1,,MISSING
Q65250697,1,,MISSING
Q65250714,1,,MISSING
Q65250806,1,,MISSING
Q65250854,1,,MISSING
Q65250947,1,,MISSING
Q65251080,1,,MISSING
Q65251121,1,,MISSING
Q65251135,1,,MISSING
Q65251777,1,,MISSING
Q65251840,1,,MISSING
Q65251933,1,,MISSING
Q65252177,1,,MISSING
Q65252798,1,,MISSING
Q65252867,1,,MISSING
Q65253488,1,,MISSING
Q65548418,0,,MISSING
Q65548462,0,,MISSING
Q65551389,0,,MISSING
Q65553293,0,,MISSING
Q65559052,0,,MISSING
Q65670139,0,,MISSING
Q65923248,1,,MISSING
Q65951758,0,,MISSING
Q66095795,0,,MISSING
Q66101070,1,,MISSING
Q66108257,0,,MISSING
Q66125153,0,,MISSING
Q66394161,0,,MISSING
Q66587436,0,,MISSING
Q66648657,1,,MISSING
Q66655344,1,,MISSING
Q66661712,0,,MISSING
Q66840886,0,,MISSING
Q66840899,0,,MISSING
Q66840903,0,,MISSING
Q66840905,0,,MISSING
Q66840953,0,,MISSING
Q66840981,0,,MISSING
Q66840991,0,,MISSING
Q66841107,0,,MISSING
Q66841151,0,,MISSING
Q66841160,0,,MISSING
Q66841197,0,,MISSING
Q66841200,0,,MISSING
Q66841271,0,,MISSING
Q66841314,0,,MISSING
Q66841412,0,,MISSING
Q66841447,0,,MISSING
Q66841450,0,,MISSING
Q66841457,0,,MISSING
Q67980434,0,,MISSING
Q68045840,1,,MISSING
Q68101315,0,,MISSING
Q68162982,0,,MISSING
Q68845886,0,,MISSING
Q69578268,0,,MISSING
Q69801470,0,,MISSING
Q69972948,1,,MISSING
Q70011420,0,,MISSING
Q70251498,1,,MISSING
Q70251767,0,,MISSING
Q70251906,1,,MISSING
Q70251955,0,,MISSING
Q70252095,0,,MISSING
Q70252200,0,,MISSING
Q70252994,0,,MISSING
Q70253221,0,,MISSING
Q70253393,0,,MISSING
Q70253431,1,,MISSING
Q70253475,1,,MISSING
Q70253502,0,,MISSING
Q70253546,1,,MISSING
Q70253633,0,,MISSING
Q70253850,0,,MISSING
Q70253913,1,,MISSING
Q70254110,1,,MISSING
Q70254736,1,,MISSING
Q70560425,0,,MISSING
Q70667769,1,,MISSING
Q70668896,1,,MISSING
Q70670504,1,,MISSING
Q70709235,0,,MISSING
Q70709352,1,,MISSING
Q70758288,0,,MISSING
Q71051200,0,,MISSING
Q71164400,0,,MISSING
Q71318720,0,,MISSING
Q71318822,0,,MISSING
Q71319359,0,,MISSING
Q71319716,0,,MISSING
Q71428480,0,,MISSING
Q71428543,1,,MISSING
Q4181893,1,,MISSING
Q4182010,1,,MISSING
Q4183057,0,,MISSING
Q4183335,1,,MISSING
Q4183406,0,,MISSING
Q4187299,1,,MISSING
Q4189551,1,,MISSING
Q4190180,1,,MISSING
Q4190210,0,,MISSING
Q4191470,0,,MISSING
Q4191819,1,,MISSING
Q4191926,1,,MISSING
Q4192211,0,,MISSING
Q4194591,0,,MISSING
Q4195352,0,,MISSING
Q4198704,1,,MISSING
Q4199707,0,,MISSING
Q4200049,0,,MISSING
Q4202773,0,,MISSING
Q4203248,1,,MISSING
Q4203513,1,,MISSING
Q4203722,1,,MISSING
Q4203750,0,,MISSING
Q4203816,1,,MISSING
Q4204068,0,,MISSING
Q4204104,1,,MISSING
Q4204422,0,,MISSING
Q4205436,1,,MISSING
Q4205713,1,,MISSING
Q4206632,1,,MISSING
Q4206761,0,,MISSING
Q4206766,1,,MISSING
Q4207212,0,,MISSING
Q4207459,1,,MISSING
Q4208401,0,,MISSING
Q4208743,1,,MISSING
Q4209314,1,,MISSING
Q4209355,0,,MISSING
Q4209352,1,,MISSING
Q4210200,0,,MISSING
Q4211441,1,,MISSING
Q4211543,1,,MISSING
Q4211603,1,,MISSING
Q4212176,1,,MISSING
Q4212180,0,,MISSING
Q4213731,1,,MISSING
Q4214305,1,,MISSING
Q4214979,1,,MISSING
Q4215008,0,,MISSING
Q4215062,1,,MISSING
Q4216596,1,,MISSING
Q4216945,1,,MISSING
Q4216953,1,,MISSING
Q4217676,1,,MISSING
Q4217830,1,,MISSING
Q4217921,1,,MISSING
Q4218032,0,,MISSING
Q4219024,1,,MISSING
Q4219098,1,,MISSING
Q4219606,1,,MISSING
Q4219777,1,,MISSING
Q4220445,1,,MISSING
Q4220486,1,,MISSING
Q4220627,1,,MISSING
Q4221171,1,,MISSING
Q4222058,0,,MISSING
Q4222738,1,,MISSING
Q4223739,0,,MISSING
Q4225434,0,,MISSING
Q4225572,0,,MISSING
Q4225960,1,,MISSING
Q4226243,1,,MISSING
Q4226249,1,,MISSING
Q4226718,0,,MISSING
Q4226778,0,,MISSING
Q4227032,1,,MISSING
Q4227382,0,,MISSING
Q4229623,0,,MISSING
Q4232029,1,,MISSING
Q4232074,0,,MISSING
Q4232942,0,,MISSING
Q4233034,1,,MISSING
Q4233506,1,,MISSING
Q4233865,0,,MISSING
Q4234568,0,,MISSING
Q4234753,1,,MISSING
Q4234767,1,,MISSING
Q4235256,0,,MISSING
Q4235322,0,,MISSING
Q4235666,0,,MISSING
Q4236107,0,,MISSING
Q4236176,1,,MISSING
Q4236991,0,,MISSING
Q4237072,0,,MISSING
Q4239927,0,,MISSING
Q4241831,1,,MISSING
Q4242515,0,,MISSING
Q4243117,0,,MISSING
Q4243237,0,,MISSING
Q4243433,1,,MISSING
Q4243574,1,,MISSING
Q4244977,0,,MISSING
Q4245925,1,,MISSING
Q4245951,1,,MISSING
Q4246071,1,,MISSING
Q4246075,1,,MISSING
Q4246136,1,,MISSING
Q4246404,0,,MISSING
Q4246579,0,,MISSING
Q4246585,0,,MISSING
Q4246950,1,,MISSING
Q4247082,1,,MISSING
Q4248566,1,,MISSING
Q4248569,1,,MISSING
Q4249182,0,,MISSING
Q4249877,0,,MISSING
Q4250163,0,,MISSING
Q4250192,1,,MISSING
Q4253447,1,,MISSING
Q4257173,0,,MISSING
Q4259197,0,,MISSING
Q4260223,0,,MISSING
Q4260638,1,,MISSING
Q4262331,0,,MISSING
Q4263069,0,,MISSING
Q4263589,1,,MISSING
Q4264947,1,,MISSING
Q4265036,0,,MISSING
Q4267386,0,,MISSING
Q4269581,1,,MISSING
Q4272719,1,,MISSING
Q4273907,1,,MISSING
Q4274481,1,,MISSING
Q4274538,0,,MISSING
Q4274578,0,,MISSING
Q4274832,1,,MISSING
Q4275225,1,,MISSING
Q4276117,0,,MISSING
Q4277762,1,,MISSING
Q4278761,1,,MISSING
Q4279318,0,,MISSING
Q4279397,0,,MISSING
Q4279499,0,,MISSING
Q4279805,1,,MISSING
Q4279808,1,,MISSING
Q4279972,0,,MISSING
Q4279973,0,,MISSING
Q4280148,0,,MISSING
Q4280186,0,,MISSING
Q4281456,1,,MISSING
Q4281955,0,,MISSING
Q4282077,0,,MISSING
Q4285535,1,,MISSING
Q4285631,1,,MISSING
Q4286266,0,,MISSING
Q4287316,0,,MISSING
Q4287328,0,,MISSING
Q4287635,1,,MISSING
Q4291609,0,,MISSING
Q4295575,0,,MISSING
Q4296269,0,,MISSING
Q4299148,1,,MISSING
Q4300309,0,,MISSING
Q4306864,1,,MISSING
Q4306865,1,,MISSING
Q4308305,1,,MISSING
Q4308322,0,,MISSING
Q4308323,1,,MISSING
Q4308335,1,,MISSING
Q4308375,1,,MISSING
Q4308406,1,,MISSING
Q4308614,1,,MISSING
Q4308651,0,,MISSING
Q4308732,1,,MISSING
Q4308737,1,,MISSING
Q4308742,1,,MISSING
Q4308746,1,,MISSING
Q4308968,1,,MISSING
Q4309431,0,,MISSING
Q4309432,1,,MISSING
Q4309650,0,,MISSING
Q4311210,0,,MISSING
Q4312090,1,,MISSING
Q4312142,1,,MISSING
Q4312144,1,,MISSING
Q4312727,1,,MISSING
Q4313147,1,,MISSING
Q4313145,1,,MISSING
Q4313529,0,,MISSING
Q4313628,0,,MISSING
Q4313951,0,,MISSING
Q4316972,0,,MISSING
Q4317800,0,,MISSING
Q4318205,1,,MISSING
Q4318380,1,,MISSING
Q4318542,0,,MISSING
Q4318541,1,,MISSING
Q4319543,1,,MISSING
Q4319687,0,,MISSING
Q12547768,1,,MISSING
Q12548026,1,,MISSING
Q12548027,1,,MISSING
Q12548030,1,,MISSING
Q12548031,1,,MISSING
Q12548029,1,,MISSING
Q12548063,1,,MISSING
Q12548090,1,,MISSING
Q12548394,1,,MISSING
Q12548733,1,,MISSING
Q12548809,1,,MISSING
Q12548827,1,,MISSING
Q12549153,1,,MISSING
Q12549262,1,,MISSING
Q12549390,1,,MISSING
Q12549391,1,,MISSING
Q12549877,1,,MISSING
Q12549904,1,,MISSING
Q12550504,1,,MISSING
Q12550511,1,,MISSING
Q12550526,1,,MISSING
Q12550530,1,,MISSING
Q12550538,1,,MISSING
Q12550563,1,,MISSING
Q12550697,1,,MISSING
Q12550722,1,,MISSING
Q12550723,1,,MISSING
Q12550738,1,,MISSING
Q12550739,1,,MISSING
Q12550760,1,,MISSING
Q12550766,1,,MISSING
Q12550926,1,,MISSING
Q12551098,1,,MISSING
Q12551347,1,,MISSING
Q12551470,1,,MISSING
Q12551536,1,,MISSING
Q12551648,1,,MISSING
Q12551685,1,,MISSING
Q12551718,1,,MISSING
Q12551752,1,,MISSING
Q12551770,1,,MISSING
Q12551779,1,,MISSING
Q12551826,1,,MISSING
Q12551829,1,,MISSING
Q12551856,1,,MISSING
Q12551857,1,,MISSING
Q12551865,1,,MISSING
Q12551980,1,,MISSING
Q12552104,1,,MISSING
Q12552110,1,,MISSING
Q12552111,1,,MISSING
Q12552112,1,,MISSING
Q12552113,1,,MISSING
Q12552118,1,,MISSING
Q12552116,1,,MISSING
Q12552122,1,,MISSING
Q12552120,1,,MISSING
Q12552121,1,,MISSING
Q12552125,1,,MISSING
Q12552147,1,,MISSING
Q12552158,1,,MISSING
Q12552157,1,,MISSING
Q12552164,1,,MISSING
Q12552170,1,,MISSING
Q12552355,1,,MISSING
Q12552412,1,,MISSING
Q12552421,1,,MISSING
Q12552439,1,,MISSING
Q12552651,1,,MISSING
Q12552666,1,,MISSING
Q12552675,1,,MISSING
Q12552701,1,,MISSING
Q12552846,1,,MISSING
Q12552864,1,,MISSING
Q12552870,1,,MISSING
Q12552903,1,,MISSING
Q12552910,1,,MISSING
Q12552918,1,,MISSING
Q12552939,1,,MISSING
Q12552979,1,,MISSING
Q12552980,1,,MISSING
Q12552985,1,,MISSING
Q12553008,1,,MISSING
Q12553145,1,,MISSING
Q12553159,1,,MISSING
Q12553165,1,,MISSING
Q12553175,1,,MISSING
Q12553232,1,,MISSING
Q12553240,1,,MISSING
Q12553241,1,,MISSING
Q12553250,1,,MISSING
Q12553252,1,,MISSING
Q12553283,1,,MISSING
Q12553281,1,,MISSING
Q12553287,1,,MISSING
Q12553320,1,,MISSING
Q12553321,1,,MISSING
Q12553427,1,,MISSING
Q12553496,1,,MISSING
Q12553508,1,,MISSING
Q12553514,1,,MISSING
Q12553515,1,,MISSING
Q12553513,1,,MISSING
Q12553528,1,,MISSING
Q12553778,1,,MISSING
Q12554089,1,,MISSING
Q12554117,1,,MISSING
Q12554152,1,,MISSING
Q12554164,1,,MISSING
Q12554241,0,,MISSING
Q12554285,1,,MISSING
Q12554509,1,,MISSING
Q12554691,1,,MISSING
Q12554689,1,,MISSING
Q12554693,1,,MISSING
Q12554719,1,,MISSING
Q12554778,1,,MISSING
Q12554793,0,,MISSING
Q12554840,1,,MISSING
Q12554867,1,,MISSING
Q12554898,1,,MISSING
Q12554899,1,,MISSING
Q12554896,1,,MISSING
Q12554897,1,,MISSING
Q12555160,1,,MISSING
Q12555161,1,,MISSING
Q12555167,1,,MISSING
Q12555165,1,,MISSING
Q12555169,1,,MISSING
Q12555186,1,,MISSING
Q12555194,1,,MISSING
Q12555206,1,,MISSING
Q12555207,1,,MISSING
Q12555205,1,,MISSING
Q12555208,1,,MISSING
Q12555212,1,,MISSING
Q12555268,1,,MISSING
Q12555291,1,,MISSING
Q12555288,1,,MISSING
Q12555301,1,,MISSING
Q12555354,1,,MISSING
Q12555358,1,,MISSING
Q12555356,1,,MISSING
Q12555362,1,,MISSING
Q12555360,1,,MISSING
Q12555393,1,,MISSING
Q12555403,1,,MISSING
Q12555426,1,,MISSING
Q12555461,1,,MISSING
Q12555523,1,,MISSING
Q12555524,1,,MISSING
Q12555652,1,,MISSING
Q12555683,1,,MISSING
Q12555692,1,,MISSING
Q12555734,1,,MISSING
Q12555793,1,,MISSING
Q12555796,1,,MISSING
Q12555834,1,,MISSING
Q12555864,1,,MISSING
Q12555924,1,,MISSING
Q12556127,1,,MISSING
Q12556167,1,,MISSING
Q12556230,1,,MISSING
Q12556261,1,,MISSING
Q12556307,1,,MISSING
Q12556309,1,,MISSING
Q12556349,1,,MISSING
Q12556354,1,,MISSING
Q12556489,1,,MISSING
Q12556515,1,,MISSING
Q12556548,1,,MISSING
Q12556595,1,,MISSING
Q12556631,1,,MISSING
Q12556684,1,,MISSING
Q12556693,1,,MISSING
Q12556699,1,,MISSING
Q12556716,1,,MISSING
Q12556735,1,,MISSING
Q12556748,1,,MISSING
Q12556762,1,,MISSING
Q12556763,1,,MISSING
Q12556791,1,,MISSING
Q12556804,1,,MISSING
Q12556817,1,,MISSING
Q12556839,1,,MISSING
Q12556846,1,,MISSING
Q12556854,1,,MISSING
Q12556879,1,,MISSING
Q12556876,1,,MISSING
Q12556964,1,,MISSING
Q12557090,1,,MISSING
Q12557098,1,,MISSING
Q12557196,1,,MISSING
Q12557330,1,,MISSING
Q12557357,1,,MISSING
Q12557366,1,,MISSING
Q12557382,1,,MISSING
Q12557390,1,,MISSING
Q12557530,1,,MISSING
Q12557706,1,,MISSING
Q12557758,1,,MISSING
Q12557772,1,,MISSING
Q12557899,1,,MISSING
Q12558019,1,,MISSING
Q12558394,1,Q6581072,Q6581072
Q12558630,1,Q6581097,Q6581097
Q12558642,1,Q6581097,Q6581097
Q12558975,1,Q6581097,Q6581097
Q12559419,1,Q6581097,Q6581097
Q12559488,1,Q6581097,Q6581097
Q12559489,1,Q6581097,Q6581097
Q12559661,1,Q6581072,Q6581072
Q12559667,1,Q6581072,Q6581072
Q12559665,1,Q6581072,Q6581072
Q12559668,1,Q6581072,Q6581072
Q12559688,1,,MISSING
Q12559689,1,Q6581072,Q6581072
Q12559698,1,,MISSING
Q12559705,1,Q6581097,Q6581097
Q12559743,1,Q6581097,Q6581097
Q12559769,1,Q6581097,Q6581097
Q12559811,1,Q6581097,Q6581097
Q12559814,1,Q6581072,Q6581072
Q12559855,1,Q6581097,Q6581097
Q12559856,1,Q6581097,Q6581097
Q12559878,1,Q6581072,Q6581072
Q12559882,1,Q6581072,Q6581072
Q12559967,1,Q6581097,Q6581097
Q12560162,1,,MISSING
Q12560172,1,Q6581097,Q6581097
Q12560196,1,Q6581097,Q6581097
Q12560227,1,Q6581072,Q6581072
Q12560224,1,Q6581072,Q6581072
Q12560225,1,Q6581072,Q6581072
Q12560229,1,Q6581072,Q6581072
Q12560238,1,Q6581072,Q6581072
Q12560237,1,Q6581072,Q6581072
Q12560258,1,Q6581097,Q6581097
Q12560334,1,Q6581097,Q6581097
Q12560377,1,Q6581072,Q6581072
Q12560386,1,Q6581097,Q6581097
Q12560397,1,Q6581072,Q6581072
Q12560448,1,Q6581097,Q6581097
Q12560507,1,,MISSING
Q12560518,1,Q6581097,Q6581097
Q12560562,1,Q6581097,Q6581097
Q12560560,1,Q6581097,Q6581097
Q12560561,1,Q6581097,Q6581097
Q12560622,1,Q6581097,Q6581097
Q12560621,1,,MISSING
Q12560637,1,Q6581072,Q6581072
Q12560707,1,Q6581097,Q6581097
Q12560713,1,Q6581097,Q6581097
Q12560741,1,Q6581097,Q6581097
Q12560779,1,Q6581097,Q6581097
Q12560838,1,Q6581097,Q6581097
Q12560837,1,Q6581097,Q6581097
Q12560845,1,Q6581097,Q6581097
Q12560891,1,,MISSING
Q12560972,1,,MISSING
Q12560985,1,Q6581097,Q6581097
Q12561028,1,Q6581072,Q6581072
Q12561033,1,Q6581072,Q6581072
Q12561086,1,,MISSING
Q12561136,1,Q6581097,Q6581097
Q12561282,1,Q6581097,Q6581097
Q12561280,1,Q6581097,Q6581097
Q12561374,1,Q6581097,Q6581097
Q12561387,1,Q6581097,Q6581097
Q12561544,1,Q6581097,Q6581097
Q12561563,1,Q6581097,Q6581097
Q12561570,1,Q6581072,Q6581072
Q12561583,1,Q6581097,Q6581097
Q12561643,1,Q6581097,Q6581097
Q12561654,1,Q6581097,Q6581097
Q12561685,1,Q6581097,Q6581097
Q12561700,1,Q6581072,Q6581072
Q12561720,1,Q6581072,Q6581072
Q12561786,1,Q6581097,Q6581097
Q12561784,1,Q6581097,Q6581097
Q12561789,1,Q6581097,Q6581097
Q12561821,1,Q6581097,Q6581097
Q12561836,1,Q6581097,Q6581097
Q12561856,1,Q6581097,Q6581097
Q12562022,1,Q6581097,Q6581097
Q12562033,1,Q6581097,Q6581097
Q12562054,1,Q6581097,Q6581097
Q12562063,1,Q6581097,Q6581097
Q12562066,1,Q6581097,Q6581097
Q12562104,1,Q6581097,Q6581097
Q12562151,1,Q6581097,Q6581097
Q12562162,1,Q6581097,Q6581097
Q12562166,1,Q6581097,Q6581097
Q12562167,1,Q6581097,Q6581097
Q12562164,1,Q6581097,Q6581097
Q12562168,1,Q6581097,Q6581097
Q12562178,1,Q6581097,Q6581097
Q12562179,1,Q6581097,Q6581097
Q12562186,1,Q6581097,Q6581097
Q12562191,1,Q6581097,Q6581097
Q20483382,1,,MISSING
Q20483385,1,Q6581097,Q6581097
Q20483399,1,Q6581072,Q6581072
Q20483409,1,Q6581097,Q6581097
Q20483432,1,Q6581097,Q6581097
Q20483445,1,Q6581097,Q6581097
Q20483467,1,Q6581097,Q6581097
Q20483471,1,Q6581072,Q6581072
Q20483485,1,Q6581097,Q6581097
Q20483503,1,Q6581097,Q6581097
Q20483521,1,Q6581097,Q6581097
Q20483524,1,Q6581097,Q6581097
Q20483525,1,Q6581097,Q6581097
Q20483543,1,Q6581097,Q6581097
Q20483549,1,Q6581097,Q6581097
Q20483559,1,Q6581097,Q6581097
Q20483588,1,Q6581097,Q6581097
Q20483634,1,Q6581072,Q6581072
Q20483638,1,Q6581097,Q6581097
Q20483651,1,Q6581072,Q6581072
Q20483671,1,Q6581072,Q6581072
Q20483685,1,Q6581097,Q6581097
Q20483691,1,Q6581097,Q6581097
Q20483706,1,Q6581097,Q6581097
Q20483719,1,Q6581097,Q6581097
Q20483750,1,Q6581072,Q6581072
Q20483776,1,Q6581097,Q6581097
Q20483798,1,,MISSING
Q20483801,1,Q6581097,Q6581097
Q20483816,1,Q6581097,Q6581097
Q20483820,1,Q6581097,Q6581097
Q20483834,1,Q6581097,Q6581097
Q20483837,1,Q6581097,Q6581097
Q20483864,1,Q6581097,Q6581097
Q20483865,1,Q6581097,Q6581097
Q20484141,1,Q6581072,Q6581072
Q20630979,0,Q6581097,Q6581097
Q20666212,0,Q6581097,Q6581097
Q20666506,0,Q6581097,Q6581097
Q20676778,0,Q6581097,Q6581097
Q20712070,0,Q6581097,Q6581097
Q20735808,1,Q6581097,Q6581097
Q20745211,0,Q6581072,Q6581072
Q20816393,0,Q6581072,Q6581072
Q20870046,0,Q6581097,Q6581097
Q20873427,0,Q6581097,Q6581097
Q20873447,0,Q6581072,Q6581072
Q20894854,0,Q6581097,Q6581097
Q20918762,1,Q6581097,Q6581097
Q20988043,0,Q6581072,Q6581072
Q20988053,0,Q6581072,Q6581072
Q21001335,0,Q6581097,Q6581097
Q21004786,0,Q6581072,Q6581072
Q21004876,0,Q6581072,Q6581072
Q21005032,0,Q6581072,Q6581072
Q21005793,1,Q6581097,Q6581097
Q21060913,0,Q6581072,Q6581072
Q21064459,0,Q6581097,Q6581097
Q21064463,0,Q6581097,Q6581097
Q21064460,0,Q6581097,Q6581097
Q21064461,0,Q6581097,Q6581097
Q21064522,0,Q6581072,Q6581072
Q21064523,0,Q6581072,Q6581072
Q21064526,0,Q6581072,Q6581072
Q21064525,0,Q6581072,Q6581072
Q21066211,0,Q6581072,Q6581072
Q21066212,0,Q6581072,Q6581072
Q21066213,0,Q6581072,Q6581072
Q21066510,0,Q6581097,Q6581097
Q21066934,0,Q6581072,Q6581072
Q21067360,0,Q6581097,Q6581097
Q21067361,0,Q6581097,Q6581097
Q21088177,1,Q6581097,Q6581097
Q21088572,1,Q6581097,Q6581097
Q21094436,1,Q6581097,Q6581097
Q21100679,0,Q6581097,Q6581097
Q21101653,0,Q6581072,Q6581072
Q21103043,0,Q6581097,Q6581097
Q21104361,0,Q6581072,Q6581072
Q21105261,1,Q6581072,Q6581072
Q21107592,0,Q6581072,Q6581072
Q21109439,1,Q6581097,Q6581097
Q21110753,1,Q6581097,Q6581097
Q21132882,0,Q6581097,Q6581097
Q21133839,0,Q6581097,Q6581097
Q21133954,1,Q6581097,Q6581097
Q21144363,0,Q6581097,Q6581097
Q21148891,0,Q6581072,Q6581072
Q21152573,0,Q6581097,Q6581097
Q21152606,0,Q6581097,Q6581097
Q21154267,0,Q6581097,Q6581097
Q21170515,0,Q6581097,Q6581097
Q21170609,0,Q6581072,Q6581072
Q21170647,0,Q6581072,Q6581072
Q21207234,0,Q6581097,Q6581097
Q21207892,1,Q6581097,Q6581097
Q21208245,1,Q6581097,Q6581097
Q21208499,0,Q6581097,Q6581097
Q21208570,1,Q6581097,Q6581097
Q21208956,0,Q6581097,Q6581097
Q21209138,1,Q6581097,Q6581097
Q21209162,1,Q6581097,Q6581097
Q21232760,0,Q6581097,Q6581097
Q21284572,1,Q6581072,Q6581072
Q21285293,0,Q6581072,Q6581072
Q21405840,0,Q6581097,Q6581097
Q21418965,0,Q6581097,Q6581097
Q21534156,0,Q6581097,Q6581097
Q21621281,0,Q6581072,Q6581072
Q21622181,1,Q6581097,Q6581097
Q21635240,1,Q6581097,Q6581097
Q21637775,0,Q6581097,Q6581097
Q21640857,0,Q6581072,Q6581072
Q21641684,1,Q6581097,Q6581097
Q21641730,0,Q6581072,Q6581072
Q21663047,1,Q6581097,Q6581097
Q21663426,1,Q6581097,Q6581097
Q21663676,0,Q6581097,Q6581097
Q21663948,0,Q6581097,Q6581097
Q21663964,1,Q6581097,Q6581097
Q21664101,0,Q6581097,Q6581097
Q21705095,0,Q6581072,Q6581072
Q21730641,1,Q6581097,Q6581097
Q21771813,0,Q6581097,Q6581097
Q21843614,0,Q6581097,Q6581097
Q21854818,1,Q6581097,Q6581097
Q21856797,0,Q6581097,Q6581097
Q21856940,0,Q6581072,Q6581072
Q21856985,0,Q6581097,Q6581097
Q21857008,0,Q6581097,Q6581097
Q21857107,0,Q6581097,Q6581097
Q21993524,1,Q6581072,Q6581072
Q21996568,0,Q6581072,Q6581072
Q22002974,0,Q6581072,Q6581072
Q22005812,0,Q6581072,Q6581072
Q22005875,0,Q6581072,Q6581072
Q22019991,0,Q6581097,Q6581097
Q22045662,0,Q6581097,Q6581097
Q22046470,0,Q6581097,Q6581097
Q22046764,0,Q6581097,Q6581097
Q22137674,0,Q6581097,Q6581097
Q22246764,0,Q6581072,Q6581072
Q22246852,0,Q6581097,Q6581097
Q22246954,0,Q6581072,Q6581072
Q22247016,0,Q6581097,Q6581097
Q22342404,0,Q6581072,Q6581072
Q22342689,1,Q6581097,Q6581097
Q22342849,1,Q6581097,Q6581097
Q22442687,1,Q6581097,Q6581097
Q22442719,0,Q6581097,Q6581097
Q22583254,0,Q6581097,Q6581097
Q22662586,0,Q6581097,Q6581097
Q22668153,0,Q6581072,Q6581072
Q22679432,1,Q6581097,Q6581097
Q22680953,1,Q6581097,Q6581097
Q22704708,0,Q6581072,Q6581072
Q22813782,0,Q6581097,Q6581097
Q22918642,1,Q6581097,Q6581097
Q22918801,0,Q6581097,Q6581097
Q22918816,0,Q6581097,Q6581097
Q22919285,0,Q6581097,Q6581097
Q22919349,0,Q6581072,Q6581072
Q22919417,0,Q6581097,Q6581097
Q22919424,1,Q6581097,Q6581097
Q22957101,0,Q6581072,Q6581072
Q22957887,0,Q6581072,Q6581072
Q23001059,1,Q6581097,Q6581097
Q23059390,0,Q6581072,Q6581072
Q23641977,0,Q6581097,Q6581097
Q23642314,0,Q6581097,Q6581097
Q23655210,1,Q6581097,Q6581097
Q23656028,1,Q6581097,Q6581097
Q23661763,0,Q6581072,Q6581072
Q23664162,0,Q6581097,Q6581097
Q23664891,0,Q6581097,Q6581097
Q23668342,0,Q6581097,Q6581097
Q23668568,0,Q6581097,Q6581097
Q23668684,0,Q6581097,Q6581097
Q23668698,0,Q6581072,Q6581072
Q23678986,0,Q6581097,Q6581097
Q23679538,0,Q6581072,Q6581072
Q23765821,0,Q6581097,Q6581097
Q23769933,0,Q6581097,Q6581097
Q23882833,0,Q6581072,Q6581072
Q23895611,0,Q6581097,Q6581097
Q24006586,0,Q6581097,Q6581097
Q24007607,0,Q6581072,Q6581072
Q24007609,0,Q6581072,Q6581072
Q24009873,1,Q6581072,Q6581072
Q24010736,0,Q6581097,Q6581097
Q24010756,1,Q6581097,Q6581097
Q24010816,0,Q6581072,Q6581072
Q24034036,0,Q6581072,Q6581072
Q24046618,1,Q6581097,Q6581097
Q24053425,1,Q6581097,Q6581097
Q24075303,0,Q6581097,Q6581097
Q24207184,0,Q6581097,Q6581097
Q24247073,1,Q6581097,Q6581097
Q24262489,0,Q6581097,Q6581097
Q24262499,0,Q6581097,Q6581097
Q60839004,1,Q6581097,Q6581097
Q60839049,0,Q6581097,Q6581097
Q60875909,0,Q6581097,Q6581097
Q60892278,1,Q6581072,Q6581072
Q61002556,0,Q6581097,Q6581097
Q61058389,0,Q6581097,Q6581097
Q61080632,0,Q6581072,Q6581072
Q61110543,0,Q6581072,Q6581072
Q61113755,0,Q6581097,Q6581097
Q61116172,0,Q6581097,Q6581097
Q61135998,0,Q6581072,Q6581072
Q61163128,1,Q6581072,Q6581072
Q61314098,0,Q6581097,Q6581097
Q61338906,0,Q6581072,Q6581072
Q61596818,0,Q6581097,Q6581097
Q61633340,0,Q6581097,Q6581097
Q61633404,0,Q6581097,Q6581097
Q61779874,0,Q6581097,Q6581097
Q61787631,0,Q6581072,Q6581072
Q61812663,0,Q6581097,Q6581097
Q61889420,0,Q6581097,Q6581097
Q61963041,0,Q6581072,Q6581072
Q61996994,1,Q6581097,Q6581097
Q62054687,1,Q6581097,Q6581097
Q62056195,0,Q6581097,Q6581097
Q62060215,0,Q6581072,Q6581072
Q62067138,0,Q6581097,Q6581097
Q62071552,0,Q6581097,Q6581097
Q62077945,0,Q6581097,Q6581097
Q62077972,0,Q6581097,Q6581097
Q62107124,0,Q6581097,Q6581097
Q62120750,0,Q6581097,Q6581097
Q62183750,1,Q6581097,Q6581097
Q62614618,0,Q6581097,Q6581097
Q62626570,0,Q6581097,Q6581097
Q62712527,0,Q6581097,Q6581097
Q62712550,0,Q6581097,Q6581097
Q62712598,0,Q6581097,Q6581097
Q62712776,0,Q6581097,Q6581097
Q62712925,1,Q6581072,Q6581072
Q62712963,1,Q6581097,Q6581097
Q62713324,0,Q6581097,Q6581097
Q62713450,0,Q6581097,Q6581097
Q62714210,0,Q6581097,Q6581097
Q62757670,0,Q6581097,Q6581097
Q62886943,1,Q6581097,Q6581097
Q63016893,0,Q6581072,Q6581072
Q63038240,1,Q6581097,Q6581097
Q63148150,0,Q6581097,Q6581097
Q63182479,0,Q6581097,Q6581097
Q63185798,0,Q6581097,Q6581097
Q63185808,0,Q6581097,Q6581097
Q63198513,0,Q6581097,Q6581097
Q63226639,1,Q6581072,Q6581072
Q63243375,1,Q6581072,Q6581072
Q63307906,0,Q6581072,Q6581072
Q63384687,0,Q6581097,Q6581097
Q63615228,0,Q6581097,Q6581097
Q63761853,0,Q6581097,Q6581097
Q63859098,1,Q6581097,Q6581097
Q64176521,0,Q6581072,Q6581072
Q64176576,0,Q6581072,Q6581072
Q64355646,0,Q6581097,Q6581097
Q64419091,0,Q6581097,Q6581097
Q64432818,0,Q6581097,Q6581097
Q64432819,1,Q6581097,Q6581097
Q64494872,1,Q6581072,Q6581072
Q64528717,1,Q6581097,Q6581097
Q64748282,0,Q6581097,Q6581097
Q64825193,0,Q6581097,Q6581097
Q64859811,0,Q6581072,Q6581072
Q64859813,0,Q6581072,Q6581072
Q64876666,0,Q6581097,Q6581097
Q64995952,0,Q6581072,Q6581072
Q65031626,1,Q6581097,Q6581097
Q65031701,0,Q6581097,Q6581097
Q65078413,0,Q6581097,Q6581097
Q65095482,0,Q6581097,Q6581097
Q65122355,0,Q6581097,Q6581097
Q65124007,1,Q6581097,Q6581097
Q65128811,0,Q6581097,Q6581097
Q65129492,0,Q6581072,Q6581072
Q65131884,0,Q6581097,Q6581097
Q65133509,1,Q6581072,Q6581072
Q65146318,1,Q6581097,Q6581097
Q65150408,0,Q6581072,Q6581072
Q65150439,0,Q6581097,Q6581097
Q65150828,0,Q6581097,Q6581097
Q65152541,1,Q6581097,Q6581097
Q65157210,0,Q6581097,Q6581097
Q65157916,0,Q6581097,Q6581097
Q65167514,0,Q6581072,Q6581072
Q65167525,0,Q6581097,Q6581097
Q65167740,0,Q6581072,Q6581072
Q65167777,1,Q6581097,Q6581097
Q65177546,1,Q6581097,Q6581097
Q65250057,1,Q6581097,Q6581097
Q65250071,1,Q6581097,Q6581097
Q65250145,1,Q6581097,Q6581097
Q65250275,1,Q6581097,Q6581097
Q72080858,0,Q6581097,Q6581097
Q72199090,0,Q6581072,Q6581072
Q74387124,1,Q6581072,Q6581072
Q74838234,0,Q6581097,Q6581097
Q75160299,1,Q6581097,Q6581097
Q76490980,1,Q6581097,Q6581097
Q76547484,0,Q6581097,Q6581097
Q77681686,1,Q6581097,Q6581097
Q79312403,0,Q6581097,Q6581097
Q80348450,0,Q6581097,Q6581097
Q80583411,0,Q6581097,Q6581097
Q81211153,0,Q6581097,Q6581097
Q81901032,0,Q6581097,Q6581097
Q81901144,0,Q6581072,Q6581072
Q81901250,0,Q6581097,Q6581097
Q81901329,0,Q6581072,Q6581072
Q81901899,0,Q6581097,Q6581097
Q81902278,0,Q6581072,Q6581072
Q81902283,0,Q6581097,Q6581097
Q81902517,0,Q6581072,Q6581072
Q81903065,0,Q6581072,Q6581072
Q81903188,0,Q6581072,Q6581072
Q81903845,0,Q6581097,Q6581097
Q81904154,0,Q6581097,Q6581097
Q81904493,0,Q6581097,Q6581097
Q81904655,0,Q6581072,Q6581072
Q81904659,0,Q6581097,Q6581097
Q81905723,0,Q6581097,Q6581097
Q81906362,0,Q6581072,Q6581072
Q81906988,0,Q6581097,Q6581097
Q81907324,0,Q6581072,Q6581072
Q81907673,0,Q6581072,Q6581072
Q81907861,0,Q6581072,Q6581072
Q81908350,0,Q6581097,Q6581097
Q82082191,0,Q6581097,Q6581097
Q82082188,0,Q6581097,Q6581097
Q83424687,0,Q6581072,Q6581072
Q83573177,1,Q6581097,Q6581097
Q83688261,1,Q6581097,Q6581097
Q83734756,0,Q6581097,Q6581097
Q83876902,0,Q6581097,Q6581097
Q84047100,0,Q6581097,Q6581097
Q84079004,0,Q6581072,Q6581072
Q84369697,0,Q6581097,Q6581097
Q84612321,0,Q6581072,Q6581072
Q84718777,0,Q6581097,Q6581097
Q84719404,0,Q6581097,Q6581097
Q84719798,0,Q6581097,Q6581097
Q84720424,0,Q6581097,Q6581097
Q84720510,0,Q6581097,Q6581097
Q84720512,0,Q6581097,Q6581097
Q84720577,1,Q6581097,Q6581097
Q84720693,0,Q6581097,Q6581097
Q84721146,1,Q6581097,Q6581097
Q84721160,0,Q6581072,Q6581072
Q84721299,0,Q6581097,Q6581097
Q84721314,0,Q6581097,Q6581097
Q84721595,1,Q6581072,Q6581072
Q84721610,0,Q6581097,Q6581097
Q84721618,1,Q6581072,Q6581072
Q84721882,1,Q6581097,Q6581097
Q84721988,0,Q6581097,Q6581097
Q84722699,0,Q6581097,Q6581097
Q84722871,1,Q6581072,Q6581072
Q84722965,0,Q6581097,Q6581097
Q84723230,0,Q6581097,Q6581097
Q84723592,0,Q6581097,Q6581097
Q84724245,0,Q6581097,Q6581097
Q84724254,1,Q6581097,Q6581097
Q84725303,0,Q6581097,Q6581097
Q84725363,0,Q6581097,Q6581097
Q84932318,0,Q6581097,Q6581097
Q85137960,0,Q6581097,Q6581097
Q85138049,0,Q6581097,Q6581097
Q85682819,0,Q6581072,Q6581072
Q85842300,0,Q6581097,Q6581097
Q85857972,1,Q6581072,Q6581072
Q85858029,0,Q6581072,Q6581072
Q85858750,0,Q6581097,Q6581097
Q85860098,0,Q6581097,Q6581097
Q85860190,1,Q6581097,Q6581097
Q85861954,0,Q6581097,Q6581097
Q85862192,0,Q6581097,Q6581097
Q85863279,0,Q6581097,Q6581097
Q85866014,1,Q6581097,Q6581097
Q85867438,0,Q6581097,Q6581097
Q85868382,1,Q6581097,Q6581097
Q85868857,1,Q6581097,Q6581097
Q86214916,1,Q6581072,Q6581072
Q86234931,0,Q6581097,Q6581097
Q86571459,0,Q6581097,Q6581097
Q86606786,0,Q6581097,Q6581097
Q86607060,0,Q6581097,Q6581097
Q86724323,0,Q6581072,Q6581072
Q87261872,0,Q6581097,Q6581097
Q87343820,0,Q6581097,Q6581097
Q87648468,0,Q6581072,Q6581072
Q87711400,0,Q6581097,Q6581097
Q87789627,0,Q6581072,Q6581072
Q87987976,1,Q6581097,Q6581097
Q88219781,1,Q6581097,Q6581097
Q89043554,0,Q6581097,Q6581097
Q89291459,0,Q6581072,Q6581072
Q89291474,0,Q6581072,Q6581072
Q89291533,0,Q6581097,Q6581097
Q89419279,0,Q6581097,Q6581097
Q89425546,0,Q6581097,Q6581097
Q89888094,0,Q6581072,Q6581072
Q90305666,1,Q6581097,Q6581097
Q90410093,0,Q6581097,Q6581097
Q90410496,0,Q6581097,Q6581097
Q91103702,0,Q6581097,Q6581097
Q91231776,0,Q6581097,Q6581097
Q91231811,0,Q6581097,Q6581097
Q91938283,0,Q6581097,Q6581097
Q91941470,0,Q6581097,Q6581097
Q93082599,0,Q6581097,Q6581097
Q93132454,0,Q6581097,Q6581097
Q93171481,0,Q6581072,Q6581072
Q93176976,0,Q6581072,Q6581072
Q93497321,0,Q6581072,Q6581072
Q93601613,0,Q6581097,Q6581097
Q93878744,0,Q6581097,Q6581097
Q93915867,0,Q6581072,Q6581072
Q93915895,0,Q6581072,Q6581072
Q93915954,0,Q6581072,Q6581072
Q94336519,0,Q6581072,Q6581072
Q94390358,1,Q6581097,Q6581097
Q94705749,0,Q6581072,Q6581072
Q94730311,0,Q6581097,Q6581097
Q95227612,1,Q6581072,Q6581072
Q95820676,1,Q6581097,Q6581097
Q96213329,0,Q6581072,Q6581072
Q96213659,0,Q6581072,Q6581072
Q96213704,0,Q6581072,Q6581072
Q96274554,0,Q6581072,Q6581072
Q96312581,0,Q6581097,Q6581097
Q96359336,1,Q6581097,Q6581097
Q96373843,0,Q6581097,Q6581097
Q96622486,1,Q6581097,Q6581097
Q96756098,0,Q6581097,Q6581097
Q96757047,0,Q6581072,Q6581072
Q96791251,0,Q6581097,Q6581097
Q96791249,0,Q6581097,Q6581097
Q96791253,0,Q6581097,Q6581097
Q96791261,0,Q6581097,Q6581097
Q97067145,0,Q6581072,Q6581072
Q97163340,1,Q6581097,Q6581097
Q97166640,0,Q6581097,Q6581097
Q97166651,0,Q6581097,Q6581097
Q97168006,0,Q6581097,Q6581097
Q97168015,0,Q6581097,Q6581097
Q97168125,0,Q6581097,Q6581097
Q97169582,1,Q6581097,Q6581097
Q97169951,0,Q6581097,Q6581097
Q97170446,0,Q6581097,Q6581097
Q97170676,0,Q6581097,Q6581097
Q97176392,0,Q6581097,Q6581097
Q97176985,0,Q6581097,Q6581097
Q97182594,1,Q6581097,Q6581097
Q97185700,1,Q6581097,Q6581097
Q97204260,0,Q6581097,Q6581097
Q97208097,0,Q6581072,Q6581072
Q97210689,1,Q6581097,Q6581097
Q97211543,1,Q6581097,Q6581097
Q97211845,1,Q6581072,Q6581072
Q97212793,1,Q6581097,Q6581097
Q97212903,1,Q6581072,Q6581072
Q97212921,1,Q6581097,Q6581097
Q97213800,1,Q6581072,Q6581072
Q97214324,0,Q6581097,Q6581097
Q97253166,0,Q6581097,Q6581097
Q97275120,0,Q6581097,Q6581097
Q97275805,1,Q6581097,Q6581097
Q97279254,0,Q6581097,Q6581097
Q97291342,1,Q6581097,Q6581097
Q97291416,1,Q6581072,Q6581072
Q97291421,1,Q6581097,Q6581097
Q97291441,1,Q6581097,Q6581097
Q97316166,0,Q6581072,Q6581072
Q97316613,1,Q6581097,Q6581097
Q97369260,0,Q6581097,Q6581097
Q97369269,0,Q6581097,Q6581097
Q97369403,1,Q6581072,Q6581072
Q97377972,0,Q6581097,Q6581097
Q97381720,0,Q6581097,Q6581097
Q97382833,1,Q6581097,Q6581097
Q97386209,0,Q6581097,Q6581097
Q97392159,0,Q6581097,Q6581097
Q97397350,0,Q6581097,Q6581097
Q97462528,0,Q6581097,Q6581097
Q97463475,0,Q6581097,Q6581097
Q97480705,0,Q6581097,Q6581097
Q97483602,0,Q6581072,Q6581072
Q97484161,0,Q6581097,Q6581097
Q97487866,0,Q6581097,Q6581097
Q97503672,0,Q6581072,Q6581072
Q97547120,0,Q6581097,Q6581097
Q97583994,1,Q6581072,Q6581072
Q97590507,0,Q6581097,Q6581097
Q4319694,1,Q6581097,Q6581097
Q4319748,0,Q6581097,Q6581097
Q4320015,0,Q6581097,Q6581097
Q4321769,0,Q6581097,Q6581097
Q4321892,1,Q6581097,Q6581097
Q4322721,1,Q6581097,Q6581097
Q4326941,1,Q6581097,Q6581097
Q4326971,0,Q6581097,Q6581097
Q4326969,1,Q6581072,Q6581072
Q4327915,0,Q6581097,Q6581097
Q4327920,1,Q6581097,Q6581097
Q4327958,1,Q6581072,Q6581072
Q4328062,0,Q6581097,Q6581097
Q4328074,1,Q6581097,Q6581097
Q4328101,0,Q6581097,Q6581097
Q4328125,1,Q6581097,Q6581097
Q4328132,0,Q6581097,Q6581097
Q4328133,1,Q6581097,Q6581097
Q4328137,1,Q6581097,Q6581097
Q4328147,0,Q6581072,Q6581072
Q4328273,1,Q6581097,Q6581097
Q4330949,0,Q6581097,Q6581097
Q4332251,1,Q6581097,Q6581097
Q4332639,0,Q6581072,Q6581072
Q4334531,1,Q6581097,Q6581097
Q4334536,1,Q6581097,Q6581097
Q4334540,1,Q6581097,Q6581097
Q4334547,0,Q6581072,Q6581072
Q4334544,1,Q6581097,Q6581097
Q4335621,1,Q6581097,Q6581097
Q4335838,1,Q6581097,Q6581097
Q4337290,1,Q6581097,Q6581097
Q4338420,1,Q6581097,Q6581097
Q4339147,1,Q6581097,Q6581097
Q4339498,1,Q6581097,Q6581097
Q4341461,1,Q6581097,Q6581097
Q4341520,0,Q6581097,Q6581097
Q4344010,0,Q6581097,Q6581097
Q4344371,0,Q6581097,Q6581097
Q4346224,0,Q6581097,Q6581097
Q4346806,1,Q6581097,Q6581097
Q4347339,0,Q6581097,Q6581097
Q4352727,0,Q6581097,Q6581097
Q4353012,0,Q6581072,Q6581072
Q4356901,0,Q6581097,Q6581097
Q4360757,0,Q6581097,Q6581097
Q4361816,0,Q6581097,Q6581097
Q4361861,0,Q6581097,Q6581097
Q4362458,0,Q6581097,Q6581097
Q4362549,0,Q6581097,Q6581097
Q4362707,0,Q6581072,Q6581072
Q4363658,0,Q6581097,Q6581097
Q4365079,1,Q6581097,Q6581097
Q4366811,1,Q6581097,Q6581097
Q4367294,0,Q6581072,Q6581072
Q4367764,0,Q6581097,Q6581097
Q4369754,0,Q6581097,Q6581097
Q4371679,1,Q6581097,Q6581097
Q4374132,1,Q6581097,Q6581097
Q4378619,0,Q6581097,Q6581097
Q4382718,1,Q6581097,Q6581097
Q4383647,0,Q6581072,Q6581072
Q4384155,0,Q6581097,Q6581097
Q4387015,1,Q6581097,Q6581097
Q4389179,0,Q6581097,Q6581097
Q4391163,0,Q6581097,Q6581097
Q4392632,0,Q6581097,Q6581097
Q4395490,1,Q6581097,Q6581097
Q4395849,0,Q6581072,Q6581072
Q4396715,1,Q6581097,Q6581097
Q4397126,1,Q6581097,Q6581097
Q4398834,0,Q6581072,Q6581072
Q4399286,0,Q6581097,Q6581097
Q4399347,0,Q6581072,Q6581072
Q4401446,0,Q6581072,Q6581072
Q4403500,0,Q6581097,Q6581097
Q4403879,1,Q6581097,Q6581097
Q4404080,0,Q6581097,Q6581097
Q4404268,0,Q6581097,Q6581097
Q4404372,1,Q6581097,Q6581097
Q4404419,1,Q6581072,Q6581072
Q4404424,1,Q6581097,Q6581097
Q4404442,1,Q6581097,Q6581097
Q4404894,1,Q6581097,Q6581097
Q4404934,0,Q6581097,Q6581097
Q4405760,1,Q6581097,Q6581097
Q4405821,1,Q6581097,Q6581097
Q4406102,1,Q6581097,Q6581097
Q4406945,0,Q6581097,Q6581097
Q4408033,1,Q6581097,Q6581097
Q4408036,1,Q6581097,Q6581097
Q4408489,0,Q6581072,Q6581072
Q4408517,0,Q6581097,Q6581097
Q4408775,0,Q6581097,Q6581097
Q4408778,1,Q6581097,Q6581097
Q4408777,1,Q6581097,Q6581097
Q4408783,1,Q6581097,Q6581097
Q4408881,0,Q6581072,Q6581072
Q4408965,1,Q6581097,Q6581097
Q4409392,1,Q6581097,Q6581097
Q4410614,0,Q6581097,Q6581097
Q4412782,1,Q6581097,Q6581097
Q4413111,1,Q6581097,Q6581097
Q4413159,1,Q6581097,Q6581097
Q4415084,1,Q6581097,Q6581097
Q4416773,1,Q6581097,Q6581097
Q4416862,0,Q6581072,Q6581072
Q4417622,0,Q6581097,Q6581097
Q4417654,1,Q6581097,Q6581097
Q4417660,1,Q6581097,Q6581097
Q4417720,0,Q6581097,Q6581097
Q4419507,1,Q6581097,Q6581097
Q4421885,1,Q6581097,Q6581097
Q4423214,0,Q6581097,Q6581097
Q4423839,0,Q6581097,Q6581097
Q4423952,0,Q6581072,Q6581072
Q4425105,0,Q6581097,Q6581097
Q4425821,0,Q6581097,Q6581097
Q4428738,1,Q6581097,Q6581097
Q4429141,0,Q6581097,Q6581097
Q4431299,1,Q6581097,Q6581097
Q4439129,1,Q6581097,Q6581097
Q4441356,0,Q6581097,Q6581097
Q4441717,0,Q6581097,Q6581097
Q4444112,0,Q6581072,Q6581072
Q4445116,0,Q6581097,Q6581097
Q4445159,0,Q6581072,Q6581072
Q4445698,1,Q6581097,Q6581097
Q4447895,1,Q6581072,Q6581072
Q4447892,1,Q6581097,Q6581097
Q4451467,0,Q6581097,Q6581097
Q4451678,0,Q6581097,Q6581097
Q4451698,0,Q6581097,Q6581097
Q4452306,1,Q6581097,Q6581097
Q4452653,1,Q6581097,Q6581097
Q4454298,1,Q6581097,Q6581097
Q4454438,0,Q6581097,Q6581097
Q4454437,0,Q6581097,Q6581097
Q4455712,0,Q6581072,Q6581072
Q4457594,1,Q6581097,Q6581097
Q4457842,1,Q6581097,Q6581097
Q4458643,0,Q6581072,Q6581072
Q4459033,1,Q6581097,Q6581097
Q4459038,1,Q6581097,Q6581097
Q4459036,0,Q6581097,Q6581097
Q4459544,0,Q6581097,Q6581097
Q4459616,1,Q6581097,Q6581097
Q4459631,1,Q6581097,Q6581097
Q4459685,1,Q6581097,Q6581097
Q4459812,1,Q6581097,Q6581097
Q4459856,0,Q6581072,Q6581072
Q4460969,0,Q6581072,Q6581072
Q4462308,0,Q6581097,Q6581097
Q4464824,0,Q6581072,Q6581072
Q4465018,1,Q6581097,Q6581097
Q4465112,1,Q6581072,Q6581072
Q4465461,0,Q6581097,Q6581097
Q4465548,0,Q6581097,Q6581097
Q4465862,0,Q6581097,Q6581097
Q4466391,1,Q6581097,Q6581097
Q4466589,1,Q6581097,Q6581097
Q4466824,0,Q6581072,Q6581072
Q4467629,0,Q6581097,Q6581097
Q4468742,1,Q6581097,Q6581097
Q4470763,0,Q6581097,Q6581097
Q4470861,0,Q6581097,Q6581097
Q4472625,0,Q6581097,Q6581097
Q4475322,1,Q6581097,Q6581097
Q4475326,1,Q6581097,Q6581097
Q4475565,1,Q6581072,Q6581072
Q4476581,1,Q6581097,Q6581097
Q4478696,0,Q6581097,Q6581097
Q4478771,1,Q6581097,Q6581097
Q4478801,1,Q6581097,Q6581097
Q4478808,1,Q6581097,Q6581097
Q4478825,0,Q6581097,Q6581097
Q4478832,1,Q6581097,Q6581097
Q4479506,0,Q6581097,Q6581097
Q4479514,0,Q6581097,Q6581097
Q4479620,1,Q6581097,Q6581097
Q4479659,0,Q6581097,Q6581097
Q4481056,1,Q6581097,Q6581097
Q4483757,0,Q6581097,Q6581097
Q4484055,0,Q6581097,Q6581097
Q4494384,0,Q6581097,Q6581097
Q4494821,0,Q6581097,Q6581097
Q4495681,0,Q6581097,Q6581097
Q4496178,1,Q6581097,Q6581097
Q4496414,1,Q6581097,Q6581097
Q4497932,1,Q6581097,Q6581097
Q4501572,0,Q6581072,Q6581072
Q4502218,0,Q6581097,Q6581097
Q4502506,0,Q6581097,Q6581097
Q4506383,0,Q6581097,Q6581097
Q4506724,0,Q6581097,Q6581097
Q4508082,0,Q6581097,Q6581097
Q4508311,1,Q6581097,Q6581097
Q4513840,1,Q6581072,Q6581072
Q4517071,1,Q6581097,Q6581097
Q12562221,1,Q6581097,Q6581097
Q12562231,1,Q6581097,Q6581097
Q12562254,1,Q6581097,Q6581097
Q12562255,1,Q6581097,Q6581097
Q12562406,1,Q6581097,Q6581097
Q12562555,1,Q6581097,Q6581097
Q12562580,1,Q6581097,Q6581097
Q12562611,1,Q6581097,Q6581097
Q12563031,1,Q6581097,Q6581097
Q12563029,1,Q6581097,Q6581097
Q12563089,1,Q6581097,Q6581097
Q12563322,1,Q6581097,Q6581097
Q12563412,1,Q6581097,Q6581097
Q12563464,1,Q6581097,Q6581097
Q12563473,1,Q6581097,Q6581097
Q12563526,1,Q6581097,Q6581097
Q12563548,1,Q6581072,Q6581072
Q12563605,1,Q6581072,Q6581072
Q12563709,1,Q6581097,Q6581097
Q12563753,1,Q6581097,Q6581097
Q12563819,1,Q6581097,Q6581097
Q12563833,1,Q6581097,Q6581097
Q12563855,1,Q6581097,Q6581097
Q12563882,1,Q6581097,Q6581097
Q12563911,1,Q6581097,Q6581097
Q12563922,1,Q6581097,Q6581097
Q12563933,1,Q6581097,Q6581097
Q12563987,1,Q6581097,Q6581097
Q12563991,1,,MISSING
Q12564006,1,Q6581097,Q6581097
Q12564034,1,Q6581097,Q6581097
Q12564035,1,Q6581097,Q6581097
Q12564047,1,Q6581097,Q6581097
Q12564054,1,Q6581072,Q6581072
Q12564059,1,Q6581097,Q6581097
Q12564069,1,,MISSING
Q12564087,1,Q6581097,Q6581097
Q12564099,1,Q6581097,Q6581097
Q12564120,1,Q6581072,Q6581072
Q12564129,1,Q6581072,Q6581072
Q12564151,1,Q6581072,Q6581072
Q12564390,1,Q6581097,Q6581097
Q12564467,1,Q6581097,Q6581097
Q12564473,1,Q6581097,Q6581097
Q12564476,1,,MISSING
Q12564484,1,Q6581097,Q6581097
Q12564488,1,Q6581097,Q6581097
Q12564521,1,Q6581072,Q6581072
Q12564599,1,Q6581097,Q6581097
Q12564810,1,Q6581072,Q6581072
Q12564814,1,Q6581072,Q6581072
Q12564818,1,Q6581072,Q6581072
Q12564948,1,Q6581097,Q6581097
Q12564966,1,Q6581097,Q6581097
Q12564994,1,Q6581097,Q6581097
Q12565263,1,Q6581097,Q6581097
Q12565267,1,Q6581097,Q6581097
Q12565282,1,,MISSING
Q12565287,1,Q6581097,Q6581097
Q12565320,1,Q6581097,Q6581097
Q12565321,1,Q6581097,Q6581097
Q12565355,1,Q6581097,Q6581097
Q12565356,1,Q6581097,Q6581097
Q12565365,1,Q6581097,Q6581097
Q12565438,1,Q6581097,Q6581097
Q12565461,1,Q6581072,Q6581072
Q12565780,1,Q6581097,Q6581097
Q12565915,1,Q6581097,Q6581097
Q12566090,1,Q6581097,Q6581097
Q12566194,1,Q6581097,Q6581097
Q12566192,1,Q6581097,Q6581097
Q12566198,1,Q6581097,Q6581097
Q12566447,1,Q6581072,Q6581072
Q12566507,1,Q6581072,Q6581072
Q12566504,1,Q6581097,Q6581097
Q12566509,1,Q6581097,Q6581097
Q12566647,1,Q6581097,Q6581097
Q12566676,1,Q6581097,Q6581097
Q12566677,1,Q6581097,Q6581097
Q12567016,1,Q6581097,Q6581097
Q12567122,1,Q6581097,Q6581097
Q12567162,1,Q6581097,Q6581097
Q12567197,1,Q6581097,Q6581097
Q12567246,1,Q6581097,Q6581097
Q12567254,1,Q6581097,Q6581097
Q12567276,1,Q6581097,Q6581097
Q12567331,1,Q6581097,Q6581097
Q12567357,1,Q6581097,Q6581097
Q12567392,1,Q6581097,Q6581097
Q12567400,1,Q6581097,Q6581097
Q12567405,1,Q6581097,Q6581097
Q12567418,1,Q6581097,Q6581097
Q12567545,1,Q6581097,Q6581097
Q12567555,1,Q6581097,Q6581097
Q12567556,1,Q6581097,Q6581097
Q12567575,1,Q6581097,Q6581097
Q12567577,1,Q6581097,Q6581097
Q12567580,1,Q6581097,Q6581097
Q12567593,1,Q6581097,Q6581097
Q12567623,1,Q6581097,Q6581097
Q12567633,1,Q6581097,Q6581097
Q12567654,1,,MISSING
Q12567772,1,Q6581097,Q6581097
Q24262504,0,Q6581097,Q6581097
Q24262510,0,Q6581097,Q6581097
Q24262515,0,Q6581072,Q6581072
Q24262521,0,Q6581097,Q6581097
Q24262533,0,Q6581097,Q6581097
Q24262543,0,Q6581097,Q6581097
Q24262558,0,Q6581072,Q6581072
Q24262556,0,Q6581097,Q6581097
Q24262557,0,Q6581097,Q6581097
Q24262563,0,Q6581072,Q6581072
Q24262561,0,Q6581097,Q6581097
Q24262564,0,Q6581097,Q6581097
Q24265305,0,Q6581097,Q6581097
Q24266382,0,Q6581072,Q6581072
Q24286976,1,Q6581097,Q6581097
Q24297897,0,Q6581072,Q6581072
Q24352229,0,Q6581097,Q6581097
Q24352559,0,Q6581072,Q6581072
Q24352859,1,Q6581072,Q6581072
Q24566182,0,Q6581097,Q6581097
Q24632391,1,Q6581097,Q6581097
Q24632937,1,Q6581097,Q6581097
Q24632943,0,Q6581097,Q6581097
Q24647460,0,Q6581097,Q6581097
Q24865001,1,Q6581072,Q6581072
Q24867406,0,Q6581072,Q6581072
Q24868827,1,Q6581072,Q6581072
Q24932520,0,Q6581097,Q6581097
Q24938794,0,Q6581097,Q6581097
Q24951756,0,Q6581072,Q6581072
Q24954641,0,Q6581097,Q6581097
Q24954644,0,Q6581097,Q6581097
Q24954663,0,Q6581097,Q6581097
Q24954661,0,Q6581097,Q6581097
Q24954673,0,Q6581097,Q6581097
Q24955700,0,Q6581072,Q6581072
Q24958572,0,Q6581097,Q6581097
Q25340891,1,,MISSING
Q25390354,0,Q6581097,Q6581097
Q25390364,0,Q6581097,Q6581097
Q25390376,0,Q6581097,Q6581097
Q25390553,1,Q6581097,Q6581097
Q25390599,0,Q6581097,Q6581097
Q25390658,1,Q6581097,Q6581097
Q25390818,1,Q6581097,Q6581097
Q25433462,0,Q6581097,Q6581097
Q25433508,0,Q6581072,Q6581072
Q25433527,1,Q6581072,Q6581072
Q25481630,1,Q6581097,Q6581097
Q25482073,1,Q6581072,Q6581072
Q25482865,1,Q6581097,Q6581097
Q25482939,1,Q6581097,Q6581097
Q25483177,1,Q6581097,Q6581097
Q25484002,1,Q6581097,Q6581097
Q25490249,1,,MISSING
Q25490264,1,Q6581097,Q6581097
Q25491475,1,Q6581072,Q6581072
Q25491730,1,,MISSING
Q25491793,1,Q6581072,Q6581072
Q25493217,1,,MISSING
Q25493777,1,,MISSING
Q25493823,1,Q6581097,Q6581097
Q25493842,1,Q6581097,Q6581097
Q25493939,1,Q6581097,Q6581097
Q25493936,1,Q6581097,Q6581097
Q25493942,1,Q6581097,Q6581097
Q25493984,1,Q6581097,Q6581097
Q25494158,1,Q6581072,Q6581072
Q25495460,1,Q6581072,Q6581072
Q25495841,1,,MISSING
Q25499058,1,Q6581097,Q6581097
Q25499080,1,,MISSING
Q25501056,1,Q6581097,Q6581097
Q25501115,1,Q6581097,Q6581097
Q25501424,1,Q6581097,Q6581097
Q25503018,1,Q6581097,Q6581097
Q25508982,1,Q6581097,Q6581097
Q25510301,1,Q6581097,Q6581097
Q25511057,1,Q6581097,Q6581097
Q25513331,1,Q6581097,Q6581097
Q25514797,1,Q6581097,Q6581097
Q25514848,1,Q6581097,Q6581097
Q25521058,1,Q6581097,Q6581097
Q25525215,1,Q6581097,Q6581097
Q25527232,1,Q6581072,Q6581072
Q25530854,1,Q6581097,Q6581097
Q25531023,1,Q6581097,Q6581097
Q25555717,0,Q6581097,Q6581097
Q25556891,0,Q6581097,Q6581097
Q25642158,0,Q6581072,Q6581072
Q25647206,0,Q6581097,Q6581097
Q25936035,0,Q6581097,Q6581097
Q26202542,0,Q6581072,Q6581072
Q26205668,0,Q6581072,Q6581072
Q26205699,0,Q6581072,Q6581072
Q26206124,0,Q6581072,Q6581072
Q26206203,1,Q6581072,Q6581072
Q26206236,0,Q6581072,Q6581072
Q26206316,0,Q6581072,Q6581072
Q26207552,0,Q6581072,Q6581072
Q26233740,0,Q6581072,Q6581072
Q26236517,0,Q6581097,Q6581097
Q26237809,1,Q6581097,Q6581097
Q26248683,1,Q6581072,Q6581072
Q26250890,1,Q6581097,Q6581097
Q26250891,1,Q6581097,Q6581097
Q26251554,0,Q6581097,Q6581097
Q26251678,0,Q6581097,Q6581097
Q26255440,0,Q6581097,Q6581097
Q26255456,0,Q6581097,Q6581097
Q26255474,0,Q6581072,Q6581072
Q26255475,0,Q6581072,Q6581072
Q26255472,0,Q6581072,Q6581072
Q26255473,0,Q6581072,Q6581072
Q26255585,1,Q6581097,Q6581097
Q26255602,0,Q6581072,Q6581072
Q26255606,0,Q6581072,Q6581072
Q26255607,0,Q6581072,Q6581072
Q26255605,0,Q6581072,Q6581072
Q26255670,1,Q6581072,Q6581072
Q26255730,0,Q6581097,Q6581097
Q26262347,0,Q6581097,Q6581097
Q26267296,1,Q6581072,Q6581072
Q26267513,0,Q6581072,Q6581072
Q26267519,1,Q6581072,Q6581072
Q26324383,0,Q6581097,Q6581097
Q26431493,0,Q6581072,Q6581072
Q26431497,0,Q6581072,Q6581072
Q26459677,0,Q6581072,Q6581072
Q26459680,0,Q6581072,Q6581072
Q26465641,1,Q6581097,Q6581097
Q26704879,0,Q6581072,Q6581072
Q26705364,0,Q6581072,Q6581072
Q26706878,0,Q6581097,Q6581097
Q26776751,0,Q6581097,Q6581097
Q26776829,0,Q6581097,Q6581097
Q26776851,0,Q6581097,Q6581097
Q26776852,0,Q6581097,Q6581097
Q26789869,0,Q6581097,Q6581097
Q26789929,0,Q6581072,Q6581072
Q26789986,0,Q6581097,Q6581097
Q26821215,0,Q6581097,Q6581097
Q26821218,0,Q6581097,Q6581097
Q26831255,0,Q6581072,Q6581072
Q26831272,0,Q6581097,Q6581097
Q26837485,0,Q6581097,Q6581097
Q26837925,1,Q6581097,Q6581097
Q26838080,0,Q6581072,Q6581072
Q26871071,0,Q6581097,Q6581097
Q27031358,1,Q6581097,Q6581097
Q27042649,0,Q6581097,Q6581097
Q27042668,0,Q6581097,Q6581097
Q27044167,0,Q6581072,Q6581072
Q27064130,1,Q6581097,Q6581097
Q27069192,0,Q6581097,Q6581097
Q27071885,0,Q6581072,Q6581072
Q27088016,0,Q6581097,Q6581097
Q27431360,1,Q6581097,Q6581097
Q27522870,1,Q6581097,Q6581097
Q27527551,0,Q6581097,Q6581097
Q27527557,0,Q6581097,Q6581097
Q27528958,0,Q6581097,Q6581097
Q27535291,1,Q6581072,Q6581072
Q27559905,1,Q6581072,Q6581072
Q27560202,0,Q6581072,Q6581072
Q27567909,0,Q6581072,Q6581072
Q27597758,0,Q6581072,Q6581072
Q27597775,0,Q6581072,Q6581072
Q27613120,0,Q6581097,Q6581097
Q27613198,0,Q6581097,Q6581097
Q27613215,0,Q6581097,Q6581097
Q27676518,1,Q6581097,Q6581097
Q27734368,0,Q6581072,Q6581072
Q27805756,0,Q6581072,Q6581072
Q27824734,0,Q6581072,Q6581072
Q27826499,1,Q6581072,Q6581072
Q27881106,0,Q6581072,Q6581072
Q27881146,0,Q6581072,Q6581072
Q27881158,0,Q6581072,Q6581072
Q27881159,0,Q6581072,Q6581072
Q27881170,0,Q6581072,Q6581072
Q27881173,0,Q6581072,Q6581072
Q27886511,0,Q6581097,Q6581097
Q27886512,0,Q6581097,Q6581097
Q27886574,0,Q6581097,Q6581097
Q27929002,0,Q6581097,Q6581097
Q27942321,0,Q6581097,Q6581097
Q27955322,0,Q6581097,Q6581097
Q27969244,0,Q6581097,Q6581097
Q27983021,0,Q6581097,Q6581097
Q27983032,0,Q6581097,Q6581097
Q28028560,0,Q6581097,Q6581097
Q28058345,0,Q6581097,Q6581097
Q28098656,0,Q6581097,Q6581097
Q28098895,0,Q6581097,Q6581097
Q28099010,1,Q6581072,Q6581072
Q28099011,0,Q6581072,Q6581072
Q28099056,0,Q6581097,Q6581097
Q28099311,0,Q6581072,Q6581072
Q97608134,1,Q6581097,Q6581097
Q97658781,0,Q6581097,Q6581097
Q97659132,0,Q6581072,Q6581072
Q97659480,1,Q6581072,Q6581072
Q97660443,0,Q6581097,Q6581097
Q97660490,0,Q6581072,Q6581072
Q97660488,0,Q6581097,Q6581097
Q97661541,1,Q6581072,Q6581072
Q97664002,0,Q6581072,Q6581072
Q97664063,1,Q6581097,Q6581097
Q97664951,0,Q6581072,Q6581072
Q97673383,0,Q6581072,Q6581072
Q97673423,0,Q6581072,Q6581072
Q97673452,0,Q6581072,Q6581072
Q97673462,0,Q6581072,Q6581072
Q97673460,1,Q6581072,Q6581072
Q97673467,0,Q6581072,Q6581072
Q97706912,0,Q6581072,Q6581072
Q97707432,0,Q6581072,Q6581072
Q97707479,0,Q6581072,Q6581072
Q97707486,0,Q6581072,Q6581072
Q97729809,0,Q6581072,Q6581072
Q97729822,0,Q6581072,Q6581072
Q97729834,0,Q6581072,Q6581072
Q97730863,0,Q6581072,Q6581072
Q97730865,0,Q6581072,Q6581072
Q97731152,0,Q6581072,Q6581072
Q97739414,0,Q6581072,Q6581072
Q97744580,0,Q6581072,Q6581072
Q97933427,0,Q6581072,Q6581072
Q98048867,0,Q6581097,Q6581097
Q98050070,0,Q6581097,Q6581097
Q98050087,0,Q6581097,Q6581097
Q98067597,0,Q6581072,Q6581072
Q98070845,0,Q6581072,Q6581072
Q98070863,0,Q6581072,Q6581072
Q98070879,0,Q6581072,Q6581072
Q98073053,1,Q6581097,Q6581097
Q98073061,1,Q6581097,Q6581097
Q98083614,0,Q6581072,Q6581072
Q98085179,0,Q6581097,Q6581097
Q98086241,0,Q6581072,Q6581072
Q98086618,0,Q6581072,Q6581072
Q98086620,0,Q6581072,Q6581072
Q98088499,0,Q6581072,Q6581072
Q98088497,0,Q6581072,Q6581072
Q98088503,0,Q6581072,Q6581072
Q98088500,0,Q6581072,Q6581072
Q98088501,0,Q6581072,Q6581072
Q98088507,0,Q6581072,Q6581072
Q98088505,0,Q6581072,Q6581072
Q98088510,0,Q6581072,Q6581072
Q98088508,0,Q6581072,Q6581072
Q98088514,0,Q6581072,Q6581072
Q98088513,0,Q6581072,Q6581072
Q98088519,0,Q6581072,Q6581072
Q98088516,0,Q6581072,Q6581072
Q98088517,0,Q6581072,Q6581072
Q98088521,0,Q6581072,Q6581072
Q98090548,0,Q6581072,Q6581072
Q98090549,0,Q6581072,Q6581072
Q98090554,0,Q6581072,Q6581072
Q98090552,0,Q6581072,Q6581072
Q98090558,0,Q6581072,Q6581072
Q98090556,0,Q6581072,Q6581072
Q98090562,0,Q6581072,Q6581072
Q98090560,0,Q6581072,Q6581072
Q98090564,0,Q6581072,Q6581072
Q98090565,0,Q6581072,Q6581072
Q98090571,0,Q6581072,Q6581072
Q98090568,0,Q6581072,Q6581072
Q98090569,0,Q6581072,Q6581072
Q98090575,0,Q6581072,Q6581072
Q98090573,0,Q6581072,Q6581072
Q98090579,0,Q6581072,Q6581072
Q98090606,0,Q6581072,Q6581072
Q98090605,0,Q6581072,Q6581072
Q98090611,0,Q6581072,Q6581072
Q98090608,0,Q6581072,Q6581072
Q98093378,0,Q6581072,Q6581072
Q98098822,0,Q6581097,Q6581097
Q98137496,1,Q6581097,Q6581097
Q98195983,1,Q6581097,Q6581097
Q98239677,0,Q6581072,Q6581072
Q98239800,0,Q6581097,Q6581097
Q98239886,0,Q6581097,Q6581097
Q98271413,0,Q6581097,Q6581097
Q99507904,0,Q6581072,Q6581072
Q99508121,0,Q6581072,Q6581072
Q99508508,0,Q6581097,Q6581097
Q99510500,0,Q6581097,Q6581097
Q99670670,0,Q6581072,Q6581072
Q99693149,1,Q6581097,Q6581097
Q99815930,0,Q6581072,Q6581072
Q99873706,0,Q6581097,Q6581097
Q99984159,0,Q6581097,Q6581097
Q100146284,0,Q6581097,Q6581097
Q100150916,1,Q6581097,Q6581097
Q100238182,0,Q6581097,Q6581097
Q100302056,0,Q6581097,Q6581097
Q100322996,0,Q6581097,Q6581097
Q100349589,1,Q6581097,Q6581097
Q100360921,0,Q6581097,Q6581097
Q100491486,0,Q6581072,Q6581072
Q100791350,0,Q6581097,Q6581097
Q100879037,0,Q6581097,Q6581097
Q101003187,0,Q6581097,Q6581097
Q101084098,0,,MISSING
Q101096381,0,Q6581072,Q6581072
Q101252410,0,Q6581097,Q6581097
Q102046593,0,Q6581097,Q6581097
Q102283818,1,Q6581097,Q6581097
Q102297805,0,Q6581097,Q6581097
Q102336724,0,Q6581097,Q6581097
Q102404294,0,Q6581072,Q6581072
Q102630079,0,Q6581097,Q6581097
Q104127711,0,Q6581097,Q6581097
Q104666036,0,Q6581072,Q6581072
Q104670268,0,Q6581097,Q6581097
Q104681291,1,Q6581097,Q6581097
Q104817269,1,Q6581072,Q6581072
Q104889568,0,Q6581097,Q6581097
Q105046868,0,Q6581072,Q6581072
Q105071156,0,Q6581097,Q6581097
Q105230918,0,Q6581072,Q6581072
Q105546497,0,Q6581097,Q6581097
Q105551761,1,Q6581072,Q6581072
Q105677696,0,Q6581097,Q6581097
Q105692468,1,Q6581097,Q6581097
Q105719026,0,Q6581072,Q6581072
Q105719027,0,Q6581072,Q6581072
Q105719032,0,Q6581072,Q6581072
Q105793021,1,Q6581097,Q6581097
Q105816400,0,Q6581097,Q6581097
Q105820541,0,Q6581097,Q6581097
Q105822118,0,Q6581097,Q6581097
Q105888976,1,Q6581097,Q6581097
Q105972660,0,Q6581097,Q6581097
Q105994466,0,Q6581097,Q6581097
Q106092617,0,Q6581097,Q6581097
Q106235410,1,Q6581097,Q6581097
Q106240062,1,Q6581097,Q6581097
Q106243451,1,Q6581097,Q6581097
Q106243735,0,Q6581097,Q6581097
Q106243788,0,Q6581097,Q6581097
Q106243818,0,Q6581097,Q6581097
Q106243895,1,Q6581097,Q6581097
Q106279536,0,Q6581097,Q6581097
Q106293664,1,Q6581097,Q6581097
Q106355193,0,Q6581097,Q6581097
Q106416356,0,Q6581072,Q6581072
Q106418189,0,Q6581097,Q6581097
Q106474005,1,Q6581097,Q6581097
Q106484278,0,Q6581097,Q6581097
Q106497805,1,Q6581097,Q6581097
Q106526362,0,Q6581097,Q6581097
Q106548542,0,Q6581097,Q6581097
Q106571892,0,Q6581097,Q6581097
Q106580817,0,Q6581097,Q6581097
Q106604808,1,Q6581097,Q6581097
Q106612947,0,Q6581097,Q6581097
Q106613669,0,Q6581097,Q6581097
Q106614944,0,Q6581097,Q6581097
Q106614957,0,Q6581097,Q6581097
Q106614962,1,Q6581097,Q6581097
Q106614965,0,Q6581097,Q6581097
Q106620091,0,Q6581097,Q6581097
Q106637249,0,Q6581097,Q6581097
Q106637266,0,Q6581097,Q6581097
Q106637299,0,Q6581097,Q6581097
Q106651216,1,Q6581097,Q6581097
Q106666046,0,Q6581097,Q6581097
Q106765754,0,Q6581097,Q6581097
Q106815358,0,Q6581097,Q6581097
Q106898657,0,Q6581097,Q6581097
Q106963325,0,Q6581097,Q6581097
Q107012127,1,Q6581097,Q6581097
Q107031343,0,Q6581097,Q6581097
Q107031502,0,Q6581097,Q6581097
Q107061485,0,Q6581097,Q6581097
Q107076410,0,Q6581097,Q6581097
Q107089589,0,Q6581097,Q6581097
Q107100146,0,Q6581097,Q6581097
Q107103335,0,Q6581097,Q6581097
Q107103672,1,Q6581097,Q6581097
Q107120177,1,Q6581097,Q6581097
Q107129513,1,Q6581097,Q6581097
Q107138661,1,Q6581097,Q6581097
Q107208646,1,Q6581097,Q6581097
Q107208652,0,Q6581097,Q6581097
Q107208711,1,Q6581072,Q6581072
Q107208717,0,Q6581097,Q6581097
Q107295340,0,Q6581072,Q6581072
Q107297566,1,Q6581097,Q6581097
Q107369740,0,Q6581097,Q6581097
Q107369829,1,Q6581072,Q6581072
Q121391725,0,Q6581097,Q6581097
Q121464874,0,Q6581072,Q6581072
Q136485420,1,,MISSING
Q136487713,0,Q6581097,Q6581097
Q136504840,0,Q6581097,Q6581097
Q136511219,1,Q6581097,Q6581097
Q136515544,0,Q6581097,Q6581097
Q136522166,0,Q6581072,Q6581072
Q136531904,0,Q6581097,Q6581097
Q136559623,0,,MISSING
Q136559665,0,,MISSING
Q136564869,0,Q6581097,Q6581097
Q136565186,0,,MISSING
Q136565226,1,,MISSING
Q136608636,0,Q6581097,Q6581097
Q136613070,0,Q6581097,Q6581097
Q136614073,0,Q6581072,Q6581072
Q136614746,0,Q6581072,Q6581072
Q136614745,0,Q6581072,Q6581072
Q136615702,0,Q6581072,Q6581072
Q136615714,0,Q6581072,Q6581072
Q136616355,0,Q6581072,Q6581072
Q136616352,0,Q6581072,Q6581072
Q136616353,0,Q6581072,Q6581072
Q136625784,0,Q6581097,Q6581097
Q136627579,0,Q6581097,Q6581097
Q136664942,0,Q6581097,Q6581097
Q136698127,0,Q6581097,Q6581097
Q136699377,0,Q6581072,Q6581072
Q136699398,0,Q6581097,Q6581097
Q136699416,0,Q6581097,Q6581097
Q136702553,0,,MISSING
Q136705730,0,Q6581097,Q6581097
Q136709208,0,Q6581097,Q6581097
Q136724601,0,Q6581097,Q6581097
Q136742608,1,,MISSING
Q136747849,0,Q6581097,Q6581097
Q136757556,0,Q6581097,Q6581097
Q136757986,0,Q6581097,Q6581097
Q136765175,0,Q6581097,Q6581097
Q136805838,0,Q6581097,Q6581097
Q136807277,1,,MISSING
Q136813807,0,Q6581097,Q6581097
Q136813813,0,Q6581097,Q6581097
Q136813818,0,Q6581097,Q6581097
Q136813821,0,Q6581097,Q6581097
Q136813827,0,Q6581072,Q6581072
Q136813868,0,Q6581097,Q6581097
Q136813878,0,Q6581097,Q6581097
Q136813886,0,Q6581097,Q6581097
Q136813887,0,Q6581097,Q6581097
Q136813897,0,Q6581097,Q6581097
Q136813925,0,Q6581097,Q6581097
Q136814043,0,Q6581097,Q6581097
Q136814044,0,Q6581097,Q6581097
Q136814097,0,Q6581097,Q6581097
Q136815918,0,Q6581097,Q6581097
Q136816248,0,Q6581097,Q6581097
Q136817089,1,Q6581097,Q6581097
Q136817299,0,Q6581097,Q6581097
Q136817499,0,Q6581097,Q6581097
Q136817504,0,Q6581097,Q6581097
Q136825090,0,Q6581097,Q6581097
Q136869049,0,Q6581097,Q6581097
Q136890370,0,Q6581097,Q6581097
Q136914094,0,Q6581097,Q6581097
Q136925663,0,Q6581097,Q6581097
Q136954238,1,,MISSING
Q136955297,0,Q6581097,Q6581097
Q136956033,1,,MISSING
Q136996072,0,Q6581097,Q6581097
Q137041549,0,,MISSING
Q137041553,0,,MISSING
Q137119764,0,Q6581097,Q6581097
Q137192755,0,Q6581097,Q6581097
Q137210530,0,Q6581097,Q6581097
Q137217869,0,Q6581072,Q6581072
Q137265252,1,Q6581097,Q6581097
Q137270555,0,Q6581097,Q6581097
Q137298646,1,Q6581097,Q6581097
Q137301422,0,Q6581097,Q6581097
Q137322253,0,Q6581097,Q6581097
Q137362032,0,Q6581097,Q6581097
Q137380418,1,Q6581097,Q6581097
Q137382558,0,Q6581072,Q6581072
Q137383873,0,Q6581097,Q6581097
Q137395956,0,Q6581097,Q6581097
Q137427464,0,Q6581072,Q6581072
Q137427474,0,Q6581097,Q6581097
Q137427751,0,Q6581097,Q6581097
Q137449573,1,,MISSING
Q137459359,0,Q6581097,Q6581097
Q137460292,0,Q6581097,Q6581097
Q137461849,0,Q6581097,Q6581097
Q137490245,1,,MISSING
Q137490554,1,,MISSING
Q137512456,1,,MISSING
Q137512595,0,,MISSING
Q137534270,1,,MISSING
Q137584633,0,Q6581097,Q6581097
Q137584698,0,Q6581097,Q6581097
Q137589458,0,Q6581097,Q6581097
Q107371032,0,Q6581097,Q6581097
Q107400902,0,Q6581097,Q6581097
Q107407496,0,Q6581097,Q6581097
Q116812809,0,Q6581072,Q6581072
Q116812870,0,Q6581072,Q6581072
Q116813278,0,Q6581072,Q6581072
Q116848516,0,Q6581072,Q6581072
Q116858608,0,Q6581097,Q6581097
Q116873624,1,Q6581097,Q6581097
Q116937180,0,,MISSING
Q116960345,0,Q6581072,Q6581072
Q116970141,0,Q6581097,Q6581097
Q116970591,0,Q6581097,Q6581097
Q116977270,0,Q6581072,Q6581072
Q116979118,0,Q6581097,Q6581097
Q116979311,0,Q6581097,Q6581097
Q116979392,0,Q6581097,Q6581097
Q116979433,0,Q6581097,Q6581097
Q116983164,0,Q6581097,Q6581097
Q117026466,0,Q6581097,Q6581097
Q117038080,0,Q6581097,Q6581097
Q117038737,0,Q6581097,Q6581097
Q117038775,0,Q6581097,Q6581097
Q117074498,0,Q6581072,Q6581072
Q117087042,0,Q6581072,Q6581072
Q117315121,0,Q6581097,Q6581097
Q117319724,0,Q6581097,Q6581097
Q117405116,0,Q6581072,Q6581072
Q117453003,0,,MISSING
Q117453441,0,,MISSING
Q117453560,0,Q6581097,Q6581097
Q117453609,0,,MISSING
Q117453778,0,,MISSING
Q117453801,0,,MISSING
Q117453843,0,,MISSING
Q117453981,0,,MISSING
Q117454151,0,,MISSING
Q117454284,0,,MISSING
Q117461559,1,Q6581097,Q6581097
Q117470177,1,Q6581072,Q6581072
Q117748922,0,Q6581072,Q6581072
Q117788237,0,Q6581097,Q6581097
Q118121631,0,Q6581097,Q6581097
Q118176657,0,Q6581097,Q6581097
Q118342215,0,Q6581097,Q6581097
Q118368585,0,Q6581097,Q6581097
Q118368994,0,Q6581072,Q6581072
Q118370056,0,Q6581097,Q6581097
Q118371931,0,Q6581072,Q6581072
Q118438749,0,Q6581097,Q6581097
Q119066400,1,Q6581097,Q6581097
Q119213613,0,Q6581097,Q6581097
Q119216548,0,Q6581097,Q6581097
Q119441737,0,Q6581072,Q6581072
Q119443068,0,Q6581097,Q6581097
Q119497324,1,Q6581097,Q6581097
Q119505618,0,Q6581097,Q6581097
Q119534540,0,Q6581097,Q6581097
Q119576014,1,Q6581097,Q6581097
Q119700956,0,Q6581072,Q6581072
Q119793823,0,Q6581097,Q6581097
Q119794990,0,Q6581097,Q6581097
Q119810132,0,Q6581097,Q6581097
Q119850409,0,Q6581072,Q6581072
Q120263467,1,Q6581097,Q6581097
Q120264573,0,Q6581097,Q6581097
Q120265459,0,Q6581097,Q6581097
Q120265725,1,Q6581097,Q6581097
Q120266199,1,Q6581097,Q6581097
Q120266204,0,Q6581097,Q6581097
Q120266346,0,Q6581072,Q6581072
Q120267337,0,Q6581097,Q6581097
Q120267375,0,Q6581097,Q6581097
Q120268723,0,Q6581097,Q6581097
Q120268901,0,Q6581097,Q6581097
Q120277635,1,Q6581072,Q6581072
Q120277711,0,Q6581072,Q6581072
Q120278440,0,Q6581097,Q6581097
Q120279310,0,Q6581097,Q6581097
Q120280525,0,Q6581097,Q6581097
Q120280861,0,Q6581097,Q6581097
Q120281022,0,Q6581097,Q6581097
Q120281214,0,Q6581097,Q6581097
Q120281413,0,Q6581097,Q6581097
Q120333251,1,Q6581097,Q6581097
Q120416156,1,Q6581097,Q6581097
Q120488185,0,Q6581097,Q6581097
Q120720727,0,Q6581097,Q6581097
Q120721604,0,Q6581097,Q6581097
Q120726011,0,Q6581097,Q6581097
Q120728670,0,Q6581097,Q6581097
Q120728669,0,Q6581097,Q6581097
Q120757075,0,Q6581097,Q6581097
Q120759952,0,Q6581072,Q6581072
Q120759956,0,Q6581072,Q6581072
Q120768174,0,Q6581097,Q6581097
Q120783618,0,Q6581097,Q6581097
Q4901647,0,Q6581072,Q6581072
Q4937465,0,Q6581097,Q6581097
Q4938954,1,Q6581097,Q6581097
Q5016087,0,Q6581072,Q6581072
Q39383079,0,Q6581097,Q6581097
Q107424128,0,Q6581097,Q6581097
Q107426307,0,Q6581097,Q6581097
Q107429871,1,Q6581072,Q6581072
Q107430942,1,Q6581072,Q6581072
Q107462605,0,Q6581097,Q6581097
Q107485020,1,Q6581097,Q6581097
Q107494513,0,Q6581072,Q6581072
Q107521219,0,Q6581097,Q6581097
Q107568264,0,Q6581097,Q6581097
Q107568541,0,Q6581097,Q6581097
Q107579889,0,Q6581097,Q6581097
Q107584899,0,Q6581097,Q6581097
Q107585947,1,Q6581072,Q6581072
Q107608234,0,Q6581097,Q6581097
Q107616365,0,Q6581097,Q6581097
Q107620401,0,Q6581097,Q6581097
Q107620842,0,Q6581097,Q6581097
Q107637292,1,Q6581097,Q6581097
Q107643386,0,Q6581097,Q6581097
Q107647363,0,Q6581072,Q6581072
Q107648931,1,Q6581072,Q6581072
Q107656382,0,Q6581072,Q6581072
Q107672598,0,Q6581097,Q6581097
Q107691379,0,Q6581072,Q6581072
Q107735872,0,Q6581097,Q6581097
Q107767314,0,Q6581097,Q6581097
Q107767317,0,Q6581097,Q6581097
Q107776488,0,Q6581097,Q6581097
Q107779862,0,Q6581097,Q6581097
Q107920659,1,Q6581072,Q6581072
Q107964573,0,Q6581097,Q6581097
Q107969263,0,Q6581072,Q6581072
Q107976291,0,Q6581072,Q6581072
Q107976672,0,Q6581072,Q6581072
Q108046143,0,Q6581097,Q6581097
Q108075808,0,Q6581072,Q6581072
Q108103278,1,Q6581097,Q6581097
Q108104657,1,Q6581097,Q6581097
Q108115954,1,Q6581072,Q6581072
Q108171901,0,Q6581097,Q6581097
Q108171915,0,Q6581097,Q6581097
Q108171942,0,Q6581097,Q6581097
Q108198973,0,Q6581097,Q6581097
Q108201342,0,Q6581097,Q6581097
Q108201398,0,Q6581097,Q6581097
Q108282407,0,Q6581097,Q6581097
Q108283119,1,Q6581097,Q6581097
Q108296807,0,Q6581097,Q6581097
Q108306139,0,Q6581097,Q6581097
Q108313382,0,Q6581072,Q6581072
Q108321871,0,Q6581097,Q6581097
Q108323399,0,Q6581072,Q6581072
Q108363813,0,Q6581097,Q6581097
Q108380369,1,Q6581097,Q6581097
Q108380375,1,Q6581097,Q6581097
Q108417629,0,Q6581072,Q6581072
Q108444599,0,Q6581072,Q6581072
Q108444818,0,Q6581072,Q6581072
Q108454518,0,Q6581097,Q6581097
Q108463265,1,Q6581072,Q6581072
Q108766436,0,Q6581097,Q6581097
Q108787130,1,Q6581097,Q6581097
Q108793795,0,Q6581072,Q6581072
Q108807437,0,Q6581097,Q6581097
Q108837574,0,Q6581072,Q6581072
Q108837645,0,Q6581097,Q6581097
Q108876669,0,Q6581097,Q6581097
Q108936240,0,Q6581097,Q6581097
Q109258111,0,Q6581072,Q6581072
Q109266164,0,Q6581097,Q6581097
Q109338922,0,Q6581097,Q6581097
Q109356681,0,Q6581072,Q6581072
Q109356685,1,Q6581097,Q6581097
Q109356689,0,Q6581097,Q6581097
Q109381049,0,,MISSING
Q109407016,1,Q6581097,Q6581097
Q109409308,0,Q6581072,Q6581072
Q109423653,0,Q6581097,Q6581097
Q109452198,0,Q6581097,Q6581097
Q109452216,0,Q6581097,Q6581097
Q109452217,0,Q6581097,Q6581097
Q109452589,0,Q6581097,Q6581097
Q109452595,0,Q6581097,Q6581097
Q109452604,0,Q6581097,Q6581097
Q109452605,0,Q6581097,Q6581097
Q109452608,1,Q6581097,Q6581097
Q109452683,1,Q6581097,Q6581097
Q109452684,0,Q6581097,Q6581097
Q109452688,1,Q6581097,Q6581097
Q109453066,0,Q6581097,Q6581097
Q109453067,0,Q6581097,Q6581097
Q109469546,0,Q6581072,Q6581072
Q109470082,0,Q6581072,Q6581072
Q109484660,0,Q6581072,Q6581072
Q109484726,0,Q6581097,Q6581097
Q109484885,0,Q6581097,Q6581097
Q109485080,1,Q6581097,Q6581097
Q109485212,0,Q6581097,Q6581097
Q109485253,1,Q6581097,Q6581097
Q109485750,0,Q6581097,Q6581097
Q109485945,1,Q6581097,Q6581097
Q109486643,0,Q6581097,Q6581097
Q109486755,0,Q6581097,Q6581097
Q109486826,0,Q6581072,Q6581072
Q109487277,0,Q6581097,Q6581097
Q109487282,0,Q6581097,Q6581097
Q109487382,0,Q6581097,Q6581097
Q109487405,0,Q6581097,Q6581097
Q109487486,0,Q6581097,Q6581097
Q109487634,0,Q6581097,Q6581097
Q109487678,0,Q6581097,Q6581097
Q109487788,1,Q6581072,Q6581072
Q109487789,0,Q6581097,Q6581097
Q109487792,0,Q6581097,Q6581097
Q109487876,0,Q6581097,Q6581097
Q109488211,0,Q6581097,Q6581097
Q109488349,1,Q6581097,Q6581097
Q109488604,0,Q6581072,Q6581072
Q109488643,0,Q6581097,Q6581097
Q109488916,0,Q6581097,Q6581097
Q109489785,0,Q6581097,Q6581097
Q109489845,0,Q6581097,Q6581097
Q109490055,1,Q6581072,Q6581072
Q109490197,1,Q6581072,Q6581072
Q109490226,0,Q6581097,Q6581097
Q109490370,0,Q6581097,Q6581097
Q109490386,0,Q6581097,Q6581097
Q109491336,0,Q6581097,Q6581097
Q109491667,0,Q6581097,Q6581097
Q109492386,1,Q6581097,Q6581097
Q109492459,0,Q6581097,Q6581097
Q109492571,0,Q6581097,Q6581097
Q109492781,0,Q6581072,Q6581072
Q109492954,0,Q6581097,Q6581097
Q109492952,0,Q6581097,Q6581097
Q109493190,0,Q6581097,Q6581097
Q109493659,0,Q6581097,Q6581097
Q109493842,1,Q6581097,Q6581097
Q109493950,1,Q6581072,Q6581072
Q109493971,1,Q6581097,Q6581097
Q109494332,0,Q6581097,Q6581097
Q109494854,0,Q6581097,Q6581097
Q109495457,1,Q6581097,Q6581097
Q109495821,0,Q6581097,Q6581097
Q109495988,0,Q6581097,Q6581097
Q109499085,0,Q6581097,Q6581097
Q109502181,0,Q6581097,Q6581097
Q109514106,0,Q6581097,Q6581097
Q109518253,0,Q6581097,Q6581097
Q109545594,0,Q6581097,Q6581097
Q109563001,1,Q6581072,Q6581072
Q109649067,0,Q6581097,Q6581097
Q109658698,0,Q6581097,Q6581097
Q109769406,0,Q6581072,Q6581072
Q109907285,0,Q6581072,Q6581072
Q109908529,0,Q6581072,Q6581072
Q110114037,1,Q6581097,Q6581097
Q110114060,1,Q6581072,Q6581072
Q110114130,1,Q6581097,Q6581097
Q110114293,1,Q6581097,Q6581097
Q110116486,1,Q6581097,Q6581097
Q110116535,1,Q6581097,Q6581097
Q110116574,1,Q6581097,Q6581097
Q110118112,0,,MISSING
Q110245195,0,Q6581097,Q6581097
Q110251032,0,Q6581097,Q6581097
Q110252460,0,Q6581072,Q6581072
Q110269905,0,Q6581072,Q6581072
Q110287122,0,Q6581097,Q6581097
Q110357540,0,Q6581072,Q6581072
Q110403853,0,Q6581097,Q6581097
Q110434889,1,Q6581097,Q6581097
Q110435609,0,Q6581097,Q6581097
Q110438140,0,Q6581097,Q6581097
Q110481927,1,Q6581097,Q6581097
Q110529924,1,Q6581097,Q6581097
Q110538671,0,Q6581072,Q6581072
Q110556854,1,Q6581072,Q6581072
Q110580558,0,Q6581097,Q6581097
Q110584294,0,Q6581072,Q6581072
Q110590136,1,Q6581097,Q6581097
Q110632143,0,Q6581097,Q6581097
Q110695520,0,Q6581072,Q6581072
Q110721782,1,Q6581097,Q6581097
Q110779673,0,Q6581097,Q6581097
Q110814229,0,Q6581072,Q6581072
Q110818863,0,Q6581097,Q6581097
Q110825847,1,Q6581097,Q6581097
Q110872289,0,Q6581097,Q6581097
Q110872491,0,Q6581097,Q6581097
Q110872512,0,Q6581097,Q6581097
Q110872621,0,Q6581097,Q6581097
Q110899937,1,Q6581097,Q6581097
Q110901037,1,Q6581097,Q6581097
Q110910581,1,Q6581097,Q6581097
Q110910968,1,Q6581097,Q6581097
Q110918271,1,Q6581097,Q6581097
Q110933728,0,Q6581097,Q6581097
Q110940886,1,Q6581097,Q6581097
Q110949341,1,Q6581097,Q6581097
Q110955574,0,Q6581097,Q6581097
Q110970393,0,Q6581097,Q6581097
Q110970411,0,Q6581097,Q6581097
Q110972525,0,Q6581097,Q6581097
Q110983635,0,Q6581072,Q6581072
Q110992629,0,Q6581097,Q6581097
Q111009909,1,Q6581097,Q6581097
Q111017795,0,Q6581097,Q6581097
Q111032969,0,Q6581097,Q6581097
Q111064086,0,Q6581097,Q6581097
Q111081927,0,Q6581097,Q6581097
Q111194688,0,Q6581097,Q6581097
Q111203333,0,Q6581097,Q6581097
Q111203849,0,Q6581097,Q6581097
Q111204030,0,Q6581097,Q6581097
Q111204155,1,Q6581097,Q6581097
Q111205481,1,Q6581097,Q6581097
Q111219121,1,Q6581097,Q6581097
Q111237789,1,Q6581097,Q6581097
Q111239725,1,Q6581097,Q6581097
Q111241503,1,Q6581097,Q6581097
Q111241663,1,Q6581097,Q6581097
Q111248736,0,Q6581097,Q6581097
Q111251484,0,Q6581072,Q6581072
Q111252256,0,Q6581072,Q6581072
Q111255264,0,Q6581097,Q6581097
Q111263559,0,Q6581097,Q6581097
Q111269797,0,Q6581097,Q6581097
Q111281214,1,Q6581097,Q6581097
Q111281389,0,Q6581072,Q6581072
Q111281398,0,Q6581097,Q6581097
Q111281553,0,Q6581097,Q6581097
Q111283889,0,Q6581097,Q6581097
Q111284748,0,Q6581097,Q6581097
Q111285542,0,Q6581097,Q6581097
Q111286568,1,Q6581097,Q6581097
Q111295980,0,Q6581097,Q6581097
Q111302461,0,Q6581097,Q6581097
Q111307686,0,Q6581097,Q6581097
Q111310711,0,Q6581097,Q6581097
Q111312173,0,Q6581097,Q6581097
Q111317374,1,Q6581097,Q6581097
Q111317666,1,Q6581097,Q6581097
Q111335262,1,Q6581097,Q6581097
Q111335865,0,Q6581097,Q6581097
Q111337863,0,Q6581097,Q6581097
Q111338018,0,Q6581097,Q6581097
Q111338072,0,Q6581097,Q6581097
Q111346317,0,Q6581097,Q6581097
Q111346872,0,Q6581097,Q6581097
Q111349245,0,Q6581097,Q6581097
Q111356048,0,Q6581097,Q6581097
Q111356181,0,Q6581097,Q6581097
Q111359604,0,Q6581097,Q6581097
Q111359788,0,Q6581097,Q6581097
Q111360314,0,Q6581097,Q6581097
Q111360425,0,Q6581097,Q6581097
Q111366068,0,Q6581097,Q6581097
Q111366379,0,Q6581097,Q6581097
Q111366499,0,Q6581097,Q6581097
Q111372382,0,Q6581097,Q6581097
Q111372428,0,Q6581097,Q6581097
Q111384094,0,Q6581097,Q6581097
Q111384221,0,Q6581097,Q6581097
Q111384360,0,Q6581097,Q6581097
Q111394360,0,Q6581097,Q6581097
Q111396039,0,Q6581097,Q6581097
Q111411754,0,Q6581097,Q6581097
Q111437123,0,Q6581097,Q6581097
Q111437250,0,Q6581097,Q6581097
Q111438502,0,Q6581097,Q6581097
Q111438562,0,Q6581097,Q6581097
Q111438681,0,Q6581097,Q6581097
Q111467470,0,Q6581072,Q6581072
Q111473160,0,Q6581072,Q6581072
Q111473810,0,Q6581097,Q6581097
Q111488719,0,Q6581097,Q6581097
Q111534385,0,Q6581097,Q6581097
Q111538776,0,Q6581097,Q6581097
Q111549401,1,Q6581097,Q6581097
Q111567742,1,Q6581097,Q6581097
Q111575747,0,Q6581097,Q6581097
Q111584968,0,Q6581097,Q6581097
Q111589646,0,Q6581097,Q6581097
Q111678297,0,Q6581097,Q6581097
Q111692846,0,Q6581097,Q6581097
Q111693574,1,Q6581097,Q6581097
Q111693674,0,Q6581097,Q6581097
Q111698970,0,Q6581097,Q6581097
Q111709181,1,Q6581097,Q6581097
Q111817763,0,Q6581072,Q6581072
Q111822284,0,Q6581097,Q6581097
Q111828290,0,Q6581072,Q6581072
Q111848652,0,Q6581097,Q6581097
Q111906837,0,Q6581097,Q6581097
Q111988653,0,Q6581097,Q6581097
Q112031288,0,Q6581097,Q6581097
Q112107653,0,Q6581097,Q6581097
Q112112856,0,Q6581097,Q6581097
Q112118352,0,Q6581097,Q6581097
Q123504247,0,Q6581072,Q6581072
Q123504250,0,Q6581072,Q6581072
Q123504251,0,Q6581072,Q6581072
Q123504248,0,Q6581072,Q6581072
Q123504254,0,Q6581072,Q6581072
Q123504255,0,Q6581097,Q6581097
Q123504252,0,Q6581097,Q6581097
Q123504253,0,Q6581097,Q6581097
Q123504258,0,Q6581097,Q6581097
Q123504259,0,Q6581072,Q6581072
Q123504256,0,Q6581072,Q6581072
Q123504257,0,Q6581097,Q6581097
Q123504262,0,Q6581097,Q6581097
Q123504263,0,Q6581072,Q6581072
Q123504260,0,Q6581097,Q6581097
Q123504261,0,Q6581097,Q6581097
Q123504266,0,Q6581097,Q6581097
Q123504267,0,Q6581072,Q6581072
Q123504264,0,Q6581097,Q6581097
Q123504265,0,Q6581072,Q6581072
Q123504270,0,Q6581097,Q6581097
Q123504271,0,Q6581097,Q6581097
Q123504268,0,Q6581097,Q6581097
Q123504269,0,Q6581072,Q6581072
Q123504274,0,Q6581072,Q6581072
Q123504275,0,Q6581072,Q6581072
Q123504272,0,Q6581097,Q6581097
Q123504278,0,Q6581097,Q6581097
Q123504279,0,Q6581072,Q6581072
Q123504276,0,Q6581097,Q6581097
Q123504277,0,Q6581072,Q6581072
Q123504282,0,Q6581097,Q6581097
Q123504283,0,Q6581097,Q6581097
Q123504280,0,Q6581072,Q6581072
Q123504281,0,Q6581097,Q6581097
Q123504286,0,Q6581097,Q6581097
Q123504287,0,Q6581072,Q6581072
Q123504284,0,Q6581097,Q6581097
Q123504285,0,Q6581072,Q6581072
Q123504290,0,Q6581097,Q6581097
Q123504291,0,Q6581072,Q6581072
Q123504288,0,Q6581072,Q6581072
Q123504289,0,Q6581097,Q6581097
Q123504294,0,Q6581097,Q6581097
Q123504292,0,Q6581072,Q6581072
Q123504293,0,Q6581097,Q6581097
Q123504296,0,Q6581097,Q6581097
Q123504297,0,Q6581097,Q6581097
Q123504302,0,Q6581072,Q6581072
Q123504303,0,Q6581072,Q6581072
Q123504301,0,Q6581097,Q6581097
Q123504306,0,Q6581097,Q6581097
Q123504307,0,Q6581097,Q6581097
Q123504310,0,Q6581097,Q6581097
Q123504311,0,Q6581097,Q6581097
Q123504309,0,Q6581097,Q6581097
Q123504314,0,Q6581097,Q6581097
Q123504315,0,Q6581097,Q6581097
Q123504312,0,Q6581072,Q6581072
Q123504313,0,Q6581072,Q6581072
Q123504318,0,Q6581097,Q6581097
Q123504319,0,Q6581097,Q6581097
Q123504316,0,Q6581072,Q6581072
Q123504317,0,Q6581097,Q6581097
Q123504322,0,Q6581097,Q6581097
Q123504323,0,Q6581097,Q6581097
Q123504320,0,Q6581097,Q6581097
Q123504321,0,Q6581072,Q6581072
Q123504324,0,Q6581097,Q6581097
Q123505270,0,Q6581072,Q6581072
Q123505271,0,Q6581097,Q6581097
Q123505268,0,Q6581097,Q6581097
Q123505269,0,Q6581097,Q6581097
Q123505274,0,Q6581097,Q6581097
Q123505275,0,Q6581072,Q6581072
Q123505272,0,Q6581097,Q6581097
Q123505273,0,Q6581097,Q6581097
Q123505278,0,Q6581097,Q6581097
Q123505279,0,Q6581072,Q6581072
Q123505276,0,Q6581097,Q6581097
Q123505277,0,Q6581072,Q6581072
Q123505282,0,Q6581097,Q6581097
Q123505283,0,Q6581097,Q6581097
Q123505280,0,Q6581097,Q6581097
Q123505281,0,Q6581097,Q6581097
Q123505286,0,Q6581097,Q6581097
Q123505287,0,Q6581097,Q6581097
Q123505284,0,Q6581097,Q6581097
Q123505285,0,Q6581072,Q6581072
Q123505291,0,Q6581072,Q6581072
Q123505288,0,Q6581097,Q6581097
Q123505289,0,Q6581097,Q6581097
Q123514167,0,Q6581097,Q6581097
Q123553054,0,Q6581097,Q6581097
Q123553065,0,Q6581097,Q6581097
Q123735173,1,Q6581097,Q6581097
Q123909225,0,Q6581097,Q6581097
Q123938382,1,Q6581097,Q6581097
Q123945441,0,Q6581072,Q6581072
Q123972835,0,Q6581072,Q6581072
Q124034046,0,Q6581097,Q6581097
Q124035209,0,Q6581097,Q6581097
Q124248767,0,Q6581097,Q6581097
Q124248770,0,Q6581097,Q6581097
Q124248771,0,Q6581097,Q6581097
Q124248782,0,Q6581097,Q6581097
Q124248781,0,Q6581097,Q6581097
Q124249133,1,Q6581097,Q6581097
Q124249344,0,Q6581097,Q6581097
Q124249354,0,Q6581097,Q6581097
Q124249352,0,Q6581097,Q6581097
Q124255650,0,Q6581072,Q6581072
Q124255649,0,Q6581072,Q6581072
Q124255652,0,Q6581072,Q6581072
Q124255661,0,Q6581072,Q6581072
Q124255666,0,Q6581072,Q6581072
Q124259330,0,Q6581097,Q6581097
Q124287722,0,Q6581097,Q6581097
Q124287721,0,Q6581097,Q6581097
Q124287727,0,Q6581097,Q6581097
Q124287754,0,Q6581097,Q6581097
Q124289564,0,Q6581097,Q6581097
Q124289823,0,Q6581097,Q6581097
Q124290103,0,Q6581097,Q6581097
Q124314491,0,Q6581097,Q6581097
Q124316390,0,Q6581097,Q6581097
Q124322552,0,Q6581072,Q6581072
Q124323417,0,Q6581097,Q6581097
Q124353680,1,Q6581097,Q6581097
Q124360923,0,Q6581097,Q6581097
Q124424106,0,Q6581097,Q6581097
Q124436646,1,Q6581097,Q6581097
Q124468046,1,Q6581097,Q6581097
Q124468072,1,Q6581072,Q6581072
Q124528454,0,Q6581072,Q6581072
Q124544988,0,Q6581097,Q6581097
Q124556055,0,Q6581072,Q6581072
Q124562020,0,Q6581097,Q6581097
Q124568874,0,Q6581097,Q6581097
Q124616827,0,Q6581072,Q6581072
Q124616956,0,Q6581072,Q6581072
Q124617021,0,Q6581072,Q6581072
Q124617038,0,Q6581072,Q6581072
Q124630789,0,Q6581097,Q6581097
Q124632044,0,Q6581072,Q6581072
Q124634544,0,Q6581072,Q6581072
Q124634629,0,Q6581072,Q6581072
Q124634641,0,Q6581072,Q6581072
Q124634665,0,Q6581072,Q6581072
Q124634677,0,Q6581072,Q6581072
Q124634754,0,Q6581072,Q6581072
Q124634807,0,Q6581072,Q6581072
Q124634826,0,Q6581072,Q6581072
Q124634982,0,Q6581072,Q6581072
Q124635016,0,Q6581072,Q6581072
Q124635059,0,Q6581072,Q6581072
Q124654053,0,Q6581097,Q6581097
Q124657399,0,Q6581072,Q6581072
Q124709907,0,Q6581097,Q6581097
Q124710113,0,Q6581097,Q6581097
Q124712327,0,Q6581097,Q6581097
Q124721208,0,Q6581072,Q6581072
Q124735904,1,Q6581097,Q6581097
Q124742279,0,Q6581072,Q6581072
Q124752019,0,Q6581097,Q6581097
Q124752166,0,Q6581097,Q6581097
Q124752192,0,Q6581072,Q6581072
Q124753709,1,,MISSING
Q124754241,0,Q6581097,Q6581097
Q124754279,0,Q6581097,Q6581097
Q124754646,0,Q6581072,Q6581072
Q124754648,0,Q6581097,Q6581097
Q124754740,0,Q6581097,Q6581097
Q124754752,0,Q6581097,Q6581097
Q124755927,0,Q6581097,Q6581097
Q124769193,0,Q6581097,Q6581097
Q124769622,0,Q6581097,Q6581097
Q124770586,0,Q6581097,Q6581097
Q124770646,1,Q6581097,Q6581097
Q124771085,0,Q6581097,Q6581097
Q124771167,0,Q6581097,Q6581097
Q124771340,0,Q6581097,Q6581097
Q124771362,0,Q6581097,Q6581097
Q124784919,0,Q6581097,Q6581097
Q124785273,0,Q6581072,Q6581072
Q124790647,0,Q6581072,Q6581072
Q124819236,0,Q6581097,Q6581097
Q124819578,0,Q6581097,Q6581097
Q124820198,0,Q6581097,Q6581097
Q124838874,0,Q6581097,Q6581097
Q124864791,0,Q6581097,Q6581097
Q124911273,0,Q6581072,Q6581072
Q124912899,0,Q6581072,Q6581072
Q124945095,0,Q6581097,Q6581097
Q125007973,0,Q6581097,Q6581097
Q125133733,0,Q6581072,Q6581072
Q125181979,0,Q6581097,Q6581097
Q125189387,0,Q6581072,Q6581072
Q125287418,0,Q6581072,Q6581072
Q125369918,0,Q6581072,Q6581072
Q137592261,0,Q6581097,Q6581097
Q137592272,0,Q6581097,Q6581097
Q137592341,0,Q6581097,Q6581097
Q137592751,0,Q6581072,Q6581072
Q137592818,0,Q6581097,Q6581097
Q137599421,1,,MISSING
Q137599482,1,,MISSING
Q137599568,1,,MISSING
Q137599656,1,,MISSING
Q137605752,1,Q6581097,Q6581097
Q137612754,0,Q6581097,Q6581097
Q137612789,0,Q6581097,Q6581097
Q137641011,0,Q6581097,Q6581097
Q137646910,1,,MISSING
Q137659838,0,Q6581097,Q6581097
Q137660475,1,Q6581097,Q6581097
Q137665715,0,Q6581097,Q6581097
Q137668829,0,Q6581097,Q6581097
Q137669008,1,,MISSING
Q137672708,0,Q6581097,Q6581097
Q137676178,0,Q6581097,Q6581097
Q137696235,0,Q6581072,Q6581072
Q137696943,0,Q6581097,Q6581097
Q137696952,0,Q6581097,Q6581097
Q137697394,1,Q6581072,Q6581072
Q137711654,0,Q6581097,Q6581097
Q137719722,1,,MISSING
Q137723312,0,,MISSING
Q137738855,0,Q6581097,Q6581097
Q137754953,1,,MISSING
Q137755215,1,,MISSING
Q137757158,0,Q6581097,Q6581097
Q137757372,1,,MISSING
Q137763500,1,,MISSING
Q137781240,0,Q6581072,Q6581072
Q137782443,1,,MISSING
Q137802569,0,Q6581097,Q6581097
Q137881326,0,Q6581097,Q6581097
Q137909372,1,Q6581097,Q6581097
Q137918103,0,Q6581097,Q6581097
Q137925249,1,Q6581097,Q6581097
Q138004478,1,,MISSING
Q138012683,0,Q6581072,Q6581072
Q138012892,0,Q6581097,Q6581097
Q138029941,0,Q6581097,Q6581097
Q138035748,0,Q6581097,Q6581097
Q138064576,0,Q6581072,Q6581072
Q138273849,0,Q6581097,Q6581097
Q138297705,0,Q6581097,Q6581097
Q138302916,0,Q6581097,Q6581097
Q138306836,0,Q6581097,Q6581097
Q138315430,0,Q6581072,Q6581072
Q138318540,1,,MISSING
Q138339609,0,Q6581097|Q15145778,Q6581097|Q15145778
Q138339674,0,Q6581072,Q6581072
Q138357406,0,Q6581097,Q6581097
Q138380358,0,Q6581097,Q6581097
Q138391077,0,Q6581072,Q6581072
Q138391085,0,Q6581097,Q6581097
Q138391102,0,Q6581097,Q6581097
Q138391110,0,Q6581097,Q6581097
Q138410676,0,Q6581072,Q6581072
Q138411598,0,Q6581097,Q6581097
Q138412311,0,Q6581097,Q6581097
Q138420205,0,Q6581072,Q6581072
Q138425229,0,Q6581097,Q6581097
Q138445519,0,Q6581097,Q6581097
Q138454353,0,Q6581097,Q6581097
Q138506775,0,Q6581072,Q6581072
Q138589745,0,Q6581097,Q6581097
Q138603577,0,Q6581097,Q6581097
Q138608551,0,Q6581097,Q6581097
Q138609634,0,Q6581097,Q6581097
Q138609994,0,Q6581097,Q6581097
Q138610010,0,Q6581097,Q6581097
Q138610563,0,Q6581097,Q6581097
Q138634535,0,Q6581072,Q6581072
Q138639551,0,Q6581097,Q6581097
Q138639563,0,Q6581097,Q6581097
Q138684401,1,Q6581072,Q6581072
Q138686051,0,Q6581097,Q6581097
Q138748249,0,,MISSING
Q138783201,0,Q6581097,Q6581097
Q138788341,0,Q6581097,Q6581097
Q138833647,0,,MISSING
Q138912111,0,,MISSING
Q139152481,0,Q6581097,Q6581097
Q139251111,0,Q6581072,Q6581072
Q139267243,0,Q6581072,Q6581072
Q139393218,0,Q6581097,Q6581097
Q139393685,0,Q6581097,Q6581097
Q139412773,0,Q6581097,Q6581097
Q139412790,0,Q6581097,Q6581097
Q139438990,0,Q6581072,Q6581072
Q139503343,0,Q6581097,Q6581097
Q139504062,0,,MISSING
Q139554404,0,Q6581072,Q6581072
Q139559748,0,Q6581097,Q6581097
Q139563493,0,Q6581072,Q6581072
Q139576742,0,Q6581097,Q6581097
Q139581663,0,Q6581097,Q6581097
Q139601446,0,Q6581097,Q6581097
Q139620322,0,Q6581097,Q6581097
Q139719363,0,Q6581097,Q6581097
Q139738067,0,Q6581097,Q6581097
Q139742476,0,Q6581097,Q6581097
Q139755060,0,Q6581097,Q6581097
Q139813669,0,Q6581097,Q6581097
Q139825954,0,Q6581072,Q6581072
Q139883629,0,Q6581097,Q6581097
Q139884907,1,Q6581097,Q6581097
Q139919172,0,Q6581072,Q6581072
Q139963511,1,Q6581072,Q6581072
Q139963545,0,Q6581097,Q6581097
Q139963789,0,Q6581097,Q6581097
Q139967583,0,Q6581072,Q6581072
Q139967879,0,Q6581097,Q6581097
Q139968936,0,Q6581097,Q6581097
Q139968974,0,Q6581097,Q6581097
Q139969035,0,Q6581097,Q6581097
Q139969089,0,Q6581097,Q6581097
Q139969130,0,Q6581097,Q6581097
Q139969335,0,Q6581097,Q6581097
Q139970215,0,Q6581072,Q6581072
Q139987991,0,Q6581072,Q6581072
Q140001254,0,Q6581097,Q6581097
Q140007055,0,Q6581097,Q6581097
Q140007080,0,Q6581097,Q6581097
Q140007679,0,,MISSING
Q140011057,0,Q6581072,Q6581072
Q140024256,0,Q6581097,Q6581097
Q140031703,0,Q6581097,Q6581097
Q140042437,0,Q6581097,Q6581097
Q140046070,0,Q6581097,Q6581097
Q140077937,0,Q6581072,Q6581072
Q140101983,0,Q6581097,Q6581097
Q140140251,0,Q6581097,Q6581097
Q140158179,1,Q6581097,Q6581097
Q140194863,1,,MISSING
Q140262669,0,,MISSING
Q140290410,1,,MISSING
Q140310080,1,,MISSING
Q140310100,1,,MISSING
Q140363343,0,Q6581097,Q6581097
Q140465506,0,Q6581097,Q6581097
Q140465566,0,Q6581097,Q6581097
Q140465565,0,Q6581097,Q6581097
Q140468434,0,Q6581072,Q6581072
Q140468435,0,Q6581072,Q6581072
Q140468432,0,Q6581072,Q6581072
Q140468433,0,Q6581072,Q6581072
Q140468438,0,Q6581072,Q6581072
Q140468439,0,Q6581072,Q6581072
Q140468436,0,Q6581072,Q6581072
Q140468437,0,Q6581072,Q6581072
Q140468482,0,Q6581097,Q6581097
Q140468483,0,Q6581097,Q6581097
Q140468481,0,Q6581097,Q6581097
Q140468486,0,Q6581097,Q6581097
Q140468484,0,Q6581097,Q6581097
Q140468494,0,Q6581097,Q6581097
Q140468492,0,Q6581097,Q6581097
Q140472036,0,Q6581097,Q6581097
Q140472058,0,Q6581097,Q6581097
Q140472059,0,Q6581097,Q6581097
Q140480727,0,Q6581097,Q6581097
Q140672282,0,Q6581072,Q6581072
Q140672283,0,Q6581072,Q6581072
Q140672284,0,Q6581072,Q6581072
Q140672285,0,Q6581072,Q6581072
Q140677641,1,Q6581072,Q6581072
Q140685206,0,Q6581097,Q6581097
Q140723002,0,Q6581097,Q6581097
Q140724444,0,Q6581097,Q6581097
Q140837355,0,,MISSING
Q140889673,0,Q6581097,Q6581097
Q140890684,0,Q6581097,Q6581097
Q141005759,0,Q6581097,Q6581097
Q141012749,0,Q6581097,Q6581097
Q141017555,0,Q6581097,Q6581097
Q141067899,0,Q6581097,Q6581097
Q141104143,0,Q6581097,Q6581097
Q141123039,1,Q6581097,Q6581097
Q141135375,0,Q6581097,Q6581097
Q141147806,0,Q6581097,Q6581097
Q141155003,0,Q6581097,Q6581097
Q141157017,0,Q6581097,Q6581097
Q141157844,0,Q6581097,Q6581097
Q112122553,0,Q6581097,Q6581097
Q112122855,0,Q6581097,Q6581097
Q112255018,0,Q6581097,Q6581097
Q112261896,0,Q6581097,Q6581097
Q112262240,0,Q6581097,Q6581097
Q112434203,0,Q6581072,Q6581072
Q112523268,0,Q6581097,Q6581097
Q112668041,0,Q6581097,Q6581097
Q112730998,0,Q6581072,Q6581072
Q112751184,0,Q6581072,Q6581072
Q112842950,0,Q6581097,Q6581097
Q112845231,0,Q6581097,Q6581097
Q112845542,0,Q6581097,Q6581097
Q112864869,0,Q6581097,Q6581097
Q112874891,0,Q6581097,Q6581097
Q112899234,0,Q6581097,Q6581097
Q112921094,0,Q6581097,Q6581097
Q112987813,0,Q6581097,Q6581097
Q112988064,0,Q6581097,Q6581097
Q112988254,0,Q6581097,Q6581097
Q112988379,0,Q6581097,Q6581097
Q112989028,1,Q6581072,Q6581072
Q112989462,1,Q6581097,Q6581097
Q112989754,0,Q6581097,Q6581097
Q112990144,0,Q6581097,Q6581097
Q112990812,0,Q6581097,Q6581097
Q112991646,0,Q6581072,Q6581072
Q112991658,0,Q6581097,Q6581097
Q112991657,1,Q6581097,Q6581097
Q112991664,0,Q6581097,Q6581097
Q112992807,0,Q6581072,Q6581072
Q112992805,1,Q6581072,Q6581072
Q112993797,0,Q6581097,Q6581097
Q112993831,1,Q6581097,Q6581097
Q112994130,0,Q6581072,Q6581072
Q112994389,1,Q6581097,Q6581097
Q112994627,1,Q6581097,Q6581097
Q112994673,0,Q6581097,Q6581097
Q112994776,0,Q6581097,Q6581097
Q112994849,0,Q6581097,Q6581097
Q112996358,0,Q6581097,Q6581097
Q112996365,0,Q6581072,Q6581072
Q113044175,0,Q6581097,Q6581097
Q113076422,0,Q6581097,Q6581097
Q113076831,0,Q6581097,Q6581097
Q113085529,0,Q6581097,Q6581097
Q113086504,0,Q6581097,Q6581097
Q113089530,0,Q6581097,Q6581097
Q113089881,0,Q6581097,Q6581097
Q113111326,0,Q6581097,Q6581097
Q113111530,0,Q6581097,Q6581097
Q113141177,0,Q6581097,Q6581097
Q113162343,0,Q6581097,Q6581097
Q113164116,0,Q6581097,Q6581097
Q113238851,0,Q6581097,Q6581097
Q113266022,0,Q6581097,Q6581097
Q113266045,0,Q6581097,Q6581097
Q113282377,0,Q6581072,Q6581072
Q113289163,0,Q6581097,Q6581097
Q113330036,0,Q6581097,Q6581097
Q113330148,0,Q6581097,Q6581097
Q113367471,0,Q6581097,Q6581097
Q113368651,0,Q6581097,Q6581097
Q113369281,0,Q6581097,Q6581097
Q113456027,0,Q6581097,Q6581097
Q113456712,0,Q6581097,Q6581097
Q113459278,0,Q6581097,Q6581097
Q113494957,0,Q6581097,Q6581097
Q113514960,0,Q6581097,Q6581097
Q113559371,0,Q6581097,Q6581097
Q113565379,0,Q6581097,Q6581097
Q113565528,0,Q6581097,Q6581097
Q113575058,1,Q6581097,Q6581097
Q113625148,0,Q6581097,Q6581097
Q113632694,0,Q6581097,Q6581097
Q113711185,0,Q6581097,Q6581097
Q113716931,0,Q6581097,Q6581097
Q113766419,0,Q6581097,Q6581097
Q113768982,0,Q6581097,Q6581097
Q113773293,1,Q6581097,Q6581097
Q113853839,0,Q6581097,Q6581097
Q113937727,0,Q6581097,Q6581097
Q113962256,0,Q6581097,Q6581097
Q113990509,0,Q6581097,Q6581097
Q114051240,0,Q6581097,Q6581097
Q114135428,0,Q6581097,Q6581097
Q114143256,0,Q6581097,Q6581097
Q114207393,0,Q6581097,Q6581097
Q114244634,0,Q6581097,Q6581097
Q114372793,0,Q6581097,Q6581097
Q114414911,0,Q6581072,Q6581072
Q114427489,0,Q6581097,Q6581097
Q114433962,0,Q6581097,Q6581097
Q114468668,0,Q6581097,Q6581097
Q114477843,0,Q6581097,Q6581097
Q114569007,1,Q6581097,Q6581097
Q114590604,0,Q6581097,Q6581097
Q114600218,0,Q6581097,Q6581097
Q114610142,0,Q6581097,Q6581097
Q114831380,0,Q6581097,Q6581097
Q114832354,0,Q6581097,Q6581097
Q114841948,0,Q6581097,Q6581097
Q114842161,0,Q6581097,Q6581097
Q114842584,0,Q6581097,Q6581097
Q114861121,0,Q6581097,Q6581097
Q114861389,0,Q6581097,Q6581097
Q114861449,0,Q6581097,Q6581097
Q114867566,0,Q6581097,Q6581097
Q114869645,0,Q6581097,Q6581097
Q114888829,0,Q6581097,Q6581097
Q114892676,0,Q6581072,Q6581072
Q114893925,0,Q6581097,Q6581097
Q114895021,0,Q6581097,Q6581097
Q114896712,0,Q6581097,Q6581097
Q114922221,0,Q6581097,Q6581097
Q114923311,0,Q6581097,Q6581097
Q114924144,0,Q6581097,Q6581097
Q114951875,0,Q6581097,Q6581097
Q114952582,0,Q6581097,Q6581097
Q114953077,1,Q6581072,Q6581072
Q114956520,0,Q6581097,Q6581097
Q114969415,0,Q6581097,Q6581097
Q114970087,0,Q6581097,Q6581097
Q114970319,0,Q6581097,Q6581097
Q114972368,0,Q6581097,Q6581097
Q114981898,0,Q6581097,Q6581097
Q114983787,0,Q6581097,Q6581097
Q115000973,0,Q6581097,Q6581097
Q115051913,0,Q6581097,Q6581097
Q115128842,0,Q6581097,Q6581097
Q115129180,0,Q6581097,Q6581097
Q115130172,0,Q6581097,Q6581097
Q115169145,0,Q6581097,Q6581097
Q115201662,0,Q6581072,Q6581072
Q115201749,0,Q6581072,Q6581072
Q115214855,0,Q6581097,Q6581097
Q115247312,0,Q6581097,Q6581097
Q115247481,0,Q6581072,Q6581072
Q115288514,0,Q6581097,Q6581097
Q115316753,0,Q6581097,Q6581097
Q115341897,1,Q6581097,Q6581097
Q115367910,1,Q6581097,Q6581097
Q115367930,0,Q6581072,Q6581072
Q115381087,0,Q6581097,Q6581097
Q115381089,0,Q6581097,Q6581097
Q115387686,0,Q6581097,Q6581097
Q115399523,0,Q6581097,Q6581097
Q115428741,0,Q6581097,Q6581097
Q115428819,0,Q6581097,Q6581097
Q115451123,0,Q6581072,Q6581072
Q115508461,0,Q6581072,Q6581072
Q115515519,1,Q6581097,Q6581097
Q115534410,1,Q6581097,Q6581097
Q115598746,0,Q6581097,Q6581097
Q115600083,0,Q6581097,Q6581097
Q115605171,0,Q6581097,Q6581097
Q115619409,0,Q6581097,Q6581097
Q115620271,0,Q6581097,Q6581097
Q115627110,0,Q6581097,Q6581097
Q115632858,0,Q6581097,Q6581097
Q115679979,0,Q6581097,Q6581097
Q115682959,0,Q6581072,Q6581072
Q115683484,0,Q6581097,Q6581097
Q115684538,0,Q6581097,Q6581097
Q115740996,0,Q6581097,Q6581097
Q115741484,0,Q6581097,Q6581097
Q115756918,0,Q6581072,Q6581072
Q115758709,0,Q6581072,Q6581072
Q115758718,0,Q6581097,Q6581097
Q115758728,0,Q6581097,Q6581097
Q115758733,0,Q6581097,Q6581097
Q115777144,0,Q6581072,Q6581072
Q115777275,0,Q6581072,Q6581072
Q115795143,0,Q6581072,Q6581072
Q115917558,0,Q6581097,Q6581097
Q115925416,0,Q6581097,Q6581097
Q116025154,0,Q6581097,Q6581097
Q116161669,0,Q6581072,Q6581072
Q116166304,0,Q6581072,Q6581072
Q116196761,1,Q6581097,Q6581097
Q116203447,0,Q6581072,Q6581072
Q116252060,0,Q6581097,Q6581097
Q116252561,0,Q6581097,Q6581097
Q116453541,0,Q6581097,Q6581097
Q116480776,1,Q6581072,Q6581072
Q116505165,0,Q6581097,Q6581097
Q116753585,0,Q6581097,Q6581097
Q116764531,0,Q6581072,Q6581072
Q116764532,0,Q6581072,Q6581072
Q116765723,0,Q6581072,Q6581072
Q116767065,0,Q6581072,Q6581072
Q116767420,0,Q6581097,Q6581097
Q116771387,0,Q6581072,Q6581072
Q116771388,0,Q6581072,Q6581072
Q116771397,0,Q6581072,Q6581072
Q116771525,0,Q6581072,Q6581072
Q116771545,0,Q6581072,Q6581072
Q116772234,0,Q6581072,Q6581072
Q116786007,0,Q6581097,Q6581097
Q116788958,0,Q6581097,Q6581097
Q125374117,0,Q6581072,Q6581072
Q125381844,0,Q6581072,Q6581072
Q125382212,0,Q6581072,Q6581072
Q125408486,0,Q6581097,Q6581097
Q125473964,0,,MISSING
Q125661018,0,Q6581097,Q6581097
Q125661340,0,Q6581097,Q6581097
Q125680808,0,Q6581097,Q6581097
Q125681835,0,Q6581072,Q6581072
Q125747048,0,Q6581097,Q6581097
Q125754531,0,Q6581097,Q6581097
Q125794413,0,Q6581097,Q6581097
Q125809389,1,Q6581097,Q6581097
Q125822352,0,Q6581072,Q6581072
Q125823543,0,Q6581072,Q6581072
Q125844522,0,Q6581097,Q6581097
Q125906970,0,Q6581097,Q6581097
Q125906968,0,Q6581097,Q6581097
Q125906969,0,Q6581097,Q6581097
Q125906972,0,Q6581097,Q6581097
Q125984523,0,Q6581097,Q6581097
Q126013755,1,Q6581097,Q6581097
Q126040551,0,Q6581097,Q6581097
Q126107710,0,Q6581097,Q6581097
Q126109172,0,Q6581072,Q6581072
Q126110521,1,Q6581097,Q6581097
Q126110661,0,Q6581097,Q6581097
Q126203985,0,Q6581097,Q6581097
Q126489068,0,Q6581097,Q6581097
Q126597025,0,Q6581097,Q6581097
Q126617269,0,Q6581097,Q6581097
Q126727797,1,Q6581097,Q6581097
Q126766317,0,Q6581097,Q6581097
Q126888002,0,Q6581097,Q6581097
Q126888208,0,Q6581097,Q6581097
Q126891260,1,Q6581097,Q6581097
Q126894381,0,Q6581097,Q6581097
Q126894722,1,Q6581072,Q6581072
Q126929244,0,Q6581097,Q6581097
Q126948819,0,Q6581097,Q6581097
Q126950720,0,Q6581072,Q6581072
Q126970844,0,Q6581097,Q6581097
Q126974140,1,Q6581097,Q6581097
Q126974655,1,Q6581097,Q6581097
Q126974799,1,Q6581097,Q6581097
Q126977331,1,,MISSING
Q127018090,1,Q6581097,Q6581097
Q127165206,0,Q6581072,Q6581072
Q127250355,0,Q6581097,Q6581097
Q127388632,1,,MISSING
Q127429223,0,Q6581097,Q6581097
Q127429322,0,Q6581097,Q6581097
Q127867181,0,Q6581097,Q6581097
Q127918326,1,Q6581097,Q6581097
Q127922233,1,Q6581072,Q6581072
Q128115834,0,Q6581097,Q6581097
Q128156158,0,Q6581097,Q6581097
Q128194482,1,,MISSING
Q128245021,0,Q6581097,Q6581097
Q128625150,0,Q6581097,Q6581097
Q128641138,0,Q6581097,Q6581097
Q128792649,0,Q6581097,Q6581097
Q128792653,0,Q6581097,Q6581097
Q128803907,1,Q6581097,Q6581097
Q128896633,1,,MISSING
Q129868292,0,Q6581097,Q6581097
Q130086367,0,Q6581072,Q6581072
Q130086444,0,Q6581072,Q6581072
Q130093563,0,Q6581097,Q6581097
Q130093566,0,Q6581097,Q6581097
Q130093565,0,Q6581097,Q6581097
Q130093570,0,Q6581097,Q6581097
Q130093568,0,Q6581097,Q6581097
Q130222558,1,Q6581097,Q6581097
Q130223354,0,Q6581072,Q6581072
Q130247995,0,Q6581097,Q6581097
Q130282791,0,Q6581097,Q6581097
Q130285801,0,Q6581097,Q6581097
Q130286348,1,Q6581097,Q6581097
Q130296585,0,Q6581097,Q6581097
Q130323807,0,Q6581097,Q6581097
Q130343711,0,Q6581072,Q6581072
Q130406943,0,Q6581072,Q6581072
Q130416749,0,Q6581072,Q6581072
Q130479537,1,Q6581097,Q6581097
Q130529436,0,Q6581097,Q6581097
Q130547623,0,Q6581072,Q6581072
Q130621749,0,Q6581072,Q6581072
Q130738641,0,Q6581072,Q6581072
Q131006590,0,Q6581097,Q6581097
Q131006979,0,Q6581097,Q6581097
Q131056244,0,,MISSING
Q131056377,1,,MISSING
Q131139737,0,Q6581097,Q6581097
Q131142865,0,Q6581097,Q6581097
Q131220715,0,Q6581097,Q6581097
Q131253241,0,Q6581097,Q6581097
Q131253556,1,,MISSING
Q131294815,1,Q6581097,Q6581097
Q131294948,0,Q6581097,Q6581097
Q131295201,0,Q6581097,Q6581097
Q131298370,0,Q6581072,Q6581072
Q131299849,0,Q6581097,Q6581097
Q131306118,0,Q6581097,Q6581097
Q131308287,0,Q6581097,Q6581097
Q131326730,0,Q6581097,Q6581097
Q131377021,0,,MISSING
Q131377027,0,,MISSING
Q131418813,0,Q6581072,Q6581072
Q131448068,0,Q6581097,Q6581097
Q131471409,1,Q6581097,Q6581097
Q131518887,0,Q6581097,Q6581097
Q131523312,0,,MISSING
Q131523357,0,,MISSING
Q131523362,0,,MISSING
Q131613006,1,,MISSING
Q131613550,1,Q6581072,Q6581072
Q131614002,1,,MISSING
Q131727658,0,Q6581097,Q6581097
Q131744414,0,Q6581097,Q6581097
Q131744492,0,Q6581097,Q6581097
Q131755323,0,Q6581072,Q6581072
Q131839480,1,Q6581097,Q6581097
Q131857033,1,,MISSING
Q131914697,1,Q6581072,Q6581072
Q131999273,0,,MISSING
Q132106145,0,Q6581097,Q6581097
Q132157242,0,Q6581097,Q6581097
Q132157885,0,,MISSING
Q132175679,0,Q6581097,Q6581097
Q132179208,1,,MISSING
Q132179672,1,,MISSING
Q132180956,1,,MISSING
Q132181199,1,,MISSING
Q132184416,0,Q6581097,Q6581097
Q132210292,0,Q6581072,Q6581072
Q132308196,0,Q6581072,Q6581072
Q132463635,0,Q6581097,Q6581097
Q132560612,1,Q6581072,Q6581072
Q132796786,0,Q6581097,Q6581097
Q132852310,0,Q6581097,Q6581097
Q132858117,0,Q6581097,Q6581097
Q132858330,0,Q6581097,Q6581097
Q132860202,0,Q6581072,Q6581072
Q132860203,0,Q6581097,Q6581097
Q132860200,0,Q6581072,Q6581072
Q132860201,0,Q6581072,Q6581072
Q132860206,0,Q6581097,Q6581097
Q132860204,0,Q6581097,Q6581097
Q132860205,0,Q6581097,Q6581097
Q132861503,1,Q6581097,Q6581097
Q132861682,0,Q6581097,Q6581097
Q132862465,0,Q6581097,Q6581097
Q132862601,0,Q6581097,Q6581097
Q132863311,0,Q6581097,Q6581097
Q132891874,0,Q6581097,Q6581097
Q132892450,0,Q6581097,Q6581097
Q132904688,1,,MISSING
Q132906840,0,Q6581097,Q6581097
Q132989294,1,Q6581072,Q6581072
Q132990313,1,Q6581097,Q6581097
Q133014981,0,Q6581097,Q6581097
Q133015200,0,Q6581097,Q6581097
Q133017715,0,Q6581097,Q6581097
Q133019935,0,Q6581097,Q6581097
Q133034544,0,Q6581097,Q6581097
Q133037368,1,Q6581072,Q6581072
Q133246434,0,Q6581097,Q6581097
Q133247603,0,Q6581097,Q6581097
Q133247709,0,Q6581097,Q6581097
Q133250632,0,Q6581072,Q6581072
Q133251758,0,Q6581097,Q6581097
Q133252356,0,Q6581097,Q6581097
Q133253461,0,Q6581097,Q6581097
Q133260513,1,,MISSING
Q133269164,0,,MISSING
Q133269254,0,,MISSING
Q133269276,0,,MISSING
Q133272979,0,Q6581072,Q6581072
Q133279711,0,,MISSING
Q133454735,0,,MISSING
Q133454741,0,,MISSING
Q133523164,0,,MISSING
Q133523183,0,,MISSING
Q133523221,0,,MISSING
Q133529259,0,Q6581097,Q6581097
Q133571491,0,Q6581097,Q6581097
Q133571494,0,Q6581097,Q6581097
Q133571495,0,Q6581097,Q6581097
Q133571493,0,Q6581097,Q6581097
Q133571496,0,Q6581097,Q6581097
Q133574211,1,,MISSING
Q133797578,0,Q6581072,Q6581072
Q133797583,0,Q6581072,Q6581072
Q133797580,0,Q6581072,Q6581072
Q133797586,0,Q6581097,Q6581097
Q133797589,0,Q6581097,Q6581097
Q133798072,0,Q6581097,Q6581097
Q133798226,0,Q6581097,Q6581097
Q133799806,0,Q6581097,Q6581097
Q133800194,0,Q6581097,Q6581097
Q133802556,1,,MISSING
Q133822445,0,,MISSING
Q133822467,0,,MISSING
Q133822481,0,,MISSING
Q133822490,0,,MISSING
Q133837525,0,Q6581097,Q6581097
Q133839252,0,Q6581072,Q6581072
Q133839305,1,,MISSING
Q133846051,0,Q6581097,Q6581097
Q133856406,0,Q6581097,Q6581097
Q133887046,1,,MISSING
Q133887100,1,,MISSING
Q133896489,0,Q6581097,Q6581097
Q133963402,0,Q6581097,Q6581097
Q133973494,0,Q6581097,Q6581097
Q133980423,0,Q6581072,Q6581072
Q134005118,1,,MISSING
Q134007025,0,Q6581097,Q6581097
Q134034772,1,Q6581097,Q6581097
Q134035302,1,,MISSING
Q134035920,1,,MISSING
Q134036464,1,,MISSING
Q134053112,1,,MISSING
Q134081887,1,,MISSING
Q134100303,1,,MISSING
Q134100370,0,Q6581097,Q6581097
Q134107987,0,Q6581097,Q6581097
Q134122773,1,,MISSING
Q134122917,0,,MISSING
Q134133594,0,Q6581097,Q6581097
Q134179645,0,Q6581097,Q6581097
Q134184044,0,Q6581072,Q6581072
Q134184053,0,Q6581097,Q6581097
Q134300079,1,,MISSING
Q134307050,1,,MISSING
Q134307093,1,Q6581097,Q6581097
Q134312436,0,Q6581097,Q6581097
Q134312583,0,Q6581097,Q6581097
Q134315955,1,Q6581097,Q6581097
Q134316088,1,,MISSING
Q134319841,1,,MISSING
Q134349405,0,Q6581072,Q6581072
Q134350480,0,,MISSING
Q134367323,1,,MISSING
Q134381933,0,Q6581097,Q6581097
Q134381937,0,Q6581097,Q6581097
Q134382388,0,Q6581097,Q6581097
Q134405422,0,Q6581097,Q6581097
Q134427162,0,Q6581097,Q6581097
Q134434890,1,,MISSING
Q134437065,0,Q6581097,Q6581097
Q134439950,0,Q6581097,Q6581097
Q134452756,1,Q6581072,Q6581072
Q134462660,0,Q6581072,Q6581072
Q134463021,0,Q6581097,Q6581097
Q134480334,0,Q6581097,Q6581097
Q134505604,1,,MISSING
Q134513683,0,Q6581097,Q6581097
Q134531200,1,,MISSING
Q134542604,0,Q6581072,Q6581072
Q134576842,0,Q6581097,Q6581097
Q134589682,0,Q6581097,Q6581097
Q134595681,0,Q6581097,Q6581097
Q134607333,0,Q6581072,Q6581072
Q134612221,0,Q6581097,Q6581097
Q134615052,0,Q6581097,Q6581097
Q134621773,0,Q6581097,Q6581097
Q134622374,0,Q6581097,Q6581097
Q134622493,0,Q6581097,Q6581097
Q134639199,1,,MISSING
Q134640356,1,,MISSING
Q134698091,0,Q6581097,Q6581097
Q134705138,0,Q6581072,Q6581072
Q134710820,0,Q6581072,Q6581072
Q134710874,0,Q6581072,Q6581072
Q134710967,0,Q6581072,Q6581072
Q134725109,0,Q6581072,Q6581072
Q134725112,0,Q6581097,Q6581097
Q134725204,0,Q6581097,Q6581097
Q134736282,0,Q6581072,Q6581072
Q134736283,0,Q6581072,Q6581072
Q134736280,0,Q6581072,Q6581072
Q134736287,0,Q6581072,Q6581072
Q134736324,0,Q6581072,Q6581072
Q134736346,0,Q6581072,Q6581072
Q134736347,0,Q6581072,Q6581072
Q134736372,0,Q6581072,Q6581072
Q134736373,0,Q6581072,Q6581072
Q134804455,0,Q6581072,Q6581072
Q134831033,0,Q6581072,Q6581072
Q134879147,0,Q6581072,Q6581072
Q134880169,1,,MISSING
Q134880935,0,Q6581097,Q6581097
Q134890054,0,Q6581072,Q6581072
Q134900316,0,Q6581097,Q6581097
Q134959217,1,,MISSING
Q135089461,1,,MISSING
Q135098620,1,,MISSING
Q135104740,1,,MISSING
Q135105400,0,Q6581097,Q6581097
Q135105401,0,Q6581097,Q6581097
Q135206388,1,,MISSING
Q135206447,1,,MISSING
Q135207434,0,Q6581097,Q6581097
Q135221457,0,Q6581072,Q6581072
Q135222043,0,,MISSING
Q135263440,0,Q6581097,Q6581097
Q135347189,0,Q6581072,Q6581072
Q135350822,0,Q6581072,Q6581072
Q135350820,0,Q6581072,Q6581072
Q135350821,0,Q6581072,Q6581072
Q135351985,0,Q6581097,Q6581097
Q135352319,0,Q6581097,Q6581097
Q135352320,0,Q6581097,Q6581097
Q135352370,0,Q6581097,Q6581097
Q135352369,0,Q6581097,Q6581097
Q135352391,0,Q6581097,Q6581097
Q135352392,0,Q6581097,Q6581097
Q135353232,0,Q6581097,Q6581097
Q135353248,0,Q6581097,Q6581097
Q135353595,0,Q6581097,Q6581097
Q135353596,0,Q6581097,Q6581097
Q135353917,0,Q6581097,Q6581097
Q135353955,0,Q6581097,Q6581097
Q135353964,0,Q6581097,Q6581097
Q135353965,0,Q6581097,Q6581097
Q135353975,0,Q6581097,Q6581097
Q135353976,0,Q6581097,Q6581097
Q135353983,0,Q6581097,Q6581097
Q135353980,0,Q6581097,Q6581097
Q135353987,0,Q6581097,Q6581097
Q135353984,0,Q6581097,Q6581097
Q135353994,0,Q6581097,Q6581097
Q135353998,0,Q6581097,Q6581097
Q135353997,0,Q6581097,Q6581097
Q135354334,0,Q6581097,Q6581097
Q135355621,0,Q6581097,Q6581097
Q135356910,0,Q6581072,Q6581072
Q135356911,0,Q6581072,Q6581072
Q135356908,0,Q6581072,Q6581072
Q135356909,0,Q6581072,Q6581072
Q135356914,0,Q6581072,Q6581072
Q135356915,0,Q6581072,Q6581072
Q135356912,0,Q6581072,Q6581072
Q135356913,0,Q6581072,Q6581072
Q135356918,0,Q6581072,Q6581072
Q135356916,0,Q6581072,Q6581072
Q135356917,0,Q6581072,Q6581072
Q135356920,0,Q6581072,Q6581072
Q135357098,0,Q6581097,Q6581097
Q135357099,0,Q6581097,Q6581097
Q135357096,0,Q6581097,Q6581097
Q135357097,0,Q6581097,Q6581097
Q135357102,0,Q6581097,Q6581097
Q135357103,0,Q6581097,Q6581097
Q135357100,0,Q6581097,Q6581097
Q135357106,0,Q6581097,Q6581097
Q135357104,0,Q6581097,Q6581097
Q135357105,0,Q6581097,Q6581097
Q135357118,0,Q6581097,Q6581097
Q135357119,0,Q6581097,Q6581097
Q135357145,0,Q6581097,Q6581097
Q135357636,0,,MISSING
Q135357854,0,Q6581072,Q6581072
Q135357852,0,Q6581072,Q6581072
Q135357853,0,Q6581072,Q6581072
Q135358077,0,,MISSING
Q135359566,0,Q6581097,Q6581097
Q135361143,0,Q6581097,Q6581097
Q135361146,0,Q6581097,Q6581097
Q135361147,0,Q6581097,Q6581097
Q135361144,0,Q6581097,Q6581097
Q135361145,0,Q6581097,Q6581097
Q135361150,0,Q6581097,Q6581097
Q135361151,0,Q6581097,Q6581097
Q135361148,0,Q6581097,Q6581097
Q135361149,0,Q6581097,Q6581097
Q135361155,0,Q6581097,Q6581097
Q135361152,0,Q6581097,Q6581097
Q135361156,0,Q6581097,Q6581097
Q135361903,0,Q6581097,Q6581097
Q135362130,0,Q6581072,Q6581072
Q135362131,0,Q6581072,Q6581072
Q135362128,0,Q6581072,Q6581072
Q135362129,0,Q6581072,Q6581072
Q135362823,0,Q6581097,Q6581097
Q135362826,0,Q6581097,Q6581097
Q135362828,0,Q6581097,Q6581097
Q135362832,0,Q6581097,Q6581097
Q135362833,0,Q6581097,Q6581097
Q135362837,0,Q6581097,Q6581097
Q135362842,0,Q6581097,Q6581097
Q135362840,0,Q6581097,Q6581097
Q135362841,0,Q6581097,Q6581097
Q135363774,0,Q6581072,Q6581072
Q135363775,0,Q6581072,Q6581072
Q135363778,0,Q6581072,Q6581072
Q135363779,0,Q6581072,Q6581072
Q135378892,0,Q6581072,Q6581072
Q135363776,0,Q6581072,Q6581072
Q135363777,0,Q6581072,Q6581072
Q135363782,0,Q6581072,Q6581072
Q135363783,0,Q6581072,Q6581072
Q135363780,0,Q6581072,Q6581072
Q135363781,0,Q6581072,Q6581072
Q135363784,0,Q6581072,Q6581072
Q135365391,0,Q6581072,Q6581072
Q135365422,0,Q6581097,Q6581097
Q135365423,0,Q6581097,Q6581097
Q135365547,0,Q6581072,Q6581072
Q135365548,0,Q6581072,Q6581072
Q135365874,0,Q6581097,Q6581097
Q135365875,0,Q6581097,Q6581097
Q135367027,0,Q6581097,Q6581097
Q135367028,0,Q6581097,Q6581097
Q135367029,0,Q6581097,Q6581097
Q135367078,0,Q6581097,Q6581097
Q135367079,0,Q6581097,Q6581097
Q135367076,0,Q6581097,Q6581097
Q135367077,0,Q6581097,Q6581097
Q135367082,0,Q6581097,Q6581097
Q135367080,0,Q6581097,Q6581097
Q135367081,0,Q6581097,Q6581097
Q135367606,0,Q6581097,Q6581097
Q135367604,0,Q6581097,Q6581097
Q135367659,0,Q6581072,Q6581072
Q135367660,0,Q6581072,Q6581072
Q135367661,0,Q6581072,Q6581072
Q135368255,0,Q6581072,Q6581072
Q135368258,0,Q6581072,Q6581072
Q135368259,0,Q6581072,Q6581072
Q135368256,0,Q6581072,Q6581072
Q135368257,0,Q6581072,Q6581072
Q135368262,0,Q6581072,Q6581072
Q135368263,0,Q6581072,Q6581072
Q135368260,0,Q6581072,Q6581072
Q135368261,0,Q6581072,Q6581072
Q135368266,0,Q6581072,Q6581072
Q135368264,0,Q6581072,Q6581072
Q135368265,0,Q6581072,Q6581072
Q135368848,0,Q6581097,Q6581097
Q135368874,0,Q6581097,Q6581097
Q135368875,0,Q6581097,Q6581097
Q135368876,0,Q6581097,Q6581097
Q135368877,0,Q6581097,Q6581097
Q135368968,0,Q6581097,Q6581097
Q135369674,0,Q6581072,Q6581072
Q135369675,0,Q6581072,Q6581072
Q135369679,0,Q6581072,Q6581072
Q135369838,0,Q6581097,Q6581097
Q135369839,0,Q6581097,Q6581097
Q135369840,0,Q6581097,Q6581097
Q135369841,0,Q6581097,Q6581097
Q135370946,0,Q6581072,Q6581072
Q135370947,0,Q6581072,Q6581072
Q135370944,0,Q6581072,Q6581072
Q135370945,0,Q6581072,Q6581072
Q135370950,0,Q6581072,Q6581072
Q135370951,0,Q6581072,Q6581072
Q135370948,0,Q6581072,Q6581072
Q135370949,0,Q6581072,Q6581072
Q135370952,0,Q6581072,Q6581072
Q135370953,0,Q6581072,Q6581072
Q135371068,0,Q6581072,Q6581072
Q135371146,0,Q6581097,Q6581097
Q135371218,0,Q6581097,Q6581097
Q135371219,0,Q6581097,Q6581097
Q135371216,0,Q6581097,Q6581097
Q135371217,0,Q6581097,Q6581097
Q135371222,0,Q6581097,Q6581097
Q135371223,0,Q6581097,Q6581097
Q135371220,0,Q6581097,Q6581097
Q135371221,0,Q6581097,Q6581097
Q135371224,0,Q6581097,Q6581097
Q135371225,0,Q6581097,Q6581097
Q135371490,0,Q6581097,Q6581097
Q135371491,0,Q6581097,Q6581097
Q135371489,0,Q6581097,Q6581097
Q135371495,0,Q6581097,Q6581097
Q135371496,0,Q6581097,Q6581097
Q135371497,0,Q6581097,Q6581097
Q135375938,0,Q6581097,Q6581097
Q135375939,0,Q6581097,Q6581097
Q135375968,0,Q6581097,Q6581097
Q135375969,0,Q6581097,Q6581097
Q135376289,0,Q6581072,Q6581072
Q135376306,0,Q6581072,Q6581072
Q135376307,0,Q6581072,Q6581072
Q135376305,0,Q6581072,Q6581072
Q135376308,0,Q6581072,Q6581072
Q135376309,0,Q6581072,Q6581072
Q135376450,0,Q6581097,Q6581097
Q135376452,0,Q6581097,Q6581097
Q135377034,0,Q6581097,Q6581097
Q135377035,0,Q6581097,Q6581097
Q135377038,0,Q6581097,Q6581097
Q135377039,0,Q6581097,Q6581097
Q135377036,0,Q6581097,Q6581097
Q135377037,0,Q6581097,Q6581097
Q135379394,0,Q6581097,Q6581097
Q135379395,0,Q6581097,Q6581097
Q135379392,0,Q6581097,Q6581097
Q135379393,0,Q6581097,Q6581097
Q135381438,0,Q6581097,Q6581097
Q135382576,0,Q6581097,Q6581097
Q135382633,0,Q6581097,Q6581097
Q135384319,0,Q6581072,Q6581072
Q135385358,0,Q6581097,Q6581097
Q135388292,0,Q6581072,Q6581072
Q135388293,0,Q6581072,Q6581072
Q135389012,0,Q6581072,Q6581072
Q135389117,0,Q6581072,Q6581072
Q135389423,0,Q6581097,Q6581097
Q135389420,0,Q6581097,Q6581097
Q135389629,0,Q6581072,Q6581072
Q135390012,0,Q6581097,Q6581097
Q135391967,0,Q6581072,Q6581072
Q135407606,0,Q6581097,Q6581097
Q135432335,0,,MISSING
Q135526333,0,Q6581097,Q6581097
Q135529898,0,Q6581097,Q6581097
Q135580021,0,Q6581097,Q6581097
Q135585695,1,,MISSING
Q135586840,1,,MISSING
Q135647234,0,Q6581097,Q6581097
Q135655996,0,,MISSING
Q135682792,1,,MISSING
Q135726849,1,Q6581097,Q6581097
Q135792487,0,Q6581097,Q6581097
Q135827563,1,,MISSING
Q135828005,1,,MISSING
Q135841394,0,Q6581097,Q6581097
Q135852713,0,Q6581072,Q6581072
Q135898441,0,Q6581097,Q6581097
Q135915096,1,Q6581097,Q6581097
Q135951879,0,Q6581097,Q6581097
Q135951882,0,Q6581097,Q6581097
Q135951897,0,Q6581097,Q6581097
Q135951911,0,Q6581097,Q6581097
Q135972446,0,Q6581072,Q6581072
Q135974775,0,Q6581097,Q6581097
Q135991625,1,,MISSING
Q135991661,1,Q6581097,Q6581097
Q135991681,1,Q6581097,Q6581097
Q135991688,1,,MISSING
Q135991692,1,,MISSING
Q135999499,1,,MISSING
Q136000178,1,,MISSING
Q136001171,1,,MISSING
Q136001175,1,,MISSING
Q136001591,0,Q6581072,Q6581072
Q136001609,1,,MISSING
Q136087499,1,Q6581097,Q6581097
Q136087672,0,Q6581097,Q6581097
Q136100904,1,,MISSING
Q136104068,1,Q6581097,Q6581097
Q136122756,1,,MISSING
Q136125620,1,Q6581097,Q6581097
Q136135724,0,Q6581097,Q6581097
Q136140189,0,Q6581072,Q6581072
Q136140213,0,Q6581072,Q6581072
Q136141665,0,Q6581097,Q6581097
Q136216237,0,Q6581097,Q6581097
Q136290232,0,Q6581072,Q6581072
Q136299900,0,Q6581072,Q6581072
Q136305672,1,,MISSING
Q136309010,0,Q6581097,Q6581097
Q136312054,0,Q6581097,Q6581097
Q136326005,0,Q6581072,Q6581072
Q136327268,1,Q6581097,Q6581097
Q136338221,0,Q6581097,Q6581097
Q136352677,0,Q6581097,Q6581097
Q136380267,0,Q6581097,Q6581097
Q136380270,0,Q6581097,Q6581097
Q136380268,0,Q6581097,Q6581097
Q136381014,0,Q6581097,Q6581097
Q136381651,0,Q6581097,Q6581097
Q136381654,0,Q6581097,Q6581097
Q136381655,0,Q6581097,Q6581097
Q136381653,0,Q6581097,Q6581097
Q136381658,0,Q6581097,Q6581097
Q136381659,0,Q6581097,Q6581097
Q136381656,0,Q6581097,Q6581097
Q136381657,0,Q6581097,Q6581097
Q136381660,0,Q6581097,Q6581097
Q136381837,0,Q6581072,Q6581072
Q136382355,0,Q6581072,Q6581072
Q136387608,1,,MISSING
Q136440583,0,Q6581097,Q6581097
Q136445437,1,Q6581097,Q6581097
Q136460511,0,Q6581097,Q6581097
Q136461753,0,Q6581097,Q6581097
Q136474363,1,,MISSING
Q136474412,1,,MISSING
Q136474463,1,,MISSING
Q136483974,0,Q6581097,Q6581097
Q136485155,0,Q6581097,Q6581097
Q136485372,1,,MISSING
Q136485395,1,,MISSING
