qid,has_kkwiki,p21,p21_group,p21_corrected,gender
Q1009230,1,Q6581097,Q6581097,Q6581097,Male
Q1036808,1,Q6581097,Q6581097,Q6581097,Male
Q1045853,1,Q6581097,Q6581097,Q6581097,Male
Q1045973,1,Q6581097,Q6581097,Q6581097,Male
Q1045997,1,Q6581097,Q6581097,Q6581097,Male
Q1046003,1,Q6581097,Q6581097,Q6581097,Male
Q1046009,1,Q6581097,Q6581097,Q6581097,Male
Q1046021,1,Q6581097,Q6581097,Q6581097,Male
Q1046192,1,Q6581097,Q6581097,Q6581097,Male
Q1046276,1,Q6581097,Q6581097,Q6581097,Male
Q1046297,1,Q6581097,Q6581097,Q6581097,Male
Q1046306,1,Q6581097,Q6581097,Q6581097,Male
Q1046313,1,Q6581072,Q6581072,Q6581072,Female
Q1047017,1,Q6581097,Q6581097,Q6581097,Male
Q1047319,1,Q6581097,Q6581097,Q6581097,Male
Q1047836,0,Q6581097,Q6581097,Q6581097,Male
Q1048743,1,Q6581097,Q6581097,Q6581097,Male
Q1058378,1,Q6581097,Q6581097,Q6581097,Male
Q1072565,1,Q6581097,Q6581097,Q6581097,Male
Q1074511,1,Q6581097,Q6581097,Q6581097,Male
Q1076093,1,Q6581072,Q6581072,Q6581072,Female
Q1087691,1,Q6581097,Q6581097,Q6581097,Male
Q1087714,1,Q6581097,Q6581097,Q6581097,Male
Q1088352,1,Q6581072,Q6581072,Q6581072,Female
Q1100579,1,Q6581097,Q6581097,Q6581097,Male
Q1106371,1,Q6581097,Q6581097,Q6581097,Male
Q1109100,0,Q6581097,Q6581097,Q6581097,Male
Q1114554,0,Q6581072,Q6581072,Q6581072,Female
Q1119664,0,Q6581097,Q6581097,Q6581097,Male
Q1150775,1,Q6581097,Q6581097,Q6581097,Male
Q1152935,1,Q6581097,Q6581097,Q6581097,Male
Q1163980,0,Q6581097,Q6581097,Q6581097,Male
Q1166400,1,Q6581097,Q6581097,Q6581097,Male
Q1173026,1,Q6581097,Q6581097,Q6581097,Male
Q1187035,0,Q6581097,Q6581097,Q6581097,Male
Q1187554,0,Q6581097,Q6581097,Q6581097,Male
Q1187703,0,Q6581097,Q6581097,Q6581097,Male
Q1187706,0,Q6581097,Q6581097,Q6581097,Male
Q1195698,0,Q6581097,Q6581097,Q6581097,Male
Q1226580,1,Q6581097,Q6581097,Q6581097,Male
Q1228296,0,Q6581072,Q6581072,Q6581072,Female
Q1229829,1,Q6581097,Q6581097,Q6581097,Male
Q1232383,0,Q6581097,Q6581097,Q6581097,Male
Q1232460,1,Q6581097,Q6581097,Q6581097,Male
Q1232640,0,Q6581097,Q6581097,Q6581097,Male
Q1232649,0,Q6581097,Q6581097,Q6581097,Male
Q1232689,1,Q6581097,Q6581097,Q6581097,Male
Q1234192,0,Q6581097,Q6581097,Q6581097,Male
Q1235398,1,Q6581097,Q6581097,Q6581097,Male
Q1251008,1,Q6581097,Q6581097,Q6581097,Male
Q1255869,0,Q6581097,Q6581097,Q6581097,Male
Q1256541,1,Q6581097,Q6581097,Q6581097,Male
Q1266811,1,Q6581097,Q6581097,Q6581097,Male
Q1267689,0,Q6581097,Q6581097,Q6581097,Male
Q1279733,0,Q6581097,Q6581097,Q6581097,Male
Q1284671,0,Q6581097,Q6581097,Q6581097,Male
Q1302590,0,Q6581072,Q6581072,Q6581072,Female
Q1308418,0,Q6581097,Q6581097,Q6581097,Male
Q1319967,0,Q6581097,Q6581097,Q6581097,Male
Q1327898,0,Q6581072,Q6581072,Q6581072,Female
Q1333027,0,Q6581072,Q6581072,Q6581072,Female
Q1349090,0,Q6581097,Q6581097,Q6581097,Male
Q1355800,0,Q6581097,Q6581097,Q6581097,Male
Q1355980,1,Q6581097,Q6581097,Q6581097,Male
Q1363076,0,Q6581097,Q6581097,Q6581097,Male
Q1364482,0,Q6581097,Q6581097,Q6581097,Male
Q1365223,0,Q6581097,Q6581097,Q6581097,Male
Q1365549,1,Q6581097,Q6581097,Q6581097,Male
Q1371557,0,Q6581097,Q6581097,Q6581097,Male
Q1377512,1,Q6581097,Q6581097,Q6581097,Male
Q1377525,1,Q6581097,Q6581097,Q6581097,Male
Q1377572,1,Q6581097,Q6581097,Q6581097,Male
Q1377697,1,Q6581097,Q6581097,Q6581097,Male
Q1377739,1,Q6581097,Q6581097,Q6581097,Male
Q1377798,1,Q6581097,Q6581097,Q6581097,Male
Q1378405,1,Q6581097,Q6581097,Q6581097,Male
Q1379417,0,Q6581097,Q6581097,Q6581097,Male
Q1383931,1,Q6581097,Q6581097,Q6581097,Male
Q1384003,1,Q6581097,Q6581097,Q6581097,Male
Q1385647,0,Q6581097,Q6581097,Q6581097,Male
Q1386374,0,Q6581097,Q6581097,Q6581097,Male
Q1386531,0,Q6581097,Q6581097,Q6581097,Male
Q1389063,0,Q6581097,Q6581097,Q6581097,Male
Q1389422,0,Q6581097,Q6581097,Q6581097,Male
Q1389615,1,Q6581072,Q6581072,Q6581072,Female
Q1390128,1,Q6581097,Q6581097,Q6581097,Male
Q1392566,0,Q6581097,Q6581097,Q6581097,Male
Q1393082,0,Q6581097,Q6581097,Q6581097,Male
Q1393406,0,Q6581097,Q6581097,Q6581097,Male
Q1393528,0,Q6581097,Q6581097,Q6581097,Male
Q1397351,0,Q6581072,Q6581072,Q6581072,Female
Q1398049,0,Q6581097,Q6581097,Q6581097,Male
Q1398123,1,Q6581097,Q6581097,Q6581097,Male
Q1400186,1,Q6581097,Q6581097,Q6581097,Male
Q1400689,0,Q6581097,Q6581097,Q6581097,Male
Q1429004,1,Q6581072,Q6581072,Q6581072,Female
Q1432108,1,Q6581097,Q6581097,Q6581097,Male
Q1436649,0,Q6581072,Q6581072,Q6581072,Female
Q1437015,1,Q6581097,Q6581097,Q6581097,Male
Q1437193,0,Q6581097,Q6581097,Q6581097,Male
Q77450,1,Q6581097,Q6581097,Q6581097,Male
Q94394,1,Q6581097,Q6581097,Q6581097,Male
Q112047,0,Q6581072,Q6581072,Q6581072,Female
Q115204,1,Q6581097,Q6581097,Q6581097,Male
Q115212,1,Q6581097,Q6581097,Q6581097,Male
Q115303,1,Q6581097,Q6581097,Q6581097,Male
Q127350,1,Q6581097,Q6581097,Q6581097,Male
Q128239,1,Q6581097,Q6581097,Q6581097,Male
Q128357,0,Q6581097,Q6581097,Q6581097,Male
Q132083,1,Q6581097,Q6581097,Q6581097,Male
Q164370,0,Q6581097,Q6581097,Q6581097,Male
Q166846,1,Q6581097,Q6581097,Q6581097,Male
Q179190,0,Q6581097,Q6581097,Q6581097,Male
Q181366,1,Q6581097,Q6581097,Q6581097,Male
Q185782,0,Q6581097,Q6581097,Q6581097,Male
Q200881,1,Q6581097,Q6581097,Q6581097,Male
Q208876,0,Q6581072,Q6581072,Q6581072,Female
Q209639,1,Q6581097,Q6581097,Q6581097,Male
Q222747,0,Q6581097,Q6581097,Q6581097,Male
Q224790,1,Q6581097,Q6581097,Q6581097,Male
Q229073,1,Q6581072,Q6581072,Q6581072,Female
Q230881,0,Q6581072,Q6581072,Q6581072,Female
Q232613,0,Q6581072,Q6581072,Q6581072,Female
Q232764,1,Q6581072,Q6581072,Q6581072,Female
Q233231,0,Q6581072,Q6581072,Q6581072,Female
Q234831,1,Q6581072,Q6581072,Q6581072,Female
Q240307,0,Q6581097,Q6581097,Q6581097,Male
Q252769,1,Q6581097,Q6581097,Q6581097,Male
Q252860,1,Q6581097,Q6581097,Q6581097,Male
Q254132,1,Q6581072,Q6581072,Q6581072,Female
Q254220,1,Q6581072,Q6581072,Q6581072,Female
Q254313,1,Q6581072,Q6581072,Q6581072,Female
Q254415,1,Q6581097,Q6581097,Q6581097,Male
Q256141,1,Q6581097,Q6581097,Q6581097,Male
Q260599,0,Q6581097,Q6581097,Q6581097,Male
Q264664,0,Q6581097,Q6581097,Q6581097,Male
Q272543,0,Q6581072,Q6581072,Q6581072,Female
Q272817,0,Q6581072,Q6581072,Q6581072,Female
Q275299,0,Q6581097,Q6581097,Q6581097,Male
Q275833,1,Q6581097,Q6581097,Q6581097,Male
Q277506,1,Q6581097,Q6581097,Q6581097,Male
Q285823,1,Q6581097,Q6581097,Q6581097,Male
Q286961,1,Q6581097,Q6581097,Q6581097,Male
Q291857,1,Q6581072,Q6581072,Q6581072,Female
Q292930,1,Q6581072,Q6581072,Q6581072,Female
Q295991,1,Q6581097,Q6581097,Q6581097,Male
Q324950,1,Q6581097,Q6581097,Q6581097,Male
Q325063,1,Q6581097,Q6581097,Q6581097,Male
Q327205,1,Q6581097,Q6581097,Q6581097,Male
Q338811,1,Q6581097,Q6581097,Q6581097,Male
Q340559,1,Q6581097,Q6581097,Q6581097,Male
Q340561,1,Q6581097,Q6581097,Q6581097,Male
Q344854,1,Q6581097,Q6581097,Q6581097,Male
Q357131,1,Q6581097,Q6581097,Q6581097,Male
Q357241,1,Q6581097,Q6581097,Q6581097,Male
Q358552,1,Q6581097,Q6581097,Q6581097,Male
Q361798,0,Q6581097,Q6581097,Q6581097,Male
Q366412,1,Q6581097,Q6581097,Q6581097,Male
Q367146,1,Q6581097,Q6581097,Q6581097,Male
Q370989,0,Q6581097,Q6581097,Q6581097,Male
Q374837,1,Q6581097,Q6581097,Q6581097,Male
Q375085,1,Q6581097,Q6581097,Q6581097,Male
Q375521,0,Q6581097,Q6581097,Q6581097,Male
Q376532,1,Q6581072,Q6581072,Q6581072,Female
Q377012,0,Q6581097,Q6581097,Q6581097,Male
Q380247,1,Q6581097,Q6581097,Q6581097,Male
Q380254,1,Q6581097,Q6581097,Q6581097,Male
Q382518,1,Q6581097,Q6581097,Q6581097,Male
Q382710,0,Q6581097,Q6581097,Q6581097,Male
Q390913,1,Q6581097,Q6581097,Q6581097,Male
Q417490,1,Q6581097,Q6581097,Q6581097,Male
Q429155,0,Q6581097,Q6581097,Q6581097,Male
Q430283,0,Q6581097,Q6581097,Q6581097,Male
Q432015,1,Q6581097,Q6581097,Q6581097,Male
Q433416,0,Q6581097,Q6581097,Q6581097,Male
Q435078,1,Q6581097,Q6581097,Q6581097,Male
Q435303,1,Q6581097,Q6581097,Q6581097,Male
Q435617,1,Q6581097,Q6581097,Q6581097,Male
Q435635,1,Q6581097,Q6581097,Q6581097,Male
Q437076,0,Q6581097,Q6581097,Q6581097,Male
Q440700,1,Q6581072,Q6581072,Q6581072,Female
Q441386,1,Q6581072,Q6581072,Q6581072,Female
Q442229,1,Q6581097,Q6581097,Q6581097,Male
Q444924,0,Q6581072,Q6581072,Q6581072,Female
Q445324,0,Q6581097,Q6581097,Q6581097,Male
Q448407,1,Q6581097,Q6581097,Q6581097,Male
Q448460,0,Q6581097,Q6581097,Q6581097,Male
Q448689,0,Q6581097,Q6581097,Q6581097,Male
Q449259,0,Q6581097,Q6581097,Q6581097,Male
Q452328,0,Q6581097,Q6581097,Q6581097,Male
Q452956,1,Q6581072,Q6581072,Q6581072,Female
Q453535,0,Q6581097,Q6581097,Q6581097,Male
Q454472,0,Q6581072,Q6581072,Q6581072,Female
Q455454,1,Q6581097,Q6581097,Q6581097,Male
Q458069,0,Q6581097,Q6581097,Q6581097,Male
Q459166,1,Q6581097,Q6581097,Q6581097,Male
Q459936,1,Q6581072,Q6581072,Q6581072,Female
Q460465,0,Q6581072,Q6581072,Q6581072,Female
Q461014,1,Q6581097,Q6581097,Q6581097,Male
Q461051,1,Q6581097,Q6581097,Q6581097,Male
Q461089,1,Q6581097,Q6581097,Q6581097,Male
Q461565,1,Q6581072,Q6581072,Q6581072,Female
Q461756,0,Q6581072,Q6581072,Q6581072,Female
Q462018,0,Q6581097,Q6581097,Q6581097,Male
Q462119,1,Q6581097,Q6581097,Q6581097,Male
Q464132,0,Q6581097,Q6581097,Q6581097,Male
Q464206,1,Q6581097,Q6581097,Q6581097,Male
Q464735,1,Q6581072,Q6581072,Q6581072,Female
Q464740,1,Q6581072,Q6581072,Q6581072,Female
Q464765,1,Q6581072,Q6581072,Q6581072,Female
Q464784,1,Q6581072,Q6581072,Q6581072,Female
Q464840,1,Q6581072,Q6581072,Q6581072,Female
Q464847,1,Q6581072,Q6581072,Q6581072,Female
Q465885,0,Q6581097,Q6581097,Q6581097,Male
Q465990,1,Q6581097,Q6581097,Q6581097,Male
Q466542,1,Q6581072,Q6581072,Q6581072,Female
Q466560,1,Q6581072,Q6581072,Q6581072,Female
Q466910,0,Q6581097,Q6581097,Q6581097,Male
Q467543,0,Q6581097,Q6581097,Q6581097,Male
Q468258,1,Q6581097,Q6581097,Q6581097,Male
Q471438,1,Q6581097,Q6581097,Q6581097,Male
Q472014,0,Q6581097,Q6581097,Q6581097,Male
Q472152,0,Q6581097,Q6581097,Q6581097,Male
Q475565,0,Q6581097,Q6581097,Q6581097,Male
Q477337,0,Q6581097,Q6581097,Q6581097,Male
Q487649,0,Q6581097,Q6581097,Q6581097,Male
Q487780,0,Q6581097,Q6581097,Q6581097,Male
Q487950,1,Q6581097,Q6581097,Q6581097,Male
Q488279,0,Q6581097,Q6581097,Q6581097,Male
Q496663,0,Q6581097,Q6581097,Q6581097,Male
Q501925,0,Q6581097,Q6581097,Q6581097,Male
Q501997,1,Q6581097,Q6581097,Q6581097,Male
Q502019,0,Q6581097,Q6581097,Q6581097,Male
Q502152,0,Q6581097,Q6581097,Q6581097,Male
Q502202,1,Q6581097,Q6581097,Q6581097,Male
Q502203,1,Q6581097,Q6581097,Q6581097,Male
Q502256,0,Q6581097,Q6581097,Q6581097,Male
Q502275,0,Q6581097,Q6581097,Q6581097,Male
Q502383,1,Q6581097,Q6581097,Q6581097,Male
Q502477,0,Q6581097,Q6581097,Q6581097,Male
Q502648,0,Q6581097,Q6581097,Q6581097,Male
Q502659,0,Q6581097,Q6581097,Q6581097,Male
Q502759,0,Q6581097,Q6581097,Q6581097,Male
Q502915,0,Q6581097,Q6581097,Q6581097,Male
Q503024,0,Q6581097,Q6581097,Q6581097,Male
Q510037,1,Q6581097,Q6581097,Q6581097,Male
Q510510,0,Q6581097,Q6581097,Q6581097,Male
Q514731,0,Q6581072,Q6581072,Q6581072,Female
Q515803,0,Q6581072,Q6581072,Q6581072,Female
Q516178,1,,MISSING,Q6581072,Female
Q525722,0,,MISSING,Q6581072,Female
Q527063,1,,MISSING,Q6581097,Male
Q527078,1,,MISSING,Q6581097,Male
Q527123,1,,MISSING,Q6581097,Male
Q528484,1,,MISSING,Q6581097,Male
Q529518,1,,MISSING,Q6581072,Female
Q530752,1,,MISSING,Q6581097,Male
Q534137,1,,MISSING,Q6581072,Female
Q535976,1,,MISSING,Q6581097,Male
Q539483,1,,MISSING,Q6581072,Female
Q539539,1,,MISSING,Q6581097,Male
Q542596,0,,MISSING,Q6581097,Male
Q544836,1,,MISSING,Q6581097,Male
Q546327,1,,MISSING,Q6581097,Male
Q553574,0,,MISSING,Q6581097,Male
Q553642,1,,MISSING,Q6581097,Male
Q555377,0,,MISSING,Q6581097,Male
Q558567,1,,MISSING,Q6581097,Male
Q560296,1,,MISSING,Q6581097,Male
Q560301,1,,MISSING,Q6581097,Male
Q560349,1,,MISSING,Q6581097,Male
Q560360,1,,MISSING,Q6581097,Male
Q560365,1,,MISSING,Q6581097,Male
Q560378,1,,MISSING,Q6581097,Male
Q560383,1,,MISSING,Q6581097,Male
Q568089,0,,MISSING,Q6581097,Male
Q573172,1,,MISSING,Q6581097,Male
Q574151,0,,MISSING,Q6581097,Male
Q574948,1,,MISSING,Q6581097,Male
Q584510,0,,MISSING,Q6581097,Male
Q589598,1,,MISSING,Q6581097,Male
Q592266,0,,MISSING,Q6581097,Male
Q595186,0,,MISSING,Q6581097,Male
Q595939,1,,MISSING,Q6581097,Male
Q602087,1,,MISSING,Q6581097,Male
Q602658,0,,MISSING,Q6581097,Male
Q609798,0,,MISSING,Q6581097,Male
Q611014,0,,MISSING,Q6581097,Male
Q612317,1,,MISSING,Q6581097,Male
Q616292,0,,MISSING,Q6581097,Male
Q622768,1,,MISSING,Q6581097,Male
Q639162,0,,MISSING,Q6581097,Male
Q653133,0,,MISSING,Q6581097,Male
Q654394,1,,MISSING,Q6581097,Male
Q664728,1,,MISSING,Q6581097,Male
Q667823,1,,MISSING,Q6581097,Male
Q672829,0,,MISSING,Q6581097,Male
Q674151,0,,MISSING,Q6581097,Male
Q676967,1,,MISSING,Q6581097,Male
Q676981,1,,MISSING,Q6581097,Male
Q683838,0,,MISSING,Q6581097,Male
Q701515,1,,MISSING,Q6581097,Male
Q705098,0,,MISSING,Q6581097,Male
Q706620,0,,MISSING,Q6581097,Male
Q707102,0,,MISSING,Q6581097,Male
Q713470,0,,MISSING,Q6581097,Male
Q716035,0,,MISSING,Q6581097,Male
Q717645,1,,MISSING,Q6581097,Male
Q721179,1,,MISSING,Q6581097,Male
Q722079,1,,MISSING,Q6581097,Male
Q723866,1,,MISSING,Q6581097,Male
Q729610,1,,MISSING,Q6581097,Male
Q729641,1,,MISSING,Q6581097,Male
Q729658,1,,MISSING,Q6581097,Male
Q731118,1,,MISSING,Q6581097,Male
Q732542,1,,MISSING,Q6581097,Male
Q732574,0,,MISSING,Q6581097,Male
Q739222,1,,MISSING,Q6581097,Male
Q755572,1,,MISSING,Q6581072,Female
Q756148,1,,MISSING,Q6581072,Female
Q769828,0,,MISSING,Q6581072,Female
Q774964,1,,MISSING,Q6581072,Female
Q779506,0,,MISSING,Q6581097,Male
Q789083,1,,MISSING,Q6581097,Male
Q798254,1,,MISSING,Q6581097,Male
Q798262,0,,MISSING,Q6581097,Male
Q811973,1,,MISSING,Q6581097,Male
Q814637,1,,MISSING,Q6581097,Male
Q822792,1,,MISSING,Q6581097,Male
Q832251,0,,MISSING,Q6581097,Male
Q836162,0,,MISSING,Q6581072,Female
Q857546,1,,MISSING,Q6581097,Male
Q865862,0,,MISSING,Q6581097,Male
Q866100,0,,MISSING,Q6581097,Male
Q867868,0,,MISSING,Q6581097,Male
Q890847,0,,MISSING,Q6581072,Female
Q891263,0,,MISSING,Q6581097,Male
Q891849,1,,MISSING,Q6581072,Female
Q893800,1,,MISSING,Q6581097,Male
Q898119,0,,MISSING,Q6581097,Male
Q899510,1,,MISSING,Q6581097,Male
Q909951,0,,MISSING,Q6581097,Male
Q910751,1,,MISSING,Q6581097,Male
Q911281,1,,MISSING,Q6581097,Male
Q919053,0,,MISSING,Q6581097,Male
Q919896,0,,MISSING,Q6581097,Male
Q921538,1,,MISSING,Q6581072,Female
Q922509,1,,MISSING,Q6581097,Male
Q923792,1,,MISSING,Q6581097,Male
Q924356,0,,MISSING,Q6581097,Male
Q931505,1,,MISSING,Q6581097,Male
Q931958,1,,MISSING,Q6581097,Male
Q932038,1,,MISSING,Q6581097,Male
Q936432,0,,MISSING,Q6581097,Male
Q938109,0,,MISSING,Q6581097,Male
Q938191,0,,MISSING,Q6581097,Male
Q939474,0,,MISSING,Q6581097,Male
Q941970,0,,MISSING,Q6581097,Male
Q950162,0,,MISSING,Q6581097,Male
Q950172,0,,MISSING,Q6581097,Male
Q951230,0,,MISSING,Q6581072,Female
Q952638,0,,MISSING,Q6581097,Male
Q954823,1,,MISSING,Q6581097,Male
Q957162,0,,MISSING,Q6581097,Male
Q962787,1,,MISSING,Q6581097,Male
Q963013,0,,MISSING,Q6581097,Male
Q963924,1,,MISSING,Q6581097,Male
Q964688,0,,MISSING,Q6581072,Female
Q964712,0,,MISSING,Q6581097,Male
Q964931,1,,MISSING,Q6581097,Male
Q967297,0,,MISSING,Q6581097,Male
Q968213,0,,MISSING,Q6581097,Male
Q970546,1,,MISSING,Q6581097,Male
Q971494,1,,MISSING,Q6581097,Male
Q976179,0,,MISSING,Q6581097,Male
Q976616,1,,MISSING,Q6581097,Male
Q976657,1,,MISSING,Q6581097,Male
Q978489,1,,MISSING,Q6581097,Male
Q981058,1,,MISSING,Q6581097,Male
Q981074,1,,MISSING,Q6581097,Male
Q981103,1,,MISSING,Q6581097,Male
Q981118,1,,MISSING,Q6581097,Male
Q981142,1,,MISSING,Q6581097,Male
Q981145,1,,MISSING,Q6581097,Male
Q981187,1,,MISSING,Q6581097,Male
Q982296,1,,MISSING,Q6581097,Male
Q983522,1,,MISSING,Q6581097,Male
Q984224,0,,MISSING,Q6581097,Male
Q984307,1,,MISSING,Q6581097,Male
Q984618,1,,MISSING,Q6581097,Male
Q1448548,0,,MISSING,Q6581097,Male
Q1458568,0,,MISSING,Q6581097,Male
Q1459251,1,,MISSING,Q6581097,Male
Q1472457,1,,MISSING,Q6581097,Male
Q1486331,0,,MISSING,Q6581097,Male
Q1491329,1,,MISSING,Q6581072,Female
Q1492107,0,,MISSING,Q6581072,Female
Q1492104,0,,MISSING,Q6581072,Female
Q1492846,0,,MISSING,Q6581097,Male
Q1520580,1,,MISSING,Q6581097,Male
Q1521334,1,,MISSING,Q6581097,Male
Q1534884,1,,MISSING,Q6581072,Female
Q1541504,0,,MISSING,Q6581097,Male
Q1569469,0,,MISSING,Q6581097,Male
Q1587282,0,,MISSING,Q6581097,Male
Q1606287,0,,MISSING,Q6581097,Male
Q1641885,0,,MISSING,Q6581097,Male
Q1648716,0,,MISSING,Q6581097,Male
Q1657680,0,,MISSING,Q6581097,Male
Q1657810,1,,MISSING,Q6581097,Male
Q1658615,0,,MISSING,Q6581097,Male
Q1658645,0,,MISSING,Q6581097,Male
Q1672181,1,,MISSING,Q6581097,Male
Q1672648,0,,MISSING,Q6581072,Female
Q1672678,0,,MISSING,Q6581072,Female
Q1674158,0,,MISSING,Q6581097,Male
Q1675595,0,,MISSING,Q6581097,Male
Q1675926,0,,MISSING,Q6581097,Male
Q1676011,0,,MISSING,Q6581097,Male
Q1686645,0,,MISSING,Q6581072,Female
Q1687659,1,,MISSING,Q6581097,Male
Q1688631,0,,MISSING,Q6581097,Male
Q1688653,0,,MISSING,Q6581097,Male
Q1688680,0,,MISSING,Q6581097,Male
Q1706393,0,,MISSING,Q6581097,Male
Q1706483,0,,MISSING,Q6581097,Male
Q1713903,0,,MISSING,Q6581097,Male
Q1717736,0,,MISSING,Q6581097,Male
Q1719451,1,,MISSING,Q6581097,Male
Q1721851,1,,MISSING,Q6581097,Male
Q1721852,1,,MISSING,Q6581097,Male
Q1722547,1,,MISSING,Q6581097,Male
Q1747488,1,,MISSING,Q6581097,Male
Q1749896,0,,MISSING,Q6581097,Male
Q1754694,1,,MISSING,Q6581097,Male
Q1756671,0,,MISSING,Q6581072,Female
Q1757267,0,,MISSING,Q6581097,Male
Q1769589,1,,MISSING,Q6581097,Male
Q1771929,0,,MISSING,Q6581097,Male
Q1775487,1,,MISSING,Q6581097,Male
Q1782742,0,,MISSING,Q6581097,Male
Q1782764,0,,MISSING,Q6581097,Male
Q1782809,0,,MISSING,Q6581097,Male
Q1788279,1,,MISSING,Q6581097,Male
Q1815917,0,,MISSING,Q6581097,Male
Q1825451,1,,MISSING,Q6581072,Female
Q1841423,1,,MISSING,Q6581097,Male
Q1842193,1,,MISSING,Q6581097,Male
Q1849512,0,,MISSING,Q6581097,Male
Q1856100,1,,MISSING,Q6581097,Male
Q1866766,0,,MISSING,Q6581072,Female
Q1873329,0,,MISSING,Q6581097,Male
Q1884670,0,,MISSING,Q6581097,Male
Q1886526,0,,MISSING,Q6581097,Male
Q1892315,1,,MISSING,Q6581097,Male
Q1895187,0,,MISSING,Q6581072,Female
Q1900070,1,,MISSING,Q6581097,Male
Q1913816,1,,MISSING,Q6581097,Male
Q1913829,1,,MISSING,Q6581097,Male
Q1913833,0,,MISSING,Q6581097,Male
Q1930267,1,,MISSING,Q6581097,Male
Q1952525,0,,MISSING,Q6581097,Male
Q1953571,1,,MISSING,Q6581097,Male
Q1963481,1,,MISSING,Q6581097,Male
Q1963965,0,,MISSING,Q6581097,Male
Q1967799,1,,MISSING,Q6581097,Male
Q1971390,0,,MISSING,Q6581097,Male
Q1972850,0,,MISSING,Q6581072,Female
Q1984107,1,,MISSING,Q6581097,Male
Q1990796,0,,MISSING,Q6581097,Male
Q1995708,1,,MISSING,Q6581097,Male
Q2005414,0,,MISSING,Q6581097,Male
Q2019276,1,,MISSING,Q6581097,Male
Q2019280,0,,MISSING,Q6581097,Male
Q2019433,0,,MISSING,Q6581072,Female
Q2019703,0,,MISSING,Q6581072,Female
Q2019714,0,,MISSING,Q6581072,Female
Q2019722,0,,MISSING,Q6581072,Female
Q2019724,0,,MISSING,Q6581072,Female
Q2023257,0,,MISSING,Q6581097,Male
Q2026111,1,,MISSING,Q6581072,Female
Q2027626,1,,MISSING,Q6581097,Male
Q2029855,0,,MISSING,Q6581097,Male
Q2031373,0,,MISSING,Q6581097,Male
Q2034781,0,,MISSING,Q6581097,Male
Q2036001,1,,MISSING,Q6581097,Male
Q2039441,0,,MISSING,Q6581097,Male
Q2062590,1,,MISSING,Q6581097,Male
Q2063190,0,,MISSING,Q6581097,Male
Q2070757,0,,MISSING,Q6581072,Female
Q2082981,1,,MISSING,Q6581097,Male
Q2107164,0,,MISSING,Q6581072,Female
Q2107364,0,,MISSING,Q6581097,Male
Q2107402,0,,MISSING,Q6581097,Male
Q2107667,1,,MISSING,Q6581072,Female
Q2108153,1,,MISSING,Q6581097,Male
Q2108313,0,,MISSING,Q6581097,Male
Q2154705,0,,MISSING,Q6581097,Male
Q2164743,0,,MISSING,Q6581097,Male
Q2176851,0,,MISSING,Q6581097,Male
Q2178182,0,,MISSING,Q6581097,Male
Q2178909,0,,MISSING,Q6581072,Female
Q2202217,0,,MISSING,Q6581097,Male
Q2226067,1,,MISSING,Q6581097,Male
Q2226968,1,,MISSING,Q6581097,Male
Q2230880,1,,MISSING,Q6581072,Female
Q2250110,0,,MISSING,Q6581072,Female
Q2260327,0,,MISSING,Q6581097,Male
Q2260606,0,,MISSING,Q6581072,Female
Q2261644,0,,MISSING,Q6581097,Male
Q2267979,0,,MISSING,Q6581097,Male
Q2272512,0,,MISSING,Q6581097,Male
Q2272963,0,,MISSING,Q6581097,Male
Q2272966,0,,MISSING,Q6581097,Male
Q2320454,0,,MISSING,Q6581097,Male
Q2330636,0,,MISSING,Q6581097,Male
Q2342370,0,,MISSING,Q6581097,Male
Q2342687,1,,MISSING,Q6581097,Male
Q2345842,0,,MISSING,Q6581097,Male
Q2346510,0,,MISSING,Q6581097,Male
Q2347545,0,,MISSING,Q6581097,Male
Q2348581,0,,MISSING,Q6581072,Female
Q2355755,0,,MISSING,Q6581097,Male
Q2357031,0,,MISSING,Q6581097,Male
Q2372736,0,,MISSING,Q6581072,Female
Q2374467,1,,MISSING,Q6581097,Male
Q2375002,0,,MISSING,Q6581097,Male
Q2380553,1,,MISSING,Q6581097,Male
Q2386511,0,,MISSING,Q6581097,Male
Q2391190,1,,MISSING,Q6581072,Female
Q2391790,0,,MISSING,Q6581072,Female
Q2395662,0,,MISSING,Q6581072,Female
Q2400533,0,,MISSING,Q6581072,Female
Q2417517,0,,MISSING,Q6581097,Male
Q2429984,1,,MISSING,Q6581072,Female
Q2444320,1,,MISSING,Q6581097,Male
Q2450518,1,,MISSING,Q6581097,Male
Q2464001,1,,MISSING,Q6581097,Male
Q2466357,1,,MISSING,Q6581072,Female
Q2466379,1,,MISSING,Q6581097,Male
Q2471041,1,,MISSING,Q6581072,Female
Q2471516,1,,MISSING,Q6581097,Male
Q2479354,0,,MISSING,Q6581097,Male
Q2501357,0,,MISSING,Q6581072,Female
Q2502828,1,,MISSING,Q6581097,Male
Q2536822,0,,MISSING,Q6581097,Male
Q2538754,0,,MISSING,Q6581097,Male
Q2538766,0,,MISSING,Q6581097,Male
Q2538812,1,,MISSING,Q6581097,Male
Q2542175,1,,MISSING,Q6581097,Male
Q2542214,0,,MISSING,Q6581097,Male
Q2542723,1,,MISSING,Q6581097,Male
Q2560080,1,,MISSING,Q6581097,Male
Q2567676,1,,MISSING,Q6581097,Male
Q2570017,1,,MISSING,Q6581097,Male
Q2570084,0,,MISSING,Q6581072,Female
Q2587082,0,,MISSING,Q6581097,Male
Q2587155,0,,MISSING,Q6581097,Male
Q2587184,0,,MISSING,Q6581097,Male
Q2587200,0,,MISSING,Q6581097,Male
Q2587378,0,,MISSING,Q6581097,Male
Q2587509,0,,MISSING,Q6581097,Male
Q2600001,0,,MISSING,Q6581072,Female
Q2602053,0,,MISSING,Q6581097,Male
Q2602840,0,,MISSING,Q6581097,Male
Q2617878,1,,MISSING,Q6581097,Male
Q2618199,0,,MISSING,Q6581097,Male
Q2621391,0,,MISSING,Q6581097,Male
Q2622432,0,,MISSING,Q6581097,Male
Q2623000,0,,MISSING,Q6581097,Male
Q2626602,1,,MISSING,Q6581097,Male
Q2626934,1,,MISSING,Q6581097,Male
Q2628409,1,,MISSING,Q6581097,Male
Q2628417,1,,MISSING,Q6581097,Male
Q2640776,1,,MISSING,Q6581097,Male
Q2641225,1,,MISSING,Q6581097,Male
Q2642013,0,,MISSING,Q6581097,Male
Q2642056,0,,MISSING,Q6581097,Male
Q2642691,0,,MISSING,Q6581097,Male
Q2642970,0,,MISSING,Q6581097,Male
Q2643020,0,,MISSING,Q6581097,Male
Q2643963,0,,MISSING,Q6581097,Male
Q2643996,0,,MISSING,Q6581097,Male
Q2644031,0,,MISSING,Q6581097,Male
Q2654184,0,,MISSING,Q6581072,Female
Q2658743,1,,MISSING,Q6581097,Male
Q2660661,0,,MISSING,Q6581097,Male
Q2667308,1,,MISSING,Q6581097,Male
Q2667651,1,,MISSING,Q6581072,Female
Q5092066,1,,MISSING,Q6581097,Male
Q5216278,1,,MISSING,Q6581097,Male
Q5219893,0,,MISSING,Q6581097,Male
Q5223639,0,,MISSING,Q6581097,Male
Q5228023,0,,MISSING,Q6581097,Male
Q5272053,1,,MISSING,Q6581097,Male
Q5277832,0,,MISSING,Q6581072,Female
Q5282494,1,,MISSING,Q6581097,Male
Q5285512,0,,MISSING,Q6581097,Male
Q5285537,0,,MISSING,Q6581097,Male
Q5285656,0,,MISSING,Q6581097,Male
Q5285661,0,,MISSING,Q6581097,Male
Q5285673,0,,MISSING,Q6581097,Male
Q5285676,0,,MISSING,Q6581097,Male
Q5340442,0,,MISSING,Q6581097,Male
Q5353896,0,,MISSING,Q6581097,Male
Q5359045,0,,MISSING,Q6581072,Female
Q5363904,0,,MISSING,Q6581072,Female
Q5365382,0,,MISSING,Q6581072,Female
Q5381553,0,,MISSING,Q6581097,Male
Q5384230,1,,MISSING,Q6581097,Male
Q5548472,0,,MISSING,Q6581097,Male
Q5551139,1,,MISSING,Q6581097,Male
Q5617836,1,,MISSING,Q6581072,Female
Q5617972,0,,MISSING,Q6581072,Female
Q5910578,0,,MISSING,Q6581097,Male
Q5993372,0,,MISSING,Q6581097,Male
Q5993692,0,,MISSING,Q6581097,Male
Q5993774,0,,MISSING,Q6581097,Male
Q5993860,0,,MISSING,Q6581097,Male
Q5997720,0,,MISSING,Q6581097,Male
Q6052889,0,,MISSING,Q6581097,Male
Q6062443,0,,MISSING,Q6581072,Female
Q6075874,1,,MISSING,Q6581097,Male
Q6211877,0,,MISSING,Q6581097,Male
Q6348338,1,,MISSING,Q6581097,Male
Q6348540,1,,MISSING,Q6581072,Female
Q6351099,0,,MISSING,Q6581072,Female
Q6353074,0,,MISSING,Q6581072,Female
Q6354683,0,,MISSING,Q6581097,Male
Q6355766,0,,MISSING,Q6581072,Female
Q6380687,0,,MISSING,Q6581097,Male
Q6380691,0,,MISSING,Q6581097,Male
Q6385510,0,,MISSING,Q6581072,Female
Q6389180,1,,MISSING,Q6581097,Male
Q6409727,1,,MISSING,Q6581097,Male
Q6415268,0,,MISSING,Q6581097,Male
Q6430007,0,,MISSING,Q6581097,Male
Q6430019,0,,MISSING,Q6581097,Male
Q6430017,0,,MISSING,Q6581097,Male
Q6438258,0,,MISSING,Q6581072,Female
Q6440764,0,,MISSING,Q6581072,Female
Q6441112,1,,MISSING,Q6581097,Male
Q6489441,0,,MISSING,Q6581072,Female
Q6526425,0,,MISSING,Q6581097,Male
Q6533163,0,,MISSING,Q6581072,Female
Q6557579,0,,MISSING,Q6581072,Female
Q6659978,1,,MISSING,Q6581072,Female
Q6684276,1,,MISSING,Q6581097,Male
Q6698897,0,,MISSING,Q6581072,Female
Q6740186,1,,MISSING,Q6581097,Male
Q6740193,0,,MISSING,Q6581097,Male
Q6755404,1,,MISSING,Q6581097,Male
Q6763873,0,,MISSING,Q6581072,Female
Q6763886,0,,MISSING,Q6581072,Female
Q6763908,0,,MISSING,Q6581072,Female
Q6796736,0,,MISSING,Q6581072,Female
Q6849753,0,,MISSING,Q6581097,Male
Q6849756,1,,MISSING,Q6581097,Male
Q6849946,1,,MISSING,Q6581097,Male
Q6874960,0,,MISSING,Q6581097,Male
Q6918931,0,,MISSING,Q6581097,Male
Q6957606,0,,MISSING,Q6581072,Female
Q6968310,0,,MISSING,Q6581072,Female
Q6968308,0,,MISSING,Q6581072,Female
Q6974494,1,,MISSING,Q6581097,Male
Q7029037,1,,MISSING,Q6581097,Male
Q7035903,0,,MISSING,Q6581097,Male
Q7036327,0,,MISSING,Q6581097,Male
Q7070155,1,,MISSING,Q6581097,Male
Q7070326,0,,MISSING,Q6581097,Male
Q7070324,0,,MISSING,Q6581097,Male
Q7086061,0,,MISSING,Q6581097,Male
Q7086070,1,,MISSING,Q6581097,Male
Q7086116,0,,MISSING,Q6581097,Male
Q7086135,0,,MISSING,Q6581097,Male
Q7086270,0,,MISSING,Q6581097,Male
Q7089287,0,,MISSING,Q6581097,Male
Q7099414,0,,MISSING,Q6581072,Female
Q7099418,1,,MISSING,Q6581097,Male
Q7099959,1,,MISSING,Q6581097,Male
Q7155747,1,,MISSING,Q6581097,Male
Q7155798,1,,MISSING,Q6581097,Male
Q7204282,1,,MISSING,Q6581072,Female
Q7226899,1,,MISSING,Q6581072,Female
Q7247616,1,,MISSING,Q6581097,Male
Q12567783,1,,MISSING,Q6581097,Male
Q12568019,1,,MISSING,Q6581097,Male
Q12568060,1,,MISSING,Q6581097,Male
Q12568064,1,,MISSING,Q6581097,Male
Q12568115,1,,MISSING,Q6581072,Female
Q12568120,1,,MISSING,Q6581072,Female
Q12568173,1,,MISSING,Q6581097,Male
Q12568303,1,,MISSING,Q6581097,Male
Q12568667,1,,MISSING,Q6581072,Female
Q12568709,1,,MISSING,Q6581097,Male
Q12568748,1,,MISSING,Q6581097,Male
Q12568749,1,,MISSING,Q6581097,Male
Q12568761,1,,MISSING,Q6581072,Female
Q12568892,1,,MISSING,Q6581097,Male
Q12568912,1,,MISSING,Q6581097,Male
Q12568958,1,,MISSING,Q6581097,Male
Q12568972,1,,MISSING,Q6581097,Male
Q12568976,1,,MISSING,Q6581097,Male
Q12569106,1,,MISSING,Q6581097,Male
Q12569104,1,,MISSING,Q6581097,Male
Q12569180,1,,MISSING,Q6581072,Female
Q12569219,1,,MISSING,Q6581097,Male
Q12569439,1,,MISSING,Q6581097,Male
Q12569614,1,,MISSING,Q6581097,Male
Q12569669,1,,MISSING,MISSING,Missing P21
Q12570067,1,,MISSING,MISSING,Missing P21
Q12570113,1,,MISSING,Q6581097,Male
Q12570136,1,,MISSING,Q6581097,Male
Q12570249,1,,MISSING,Q6581097,Male
Q12570262,1,,MISSING,MISSING,Missing P21
Q12570266,1,,MISSING,Q6581097,Male
Q12570375,1,,MISSING,Q6581072,Female
Q12570453,1,,MISSING,Q6581097,Male
Q12570713,1,,MISSING,Q6581097,Male
Q12570954,1,,MISSING,Q6581097,Male
Q12570972,1,,MISSING,Q6581097,Male
Q12570976,1,,MISSING,Q6581097,Male
Q12570977,1,,MISSING,Q6581097,Male
Q12570991,1,,MISSING,Q6581072,Female
Q12570994,1,,MISSING,Q6581072,Female
Q12570992,1,,MISSING,Q6581072,Female
Q12570996,1,,MISSING,MISSING,Missing P21
Q12571001,1,,MISSING,Q6581097,Male
Q12571011,1,,MISSING,Q6581097,Male
Q12571114,1,,MISSING,Q6581097,Male
Q12571256,1,,MISSING,MISSING,Missing P21
Q12571296,1,,MISSING,Q6581097,Male
Q12571970,1,,MISSING,Q6581097,Male
Q12572102,1,,MISSING,Q6581097,Male
Q12572101,1,,MISSING,Q6581072,Female
Q12572106,1,,MISSING,Q6581072,Female
Q12572127,1,,MISSING,Q6581097,Male
Q12572128,1,,MISSING,Q6581097,Male
Q12572142,1,,MISSING,Q6581097,Male
Q12572150,1,,MISSING,Q6581097,Male
Q12572152,1,,MISSING,Q6581097,Male
Q12572234,1,,MISSING,Q6581097,Male
Q12572290,1,,MISSING,Q6581097,Male
Q12572337,1,,MISSING,Q6581097,Male
Q12572362,1,,MISSING,Q6581072,Female
Q12572363,1,,MISSING,Q6581097,Male
Q12572398,1,,MISSING,Q6581072,Female
Q12572402,1,Q6581097,Q6581097,Q6581097,Male
Q12572429,1,Q6581097,Q6581097,Q6581097,Male
Q12572461,1,Q6581097,Q6581097,Q6581097,Male
Q12572537,1,Q6581097,Q6581097,Q6581097,Male
Q12572599,1,Q6581097,Q6581097,Q6581097,Male
Q12572620,1,Q6581097,Q6581097,Q6581097,Male
Q12572671,1,Q6581072,Q6581072,Q6581072,Female
Q12572783,1,Q6581097,Q6581097,Q6581097,Male
Q12573629,1,,MISSING,MISSING,Missing P21
Q12573645,1,Q6581097,Q6581097,Q6581097,Male
Q12573659,1,,MISSING,MISSING,Missing P21
Q12573687,1,Q6581097,Q6581097,Q6581097,Male
Q12573730,1,Q6581097,Q6581097,Q6581097,Male
Q12573728,1,Q6581097,Q6581097,Q6581097,Male
Q12573767,1,Q6581097,Q6581097,Q6581097,Male
Q12573773,1,Q6581097,Q6581097,Q6581097,Male
Q12573784,1,Q6581097,Q6581097,Q6581097,Male
Q12573791,1,Q6581097,Q6581097,Q6581097,Male
Q12573902,1,Q6581097,Q6581097,Q6581097,Male
Q12573983,1,,MISSING,MISSING,Missing P21
Q12574009,1,Q6581097,Q6581097,Q6581097,Male
Q12574086,1,Q6581097,Q6581097,Q6581097,Male
Q12574099,1,Q6581072,Q6581072,Q6581072,Female
Q12574110,1,Q6581097,Q6581097,Q6581097,Male
Q12574109,1,Q6581097,Q6581097,Q6581097,Male
Q12574118,1,Q6581072,Q6581072,Q6581072,Female
Q12574204,1,Q6581097,Q6581097,Q6581097,Male
Q12574263,1,,MISSING,MISSING,Missing P21
Q12574304,1,Q6581097,Q6581097,Q6581097,Male
Q12574360,1,Q6581097,Q6581097,Q6581097,Male
Q12574564,1,Q6581097,Q6581097,Q6581097,Male
Q12574928,1,Q6581097,Q6581097,Q6581097,Male
Q12574968,1,Q6581097,Q6581097,Q6581097,Male
Q12574973,1,Q6581072,Q6581072,Q6581072,Female
Q12574978,1,,MISSING,MISSING,Missing P21
Q12574976,1,Q6581097,Q6581097,Q6581097,Male
Q12575143,1,Q6581097,Q6581097,Q6581097,Male
Q12575144,1,Q6581097,Q6581097,Q6581097,Male
Q12575145,1,Q6581097,Q6581097,Q6581097,Male
Q12575158,1,Q6581097,Q6581097,Q6581097,Male
Q12575198,1,Q6581072,Q6581072,Q6581072,Female
Q12575277,1,Q6581097,Q6581097,Q6581097,Male
Q12575383,1,Q6581072,Q6581072,Q6581072,Female
Q12575507,1,Q6581097,Q6581097,Q6581097,Male
Q12575544,1,Q6581097,Q6581097,Q6581097,Male
Q12575554,1,Q6581097,Q6581097,Q6581097,Male
Q12575670,1,Q6581097,Q6581097,Q6581097,Male
Q12575738,1,Q6581072,Q6581072,Q6581072,Female
Q12575736,1,Q6581097,Q6581097,Q6581097,Male
Q12575760,1,Q6581097,Q6581097,Q6581097,Male
Q12575991,1,Q6581097,Q6581097,Q6581097,Male
Q12576187,1,,MISSING,MISSING,Missing P21
Q12576227,1,,MISSING,MISSING,Missing P21
Q12576245,1,Q6581097,Q6581097,Q6581097,Male
Q12576266,1,Q6581097,Q6581097,Q6581097,Male
Q12576304,1,Q6581097,Q6581097,Q6581097,Male
Q12576314,1,Q6581097,Q6581097,Q6581097,Male
Q12576540,1,Q6581097,Q6581097,Q6581097,Male
Q12576602,1,Q6581097,Q6581097,Q6581097,Male
Q12576600,1,Q6581097,Q6581097,Q6581097,Male
Q12576633,1,Q6581097,Q6581097,Q6581097,Male
Q12576716,1,Q6581097,Q6581097,Q6581097,Male
Q12576815,1,Q6581097,Q6581097,Q6581097,Male
Q12576817,1,Q6581097,Q6581097,Q6581097,Male
Q12576827,1,Q6581097,Q6581097,Q6581097,Male
Q12576872,1,Q6581097,Q6581097,Q6581097,Male
Q12576966,1,Q6581072,Q6581072,Q6581072,Female
Q12576968,1,Q6581072,Q6581072,Q6581072,Female
Q12576989,1,Q6581097,Q6581097,Q6581097,Male
Q12577008,1,Q6581097,Q6581097,Q6581097,Male
Q12577016,1,Q6581097,Q6581097,Q6581097,Male
Q12577045,1,Q6581097,Q6581097,Q6581097,Male
Q12577169,1,Q6581097,Q6581097,Q6581097,Male
Q12577184,1,Q6581097,Q6581097,Q6581097,Male
Q12577190,1,Q6581097,Q6581097,Q6581097,Male
Q12577382,1,Q6581097,Q6581097,Q6581097,Male
Q12577515,1,Q6581097,Q6581097,Q6581097,Male
Q12577562,1,Q6581072,Q6581072,Q6581072,Female
Q12577569,1,Q6581097,Q6581097,Q6581097,Male
Q12577718,1,Q6581097,Q6581097,Q6581097,Male
Q12577890,1,Q6581097,Q6581097,Q6581097,Male
Q12578091,1,Q6581097,Q6581097,Q6581097,Male
Q12578092,1,Q6581097,Q6581097,Q6581097,Male
Q12578093,1,Q6581097,Q6581097,Q6581097,Male
Q12578096,1,,MISSING,MISSING,Missing P21
Q12578101,1,Q6581097,Q6581097,Q6581097,Male
Q12578136,1,Q6581097,Q6581097,Q6581097,Male
Q12578143,1,Q6581097,Q6581097,Q6581097,Male
Q12578147,1,Q6581097,Q6581097,Q6581097,Male
Q12578144,1,Q6581097,Q6581097,Q6581097,Male
Q12578150,1,Q6581097,Q6581097,Q6581097,Male
Q12578171,1,Q6581097,Q6581097,Q6581097,Male
Q12578194,1,Q6581097,Q6581097,Q6581097,Male
Q12578210,1,Q6581097,Q6581097,Q6581097,Male
Q12578215,1,Q6581097,Q6581097,Q6581097,Male
Q12578213,1,Q6581097,Q6581097,Q6581097,Male
Q12578243,1,Q6581097,Q6581097,Q6581097,Male
Q12578259,1,Q6581097,Q6581097,Q6581097,Male
Q12578276,1,Q6581097,Q6581097,Q6581097,Male
Q12578282,1,Q6581097,Q6581097,Q6581097,Male
Q12578291,1,Q6581097,Q6581097,Q6581097,Male
Q12578317,1,Q6581097,Q6581097,Q6581097,Male
Q12578320,1,Q6581097,Q6581097,Q6581097,Male
Q12578335,1,Q6581097,Q6581097,Q6581097,Male
Q12578380,1,Q6581097,Q6581097,Q6581097,Male
Q12578411,1,Q6581097,Q6581097,Q6581097,Male
Q12578413,1,Q6581097,Q6581097,Q6581097,Male
Q12578443,1,Q6581097,Q6581097,Q6581097,Male
Q12578479,1,Q6581097,Q6581097,Q6581097,Male
Q12578534,1,Q6581097,Q6581097,Q6581097,Male
Q12578752,1,Q6581097,Q6581097,Q6581097,Male
Q12578756,1,Q6581097,Q6581097,Q6581097,Male
Q12578766,1,Q6581072,Q6581072,Q6581072,Female
Q12578779,1,Q6581097,Q6581097,Q6581097,Male
Q12578839,1,Q6581097,Q6581097,Q6581097,Male
Q12578850,1,Q6581097,Q6581097,Q6581097,Male
Q12578851,1,Q6581097,Q6581097,Q6581097,Male
Q12578854,1,Q6581097,Q6581097,Q6581097,Male
Q12578862,1,Q6581097,Q6581097,Q6581097,Male
Q12578888,1,Q6581097,Q6581097,Q6581097,Male
Q12578894,0,Q6581097,Q6581097,Q6581097,Male
Q12578909,1,Q6581097,Q6581097,Q6581097,Male
Q12578917,1,Q6581097,Q6581097,Q6581097,Male
Q12578922,1,Q6581097,Q6581097,Q6581097,Male
Q12578945,1,Q6581097,Q6581097,Q6581097,Male
Q12578949,1,Q6581097,Q6581097,Q6581097,Male
Q12578955,1,Q6581097,Q6581097,Q6581097,Male
Q12578959,1,Q6581097,Q6581097,Q6581097,Male
Q12579023,1,Q6581072,Q6581072,Q6581072,Female
Q12579021,1,Q6581072,Q6581072,Q6581072,Female
Q12579024,1,Q6581072,Q6581072,Q6581072,Female
Q12579038,1,Q6581097,Q6581097,Q6581097,Male
Q12579050,1,Q6581072,Q6581072,Q6581072,Female
Q12579053,1,Q6581072,Q6581072,Q6581072,Female
Q12579171,1,Q6581097,Q6581097,Q6581097,Male
Q12579174,1,Q6581097,Q6581097,Q6581097,Male
Q12579297,1,Q6581097,Q6581097,Q6581097,Male
Q12579301,1,Q6581097,Q6581097,Q6581097,Male
Q16433516,1,Q6581097,Q6581097,Q6581097,Male
Q16433565,1,Q6581097,Q6581097,Q6581097,Male
Q16433573,1,Q6581097,Q6581097,Q6581097,Male
Q16433579,1,Q6581097,Q6581097,Q6581097,Male
Q16433585,1,Q6581097,Q6581097,Q6581097,Male
Q16433607,1,Q6581097,Q6581097,Q6581097,Male
Q16433611,1,Q6581097,Q6581097,Q6581097,Male
Q16433615,1,Q6581097,Q6581097,Q6581097,Male
Q16433633,1,Q6581097,Q6581097,Q6581097,Male
Q16433673,1,Q6581097,Q6581097,Q6581097,Male
Q16433708,1,Q6581097,Q6581097,Q6581097,Male
Q16433721,1,Q6581072,Q6581072,Q6581072,Female
Q16433776,1,Q6581097,Q6581097,Q6581097,Male
Q16433893,1,Q6581097,Q6581097,Q6581097,Male
Q16433902,1,Q6581097,Q6581097,Q6581097,Male
Q16433935,1,Q6581072,Q6581072,Q6581072,Female
Q16433949,1,Q6581097,Q6581097,Q6581097,Male
Q16434011,1,Q6581097,Q6581097,Q6581097,Male
Q16434105,1,Q6581097,Q6581097,Q6581097,Male
Q16434131,1,,MISSING,MISSING,Missing P21
Q16434160,1,Q6581097,Q6581097,Q6581097,Male
Q16434219,1,Q6581097,Q6581097,Q6581097,Male
Q16434231,1,Q6581097,Q6581097,Q6581097,Male
Q16434249,1,Q6581097,Q6581097,Q6581097,Male
Q16434341,1,Q6581072,Q6581072,Q6581072,Female
Q16434367,1,Q6581097,Q6581097,Q6581097,Male
Q16434426,1,Q6581097,Q6581097,Q6581097,Male
Q16434454,1,Q6581097,Q6581097,Q6581097,Male
Q16434518,1,Q6581072,Q6581072,Q6581072,Female
Q16434562,1,Q6581097,Q6581097,Q6581097,Male
Q16434570,1,Q6581097,Q6581097,Q6581097,Male
Q16434708,1,Q6581097,Q6581097,Q6581097,Male
Q16434729,1,Q6581097,Q6581097,Q6581097,Male
Q16434815,1,Q6581097,Q6581097,Q6581097,Male
Q16434830,1,Q6581072,Q6581072,Q6581072,Female
Q16434859,1,Q6581097,Q6581097,Q6581097,Male
Q16434891,1,Q6581072,Q6581072,Q6581072,Female
Q16434897,1,Q6581072,Q6581072,Q6581072,Female
Q16434919,1,Q6581097,Q6581097,Q6581097,Male
Q16434946,1,Q6581072,Q6581072,Q6581072,Female
Q16435052,1,Q6581097,Q6581097,Q6581097,Male
Q16435130,1,Q6581097,Q6581097,Q6581097,Male
Q16435133,1,Q6581097,Q6581097,Q6581097,Male
Q16435154,1,Q6581072,Q6581072,Q6581072,Female
Q16435168,1,Q6581097,Q6581097,Q6581097,Male
Q16435236,1,Q6581097,Q6581097,Q6581097,Male
Q16435247,1,Q6581072,Q6581072,Q6581072,Female
Q16435263,1,Q6581097,Q6581097,Q6581097,Male
Q16435272,1,Q6581097,Q6581097,Q6581097,Male
Q16435290,1,Q6581097,Q6581097,Q6581097,Male
Q16435306,1,Q6581097,Q6581097,Q6581097,Male
Q16435323,1,Q6581097,Q6581097,Q6581097,Male
Q16435325,1,Q6581072,Q6581072,Q6581072,Female
Q16435332,1,Q6581097,Q6581097,Q6581097,Male
Q16435345,1,Q6581097,Q6581097,Q6581097,Male
Q16435351,1,Q6581097,Q6581097,Q6581097,Male
Q16435354,0,Q6581097,Q6581097,Q6581097,Male
Q16435355,1,Q6581097,Q6581097,Q6581097,Male
Q16435361,1,Q6581097,Q6581097,Q6581097,Male
Q16435373,1,Q6581097,Q6581097,Q6581097,Male
Q16435387,1,Q6581097,Q6581097,Q6581097,Male
Q16435402,1,Q6581097,Q6581097,Q6581097,Male
Q16435415,1,Q6581072,Q6581072,Q6581072,Female
Q16435412,1,Q6581097,Q6581097,Q6581097,Male
Q16435422,1,Q6581072,Q6581072,Q6581072,Female
Q16435438,1,Q6581097,Q6581097,Q6581097,Male
Q16435503,1,Q6581097,Q6581097,Q6581097,Male
Q16435507,1,Q6581097,Q6581097,Q6581097,Male
Q16435532,1,Q6581097,Q6581097,Q6581097,Male
Q16435587,1,Q6581097,Q6581097,Q6581097,Male
Q16435593,1,,MISSING,MISSING,Missing P21
Q16435603,1,Q6581097,Q6581097,Q6581097,Male
Q16435601,1,Q6581072,Q6581072,Q6581072,Female
Q16435608,1,Q6581072,Q6581072,Q6581072,Female
Q16435623,1,Q6581072,Q6581072,Q6581072,Female
Q16435650,1,Q6581097,Q6581097,Q6581097,Male
Q16435666,1,,MISSING,MISSING,Missing P21
Q16435726,1,Q6581072,Q6581072,Q6581072,Female
Q16435732,1,Q6581097,Q6581097,Q6581097,Male
Q16435733,1,Q6581097,Q6581097,Q6581097,Male
Q16435741,1,Q6581097,Q6581097,Q6581097,Male
Q16435745,1,Q6581097,Q6581097,Q6581097,Male
Q16435762,1,Q6581097,Q6581097,Q6581097,Male
Q16435781,1,Q6581097,Q6581097,Q6581097,Male
Q16435784,1,Q6581097,Q6581097,Q6581097,Male
Q16435791,1,Q6581072,Q6581072,Q6581072,Female
Q16435792,1,Q6581097,Q6581097,Q6581097,Male
Q16435811,1,Q6581097,Q6581097,Q6581097,Male
Q16435854,1,Q6581097,Q6581097,Q6581097,Male
Q16435865,1,Q6581097,Q6581097,Q6581097,Male
Q16435893,1,Q6581097,Q6581097,Q6581097,Male
Q16435899,1,Q6581097,Q6581097,Q6581097,Male
Q16435919,1,Q6581072,Q6581072,Q6581072,Female
Q16435947,1,Q6581072,Q6581072,Q6581072,Female
Q16435952,1,Q6581097,Q6581097,Q6581097,Male
Q16435986,1,Q6581097,Q6581097,Q6581097,Male
Q16435994,1,Q6581097,Q6581097,Q6581097,Male
Q16436032,1,Q6581072,Q6581072,Q6581072,Female
Q16436042,1,Q6581097,Q6581097,Q6581097,Male
Q16436040,1,Q6581097,Q6581097,Q6581097,Male
Q16436049,1,Q6581097,Q6581097,Q6581097,Male
Q16436067,1,Q6581097,Q6581097,Q6581097,Male
Q16436073,1,Q6581097,Q6581097,Q6581097,Male
Q16436085,1,Q6581097,Q6581097,Q6581097,Male
Q16436088,1,Q6581072,Q6581072,Q6581072,Female
Q16436096,1,Q6581097,Q6581097,Q6581097,Male
Q16436105,1,Q6581097,Q6581097,Q6581097,Male
Q16436114,1,Q6581072,Q6581072,Q6581072,Female
Q16436123,1,Q6581072,Q6581072,Q6581072,Female
Q16436130,1,Q6581097,Q6581097,Q6581097,Male
Q16436134,1,Q6581072,Q6581072,Q6581072,Female
Q16436147,1,Q6581072,Q6581072,Q6581072,Female
Q16436150,1,,MISSING,Q6581097,Male
Q16436165,1,,MISSING,Q6581097,Male
Q16436172,1,,MISSING,Q6581097,Male
Q16436194,1,,MISSING,Q6581097,Male
Q16436195,1,,MISSING,Q6581072,Female
Q16436193,1,,MISSING,Q6581097,Male
Q16436199,1,,MISSING,Q6581097,Male
Q16436197,1,,MISSING,Q6581097,Male
Q16436234,1,,MISSING,Q6581097,Male
Q16436290,1,,MISSING,Q6581097,Male
Q16436300,1,,MISSING,Q6581097,Male
Q16436316,1,,MISSING,Q6581097,Male
Q16436341,1,,MISSING,Q6581097,Male
Q16436394,1,,MISSING,Q6581097,Male
Q16436396,1,,MISSING,Q6581072,Female
Q16436402,1,,MISSING,Q6581072,Female
Q16436406,1,,MISSING,Q6581097,Male
Q16436427,1,,MISSING,Q6581097,Male
Q16436438,1,,MISSING,Q6581097,Male
Q16436440,1,,MISSING,Q6581097,Male
Q16436446,1,,MISSING,Q6581097,Male
Q16436474,1,,MISSING,Q6581072,Female
Q16436483,1,,MISSING,Q6581072,Female
Q16436481,1,,MISSING,Q6581097,Male
Q16436498,1,,MISSING,Q6581097,Male
Q16436500,1,,MISSING,Q6581072,Female
Q16436511,1,,MISSING,Q6581072,Female
Q16436514,1,,MISSING,Q6581072,Female
Q16436523,1,,MISSING,Q6581097,Male
Q16436544,1,,MISSING,Q6581097,Male
Q16436549,1,,MISSING,Q6581097,Male
Q16436572,1,,MISSING,Q6581072,Female
Q16436579,1,,MISSING,Q6581097,Male
Q16436596,1,,MISSING,Q6581097,Male
Q16436597,1,,MISSING,Q6581097,Male
Q16436606,1,,MISSING,Q6581097,Male
Q16436605,1,,MISSING,Q6581097,Male
Q16436608,1,,MISSING,Q6581072,Female
Q16436625,1,,MISSING,Q6581097,Male
Q16436652,1,,MISSING,Q6581097,Male
Q16436663,1,,MISSING,Q6581097,Male
Q16436666,1,,MISSING,Q6581097,Male
Q16436669,1,,MISSING,Q6581072,Female
Q16436707,1,,MISSING,Q6581097,Male
Q16436730,1,,MISSING,Q6581097,Male
Q16436739,1,,MISSING,Q6581097,Male
Q16436748,1,,MISSING,Q6581097,Male
Q16436761,1,,MISSING,Q6581097,Male
Q16436782,1,,MISSING,Q6581097,Male
Q16436797,1,,MISSING,Q6581097,Male
Q16436800,1,,MISSING,Q6581097,Male
Q16436807,1,,MISSING,Q6581072,Female
Q16436849,1,,MISSING,Q6581097,Male
Q16436852,1,,MISSING,Q6581097,Male
Q16436856,1,,MISSING,Q6581097,Male
Q16436894,1,,MISSING,Q6581097,Male
Q16436915,1,,MISSING,Q6581097,Male
Q16436979,1,,MISSING,Q6581097,Male
Q16436996,1,,MISSING,Q6581097,Male
Q16437044,1,,MISSING,Q6581097,Male
Q16437100,1,,MISSING,Q6581097,Male
Q16437108,1,,MISSING,Q6581097,Male
Q16437109,1,,MISSING,Q6581097,Male
Q16437138,1,,MISSING,Q6581097,Male
Q16437160,1,,MISSING,Q6581097,Male
Q16437169,1,,MISSING,Q6581097,Male
Q16437215,1,,MISSING,Q6581097,Male
Q16437217,1,,MISSING,Q6581097,Male
Q16437227,1,,MISSING,Q6581097,Male
Q16437230,1,,MISSING,Q6581097,Male
Q16437228,1,,MISSING,Q6581097,Male
Q16437245,1,,MISSING,Q6581097,Male
Q16437257,1,,MISSING,MISSING,Missing P21
Q16437282,1,,MISSING,Q6581097,Male
Q16437311,1,,MISSING,Q6581097,Male
Q16437345,1,,MISSING,Q6581097,Male
Q16437371,1,,MISSING,Q6581097,Male
Q16437439,1,,MISSING,Q6581097,Male
Q16437437,1,,MISSING,Q6581097,Male
Q16437504,1,,MISSING,Q6581072,Female
Q16437519,1,,MISSING,Q6581097,Male
Q16437528,1,,MISSING,Q6581097,Male
Q16437615,1,,MISSING,Q6581097,Male
Q16437645,1,,MISSING,Q6581072,Female
Q16437648,1,,MISSING,Q6581072,Female
Q16437674,1,,MISSING,Q6581097,Male
Q16437708,1,,MISSING,Q6581097,Male
Q16437720,1,,MISSING,Q6581097,Male
Q6338,1,,MISSING,Q6581072,Female
Q24148,1,,MISSING,Q6581097,Male
Q32176,0,,MISSING,Q6581097,Male
Q45396,1,,MISSING,Q6581072,Female
Q47239,1,,MISSING,Q6581072,Female
Q57394,1,,MISSING,Q6581097,Male
Q57863,1,,MISSING,Q6581097,Male
Q58203,1,,MISSING,Q6581097,Male
Q65438,1,,MISSING,Q6581097,Male
Q2702030,1,,MISSING,Q6581072,Female
Q2704374,1,,MISSING,Q6581097,Male
Q2752943,1,,MISSING,Q6581072,Female
Q2790048,0,,MISSING,Q6581097,Male
Q2821406,0,,MISSING,Q6581097,Male
Q2833244,0,,MISSING,Q6581097,Male
Q2836450,0,,MISSING,Q6581097,Male
Q2845638,0,,MISSING,Q6581097,Male
Q2850626,0,,MISSING,Q6581072,Female
Q2857035,0,,MISSING,Q6581097,Male
Q2861545,0,,MISSING,Q6581097,Male
Q2874863,1,,MISSING,Q6581072,Female
Q2901738,0,,MISSING,Q6581097,Male
Q2913171,1,,MISSING,Q6581072,Female
Q2946771,0,,MISSING,Q6581072,Female
Q2986351,1,,MISSING,Q6581097,Male
Q2986356,1,,MISSING,Q6581097,Male
Q2986491,0,,MISSING,Q6581072,Female
Q2994407,1,,MISSING,Q6581097,Male
Q3012197,0,,MISSING,Q6581072,Female
Q3013559,0,,MISSING,Q6581097,Male
Q3015069,0,,MISSING,Q6581097,Male
Q3016311,1,,MISSING,Q6581097,Male
Q3028368,1,,MISSING,Q6581097,Male
Q3042609,0,,MISSING,Q6581097,Male
Q3087408,0,,MISSING,Q6581072,Female
Q3087953,1,,MISSING,Q6581097,Male
Q3088780,1,,MISSING,Q6581097,Male
Q3094890,1,,MISSING,Q6581097,Male
Q3154371,0,,MISSING,Q6581072,Female
Q3177475,0,,MISSING,Q6581097,Male
Q3191982,0,,MISSING,Q6581097,Male
Q3191983,1,,MISSING,Q6581097,Male
Q3191984,0,,MISSING,Q6581097,Male
Q3197271,1,,MISSING,Q6581072,Female
Q3198952,0,,MISSING,Q6581072,Female
Q3247101,1,,MISSING,Q6581072,Female
Q3266965,0,,MISSING,Q6581072,Female
Q3272133,1,,MISSING,Q6581097,Male
Q3277414,1,,MISSING,Q6581097,Male
Q3280989,0,,MISSING,Q6581097,Male
Q3287460,0,,MISSING,Q6581097,Male
Q3290553,1,,MISSING,Q6581072,Female
Q3302413,0,,MISSING,Q6581097,Male
Q3313062,0,,MISSING,Q6581097,Male
Q3315899,0,,MISSING,Q6581097,Male
Q3328842,0,,MISSING,Q6581072,Female
Q3329297,1,,MISSING,Q6581097,Male
Q3336440,1,,MISSING,Q6581072,Female
Q3341512,0,,MISSING,Q6581097,Male
Q3341610,1,,MISSING,Q6581097,Male
Q3341664,0,,MISSING,Q6581097,Male
Q3350469,1,,MISSING,Q6581072,Female
Q3364969,1,,MISSING,Q6581072,Female
Q3364975,0,,MISSING,Q6581097,Male
Q3365514,0,,MISSING,Q6581097,Male
Q3372935,0,,MISSING,Q6581097,Male
Q3375391,1,,MISSING,Q6581097,Male
Q3377061,0,,MISSING,Q6581097,Male
Q3378554,1,,MISSING,Q6581097,Male
Q3378831,0,,MISSING,Q6581097,Male
Q3416194,1,,MISSING,Q6581097,Male
Q3425432,0,,MISSING,Q6581072,Female
Q3428515,1,,MISSING,Q6581097,Male
Q3429008,1,,MISSING,Q6581097,Male
Q3440912,0,,MISSING,Q6581097,Male
Q3453555,1,,MISSING,Q6581097,Male
Q3479616,1,,MISSING,Q6581097,Male
Q3479721,0,,MISSING,Q6581097,Male
Q3479725,0,,MISSING,Q6581097,Male
Q3479753,0,,MISSING,Q6581097,Male
Q3506297,0,,MISSING,Q6581072,Female
Q3506303,0,,MISSING,Q6581072,Female
Q3506300,0,,MISSING,Q6581072,Female
Q3506308,0,,MISSING,Q6581072,Female
Q3506315,0,,MISSING,Q6581072,Female
Q3506324,0,,MISSING,Q6581072,Female
Q3516131,0,,MISSING,Q6581072,Female
Q3516128,0,,MISSING,Q6581072,Female
Q3525119,0,,MISSING,Q6581097,Male
Q3553682,0,,MISSING,Q6581097,Male
Q3561908,0,,MISSING,Q6581097,Male
Q3572104,0,,MISSING,Q6581072,Female
Q3572105,0,,MISSING,Q6581072,Female
Q3572190,1,,MISSING,Q6581097,Male
Q3596048,0,,MISSING,Q6581097,Male
Q3607988,0,,MISSING,Q6581097,Male
Q3608230,0,,MISSING,Q6581097,Male
Q3608241,0,,MISSING,Q6581097,Male
Q3609506,0,,MISSING,Q6581097,Male
Q3609514,0,,MISSING,Q6581097,Male
Q3609534,0,,MISSING,Q6581097,Male
Q3609595,0,,MISSING,Q6581097,Male
Q3609596,0,,MISSING,Q6581097,Male
Q3610813,0,,MISSING,Q6581097,Male
Q3614358,0,,MISSING,Q6581097,Male
Q3615127,0,,MISSING,Q6581097,Male
Q3616306,0,,MISSING,Q6581097,Male
Q3631384,0,,MISSING,Q6581072,Female
Q3641697,0,,MISSING,Q6581097,Male
Q3662275,0,,MISSING,Q6581072,Female
Q3675000,1,,MISSING,Q6581097,Male
Q3702240,0,,MISSING,Q6581097,Male
Q3707864,1,,MISSING,Q6581097,Male
Q3712294,0,,MISSING,Q6581097,Male
Q3712339,0,,MISSING,Q6581097,Male
Q3712344,0,,MISSING,Q6581097,Male
Q3716953,0,,MISSING,Q6581097,Male
Q3719139,1,,MISSING,Q6581097,Male
Q3719753,0,,MISSING,Q6581097,Male
Q3756412,0,,MISSING,Q6581097,Male
Q3757632,0,,MISSING,Q6581097,Male
Q3793553,1,,MISSING,Q6581097,Male
Q3801963,0,,MISSING,Q6581072,Female
Q3807342,0,,MISSING,Q6581097,Male
Q3812499,0,,MISSING,Q6581097,Male
Q3812500,0,,MISSING,Q6581097,Male
Q3857494,0,,MISSING,Q6581097,Male
Q3876945,0,,MISSING,Q6581097,Male
Q3879915,0,,MISSING,Q6581097,Male
Q3881568,0,,MISSING,Q6581097,Male
Q3898306,0,,MISSING,Q6581097,Male
Q3898308,0,,MISSING,Q6581097,Male
Q3929876,0,,MISSING,Q6581097,Male
Q3954664,1,,MISSING,Q6581097,Male
Q3955150,0,,MISSING,Q6581097,Male
Q3955920,0,,MISSING,Q6581097,Male
Q3955982,0,,MISSING,Q6581097,Male
Q3968197,1,,MISSING,Q6581097,Male
Q3980420,0,,MISSING,Q6581097,Male
Q3991514,0,,MISSING,Q6581097,Male
Q4007933,0,,MISSING,Q6581072,Female
Q4014943,0,,MISSING,Q6581097,Male
Q4022641,0,,MISSING,Q6581097,Male
Q4022703,0,,MISSING,Q6581097,Male
Q4022705,0,,MISSING,Q6581097,Male
Q4054459,1,,MISSING,Q6581097,Male
Q4054460,1,,MISSING,Q6581097,Male
Q4054465,1,,MISSING,Q6581097,Male
Q4054480,1,,MISSING,Q6581097,Male
Q4054481,1,,MISSING,Q6581097,Male
Q4054489,1,,MISSING,Q6581097,Male
Q4054493,1,,MISSING,Q6581097,Male
Q4054507,0,,MISSING,Q6581097,Male
Q4054517,0,,MISSING,Q6581097,Male
Q4054539,1,,MISSING,Q6581097,Male
Q4054577,0,,MISSING,Q6581097,Male
Q4054618,0,,MISSING,Q6581097,Male
Q4054650,1,,MISSING,Q6581072,Female
Q4054654,1,,MISSING,Q6581072,Female
Q4054687,1,,MISSING,Q6581097,Male
Q4054735,1,,MISSING,Q6581097,Male
Q4054733,1,,MISSING,Q6581072,Female
Q4054736,1,,MISSING,Q6581097,Male
Q4054745,1,,MISSING,Q6581097,Male
Q4054770,1,,MISSING,Q6581097,Male
Q4054802,1,,MISSING,Q6581097,Male
Q4054807,0,,MISSING,Q6581097,Male
Q4055199,1,,MISSING,Q6581097,Male
Q4055196,1,,MISSING,Q6581072,Female
Q4055516,1,,MISSING,Q6581097,Male
Q4056511,1,,MISSING,Q6581097,Male
Q4056548,1,,MISSING,Q6581097,Male
Q4057243,1,,MISSING,Q6581097,Male
Q4057263,1,,MISSING,Q6581097,Male
Q4057267,1,,MISSING,Q6581072,Female
Q4057294,0,,MISSING,Q6581072,Female
Q4058035,0,,MISSING,Q6581072,Female
Q4058042,1,,MISSING,Q6581097,Male
Q4058904,1,,MISSING,Q6581097,Male
Q4059010,0,,MISSING,Q6581097,Male
Q4059015,1,,MISSING,Q6581072,Female
Q4059031,1,,MISSING,Q6581072,Female
Q4059329,1,,MISSING,Q6581097,Male
Q4059986,0,,MISSING,Q6581097,Male
Q4060707,1,,MISSING,Q6581097,Male
Q4060710,1,,MISSING,Q6581097,Male
Q4060825,1,,MISSING,Q6581097,Male
Q4060976,0,,MISSING,Q6581072,Female
Q4061652,0,,MISSING,Q6581097,Male
Q4062303,1,,MISSING,Q6581097,Male
Q4062300,1,,MISSING,Q6581097,Male
Q4062308,1,,MISSING,Q6581097,Male
Q4062324,0,,MISSING,Q6581097,Male
Q4062363,1,,MISSING,Q6581097,Male
Q4062371,1,,MISSING,Q6581097,Male
Q4062375,1,,MISSING,Q6581097,Male
Q4062894,1,,MISSING,Q6581097,Male
Q4063743,0,,MISSING,Q6581072,Female
Q4063931,1,,MISSING,Q6581097,Male
Q4065002,1,,MISSING,Q6581097,Male
Q4065410,0,,MISSING,Q6581097,Male
Q4065951,1,,MISSING,Q6581097,Male
Q4066303,0,,MISSING,Q6581097,Male
Q4067339,1,,MISSING,Q6581097,Male
Q4067421,0,,MISSING,Q6581072,Female
Q4068536,1,,MISSING,Q6581072,Female
Q4068810,0,,MISSING,Q6581097,Male
Q4068808,0,,MISSING,Q6581097,Male
Q4069402,0,,MISSING,Q6581097,Male
Q7269681,1,,MISSING,Q6581097,Male
Q7274945,1,,MISSING,Q6581072,Female
Q7294926,0,,MISSING,Q6581097,Male
Q7334590,0,,MISSING,Q6581097,Male
Q7361568,0,,MISSING,Q6581097,Male
Q7362088,1,,MISSING,Q6581097,Male
Q7362104,0,,MISSING,Q6581097,Male
Q7381001,1,,MISSING,Q6581097,Male
Q7382438,0,,MISSING,Q6581097,Male
Q7403570,0,,MISSING,Q6581097,Male
Q7404619,1,,MISSING,Q6581097,Male
Q7453602,1,,MISSING,Q6581097,Male
Q7453622,1,,MISSING,Q6581097,Male
Q7453672,0,,MISSING,Q6581097,Male
Q7453951,0,,MISSING,Q6581097,Male
Q7453954,0,,MISSING,Q6581097,Male
Q7454084,0,,MISSING,Q6581097,Male
Q7454095,0,,MISSING,Q6581097,Male
Q7454093,0,,MISSING,Q6581097,Male
Q7454121,0,,MISSING,Q6581097,Male
Q7454138,0,,MISSING,Q6581097,Male
Q7492278,1,,MISSING,Q6581072,Female
Q7497082,0,,MISSING,Q6581097,Male
Q7500255,1,,MISSING,Q6581072,Female
Q7503861,0,,MISSING,Q6581097,Male
Q7599016,0,,MISSING,Q6581097,Male
Q7599034,0,,MISSING,Q6581097,Male
Q7599073,0,,MISSING,Q6581097,Male
Q7652456,0,,MISSING,Q6581072,Female
Q7652483,0,,MISSING,Q6581072,Female
Q7678199,0,,MISSING,Q6581097,Male
Q7679442,1,,MISSING,Q6581097,Male
Q7679443,1,,MISSING,Q6581097,Male
Q7688533,0,,MISSING,Q6581072,Female
Q7688537,1,,MISSING,Q6581072,Female
Q7688554,0,,MISSING,Q6581072,Female
Q7688552,0,,MISSING,Q6581072,Female
Q7813524,0,,MISSING,Q6581097,Male
Q7814300,1,,MISSING,Q6581072,Female
Q7878751,0,,MISSING,Q6581097,Male
Q7908983,1,,MISSING,Q6581097,Male
Q7929725,0,,MISSING,Q6581097,Male
Q7929944,0,,MISSING,Q6581072,Female
Q7929948,0,,MISSING,Q6581072,Female
Q7936875,0,,MISSING,Q6581097,Male
Q7936880,0,,MISSING,Q6581097,Male
Q7936891,1,,MISSING,Q6581097,Male
Q7938281,1,,MISSING,Q6581097,Male
Q7938356,0,,MISSING,Q6581097,Male
Q7938461,1,,MISSING,Q6581097,Male
Q7938534,0,,MISSING,Q6581097,Male
Q7938653,0,,MISSING,Q6581097,Male
Q7938983,0,,MISSING,Q6581097,Male
Q7943789,0,,MISSING,Q6581097,Male
Q8051363,0,,MISSING,Q6581072,Female
Q8051360,0,,MISSING,Q6581072,Female
Q8051366,0,,MISSING,Q6581072,Female
Q8051457,0,,MISSING,Q6581097,Male
Q8051476,0,,MISSING,Q6581072,Female
Q8051484,0,,MISSING,Q6581072,Female
Q8051495,0,,MISSING,Q6581072,Female
Q8051504,0,,MISSING,Q6581072,Female
Q8051505,0,,MISSING,Q6581072,Female
Q8052634,0,,MISSING,Q6581097,Male
Q8053227,0,,MISSING,Q6581097,Male
Q8053243,0,,MISSING,Q6581097,Male
Q8053250,0,,MISSING,Q6581072,Female
Q8053277,1,,MISSING,Q6581097,Male
Q8060935,0,,MISSING,Q6581072,Female
Q8060979,0,,MISSING,Q6581072,Female
Q8061465,1,,MISSING,Q6581097,Male
Q8061719,1,,MISSING,Q6581097,Male
Q8061742,0,,MISSING,Q6581097,Male
Q8067182,0,,MISSING,Q6581072,Female
Q8070126,0,,MISSING,Q6581072,Female
Q8070505,0,,MISSING,Q6581072,Female
Q8070789,0,,MISSING,Q6581097,Male
Q8070894,0,,MISSING,Q6581097,Male
Q8839752,0,,MISSING,Q6581097,Male
Q9103563,0,,MISSING,Q6581097,Male
Q9131126,0,,MISSING,Q6581097,Male
Q9146327,0,,MISSING,Q6581097,Male
Q9146630,0,,MISSING,Q6581072,Female
Q9146907,1,,MISSING,Q6581097,Male
Q9157847,0,,MISSING,Q6581072,Female
Q9207935,0,,MISSING,Q6581097,Male
Q9276343,0,,MISSING,Q6581097,Male
Q9302443,0,,MISSING,Q6581072,Female
Q9345417,0,,MISSING,Q6581097,Male
Q9355172,0,,MISSING,Q6581072,Female
Q9355842,0,,MISSING,Q6581072,Female
Q9355850,0,,MISSING,Q6581072,Female
Q9369973,0,,MISSING,Q6581097,Male
Q9371412,1,,MISSING,Q6581097,Male
Q9374042,0,,MISSING,Q6581097,Male
Q10397938,1,,MISSING,Q6581097,Male
Q10474069,1,,MISSING,Q6581097,Male
Q10476376,0,,MISSING,Q6581097,Male
Q10480937,0,,MISSING,Q6581097,Male
Q10485100,0,,MISSING,Q6581097,Male
Q10506152,0,,MISSING,Q6581097,Male
Q10513953,1,,MISSING,Q6581097,Male
Q10514912,0,,MISSING,Q6581097,Male
Q11298680,0,,MISSING,Q6581072,Female
Q11348947,1,,MISSING,Q6581097,Male
Q11351364,0,,MISSING,Q6581097,Male
Q11665420,0,,MISSING,Q6581097,Male
Q11685501,0,,MISSING,Q6581072,Female
Q11712490,0,,MISSING,Q6581072,Female
Q11712609,0,,MISSING,Q6581072,Female
Q11714011,0,,MISSING,Q6581072,Female
Q11714020,0,,MISSING,Q6581072,Female
Q11714021,0,,MISSING,Q6581072,Female
Q11719705,0,,MISSING,Q6581072,Female
Q11724056,0,,MISSING,Q6581072,Female
Q11724069,0,,MISSING,Q6581072,Female
Q11729576,0,,MISSING,Q6581097,Male
Q11754561,0,,MISSING,Q6581097,Male
Q11763412,0,,MISSING,Q6581072,Female
Q11767298,0,,MISSING,Q6581097,Male
Q11769962,0,,MISSING,Q6581072,Female
Q11778449,0,,MISSING,Q6581097,Male
Q11778456,0,,MISSING,Q6581097,Male
Q11778517,0,,MISSING,Q6581097,Male
Q11787780,0,,MISSING,Q6581097,Male
Q11790034,0,,MISSING,Q6581072,Female
Q11797726,0,,MISSING,Q6581097,Male
Q11797818,0,,MISSING,Q6581072,Female
Q11797907,0,,MISSING,Q6581072,Female
Q11851355,1,,MISSING,Q6581097,Male
Q12075620,1,,MISSING,Q6581097,Male
Q12077959,0,,MISSING,Q6581097,Male
Q12086913,1,,MISSING,Q6581097,Male
Q12104745,1,,MISSING,Q6581097,Male
Q12165291,0,,MISSING,Q6581097,Male
Q12269954,1,,MISSING,Q6581097,Male
Q12525998,1,,MISSING,Q6581097,Male
Q12526094,1,,MISSING,Q6581097,Male
Q12526200,1,,MISSING,Q6581097,Male
Q12526258,1,,MISSING,Q6581097,Male
Q12526257,1,,MISSING,Q6581097,Male
Q12526354,1,,MISSING,MISSING,Missing P21
Q12526370,1,,MISSING,Q6581072,Female
Q12526383,1,,MISSING,Q6581097,Male
Q12526553,1,,MISSING,Q6581097,Male
Q12527143,1,,MISSING,Q6581072,Female
Q12527141,1,,MISSING,Q6581072,Female
Q12527150,1,,MISSING,Q6581097,Male
Q12527181,1,,MISSING,Q6581097,Male
Q12527347,1,,MISSING,Q6581097,Male
Q12527378,1,,MISSING,Q6581072,Female
Q12527426,1,,MISSING,Q6581097,Male
Q12527473,1,,MISSING,Q6581097,Male
Q12527514,1,,MISSING,Q6581097,Male
Q12527512,1,,MISSING,Q6581097,Male
Q12527634,1,,MISSING,Q6581072,Female
Q12527667,1,,MISSING,Q6581072,Female
Q12527679,1,,MISSING,MISSING,Missing P21
Q12527709,1,,MISSING,Q6581072,Female
Q12527712,1,,MISSING,Q6581072,Female
Q12527847,1,,MISSING,Q6581097,Male
Q12528202,1,,MISSING,Q6581097,Male
Q12528235,1,,MISSING,Q6581097,Male
Q12528254,1,,MISSING,Q6581097,Male
Q12528269,1,,MISSING,Q6581097,Male
Q12528283,1,,MISSING,Q6581097,Male
Q12528286,1,,MISSING,Q6581097,Male
Q12528291,1,,MISSING,Q6581097,Male
Q12528313,1,,MISSING,Q6581072,Female
Q12528338,1,,MISSING,Q6581097,Male
Q12528339,1,,MISSING,Q6581097,Male
Q12528378,1,,MISSING,Q6581097,Male
Q12528449,1,,MISSING,Q6581097,Male
Q12528467,1,,MISSING,Q6581097,Male
Q12528464,1,,MISSING,Q6581097,Male
Q12528591,1,,MISSING,MISSING,Missing P21
Q12528604,1,,MISSING,Q6581097,Male
Q12528672,1,,MISSING,Q6581072,Female
Q12528678,1,,MISSING,Q6581097,Male
Q12528682,1,,MISSING,Q6581097,Male
Q12528810,1,,MISSING,Q6581097,Male
Q12528899,1,,MISSING,Q6581097,Male
Q12528926,1,,MISSING,Q6581097,Male
Q12528968,1,,MISSING,Q6581097,Male
Q12529000,1,,MISSING,Q6581097,Male
Q12529025,1,,MISSING,Q6581097,Male
Q12529154,1,,MISSING,Q6581097,Male
Q12529198,1,,MISSING,Q6581097,Male
Q12529402,1,,MISSING,Q6581097,Male
Q12529427,1,,MISSING,Q6581072,Female
Q12529815,1,,MISSING,Q6581097,Male
Q12529816,1,,MISSING,Q6581097,Male
Q12529952,1,,MISSING,Q6581097,Male
Q12529956,1,,MISSING,Q6581097,Male
Q12530044,1,,MISSING,Q6581097,Male
Q12530050,1,,MISSING,Q6581097,Male
Q12530070,1,,MISSING,Q6581097,Male
Q12530160,1,,MISSING,Q6581097,Male
Q12530219,1,,MISSING,Q6581072,Female
Q12530340,1,,MISSING,Q6581097,Male
Q12579341,1,,MISSING,Q6581097,Male
Q12579445,1,,MISSING,Q6581097,Male
Q12579543,1,,MISSING,MISSING,Missing P21
Q12579566,1,,MISSING,Q6581097,Male
Q12579576,1,,MISSING,Q6581097,Male
Q12579585,1,,MISSING,MISSING,Missing P21
Q12579707,1,,MISSING,Q6581097,Male
Q12579732,1,,MISSING,Q6581097,Male
Q12579783,1,,MISSING,Q6581097,Male
Q12579791,1,,MISSING,Q6581097,Male
Q12579792,1,,MISSING,Q6581097,Male
Q12579801,1,,MISSING,Q6581097,Male
Q12579892,1,,MISSING,Q6581097,Male
Q13015563,0,,MISSING,MISSING,Missing P21
Q13359630,0,,MISSING,Q6581097,Male
Q13369600,1,,MISSING,Q6581097,Male
Q13377705,0,,MISSING,Q6581097,Male
Q13476427,0,,MISSING,Q6581072,Female
Q13560355,1,,MISSING,Q6581072,Female
Q13569890,0,,MISSING,Q6581072,Female
Q13749300,0,,MISSING,Q6581097,Male
Q14566097,0,,MISSING,Q6581097,Male
Q14567127,0,,MISSING,Q6581072,Female
Q14752045,0,,MISSING,Q6581097,Male
Q14866852,1,,MISSING,Q6581097,Male
Q15020642,0,,MISSING,Q6581097,Male
Q15053563,0,,MISSING,Q6581097,Male
Q15060855,0,,MISSING,Q6581097,Male
Q15061479,1,,MISSING,Q6581097,Male
Q15062958,0,,MISSING,Q6581097,Male
Q15063215,1,,MISSING,Q6581097,Male
Q15063870,1,,MISSING,Q6581097,Male
Q15063872,1,,MISSING,Q6581097,Male
Q15063877,1,,MISSING,Q6581097,Male
Q15063889,0,,MISSING,Q6581097,Male
Q15063924,1,,MISSING,Q6581097,Male
Q15064246,1,,MISSING,Q6581097,Male
Q15064245,0,,MISSING,Q6581097,Male
Q15064351,0,,MISSING,Q6581072,Female
Q15064381,0,,MISSING,Q6581097,Male
Q15064446,1,,MISSING,Q6581097,Male
Q15064481,0,,MISSING,Q6581097,Male
Q15064590,0,,MISSING,Q6581097,Male
Q15064964,1,,MISSING,Q6581072,Female
Q15065024,0,,MISSING,Q6581097,Male
Q15065367,0,,MISSING,Q6581097,Male
Q15065634,0,,MISSING,Q6581097,Male
Q15065709,1,,MISSING,Q6581072,Female
Q15065737,0,,MISSING,Q6581097,Male
Q15065801,0,,MISSING,Q6581097,Male
Q15066268,0,,MISSING,Q6581097,Male
Q15066479,1,,MISSING,Q6581097,Male
Q15066523,0,,MISSING,Q6581097,Male
Q15066553,1,,MISSING,Q6581097,Male
Q15067060,0,,MISSING,Q6581097,Male
Q15067090,0,,MISSING,Q6581097,Male
Q15067184,1,,MISSING,Q6581097,Male
Q15067221,0,,MISSING,Q6581097,Male
Q15067631,1,,MISSING,Q6581097,Male
Q15068216,0,,MISSING,Q6581097,Male
Q15068466,0,,MISSING,Q6581097,Male
Q15068567,0,,MISSING,Q6581097,Male
Q15068573,0,,MISSING,Q6581097,Male
Q15068790,0,,MISSING,Q6581097,Male
Q15069178,1,,MISSING,Q6581097,Male
Q15069385,1,,MISSING,Q6581097,Male
Q15069478,0,,MISSING,Q6581072,Female
Q15070764,0,,MISSING,Q6581072,Female
Q15070769,1,,MISSING,Q6581097,Male
Q15070876,0,,MISSING,Q6581097,Male
Q15070958,0,,MISSING,Q6581072,Female
Q15070975,0,,MISSING,Q6581097,Male
Q15071106,0,,MISSING,Q6581097,Male
Q15071212,0,,MISSING,Q6581097,Male
Q15072230,0,,MISSING,Q6581097,Male
Q15074591,0,,MISSING,Q6581097,Male
Q15074640,1,,MISSING,Q6581097,Male
Q15074644,1,,MISSING,Q6581072,Female
Q15075278,0,,MISSING,Q6581097,Male
Q15075276,1,,MISSING,Q6581072,Female
Q15075281,0,,MISSING,Q6581097,Male
Q15075299,0,,MISSING,Q6581097,Male
Q15075606,0,,MISSING,Q6581072,Female
Q15075841,1,,MISSING,Q6581097,Male
Q15075851,1,,MISSING,Q6581072,Female
Q15076508,1,,MISSING,Q6581097,Male
Q15076668,1,,MISSING,Q6581097,Male
Q15076907,0,,MISSING,Q6581072,Female
Q15076982,0,,MISSING,Q6581097,Male
Q15077187,0,,MISSING,Q6581097,Male
Q15078109,0,,MISSING,Q6581097,Male
Q15080522,1,,MISSING,Q6581072,Female
Q15085911,0,,MISSING,Q6581097,Male
Q15087881,1,,MISSING,Q6581097,Male
Q15088254,1,,MISSING,Q6581097,Male
Q15088591,1,,MISSING,Q6581097,Male
Q15088982,1,,MISSING,Q6581097,Male
Q15089501,0,,MISSING,Q6581097,Male
Q15116820,0,,MISSING,Q6581097,Male
Q15132637,1,,MISSING,Q6581072,Female
Q15135604,0,,MISSING,Q6581097,Male
Q15140112,1,,MISSING,Q6581097,Male
Q15142803,0,,MISSING,Q6581072,Female
Q15205899,0,,MISSING,Q6581097,Male
Q15215611,0,,MISSING,Q6581097,Male
Q15303755,0,,MISSING,Q6581097,Male
Q15351916,1,,MISSING,Q6581097,Male
Q15383741,0,,MISSING,Q6581072,Female
Q15616640,0,,MISSING,Q6581097,Male
Q15617449,1,,MISSING,Q6581097,Male
Q15617497,0,,MISSING,Q6581097,Male
Q15619386,1,,MISSING,Q6581097,Male
Q15619422,1,,MISSING,Q6581097,Male
Q15686237,0,,MISSING,Q6581097,Male
Q15686283,1,,MISSING,Q6581097,Male
Q15686412,0,,MISSING,Q6581097,Male
Q15710604,0,,MISSING,Q6581072,Female
Q15728896,1,,MISSING,Q6581097,Male
Q15728948,0,,MISSING,Q6581097,Male
Q15732655,0,,MISSING,Q6581097,Male
Q15733118,1,,MISSING,Q6581097,Male
Q15779522,0,,MISSING,Q6581072,Female
Q15779979,0,,MISSING,Q6581097,Male
Q15822114,0,,MISSING,Q6581097,Male
Q15823630,0,,MISSING,Q6581097,Male
Q15830398,0,,MISSING,Q6581097,Male
Q15830416,0,,MISSING,Q6581097,Male
Q15837990,0,,MISSING,Q6581072,Female
Q15845717,0,,MISSING,Q6581097,Male
Q15845812,0,,MISSING,Q6581072,Female
Q15845874,0,,MISSING,Q6581097,Male
Q15850168,0,,MISSING,Q6581072,Female
Q15891680,0,,MISSING,Q6581097,Male
Q15901644,0,,MISSING,Q6581072,Female
Q15901650,0,,MISSING,Q6581072,Female
Q15919538,1,,MISSING,Q6581072,Female
Q15961850,1,,MISSING,Q6581072,Female
Q15965429,0,,MISSING,Q6581072,Female
Q15975377,1,,MISSING,Q6581097,Male
Q16020912,0,,MISSING,Q6581097,Male
Q16021021,0,,MISSING,Q6581072,Female
Q16057976,0,,MISSING,Q6581072,Female
Q16106351,0,,MISSING,Q6581097,Male
Q16145806,0,,MISSING,Q6581097,Male
Q16146654,0,,MISSING,Q6581097,Male
Q16151040,0,,MISSING,Q6581072,Female
Q16153519,1,,MISSING,Q6581097,Male
Q16159792,0,,MISSING,Q6581097,Male
Q16162124,0,,MISSING,Q6581097,Male
Q16162362,0,,MISSING,Q6581097,Male
Q16163729,0,,MISSING,Q6581097,Male
Q16165447,1,,MISSING,Q6581097,Male
Q16165493,1,,MISSING,Q6581097,Male
Q16166210,0,,MISSING,Q6581097,Male
Q16169883,0,,MISSING,Q6581072,Female
Q16185621,1,,MISSING,Q6581097,Male
Q16192976,1,,MISSING,Q6581097,Male
Q16194799,0,,MISSING,Q6581097,Male
Q16196011,1,,MISSING,Q6581097,Male
Q16197934,0,,MISSING,Q6581097,Male
Q16200597,0,,MISSING,Q6581097,Male
Q16201798,0,,MISSING,Q6581097,Male
Q16204345,0,,MISSING,Q6581097,Male
Q16209838,0,,MISSING,Q6581072,Female
Q16210997,0,,MISSING,Q6581097,Male
Q16212391,0,,MISSING,Q6581097,Male
Q16212401,0,,MISSING,Q6581097,Male
Q16212470,0,,MISSING,Q6581097,Male
Q16213644,0,,MISSING,Q6581097,Male
Q16214213,0,,MISSING,Q6581097,Male
Q16214614,0,,MISSING,Q6581072,Female
Q16214631,0,,MISSING,Q6581097,Male
Q16215043,0,,MISSING,Q6581097,Male
Q16215879,0,,MISSING,Q6581097,Male
Q16216078,0,,MISSING,Q6581097,Male
Q16216085,0,,MISSING,Q6581097,Male
Q16216185,1,,MISSING,Q6581097,Male
Q16216765,0,,MISSING,Q6581097,Male
Q16217398,0,,MISSING,Q6581097,Male
Q16217663,0,,MISSING,Q6581097,Male
Q16222375,0,,MISSING,Q6581097,Male
Q16223732,0,,MISSING,Q6581072,Female
Q16224038,0,,MISSING,Q6581097,Male
Q16224267,0,,MISSING,Q6581097,Male
Q16224273,0,,MISSING,Q6581097,Male
Q16224607,0,,MISSING,Q6581072,Female
Q16225420,0,,MISSING,Q6581097,Male
Q16225599,0,,MISSING,Q6581072,Female
Q16225816,0,,MISSING,Q6581097,Male
Q16227150,0,,MISSING,Q6581072,Female
Q16227312,0,,MISSING,Q6581072,Female
Q16227712,0,,MISSING,Q6581072,Female
Q16228558,0,,MISSING,Q6581097,Male
Q16229276,0,,MISSING,Q6581097,Male
Q16229901,0,,MISSING,Q6581097,Male
Q16231580,0,,MISSING,Q6581097,Male
Q16233678,0,,MISSING,Q6581097,Male
Q16235496,0,,MISSING,Q6581097,Male
Q16235545,1,,MISSING,Q6581097,Male
Q16239782,1,,MISSING,Q6581097,Male
Q16263827,0,,MISSING,Q6581097,Male
Q16264487,0,,MISSING,Q6581072,Female
Q16266893,0,,MISSING,Q6581097,Male
Q16270883,1,,MISSING,Q6581097,Male
Q16272092,1,,MISSING,Q6581097,Male
Q16272372,0,,MISSING,Q6581097,Male
Q16272841,0,,MISSING,Q6581097,Male
Q16273057,1,,MISSING,Q6581097,Male
Q16273574,0,,MISSING,Q6581097,Male
Q16335540,1,,MISSING,Q6581097,Male
Q16430998,1,,MISSING,Q6581097,Male
Q16431046,1,,MISSING,Q6581097,Male
Q16431155,1,,MISSING,Q6581097,Male
Q16431158,1,,MISSING,Q6581072,Female
Q16431179,1,,MISSING,Q6581097,Male
Q16431191,1,,MISSING,Q6581097,Male
Q16431292,1,,MISSING,Q6581097,Male
Q16431297,1,,MISSING,Q6581097,Male
Q16431301,1,,MISSING,Q6581097,Male
Q16431315,1,,MISSING,Q6581097,Male
Q16431351,1,,MISSING,Q6581097,Male
Q16431393,1,,MISSING,Q6581097,Male
Q16431416,1,,MISSING,Q6581097,Male
Q16431443,1,,MISSING,Q6581072,Female
Q16431489,1,,MISSING,Q6581072,Female
Q16431523,1,,MISSING,Q6581072,Female
Q16431538,1,,MISSING,Q6581097,Male
Q16431573,1,,MISSING,Q6581097,Male
Q16431577,1,,MISSING,Q6581097,Male
Q16431628,1,,MISSING,Q6581097,Male
Q16431793,1,,MISSING,Q6581097,Male
Q16431807,1,,MISSING,MISSING,Missing P21
Q16431816,1,,MISSING,Q6581097,Male
Q16431825,1,,MISSING,Q6581097,Male
Q16431834,1,,MISSING,Q6581097,Male
Q16431850,1,,MISSING,Q6581097,Male
Q16431914,1,,MISSING,Q6581097,Male
Q16432047,1,,MISSING,Q6581097,Male
Q16432051,1,,MISSING,Q6581097,Male
Q16432069,1,,MISSING,Q6581097,Male
Q16432081,1,,MISSING,Q6581072,Female
Q16432086,1,,MISSING,Q6581097,Male
Q16432099,1,,MISSING,Q6581072,Female
Q16432153,1,,MISSING,Q6581097,Male
Q16432211,1,,MISSING,Q6581072,Female
Q16432247,1,,MISSING,Q6581097,Male
Q16432318,1,,MISSING,MISSING,Missing P21
Q16432321,1,,MISSING,Q6581097,Male
Q16432324,1,,MISSING,Q6581097,Male
Q16432342,1,,MISSING,Q6581097,Male
Q16432344,1,,MISSING,MISSING,Missing P21
Q16432367,1,,MISSING,Q6581097,Male
Q16432379,1,,MISSING,Q6581097,Male
Q16432381,1,,MISSING,Q6581097,Male
Q16432395,1,,MISSING,Q6581097,Male
Q16432451,1,,MISSING,MISSING,Missing P21
Q16432478,1,,MISSING,Q6581097,Male
Q16432477,1,,MISSING,Q6581097,Male
Q16432493,1,,MISSING,Q6581072,Female
Q16432512,1,,MISSING,Q6581097,Male
Q16432521,1,,MISSING,MISSING,Missing P21
Q16432525,1,,MISSING,Q6581097,Male
Q16432540,1,,MISSING,Q6581097,Male
Q16432547,1,,MISSING,Q6581097,Male
Q16432562,1,,MISSING,Q6581097,Male
Q16432633,1,,MISSING,Q6581072,Female
Q16432641,1,,MISSING,Q6581097,Male
Q16432682,1,,MISSING,Q6581097,Male
Q16432688,1,,MISSING,Q6581097,Male
Q16432706,1,,MISSING,Q6581097,Male
Q16432718,1,,MISSING,Q6581097,Male
Q16432720,1,,MISSING,Q6581072,Female
Q16432787,1,,MISSING,Q6581097,Male
Q16432790,1,,MISSING,Q6581097,Male
Q16432793,1,,MISSING,Q6581097,Male
Q16432830,1,,MISSING,Q6581072,Female
Q16432853,1,,MISSING,Q6581097,Male
Q16432906,1,,MISSING,Q6581072,Female
Q16432939,1,,MISSING,Q6581097,Male
Q16432962,1,,MISSING,Q6581097,Male
Q16432970,1,,MISSING,Q6581097,Male
Q16432985,1,,MISSING,Q6581097,Male
Q16433030,1,,MISSING,Q6581072,Female
Q16433033,1,,MISSING,MISSING,Missing P21
Q16433084,1,,MISSING,MISSING,Missing P21
Q16433107,1,,MISSING,Q6581097,Male
Q16433114,1,,MISSING,Q6581097,Male
Q16433150,1,,MISSING,Q6581097,Male
Q16433156,1,,MISSING,Q6581097,Male
Q16433185,1,,MISSING,Q6581072,Female
Q16433297,1,,MISSING,Q6581097,Male
Q16433366,1,,MISSING,Q6581097,Male
Q16433402,1,,MISSING,Q6581097,Male
Q16433457,1,,MISSING,MISSING,Missing P21
Q16433475,1,,MISSING,Q6581097,Male
Q16433476,1,,MISSING,Q6581072,Female
Q16433495,1,,MISSING,MISSING,Missing P21
Q16433496,1,,MISSING,Q6581097,Male
Q16433515,1,,MISSING,Q6581097,Male
Q16437771,1,,MISSING,Q6581097,Male
Q16437786,1,,MISSING,Q6581097,Male
Q16437794,1,,MISSING,Q6581097,Male
Q16437797,1,,MISSING,Q6581072,Female
Q16437806,1,,MISSING,Q6581072,Female
Q16437807,1,,MISSING,Q6581097,Male
Q16437831,1,,MISSING,Q6581097,Male
Q16437832,1,,MISSING,Q6581097,Male
Q16437838,1,,MISSING,Q6581097,Male
Q16437857,1,,MISSING,Q6581072,Female
Q16437904,1,,MISSING,Q6581097,Male
Q16437927,1,,MISSING,Q6581097,Male
Q16437935,1,,MISSING,Q6581097,Male
Q16437944,1,,MISSING,Q6581072,Female
Q16437957,1,,MISSING,Q6581097,Male
Q16437963,1,,MISSING,Q6581097,Male
Q16437967,1,,MISSING,MISSING,Missing P21
Q16437990,1,,MISSING,Q6581072,Female
Q16437999,1,,MISSING,Q6581097,Male
Q16438011,1,,MISSING,Q6581072,Female
Q16438021,1,,MISSING,Q6581097,Male
Q16438061,1,,MISSING,Q6581097,Male
Q16438084,1,,MISSING,Q6581097,Male
Q16438094,1,,MISSING,Q6581072,Female
Q16438096,1,,MISSING,Q6581072,Female
Q16438114,1,,MISSING,Q6581097,Male
Q16438127,1,,MISSING,Q6581072,Female
Q16438147,1,,MISSING,Q6581097,Male
Q16438151,1,,MISSING,Q6581097,Male
Q16438175,1,,MISSING,Q6581097,Male
Q16514524,1,,MISSING,Q6581097,Male
Q16526116,0,,MISSING,Q6581097,Male
Q16526135,0,,MISSING,Q6581097,Male
Q16526863,0,,MISSING,Q6581097,Male
Q16526880,0,,MISSING,Q6581072,Female
Q16526917,0,,MISSING,Q6581097,Male
Q16528922,0,,MISSING,Q6581097,Male
Q16530283,0,,MISSING,Q6581097,Male
Q16530404,0,,MISSING,Q6581097,Male
Q16530427,0,,MISSING,Q6581097,Male
Q16531935,1,,MISSING,Q6581097,Male
Q16534529,1,,MISSING,Q6581097,Male
Q16536587,0,,MISSING,Q6581097,Male
Q16538862,0,,MISSING,Q6581097,Male
Q16538983,0,,MISSING,Q6581072,Female
Q16544772,0,,MISSING,Q6581097,Male
Q16549401,0,,MISSING,Q6581097,Male
Q16559504,0,,MISSING,Q6581097,Male
Q16562598,0,,MISSING,Q6581097,Male
Q16562652,0,,MISSING,Q6581097,Male
Q16562667,1,,MISSING,Q6581097,Male
Q16562677,0,,MISSING,Q6581097,Male
Q16562991,0,,MISSING,Q6581097,Male
Q16563042,1,,MISSING,Q6581097,Male
Q16574122,0,,MISSING,Q6581097,Male
Q16574430,0,,MISSING,Q6581097,Male
Q16574433,0,,MISSING,Q6581097,Male
Q16574710,1,,MISSING,Q6581097,Male
Q16583172,0,,MISSING,Q6581097,Male
Q16583183,0,,MISSING,Q6581097,Male
Q16583725,0,,MISSING,Q6581072,Female
Q16584028,0,,MISSING,Q6581072,Female
Q16593958,0,,MISSING,Q6581072,Female
Q16595059,0,,MISSING,Q6581097,Male
Q16597111,0,,MISSING,Q6581097,Male
Q16598309,0,,MISSING,Q6581097,Male
Q16598322,0,,MISSING,Q6581097,Male
Q16600334,0,,MISSING,Q6581097,Male
Q16600961,0,,MISSING,Q6581097,Male
Q16601020,1,,MISSING,Q6581097,Male
Q16601029,0,,MISSING,Q6581097,Male
Q16608126,0,,MISSING,Q6581072,Female
Q16608124,0,,MISSING,Q6581072,Female
Q16609915,0,,MISSING,Q6581072,Female
Q16615609,0,,MISSING,Q6581097,Male
Q16620931,0,,MISSING,Q6581097,Male
Q16620934,0,,MISSING,Q6581097,Male
Q16620937,0,,MISSING,Q6581097,Male
Q16626671,0,,MISSING,Q6581097,Male
Q16629534,0,,MISSING,Q6581097,Male
Q16635588,1,,MISSING,Q6581097,Male
Q16639797,1,,MISSING,Q6581072,Female
Q16639906,0,,MISSING,Q6581097,Male
Q16641700,0,,MISSING,Q6581097,Male
Q16646657,0,,MISSING,Q6581097,Male
Q16647775,1,,MISSING,Q6581097,Male
Q16648524,0,,MISSING,Q6581097,Male
Q16650914,1,,MISSING,Q6581097,Male
Q16653666,0,,MISSING,Q6581097,Male
Q16654523,0,,MISSING,Q6581072,Female
Q16655210,0,,MISSING,Q6581097,Male
Q16655611,0,,MISSING,Q6581097,Male
Q16657041,0,,MISSING,Q6581097,Male
Q16665916,0,,MISSING,Q6581097,Male
Q16666174,0,,MISSING,Q6581072,Female
Q16666224,0,,MISSING,Q6581097,Male
Q16666456,0,,MISSING,Q6581097,Male
Q16669036,0,,MISSING,Q6581097,Male
Q16673254,0,,MISSING,Q6581097,Male
Q16675573,0,,MISSING,Q6581097,Male
Q16676460,0,,MISSING,Q6581097,Male
Q16678719,1,,MISSING,Q6581097,Male
Q16679813,0,,MISSING,Q6581097,Male
Q16680097,0,,MISSING,Q6581097,Male
Q16680167,0,,MISSING,Q6581097,Male
Q16681896,0,,MISSING,Q6581072,Female
Q16681900,0,,MISSING,Q6581097,Male
Q16681906,1,,MISSING,Q6581097,Male
Q16683905,0,,MISSING,Q6581097,Male
Q16685047,1,,MISSING,Q6581097,Male
Q16686615,0,,MISSING,Q6581097,Male
Q16686679,0,,MISSING,Q6581097,Male
Q16688944,0,,MISSING,Q6581097,Male
Q16690367,0,,MISSING,Q6581097,Male
Q16690532,0,,MISSING,Q6581097,Male
Q16694772,1,,MISSING,Q6581097,Male
Q16695837,0,,MISSING,Q6581097,Male
Q16697014,1,,MISSING,Q6581097,Male
Q16704875,0,,MISSING,Q6581097,Male
Q16718675,0,,MISSING,Q6581097,Male
Q16721261,0,,MISSING,Q6581097,Male
Q16730070,1,,MISSING,Q6581072,Female
Q16735439,0,,MISSING,Q6581097,Male
Q16736950,1,,MISSING,Q6581072,Female
Q17072642,0,,MISSING,Q6581097,Male
Q17198398,0,,MISSING,Q6581097,Male
Q17232763,0,,MISSING,Q6581097,Male
Q17265971,1,,MISSING,Q6581097,Male
Q17265972,1,,MISSING,Q6581097,Male
Q17274657,0,,MISSING,Q6581097,Male
Q17319098,0,,MISSING,Q6581097,Male
Q17338978,0,,MISSING,Q6581097,Male
Q17350534,0,,MISSING,Q6581097,Male
Q17350595,0,,MISSING,Q6581097,Male
Q17350822,0,,MISSING,Q6581097,Male
Q17385157,1,,MISSING,Q6581097,Male
Q17403063,0,,MISSING,Q6581097,Male
Q17403194,0,,MISSING,Q6581072,Female
Q17412713,1,,MISSING,Q6581097,Male
Q17413110,1,,MISSING,Q6581072,Female
Q17416345,0,,MISSING,Q6581097,Male
Q17426652,0,,MISSING,Q6581097,Male
Q17426857,1,,MISSING,Q6581072,Female
Q17448547,1,,MISSING,Q6581097,Male
Q17448630,1,,MISSING,Q6581097,Male
Q17462777,1,,MISSING,Q6581072,Female
Q17466485,0,,MISSING,Q6581097,Male
Q17478686,0,,MISSING,Q6581097,Male
Q17487569,1,,MISSING,Q6581097,Male
Q17489784,1,,MISSING,Q6581097,Male
Q17525059,1,,MISSING,Q6581097,Male
Q17541381,0,,MISSING,Q6581097,Male
Q17602261,0,,MISSING,Q6581097,Male
Q17602359,0,,MISSING,Q6581097,Male
Q17602417,0,,MISSING,Q6581097,Male
Q17627286,0,,MISSING,Q6581097,Male
Q17627287,0,,MISSING,Q6581072,Female
Q17628955,1,,MISSING,Q6581097,Male
Q17905120,0,,MISSING,Q6581097,Male
Q18001159,0,,MISSING,Q6581097,Male
Q18001521,0,,MISSING,Q6581097,Male
Q18002861,1,,MISSING,Q6581097,Male
Q18009084,0,,MISSING,Q6581072,Female
Q18009138,1,,MISSING,Q6581097,Male
Q18011061,0,,MISSING,Q6581097,Male
Q18011070,0,,MISSING,Q6581097,Male
Q18015214,0,,MISSING,Q6581097,Male
Q18015215,0,,MISSING,Q6581097,Male
Q18015213,0,,MISSING,Q6581097,Male
Q18015273,0,,MISSING,Q6581097,Male
Q18015316,0,,MISSING,Q6581097,Male
Q18015328,0,,MISSING,Q6581097,Male
Q18015332,0,,MISSING,Q6581097,Male
Q18015333,1,,MISSING,Q6581097,Male
Q18015391,0,,MISSING,Q6581097,Male
Q18015409,0,,MISSING,Q6581097,Male
Q18015423,0,,MISSING,Q6581097,Male
Q18015430,0,,MISSING,Q6581097,Male
Q18043859,0,,MISSING,Q6581097,Male
Q18044151,0,,MISSING,Q6581097,Male
Q18044203,1,,MISSING,Q6581097,Male
Q18044266,0,,MISSING,Q6581097,Male
Q18044269,0,,MISSING,Q6581097,Male
Q18044322,0,,MISSING,Q6581097,Male
Q18044321,0,,MISSING,Q6581097,Male
Q18044326,1,,MISSING,Q6581097,Male
Q18044329,1,,MISSING,Q6581097,Male
Q18045004,1,,MISSING,Q6581097,Male
Q18045137,0,,MISSING,Q6581097,Male
Q18045211,1,,MISSING,Q6581072,Female
Q18045264,0,,MISSING,Q6581097,Male
Q18051435,0,,MISSING,Q6581097,Male
Q18117384,0,,MISSING,Q6581072|Q6581097,Other / multiple
Q18123911,1,,MISSING,Q6581097,Male
Q18126503,0,,MISSING,Q6581097,Male
Q18170502,0,,MISSING,Q6581097,Male
Q18171665,0,,MISSING,Q6581097,Male
Q18175694,1,,MISSING,Q6581097,Male
Q39387738,0,,MISSING,Q6581072,Female
Q39389408,0,,MISSING,Q6581097,Male
Q39390360,1,,MISSING,Q6581097,Male
Q39391421,0,,MISSING,Q6581097,Male
Q39394703,1,Q6581097,Q6581097,Q6581097,Male
Q39756258,0,Q6581097,Q6581097,Q6581097,Male
Q39996835,0,Q6581097,Q6581097,Q6581097,Male
Q40077639,0,Q6581097,Q6581097,Q6581097,Male
Q41186347,0,Q6581097,Q6581097,Q6581097,Male
Q41186368,0,Q6581097,Q6581097,Q6581097,Male
Q41186753,0,Q6581097,Q6581097,Q6581097,Male
Q41771547,0,Q6581097,Q6581097,Q6581097,Male
Q41796736,0,Q6581097,Q6581097,Q6581097,Male
Q41799048,0,Q6581097,Q6581097,Q6581097,Male
Q42055714,1,Q6581072,Q6581072,Q6581072,Female
Q42296349,0,Q6581097,Q6581097,Q6581097,Male
Q42296414,1,Q6581072,Q6581072,Q6581072,Female
Q42308056,0,Q6581097,Q6581097,Q6581097,Male
Q42320124,1,Q6581097,Q6581097,Q6581097,Male
Q42435987,0,Q6581097,Q6581097,Q6581097,Male
Q42476242,1,Q6581097,Q6581097,Q6581097,Male
Q42490567,0,Q6581097,Q6581097,Q6581097,Male
Q42535623,0,Q6581072,Q6581072,Q6581072,Female
Q42907476,0,Q6581072,Q6581072,Q6581072,Female
Q43423947,0,Q6581097,Q6581097,Q6581097,Male
Q43427155,0,Q6581097,Q6581097,Q6581097,Male
Q43427628,0,Q6581097,Q6581097,Q6581097,Male
Q43429410,0,Q6581097,Q6581097,Q6581097,Male
Q43767153,0,Q6581072,Q6581072,Q6581072,Female
Q44155535,1,Q6581097,Q6581097,Q6581097,Male
Q46380572,0,Q6581072,Q6581072,Q6581072,Female
Q46712710,0,Q6581097,Q6581097,Q6581097,Male
Q47010854,0,Q6581097,Q6581097,Q6581097,Male
Q47013799,0,Q6581097,Q6581097,Q6581097,Male
Q47155847,0,Q6581072,Q6581072,Q6581072,Female
Q47452937,0,Q6581097,Q6581097,Q6581097,Male
Q47452961,0,Q6581097,Q6581097,Q6581097,Male
Q47453355,1,Q6581097,Q6581097,Q6581097,Male
Q47453352,0,Q6581097,Q6581097,Q6581097,Male
Q47453880,0,Q6581072,Q6581072,Q6581072,Female
Q47468072,0,Q6581072,Q6581072,Q6581072,Female
Q47484926,1,Q6581097,Q6581097,Q6581097,Male
Q47484947,0,Q6581097,Q6581097,Q6581097,Male
Q47489453,1,Q6581072,Q6581072,Q6581072,Female
Q47491337,0,Q6581097,Q6581097,Q6581097,Male
Q47543854,1,Q6581072,Q6581072,Q6581072,Female
Q47636640,0,Q6581097,Q6581097,Q6581097,Male
Q47658583,0,Q6581072,Q6581072,Q6581072,Female
Q47762758,1,Q6581097,Q6581097,Q6581097,Male
Q48145048,0,Q6581097,Q6581097,Q6581097,Male
Q48157421,0,Q6581072,Q6581072,Q6581072,Female
Q48165840,0,Q6581097,Q6581097,Q6581097,Male
Q48196966,0,Q6581072,Q6581072,Q6581072,Female
Q48198696,0,Q6581072,Q6581072,Q6581072,Female
Q48200215,0,Q6581072,Q6581072,Q6581072,Female
Q48233631,0,Q6581072,Q6581072,Q6581072,Female
Q48266966,0,Q6581097,Q6581097,Q6581097,Male
Q48453159,0,Q6581097,Q6581097,Q6581097,Male
Q48645085,1,Q6581097,Q6581097,Q6581097,Male
Q48666944,0,Q6581097,Q6581097,Q6581097,Male
Q48805669,0,Q6581097,Q6581097,Q6581097,Male
Q48869368,0,Q6581097,Q6581097,Q6581097,Male
Q48870054,0,Q6581097,Q6581097,Q6581097,Male
Q48870053,0,,MISSING,MISSING,Missing P21
Q48870058,0,Q6581097,Q6581097,Q6581097,Male
Q48870056,0,,MISSING,MISSING,Missing P21
Q48870060,0,Q6581097,Q6581097,Q6581097,Male
Q48870065,0,Q6581097,Q6581097,Q6581097,Male
Q48870076,0,,MISSING,MISSING,Missing P21
Q48877054,0,Q6581097,Q6581097,Q6581097,Male
Q48877052,0,Q6581097,Q6581097,Q6581097,Male
Q48877103,0,Q6581097,Q6581097,Q6581097,Male
Q48877223,0,,MISSING,MISSING,Missing P21
Q48877373,0,,MISSING,MISSING,Missing P21
Q48877377,0,Q6581097,Q6581097,Q6581097,Male
Q48877383,0,,MISSING,MISSING,Missing P21
Q48877380,0,,MISSING,MISSING,Missing P21
Q48877386,0,,MISSING,MISSING,Missing P21
Q48877389,0,Q6581097,Q6581097,Q6581097,Male
Q48877395,0,Q6581097,Q6581097,Q6581097,Male
Q48877392,0,Q6581097,Q6581097,Q6581097,Male
Q48877403,0,,MISSING,MISSING,Missing P21
Q48877400,0,,MISSING,MISSING,Missing P21
Q48877407,0,Q6581097,Q6581097,Q6581097,Male
Q48877414,0,Q6581097,Q6581097,Q6581097,Male
Q48877412,0,Q6581097,Q6581097,Q6581097,Male
Q48877418,0,Q6581097,Q6581097,Q6581097,Male
Q48936634,0,Q6581097,Q6581097,Q6581097,Male
Q48937492,1,Q6581072,Q6581072,Q6581072,Female
Q48938575,0,Q6581072,Q6581072,Q6581072,Female
Q48942142,0,Q6581097,Q6581097,Q6581097,Male
Q48953194,0,Q6581097,Q6581097,Q6581097,Male
Q48954084,1,Q6581097,Q6581097,Q6581097,Male
Q48954522,1,Q6581097,Q6581097,Q6581097,Male
Q48955457,1,Q6581097,Q6581097,Q6581097,Male
Q48955565,0,Q6581097,Q6581097,Q6581097,Male
Q48956177,1,Q6581097,Q6581097,Q6581097,Male
Q48956633,0,Q6581097,Q6581097,Q6581097,Male
Q48956684,0,Q6581097,Q6581097,Q6581097,Male
Q49178316,0,,MISSING,MISSING,Missing P21
Q4070407,0,Q6581072,Q6581072,Q6581072,Female
Q4070467,1,Q6581072,Q6581072,Q6581072,Female
Q4071069,1,Q6581097,Q6581097,Q6581097,Male
Q4071135,1,Q6581097,Q6581097,Q6581097,Male
Q4071138,1,Q6581097,Q6581097,Q6581097,Male
Q4071221,1,Q6581097,Q6581097,Q6581097,Male
Q4071834,1,Q6581097,Q6581097,Q6581097,Male
Q4071876,1,Q6581097,Q6581097,Q6581097,Male
Q4072002,1,Q6581097,Q6581097,Q6581097,Male
Q4072175,1,Q6581097,Q6581097,Q6581097,Male
Q4072350,1,Q6581072,Q6581072,Q6581072,Female
Q4072490,1,Q6581097,Q6581097,Q6581097,Male
Q4072504,1,Q6581097,Q6581097,Q6581097,Male
Q4073101,1,Q6581097,Q6581097,Q6581097,Male
Q4073104,0,Q6581072,Q6581072,Q6581072,Female
Q4073105,1,Q6581097,Q6581097,Q6581097,Male
Q4073115,1,Q6581097,Q6581097,Q6581097,Male
Q4073117,1,Q6581097,Q6581097,Q6581097,Male
Q4073463,1,Q6581097,Q6581097,Q6581097,Male
Q4073467,1,Q6581097,Q6581097,Q6581097,Male
Q4073478,1,Q6581097,Q6581097,Q6581097,Male
Q4073538,1,Q6581097,Q6581097,Q6581097,Male
Q4073747,0,Q6581072,Q6581072,Q6581072,Female
Q4073762,1,Q6581097,Q6581097,Q6581097,Male
Q4073773,0,Q6581097,Q6581097,Q6581097,Male
Q4074597,0,Q6581072,Q6581072,Q6581072,Female
Q4074798,1,Q6581072,Q6581072,Q6581072,Female
Q4074959,1,Q6581097,Q6581097,Q6581097,Male
Q4074966,1,Q6581097,Q6581097,Q6581097,Male
Q4075062,1,Q6581097,Q6581097,Q6581097,Male
Q4075099,0,Q6581097,Q6581097,Q6581097,Male
Q4075417,0,Q6581097,Q6581097,Q6581097,Male
Q4075468,0,Q6581097,Q6581097,Q6581097,Male
Q4075490,1,Q6581097,Q6581097,Q6581097,Male
Q4075495,0,Q6581097,Q6581097,Q6581097,Male
Q4075492,1,Q6581097,Q6581097,Q6581097,Male
Q4075630,1,Q6581097,Q6581097,Q6581097,Male
Q4075662,1,Q6581097,Q6581097,Q6581097,Male
Q4075723,1,Q6581097,Q6581097,Q6581097,Male
Q4075746,1,Q6581097,Q6581097,Q6581097,Male
Q4075756,1,Q6581097,Q6581097,Q6581097,Male
Q4075761,0,Q6581097,Q6581097,Q6581097,Male
Q4075870,1,Q6581097,Q6581097,Q6581097,Male
Q4076608,1,Q6581072,Q6581072,Q6581072,Female
Q4076987,1,Q6581097,Q6581097,Q6581097,Male
Q4077526,1,Q6581097,Q6581097,Q6581097,Male
Q4078359,0,Q6581097,Q6581097,Q6581097,Male
Q4078994,1,Q6581097,Q6581097,Q6581097,Male
Q4079298,0,Q6581097,Q6581097,Q6581097,Male
Q4079866,1,Q6581072,Q6581072,Q6581072,Female
Q4080581,0,Q6581097,Q6581097,Q6581097,Male
Q4081234,1,Q6581072,Q6581072,Q6581072,Female
Q4081237,0,Q6581097,Q6581097,Q6581097,Male
Q4081349,0,Q6581097,Q6581097,Q6581097,Male
Q4081446,1,Q6581097,Q6581097,Q6581097,Male
Q4081449,1,Q6581097,Q6581097,Q6581097,Male
Q4081463,1,Q6581097,Q6581097,Q6581097,Male
Q4083221,1,Q6581097,Q6581097,Q6581097,Male
Q4083471,1,Q6581097,Q6581097,Q6581097,Male
Q4083506,0,Q6581097,Q6581097,Q6581097,Male
Q4084878,0,Q6581097,Q6581097,Q6581097,Male
Q4084915,1,Q6581097,Q6581097,Q6581097,Male
Q4084916,1,Q6581072,Q6581072,Q6581072,Female
Q4085194,1,Q6581097,Q6581097,Q6581097,Male
Q4085915,1,Q6581097,Q6581097,Q6581097,Male
Q4086586,1,Q6581097,Q6581097,Q6581097,Male
Q4086639,0,Q6581097,Q6581097,Q6581097,Male
Q4088380,1,Q6581072,Q6581072,Q6581072,Female
Q4089095,1,Q6581097,Q6581097,Q6581097,Male
Q4090191,1,Q6581097,Q6581097,Q6581097,Male
Q4090256,1,Q6581097,Q6581097,Q6581097,Male
Q4093448,0,Q6581097,Q6581097,Q6581097,Male
Q4093834,0,Q6581097,Q6581097,Q6581097,Male
Q4094616,0,Q6581097,Q6581097,Q6581097,Male
Q4097021,0,Q6581097,Q6581097,Q6581097,Male
Q4098657,0,Q6581097,Q6581097,Q6581097,Male
Q4099575,1,Q6581097,Q6581097,Q6581097,Male
Q4099629,1,Q6581097,Q6581097,Q6581097,Male
Q4100314,0,Q6581097,Q6581097,Q6581097,Male
Q4101231,0,Q6581097,Q6581097,Q6581097,Male
Q4102172,0,Q6581097,Q6581097,Q6581097,Male
Q4102875,1,Q6581097,Q6581097,Q6581097,Male
Q4102880,1,Q6581097,Q6581097,Q6581097,Male
Q4102905,1,Q6581097,Q6581097,Q6581097,Male
Q4104769,0,Q6581072,Q6581072,Q6581072,Female
Q4105359,0,Q6581072,Q6581072,Q6581072,Female
Q4107566,0,Q6581097,Q6581097,Q6581097,Male
Q4109357,0,Q6581097,Q6581097,Q6581097,Male
Q4110811,1,Q6581097,Q6581097,Q6581097,Male
Q4112711,0,Q6581072,Q6581072,Q6581072,Female
Q4112793,1,Q6581097,Q6581097,Q6581097,Male
Q4120867,1,Q6581097,Q6581097,Q6581097,Male
Q4122612,1,Q6581097,Q6581097,Q6581097,Male
Q4122917,1,Q6581097,Q6581097,Q6581097,Male
Q4123286,0,Q6581097,Q6581097,Q6581097,Male
Q4123693,0,Q6581097,Q6581097,Q6581097,Male
Q4125934,1,Q6581097,Q6581097,Q6581097,Male
Q4126117,1,Q6581097,Q6581097,Q6581097,Male
Q4126665,0,Q6581097,Q6581097,Q6581097,Male
Q4126862,1,Q6581097,Q6581097,Q6581097,Male
Q4130450,0,Q6581097,Q6581097,Q6581097,Male
Q4130867,1,Q6581097,Q6581097,Q6581097,Male
Q4130989,1,Q6581097,Q6581097,Q6581097,Male
Q4131632,1,Q6581097,Q6581097,Q6581097,Male
Q4132185,0,Q6581097,Q6581097,Q6581097,Male
Q4132443,1,Q6581072,Q6581072,Q6581072,Female
Q4132940,0,Q6581097,Q6581097,Q6581097,Male
Q4133773,1,Q6581097,Q6581097,Q6581097,Male
Q4134533,1,Q6581097,Q6581097,Q6581097,Male
Q4138363,1,Q6581097,Q6581097,Q6581097,Male
Q4140398,0,Q6581097,Q6581097,Q6581097,Male
Q4141498,1,Q6581097,Q6581097,Q6581097,Male
Q4141733,0,Q6581097,Q6581097,Q6581097,Male
Q4141789,0,Q6581097,Q6581097,Q6581097,Male
Q4142804,0,Q6581097,Q6581097,Q6581097,Male
Q4143104,1,Q6581097,Q6581097,Q6581097,Male
Q4144823,0,Q6581097,Q6581097,Q6581097,Male
Q4145817,1,Q6581097,Q6581097,Q6581097,Male
Q4145989,0,Q6581097,Q6581097,Q6581097,Male
Q4146002,0,Q6581097,Q6581097,Q6581097,Male
Q4146416,1,Q6581097,Q6581097,Q6581097,Male
Q4148865,0,Q6581097,Q6581097,Q6581097,Male
Q4148877,1,Q6581097,Q6581097,Q6581097,Male
Q4149218,1,Q6581097,Q6581097,Q6581097,Male
Q4151286,0,Q6581097,Q6581097,Q6581097,Male
Q4151983,1,Q6581097,Q6581097,Q6581097,Male
Q4152036,0,Q6581097,Q6581097,Q6581097,Male
Q4154423,1,Q6581097,Q6581097,Q6581097,Male
Q4154466,0,Q6581097,Q6581097,Q6581097,Male
Q4154633,0,Q6581097,Q6581097,Q6581097,Male
Q4155004,1,Q6581097,Q6581097,Q6581097,Male
Q4155257,1,Q6581097,Q6581097,Q6581097,Male
Q4155266,1,Q6581097,Q6581097,Q6581097,Male
Q4156510,0,Q6581097,Q6581097,Q6581097,Male
Q4157752,1,Q6581097,Q6581097,Q6581097,Male
Q4158694,1,Q6581097,Q6581097,Q6581097,Male
Q4158742,0,Q6581097,Q6581097,Q6581097,Male
Q4159032,1,Q6581097,Q6581097,Q6581097,Male
Q4159725,0,Q6581072,Q6581072,Q6581072,Female
Q4159752,1,Q6581097,Q6581097,Q6581097,Male
Q4159802,1,Q6581072,Q6581072,Q6581072,Female
Q4159873,1,Q6581072,Q6581072,Q6581072,Female
Q4159949,1,Q6581072,Q6581072,Q6581072,Female
Q4160158,0,Q6581097,Q6581097,Q6581097,Male
Q4160287,1,Q6581097,Q6581097,Q6581097,Male
Q4160389,1,Q6581097,Q6581097,Q6581097,Male
Q4160582,1,Q6581097,Q6581097,Q6581097,Male
Q4161337,0,Q6581097,Q6581097,Q6581097,Male
Q4163310,1,Q6581097,Q6581097,Q6581097,Male
Q4163863,0,Q6581097,Q6581097,Q6581097,Male
Q4166160,1,Q6581072,Q6581072,Q6581072,Female
Q4166396,0,Q6581097,Q6581097,Q6581097,Male
Q4167043,0,Q6581072,Q6581072,Q6581072,Female
Q4167136,1,Q6581097,Q6581097,Q6581097,Male
Q4167176,1,,MISSING,Q6581097,Male
Q4167198,0,,MISSING,Q6581097,Male
Q4167199,1,,MISSING,Q6581097,Male
Q4167308,1,,MISSING,Q6581097,Male
Q4167786,0,,MISSING,Q6581097,Male
Q4170318,0,,MISSING,Q6581072,Female
Q4170429,1,,MISSING,Q6581097,Male
Q4170676,1,,MISSING,Q6581097,Male
Q4171187,1,,MISSING,Q6581072,Female
Q4172429,0,,MISSING,Q6581097,Male
Q4173379,0,,MISSING,Q6581097,Male
Q4173777,0,,MISSING,Q6581097,Male
Q4174730,0,,MISSING,Q6581097,Male
Q4176165,1,,MISSING,Q6581097,Male
Q4176180,1,,MISSING,Q6581097,Male
Q4176249,0,,MISSING,Q6581097,Male
Q4176695,1,,MISSING,Q6581097,Male
Q4176811,1,,MISSING,Q6581097,Male
Q4177065,1,,MISSING,Q6581097,Male
Q4177071,1,,MISSING,Q6581097,Male
Q4177075,1,,MISSING,Q6581097,Male
Q4177077,1,,MISSING,Q6581097,Male
Q4177088,1,,MISSING,Q6581097,Male
Q4177093,1,,MISSING,Q6581097,Male
Q4177171,1,,MISSING,Q6581097,Male
Q4177180,1,,MISSING,Q6581072,Female
Q4177738,0,,MISSING,Q6581097,Male
Q4178079,1,,MISSING,Q6581097,Male
Q4178086,1,,MISSING,Q6581097,Male
Q4178101,1,,MISSING,Q6581097,Male
Q4178149,0,,MISSING,Q6581097,Male
Q4178351,1,,MISSING,Q6581097,Male
Q4179832,1,,MISSING,Q6581072,Female
Q4179984,1,,MISSING,Q6581097,Male
Q4180459,0,,MISSING,Q6581097,Male
Q4180658,0,,MISSING,Q6581097,Male
Q4180858,0,,MISSING,Q6581097,Male
Q4181032,1,,MISSING,Q6581097,Male
Q4181036,1,,MISSING,Q6581097,Male
Q4181037,1,,MISSING,Q6581097,Male
Q4181066,0,,MISSING,Q6581097,Male
Q4181195,1,,MISSING,Q6581097,Male
Q4181620,0,,MISSING,Q6581097,Male
Q4181629,1,,MISSING,Q6581097,Male
Q4181638,1,,MISSING,Q6581097,Male
Q4181645,1,,MISSING,Q6581097,Male
Q12530362,1,,MISSING,Q6581097,Male
Q12530375,1,,MISSING,Q6581097,Male
Q12530377,1,,MISSING,Q6581097,Male
Q12530419,1,,MISSING,Q6581097,Male
Q12530422,1,,MISSING,Q6581097,Male
Q12530433,1,,MISSING,Q6581097,Male
Q12530651,1,,MISSING,Q6581097,Male
Q12531061,1,,MISSING,Q6581097,Male
Q12531066,1,,MISSING,Q6581097,Male
Q12531079,1,,MISSING,Q6581097,Male
Q12531093,1,,MISSING,Q6581097,Male
Q12531116,1,,MISSING,MISSING,Missing P21
Q12531122,1,,MISSING,Q6581097,Male
Q12531125,1,,MISSING,MISSING,Missing P21
Q12531342,1,,MISSING,Q6581097,Male
Q12531428,1,,MISSING,Q6581097,Male
Q12531439,1,,MISSING,Q6581097,Male
Q12531633,1,,MISSING,Q6581097,Male
Q12532358,1,,MISSING,Q6581097,Male
Q12532407,1,,MISSING,Q6581097,Male
Q12532737,1,,MISSING,Q6581097,Male
Q12532767,1,,MISSING,Q6581097,Male
Q12532789,1,,MISSING,Q6581097,Male
Q12532811,1,,MISSING,Q6581097,Male
Q12532916,1,,MISSING,Q6581097,Male
Q12532968,1,,MISSING,Q6581072,Female
Q12533007,1,,MISSING,Q6581097,Male
Q12533257,1,,MISSING,Q6581097,Male
Q12533295,1,,MISSING,Q6581072,Female
Q12533318,1,,MISSING,Q6581097,Male
Q12533600,1,,MISSING,Q6581072,Female
Q12533663,1,,MISSING,Q6581097,Male
Q12533670,1,,MISSING,Q6581097,Male
Q12534054,1,,MISSING,MISSING,Missing P21
Q12534167,1,,MISSING,Q6581097,Male
Q12534174,1,,MISSING,Q6581097,Male
Q12534186,1,,MISSING,Q6581097,Male
Q12534196,1,,MISSING,Q6581097,Male
Q12534206,1,,MISSING,Q6581097,Male
Q12534207,1,,MISSING,Q6581097,Male
Q12534231,1,,MISSING,Q6581072,Female
Q12534338,1,,MISSING,Q6581097,Male
Q12534351,1,,MISSING,MISSING,Missing P21
Q12534406,1,,MISSING,Q6581097,Male
Q12534454,1,,MISSING,Q6581097,Male
Q12534485,1,,MISSING,Q6581072,Female
Q12534490,1,,MISSING,Q6581072,Female
Q12534494,1,,MISSING,Q6581072,Female
Q12534507,1,,MISSING,Q6581072,Female
Q12534534,1,,MISSING,Q6581097,Male
Q12534539,1,,MISSING,Q6581097,Male
Q12534547,1,,MISSING,Q6581097,Male
Q12534570,1,,MISSING,Q6581097,Male
Q12534568,1,,MISSING,Q6581097,Male
Q12534632,1,,MISSING,Q6581097,Male
Q12534633,1,,MISSING,Q6581097,Male
Q12534741,1,,MISSING,Q6581097,Male
Q12534794,1,,MISSING,Q6581097,Male
Q12534818,1,,MISSING,Q6581097,Male
Q12534845,1,,MISSING,Q6581097,Male
Q12534868,1,,MISSING,Q6581097,Male
Q12535121,1,,MISSING,Q6581072,Female
Q12535129,1,,MISSING,Q6581097,Male
Q12535143,1,,MISSING,Q6581097,Male
Q12535201,1,,MISSING,Q6581097,Male
Q12535435,1,,MISSING,Q6581072,Female
Q12535470,1,,MISSING,Q6581072,Female
Q12535629,1,,MISSING,Q6581097,Male
Q12535705,1,,MISSING,Q6581072,Female
Q12535744,1,,MISSING,Q6581097,Male
Q12535791,1,,MISSING,Q6581072,Female
Q12535866,1,,MISSING,Q6581097,Male
Q12535868,1,,MISSING,Q6581097,Male
Q12535874,1,,MISSING,Q6581097,Male
Q12535872,1,,MISSING,Q6581097,Male
Q12535892,1,,MISSING,Q6581097,Male
Q12535898,1,,MISSING,Q6581097,Male
Q12535900,1,,MISSING,Q6581097,Male
Q12535901,1,,MISSING,Q6581097,Male
Q12536063,1,,MISSING,Q6581097,Male
Q12536066,1,,MISSING,Q6581097,Male
Q12536109,1,,MISSING,Q6581072,Female
Q12536168,1,,MISSING,Q6581072,Female
Q12536244,1,,MISSING,Q6581097,Male
Q12536363,1,,MISSING,Q6581097,Male
Q12536503,1,,MISSING,Q6581072,Female
Q12537172,1,,MISSING,Q6581097,Male
Q12537200,1,,MISSING,Q6581097,Male
Q12537376,1,,MISSING,Q6581072,Female
Q12537470,1,,MISSING,Q6581097,Male
Q12537577,1,,MISSING,Q6581097,Male
Q12537580,1,,MISSING,Q6581097,Male
Q12537585,1,,MISSING,Q6581097,Male
Q12537598,1,,MISSING,Q6581097,Male
Q12537602,1,,MISSING,Q6581072,Female
Q12537735,1,,MISSING,Q6581097,Male
Q12537733,1,,MISSING,Q6581097,Male
Q12537740,1,,MISSING,Q6581097,Male
Q12537748,1,,MISSING,Q6581097,Male
Q12537755,1,,MISSING,Q6581097,Male
Q12537869,1,,MISSING,Q6581072,Female
Q12537896,1,,MISSING,Q6581072,Female
Q12537917,1,,MISSING,Q6581097,Male
Q12537986,1,,MISSING,Q6581097,Male
Q12537996,1,,MISSING,Q6581097,Male
Q12538031,1,,MISSING,Q6581097,Male
Q12538065,1,,MISSING,Q6581097,Male
Q12538136,1,,MISSING,Q6581097,Male
Q12538175,1,,MISSING,Q6581097,Male
Q12538172,1,,MISSING,Q6581097,Male
Q12538194,1,,MISSING,Q6581097,Male
Q12538207,1,,MISSING,Q6581097,Male
Q12538211,1,,MISSING,Q6581097,Male
Q12538215,1,,MISSING,Q6581097,Male
Q12538230,1,,MISSING,Q6581097,Male
Q12538247,1,,MISSING,Q6581097,Male
Q12538261,1,,MISSING,Q6581097,Male
Q12538270,1,,MISSING,Q6581097,Male
Q12538277,1,,MISSING,Q6581097,Male
Q12538292,1,,MISSING,Q6581097,Male
Q12538427,1,,MISSING,Q6581097,Male
Q12538429,1,,MISSING,Q6581097,Male
Q12538475,1,,MISSING,Q6581097,Male
Q12538592,1,,MISSING,Q6581072,Female
Q12538593,1,,MISSING,Q6581072,Female
Q12538596,1,,MISSING,Q6581072,Female
Q12538597,1,,MISSING,Q6581072,Female
Q12538696,1,,MISSING,Q6581072,Female
Q12538771,1,,MISSING,Q6581097,Male
Q12538984,1,,MISSING,Q6581097,Male
Q12539349,1,,MISSING,Q6581097,Male
Q12539589,1,,MISSING,Q6581097,Male
Q12539601,1,,MISSING,Q6581097,Male
Q12539666,1,,MISSING,MISSING,Missing P21
Q12539664,1,,MISSING,Q6581097,Male
Q12539680,1,,MISSING,Q6581097,Male
Q12539717,1,,MISSING,Q6581072,Female
Q12539735,1,,MISSING,Q6581072,Female
Q12539738,1,,MISSING,Q6581072,Female
Q12539743,1,,MISSING,Q6581072,Female
Q12539750,1,,MISSING,Q6581072,Female
Q12539751,1,,MISSING,Q6581072,Female
Q12539749,1,,MISSING,Q6581072,Female
Q12539765,1,,MISSING,Q6581072,Female
Q12539769,1,,MISSING,Q6581072,Female
Q12539779,1,,MISSING,Q6581072,Female
Q12539800,1,,MISSING,Q6581072,Female
Q12539807,1,,MISSING,Q6581072,Female
Q12539883,1,,MISSING,Q6581097,Male
Q12539915,1,,MISSING,Q6581097,Male
Q12539955,1,,MISSING,Q6581097,Male
Q12540008,1,,MISSING,Q6581097,Male
Q12540193,1,,MISSING,MISSING,Missing P21
Q12540221,1,,MISSING,Q6581097,Male
Q12540311,1,,MISSING,Q6581097,Male
Q12540445,1,,MISSING,Q6581097,Male
Q12540473,1,,MISSING,Q6581097,Male
Q12540530,1,,MISSING,Q6581072,Female
Q12540571,1,,MISSING,Q6581072,Female
Q12540574,1,,MISSING,Q6581072,Female
Q12540572,1,,MISSING,Q6581072,Female
Q12540866,1,,MISSING,Q6581097,Male
Q12540869,1,,MISSING,MISSING,Missing P21
Q12540880,1,,MISSING,Q6581097,Male
Q12540884,1,,MISSING,Q6581097,Male
Q12540885,1,,MISSING,Q6581097,Male
Q12540895,1,,MISSING,MISSING,Missing P21
Q12540978,1,,MISSING,Q6581097,Male
Q12540977,1,,MISSING,Q6581097,Male
Q12541030,1,,MISSING,Q6581097,Male
Q12541081,1,,MISSING,Q6581097,Male
Q12541190,1,,MISSING,Q6581097,Male
Q12541189,1,,MISSING,Q6581097,Male
Q12541194,1,,MISSING,Q6581097,Male
Q12541221,1,,MISSING,Q6581097,Male
Q12541319,1,,MISSING,Q6581097,Male
Q12541515,1,,MISSING,Q6581097,Male
Q12541531,1,,MISSING,Q6581072,Female
Q12541607,1,,MISSING,Q6581097,Male
Q12541656,1,,MISSING,Q6581072,Female
Q12541750,1,,MISSING,Q6581072,Female
Q12541755,1,,MISSING,Q6581072,Female
Q12541752,1,,MISSING,Q6581072,Female
Q12541760,1,,MISSING,Q6581072,Female
Q12541856,1,,MISSING,MISSING,Missing P21
Q12541905,1,,MISSING,Q6581097,Male
Q12541909,1,,MISSING,Q6581097,Male
Q12541946,1,,MISSING,Q6581097,Male
Q12541956,1,,MISSING,Q6581097,Male
Q12541963,1,,MISSING,Q6581097,Male
Q12541966,1,,MISSING,Q6581072,Female
Q12541989,1,,MISSING,Q6581097,Male
Q12541999,1,,MISSING,Q6581097,Male
Q12542039,1,,MISSING,Q6581097,Male
Q12542042,1,,MISSING,Q6581097,Male
Q12542048,1,,MISSING,Q6581097,Male
Q12542049,1,,MISSING,Q6581097,Male
Q12542053,1,,MISSING,Q6581097,Male
Q12542091,1,,MISSING,Q6581097,Male
Q12542109,1,,MISSING,Q6581097,Male
Q12542199,1,,MISSING,Q6581097,Male
Q12542238,1,,MISSING,Q6581097,Male
Q12542244,1,,MISSING,Q6581097,Male
Q12542248,1,,MISSING,Q6581097,Male
Q12542256,1,,MISSING,Q6581097,Male
Q12542269,1,,MISSING,MISSING,Missing P21
Q12542277,1,,MISSING,Q6581097,Male
Q12542308,1,,MISSING,Q6581097,Male
Q12542313,1,,MISSING,Q6581097,Male
Q12542319,1,,MISSING,Q6581097,Male
Q12542366,1,,MISSING,Q6581097,Male
Q12542367,1,,MISSING,Q6581097,Male
Q12542453,1,,MISSING,Q6581097,Male
Q12542542,1,,MISSING,Q6581097,Male
Q12542602,1,,MISSING,Q6581072,Female
Q12542830,1,,MISSING,Q6581097,Male
Q12543131,1,,MISSING,Q6581097,Male
Q12543151,1,,MISSING,Q6581097,Male
Q12543148,1,,MISSING,Q6581097,Male
Q12543194,1,,MISSING,Q6581097,Male
Q12543219,1,,MISSING,Q6581097,Male
Q12543274,1,,MISSING,Q6581097,Male
Q12543310,1,,MISSING,Q6581097,Male
Q12543309,1,,MISSING,Q6581097,Male
Q12543340,1,,MISSING,Q6581072,Female
Q12543375,1,,MISSING,Q6581097,Male
Q12543381,1,,MISSING,Q6581097,Male
Q12543440,1,,MISSING,MISSING,Missing P21
Q12543445,1,,MISSING,Q6581072,Female
Q12543516,1,,MISSING,Q6581097,Male
Q12543524,1,,MISSING,Q6581097,Male
Q12543533,1,,MISSING,Q6581097,Male
Q12543657,1,,MISSING,MISSING,Missing P21
Q12543662,1,,MISSING,Q6581097,Male
Q12543922,1,,MISSING,Q6581097,Male
Q12544013,1,,MISSING,Q6581097,Male
Q12544061,1,,MISSING,Q6581097,Male
Q12544090,1,,MISSING,Q6581097,Male
Q12544091,1,,MISSING,Q6581097,Male
Q12544731,1,,MISSING,Q6581097,Male
Q12544750,1,,MISSING,Q6581097,Male
Q12544831,1,,MISSING,Q6581097,Male
Q12544919,1,,MISSING,Q6581097,Male
Q12545009,1,,MISSING,MISSING,Missing P21
Q12545045,1,,MISSING,Q6581097,Male
Q12545061,1,,MISSING,Q6581097,Male
Q12545469,1,,MISSING,Q6581097,Male
Q12545538,1,,MISSING,Q6581072,Female
Q12545601,1,,MISSING,Q6581097,Male
Q12545744,1,,MISSING,Q6581097,Male
Q12545749,1,,MISSING,Q6581097,Male
Q12545754,1,,MISSING,Q6581097,Male
Q12545859,1,,MISSING,Q6581097,Male
Q12545873,1,,MISSING,Q6581097,Male
Q12545877,1,,MISSING,Q6581097,Male
Q12545895,1,,MISSING,Q6581097,Male
Q12545907,1,,MISSING,Q6581097,Male
Q12546021,1,,MISSING,Q6581072,Female
Q12546079,1,,MISSING,Q6581072,Female
Q12546081,1,,MISSING,Q6581072,Female
Q12546115,1,,MISSING,Q6581097,Male
Q12546177,1,,MISSING,Q6581097,Male
Q12546228,1,,MISSING,Q6581097,Male
Q12546229,1,,MISSING,Q6581097,Male
Q12546307,1,,MISSING,Q6581097,Male
Q12546395,1,,MISSING,Q6581097,Male
Q12546399,1,,MISSING,Q6581097,Male
Q12546403,1,,MISSING,Q6581072,Female
Q12546429,1,,MISSING,Q6581072,Female
Q12546454,1,,MISSING,MISSING,Missing P21
Q12546508,1,,MISSING,Q6581097,Male
Q12546520,1,,MISSING,Q6581097,Male
Q12546546,1,,MISSING,Q6581072,Female
Q12546599,1,,MISSING,Q6581072,Female
Q12546602,1,,MISSING,Q6581072,Female
Q12546614,1,,MISSING,Q6581072,Female
Q12546654,1,,MISSING,Q6581072,Female
Q12546655,1,,MISSING,Q6581097,Male
Q12546669,1,,MISSING,Q6581097,Male
Q12546675,1,,MISSING,Q6581097,Male
Q12546678,1,,MISSING,Q6581072,Female
Q12546676,1,,MISSING,Q6581097,Male
Q12546742,1,,MISSING,Q6581097,Male
Q12546746,1,,MISSING,Q6581097,Male
Q12546755,1,,MISSING,Q6581097,Male
Q12546769,1,,MISSING,Q6581097,Male
Q12546790,1,,MISSING,Q6581097,Male
Q12546809,1,,MISSING,Q6581097,Male
Q12546833,1,,MISSING,Q6581097,Male
Q12546914,1,,MISSING,Q6581097,Male
Q12547541,1,,MISSING,Q6581097,Male
Q12547554,1,,MISSING,Q6581072,Female
Q12547579,1,,MISSING,Q6581097,Male
Q12547586,1,,MISSING,MISSING,Missing P21
Q12547591,1,,MISSING,Q6581072,Female
Q12547589,1,,MISSING,Q6581097,Male
Q12547638,1,,MISSING,Q6581097,Male
Q12547653,1,,MISSING,Q6581097,Male
Q12547660,1,,MISSING,Q6581097,Male
Q12547750,1,,MISSING,Q6581097,Male
Q18184792,0,,MISSING,Q6581072,Female
Q18186940,0,,MISSING,Q6581072,Female
Q18187983,0,,MISSING,Q6581072,Female
Q18199725,0,,MISSING,Q6581097,Male
Q18205740,1,,MISSING,Q6581097,Male
Q18217880,0,,MISSING,Q6581097,Male
Q18218115,0,,MISSING,Q6581072,Female
Q18218118,1,,MISSING,Q6581097,Male
Q18226527,0,,MISSING,Q6581097,Male
Q18233425,1,,MISSING,Q6581097,Male
Q18235201,0,,MISSING,Q6581097,Male
Q18239225,0,,MISSING,Q6581097,Male
Q18243385,1,,MISSING,Q6581097,Male
Q18243857,0,,MISSING,Q6581097,Male
Q18276439,0,,MISSING,Q6581097,Male
Q18278338,0,,MISSING,Q6581097,Male
Q18278432,1,,MISSING,Q6581072,Female
Q18278691,0,,MISSING,Q6581097,Male
Q18278759,0,,MISSING,Q6581097,Male
Q18278962,1,,MISSING,Q6581097,Male
Q18279124,0,,MISSING,Q6581097,Male
Q18279420,0,,MISSING,Q6581097,Male
Q18279474,0,,MISSING,Q6581097,Male
Q18337783,0,,MISSING,Q6581097,Male
Q18350577,0,,MISSING,Q6581072,Female
Q18351239,0,,MISSING,Q6581072,Female
Q18356888,0,,MISSING,Q6581072,Female
Q18378080,0,,MISSING,Q6581072,Female
Q18388576,1,,MISSING,Q6581072,Female
Q18396502,0,,MISSING,Q6581072,Female
Q18401097,1,,MISSING,Q6581097,Male
Q18405310,0,,MISSING,Q6581097,Male
Q18407196,0,,MISSING,Q6581097,Male
Q18408936,1,,MISSING,Q6581072,Female
Q18409516,0,,MISSING,Q6581097,Male
Q18430974,0,,MISSING,Q6581072,Female
Q18434070,0,,MISSING,Q6581097,Male
Q18536146,1,,MISSING,Q6581097,Male
Q18563062,1,,MISSING,Q6581072,Female
Q18633983,0,,MISSING,Q6581097,Male
Q18634056,0,,MISSING,Q6581097,Male
Q18634070,0,,MISSING,Q6581097,Male
Q18634269,1,,MISSING,Q6581097,Male
Q18634314,1,,MISSING,Q6581097,Male
Q18635177,0,,MISSING,Q6581072,Female
Q18635202,0,,MISSING,Q6581072,Female
Q18636519,0,,MISSING,Q6581072,Female
Q18640145,0,,MISSING,Q6581097,Male
Q18640449,0,,MISSING,Q6581097,Male
Q18640523,0,,MISSING,Q6581097,Male
Q18640695,1,,MISSING,Q6581097,Male
Q18741031,0,,MISSING,Q6581097,Male
Q18741084,0,,MISSING,Q6581097,Male
Q18741268,0,,MISSING,Q6581097,Male
Q18741424,0,,MISSING,Q6581097,Male
Q18819874,0,,MISSING,Q6581097,Male
Q19060730,0,,MISSING,Q6581097,Male
Q19060767,0,,MISSING,Q6581097,Male
Q19361744,1,,MISSING,Q6581097,Male
Q19364678,0,,MISSING,Q6581097,Male
Q19364676,0,,MISSING,Q6581097,Male
Q19364683,0,,MISSING,Q6581072,Female
Q19364680,0,,MISSING,Q6581072,Female
Q19364681,0,,MISSING,Q6581072,Female
Q19515559,0,,MISSING,Q6581072,Female
Q19518598,1,,MISSING,Q6581097,Male
Q19518654,0,,MISSING,Q6581072,Female
Q19518657,0,,MISSING,Q6581072,Female
Q19520406,0,,MISSING,Q6581097,Male
Q19559969,0,,MISSING,Q6581072,Female
Q19561033,0,,MISSING,Q6581097,Male
Q19561040,0,,MISSING,Q6581072,Female
Q19561124,1,,MISSING,Q6581072,Female
Q19561421,0,,MISSING,Q6581072,Female
Q19577733,1,,MISSING,Q6581097,Male
Q19605336,0,,MISSING,Q6581072,Female
Q19605359,0,,MISSING,Q6581072,Female
Q19613311,0,,MISSING,Q6581097,Male
Q19613939,0,,MISSING,Q6581097,Male
Q19614129,0,,MISSING,Q6581097,Male
Q19614821,1,,MISSING,Q6581097,Male
Q19615342,1,,MISSING,Q6581097,Male
Q19615390,0,,MISSING,Q6581072,Female
Q19616575,0,,MISSING,Q6581097,Male
Q19617489,0,,MISSING,Q6581097,Male
Q19619140,0,,MISSING,Q6581097,Male
Q19619141,0,,MISSING,Q6581097,Male
Q19630090,0,,MISSING,Q6581097,Male
Q19649673,0,,MISSING,Q6581097,Male
Q19662268,0,,MISSING,Q6581072,Female
Q19666099,0,,MISSING,Q6581097,Male
Q19667925,0,,MISSING,Q6581072,Female
Q19742650,0,,MISSING,Q6581097,Male
Q19758967,0,,MISSING,Q6581072,Female
Q19772479,0,,MISSING,Q6581097,Male
Q19817440,1,,MISSING,Q6581097,Male
Q19818930,0,,MISSING,Q6581097,Male
Q19819075,0,,MISSING,Q6581097,Male
Q19834001,1,,MISSING,Q6581097,Male
Q19835594,1,,MISSING,Q6581097,Male
Q19882087,0,,MISSING,Q6581072,Female
Q19886281,0,,MISSING,Q6581097,Male
Q19886290,1,,MISSING,Q6581097,Male
Q19907915,0,,MISSING,Q6581097,Male
Q19908360,0,,MISSING,Q6581097,Male
Q19908412,0,,MISSING,Q6581097,Male
Q19908611,0,,MISSING,Q6581097,Male
Q19909428,0,,MISSING,Q6581072,Female
Q19910125,0,,MISSING,Q6581097,Male
Q19910817,0,,MISSING,Q6581072,Female
Q19915709,0,,MISSING,Q6581097,Male
Q19915858,0,,MISSING,Q6581097,Male
Q19916831,0,,MISSING,Q6581072,Female
Q19916923,0,,MISSING,Q6581097,Male
Q19916979,1,,MISSING,Q6581097,Male
Q19917057,0,,MISSING,Q6581097,Male
Q19917979,0,,MISSING,Q6581097,Male
Q19918017,0,,MISSING,Q6581072,Female
Q19918164,0,,MISSING,Q6581097,Male
Q19918227,0,,MISSING,Q6581072,Female
Q19918243,0,,MISSING,Q6581097,Male
Q19918274,1,,MISSING,Q6581097,Male
Q19918386,0,,MISSING,Q6581097,Male
Q19930167,0,,MISSING,Q6581097,Male
Q19930164,0,,MISSING,Q6581097,Male
Q19930165,0,,MISSING,Q6581097,Male
Q19930170,0,,MISSING,Q6581097,Male
Q19930168,0,,MISSING,Q6581097,Male
Q19930169,0,,MISSING,Q6581097,Male
Q19960011,1,,MISSING,Q6581097,Male
Q19960172,0,,MISSING,Q6581097,Male
Q19968699,1,,MISSING,Q6581097,Male
Q19979431,1,,MISSING,Q6581072,Female
Q20026213,1,,MISSING,Q6581097,Male
Q20028126,0,,MISSING,Q6581097,Male
Q20030953,1,,MISSING,Q6581097,Male
Q20031046,1,,MISSING,Q6581072,Female
Q20036949,0,,MISSING,Q6581097,Male
Q20070370,0,,MISSING,Q6581072,Female
Q20088684,0,,MISSING,Q6581097,Male
Q20090322,1,,MISSING,Q6581097,Male
Q20111694,0,,MISSING,Q6581072,Female
Q20177414,0,,MISSING,Q6581097,Male
Q20180503,0,,MISSING,Q6581097,Male
Q20180793,1,,MISSING,Q6581097,Male
Q20190643,1,,MISSING,Q6581097,Male
Q20482338,1,,MISSING,Q6581097,Male
Q20482546,1,,MISSING,Q6581097,Male
Q20482549,1,,MISSING,Q6581072,Female
Q20482553,1,,MISSING,Q6581097,Male
Q20482583,1,,MISSING,Q6581097,Male
Q20482580,1,,MISSING,Q6581072,Female
Q20482593,1,,MISSING,Q6581072,Female
Q20482598,1,,MISSING,Q6581097,Male
Q20482608,1,,MISSING,Q6581097,Male
Q20482646,0,,MISSING,Q6581097,Male
Q20482652,1,,MISSING,Q6581097,Male
Q20482694,1,,MISSING,Q6581072,Female
Q20482699,1,,MISSING,Q6581072,Female
Q20482713,1,,MISSING,Q6581097,Male
Q20482723,1,,MISSING,Q6581097,Male
Q20482742,1,,MISSING,Q6581097,Male
Q20482747,1,,MISSING,Q6581097,Male
Q20482745,1,,MISSING,Q6581097,Male
Q20482778,1,,MISSING,Q6581097,Male
Q20482792,1,,MISSING,Q6581097,Male
Q20482801,1,,MISSING,Q6581097,Male
Q20482820,1,,MISSING,Q6581097,Male
Q20482825,1,,MISSING,Q6581097,Male
Q20482857,1,,MISSING,Q6581097,Male
Q20482890,1,,MISSING,Q6581097,Male
Q20482891,1,,MISSING,Q6581097,Male
Q20482904,1,,MISSING,Q6581097,Male
Q20482926,1,,MISSING,Q6581097,Male
Q20483031,1,,MISSING,Q6581072,Female
Q20483094,1,,MISSING,Q6581097,Male
Q20483102,1,,MISSING,Q6581072,Female
Q20483107,1,,MISSING,Q6581097,Male
Q20483114,1,,MISSING,Q6581097,Male
Q20483115,1,,MISSING,Q6581097,Male
Q20483132,1,,MISSING,MISSING,Missing P21
Q20483137,1,,MISSING,Q6581097,Male
Q20483196,1,,MISSING,Q6581097,Male
Q20483203,1,,MISSING,Q6581097,Male
Q20483214,1,,MISSING,Q6581097,Male
Q20483215,1,,MISSING,Q6581097,Male
Q20483228,1,,MISSING,Q6581097,Male
Q20483254,1,,MISSING,Q6581072,Female
Q20483276,1,,MISSING,Q6581072,Female
Q20483283,1,,MISSING,Q6581097,Male
Q20483294,1,,MISSING,Q6581072,Female
Q20483299,1,,MISSING,Q6581097,Male
Q20483310,1,,MISSING,Q6581097,Male
Q20483318,1,,MISSING,Q6581097,Male
Q20483324,1,,MISSING,Q6581097,Male
Q20483337,1,,MISSING,Q6581097,Male
Q20483346,1,,MISSING,MISSING,Missing P21
Q20483371,1,,MISSING,Q6581072,Female
Q20483375,1,,MISSING,Q6581072,Female
Q20483376,1,,MISSING,Q6581072,Female
Q49561532,0,,MISSING,Q6581097,Male
Q49561541,0,,MISSING,Q6581097,Male
Q49562010,0,,MISSING,Q6581072,Female
Q49562022,0,,MISSING,Q6581072,Female
Q49562036,0,,MISSING,Q6581072,Female
Q49597784,0,,MISSING,Q6581072,Female
Q50189012,0,,MISSING,Q6581097,Male
Q50239709,1,,MISSING,Q6581097,Male
Q50323561,0,,MISSING,Q6581097,Male
Q50335903,0,,MISSING,Q6581097,Male
Q50380532,1,,MISSING,Q6581097,Male
Q50398924,0,,MISSING,Q6581097,Male
Q50485443,0,,MISSING,Q6581097,Male
Q50526811,1,,MISSING,Q6581097,Male
Q50772739,1,,MISSING,Q6581097,Male
Q50847964,1,,MISSING,Q6581097,Male
Q50926283,0,,MISSING,Q6581097,Male
Q50928253,0,,MISSING,Q6581097,Male
Q50941292,1,,MISSING,Q6581097,Male
Q51022055,1,,MISSING,Q6581097,Male
Q51334801,0,,MISSING,Q6581097,Male
Q51667466,0,,MISSING,Q6581097,Male
Q51667895,0,,MISSING,Q6581097,Male
Q51668139,0,,MISSING,Q6581097,Male
Q51668185,0,,MISSING,Q6581097,Male
Q51668816,1,,MISSING,Q6581097,Male
Q51669613,0,,MISSING,Q6581072,Female
Q51670531,1,,MISSING,Q6581097,Male
Q51670845,0,,MISSING,Q6581097,Male
Q51787735,0,,MISSING,Q6581097,Male
Q51787899,0,,MISSING,Q6581097,Male
Q51787933,0,,MISSING,Q6581097,Male
Q51787941,0,,MISSING,Q6581097,Male
Q51787949,0,,MISSING,MISSING,Missing P21
Q51843965,0,,MISSING,Q6581072,Female
Q51844105,0,,MISSING,Q6581072,Female
Q51844603,0,,MISSING,Q6581072,Female
Q51845471,0,,MISSING,Q6581072,Female
Q51954373,0,,MISSING,Q6581097,Male
Q51972175,0,,MISSING,Q6581097,Male
Q52371940,0,,MISSING,Q6581097,Male
Q52735381,0,,MISSING,Q6581072,Female
Q53381363,0,,MISSING,Q6581097,Male
Q53791790,1,,MISSING,Q6581072,Female
Q53862617,1,,MISSING,Q6581097,Male
Q54862554,0,,MISSING,Q6581097,Male
Q54877297,0,,MISSING,Q6581072,Female
Q54969311,1,,MISSING,Q6581072,Female
Q55012166,0,,MISSING,Q6581097,Male
Q55103199,1,,MISSING,Q6581072,Female
Q55103353,0,,MISSING,Q6581097,Male
Q55103372,1,,MISSING,Q6581097,Male
Q55103401,0,,MISSING,Q6581097,Male
Q55103616,0,,MISSING,Q6581097,Male
Q55103771,0,,MISSING,Q6581072,Female
Q55104161,0,,MISSING,Q6581097,Male
Q55104737,0,,MISSING,Q6581097,Male
Q55105191,1,,MISSING,Q6581097,Male
Q55106289,1,,MISSING,Q6581097,Male
Q55239134,0,,MISSING,Q6581072,Female
Q55239156,0,,MISSING,Q6581072,Female
Q55239165,0,,MISSING,Q6581072,Female
Q55239174,0,,MISSING,Q6581072,Female
Q55282024,0,,MISSING,Q6581072,Female
Q55282028,1,,MISSING,Q6581072,Female
Q55362617,0,,MISSING,Q6581097,Male
Q55374956,1,,MISSING,Q6581072,Female
Q55389931,0,,MISSING,Q6581097,Male
Q55389937,0,,MISSING,Q6581072,Female
Q55390040,0,,MISSING,Q6581097,Male
Q55471621,0,,MISSING,Q6581097,Male
Q55541199,0,,MISSING,Q6581072,Female
Q55593174,0,,MISSING,Q6581097,Male
Q55593271,0,,MISSING,Q6581097,Male
Q55605967,1,,MISSING,Q6581097,Male
Q55650836,1,,MISSING,Q6581097,Male
Q55652742,1,,MISSING,Q6581097,Male
Q55653608,0,,MISSING,Q6581072,Female
Q55655395,0,,MISSING,Q6581097,Male
Q55655548,0,,MISSING,Q6581097,Male
Q55691572,0,,MISSING,Q6581097,Male
Q55713901,0,,MISSING,Q6581097,Male
Q55768429,0,,MISSING,Q6581097,Male
Q55834393,0,,MISSING,Q6581097,Male
Q56046729,0,,MISSING,Q6581097,Male
Q56064017,0,,MISSING,Q6581097,Male
Q56065078,1,,MISSING,Q6581097,Male
Q56222316,0,,MISSING,Q6581097,Male
Q56224848,0,,MISSING,Q6581072,Female
Q56226512,0,,MISSING,MISSING,Missing P21
Q56250314,0,,MISSING,Q6581097,Male
Q56307080,1,,MISSING,Q6581097,Male
Q56307178,0,,MISSING,Q6581097,Male
Q56308148,0,,MISSING,Q6581072,Female
Q56308476,0,,MISSING,Q6581097,Male
Q56308477,0,,MISSING,Q6581097,Male
Q56308502,0,,MISSING,Q6581097,Male
Q56308573,0,,MISSING,Q6581097,Male
Q56308579,0,,MISSING,Q6581097,Male
Q56308813,0,,MISSING,Q6581097,Male
Q56309701,1,,MISSING,Q6581097,Male
Q56309748,0,,MISSING,Q6581097,Male
Q56309756,0,,MISSING,Q6581097,Male
Q56309986,0,,MISSING,Q6581097,Male
Q56310801,0,,MISSING,Q6581097,Male
Q56310805,0,,MISSING,Q6581097,Male
Q56310931,0,,MISSING,Q6581097,Male
Q56310977,0,,MISSING,Q6581097,Male
Q56311185,0,,MISSING,Q6581097,Male
Q56311197,0,,MISSING,Q6581097,Male
Q56311200,0,,MISSING,Q6581097,Male
Q56311808,0,,MISSING,Q6581097,Male
Q56315443,1,,MISSING,Q6581097,Male
Q56322088,0,,MISSING,Q6581072,Female
Q56340833,0,,MISSING,Q6581072,Female
Q56426633,1,,MISSING,Q6581097,Male
Q56433531,0,,MISSING,Q6581072,Female
Q56475546,0,,MISSING,Q6581097,Male
Q56475547,0,,MISSING,Q6581097,Male
Q56599619,0,,MISSING,Q6581072,Female
Q56681477,1,,MISSING,Q6581097,Male
Q56682769,0,,MISSING,Q6581097,Male
Q56685591,0,,MISSING,Q6581072,Female
Q56710757,0,,MISSING,Q6581072,Female
Q56808028,0,,MISSING,MISSING,Missing P21
Q56809113,1,,MISSING,Q6581097,Male
Q56825894,1,,MISSING,Q6581097,Male
Q56884013,0,,MISSING,Q6581097,Male
Q57323319,0,,MISSING,Q6581097,Male
Q57326692,0,,MISSING,Q6581072,Female
Q57445822,1,,MISSING,Q6581097,Male
Q57558189,0,,MISSING,Q6581072,Female
Q57858847,1,,MISSING,Q6581097,Male
Q57915940,0,,MISSING,Q6581072,Female
Q58072080,1,,MISSING,Q6581097,Male
Q58079733,0,,MISSING,Q6581097,Male
Q58196938,1,,MISSING,Q6581097,Male
Q58240233,1,,MISSING,Q6581097,Male
Q58308116,0,,MISSING,Q6581097,Male
Q58315988,0,,MISSING,Q6581072,Female
Q58327407,1,,MISSING,Q6581097,Male
Q58367440,0,,MISSING,Q6581072,Female
Q58368847,0,,MISSING,Q6581072,Female
Q58378992,0,,MISSING,Q6581097,Male
Q58389249,0,,MISSING,Q6581097,Male
Q58878881,0,,MISSING,Q6581072,Female
Q58885843,0,,MISSING,Q6581072,Female
Q59101173,0,,MISSING,Q6581072,Female
Q59175847,0,,MISSING,Q6581097,Male
Q59185728,0,,MISSING,Q6581097,Male
Q59387261,1,,MISSING,Q6581097,Male
Q59682116,0,,MISSING,Q6581097,Male
Q59857659,0,,MISSING,Q6581097,Male
Q60023751,0,,MISSING,MISSING,Missing P21
Q60496212,0,,MISSING,Q6581072,Female
Q60535382,0,,MISSING,Q6581072,Female
Q60537094,0,,MISSING,Q6581072,Female
Q60537165,0,,MISSING,Q6581072,Female
Q60590427,0,,MISSING,Q6581097,Male
Q60694353,1,,MISSING,Q6581097,Male
Q60694666,0,,MISSING,Q6581097,Male
Q60694751,0,,MISSING,Q6581097,Male
Q60695117,0,,MISSING,Q6581097,Male
Q60825564,1,,MISSING,Q6581072,Female
Q60825884,0,,MISSING,Q6581072,Female
Q60826671,0,,MISSING,Q6581097,Male
Q60826736,0,,MISSING,Q6581097,Male
Q60827308,0,,MISSING,Q6581097,Male
Q60827314,1,,MISSING,Q6581097,Male
Q60828327,0,,MISSING,Q6581097,Male
Q60828424,0,,MISSING,Q6581097,Male
Q60829141,0,,MISSING,Q6581072,Female
Q60829941,0,,MISSING,Q6581097,Male
Q60830552,1,,MISSING,Q6581097,Male
Q60830629,0,,MISSING,Q6581097,Male
Q60830721,0,,MISSING,Q6581097,Male
Q60830925,0,,MISSING,Q6581072,Female
Q60830968,1,,MISSING,Q6581072,Female
Q60831075,0,,MISSING,Q6581072,Female
Q60831076,0,,MISSING,Q6581097,Male
Q60831525,1,,MISSING,Q6581097,Male
Q60832926,1,,MISSING,Q6581072,Female
Q60833499,1,,MISSING,Q6581097,Male
Q60833553,1,,MISSING,Q6581072,Female
Q60833563,1,,MISSING,Q6581097,Male
Q60834344,0,,MISSING,Q6581097,Male
Q60834482,1,,MISSING,Q6581097,Male
Q60835306,1,,MISSING,Q6581072,Female
Q60835661,0,,MISSING,Q6581097,Male
Q60836096,0,,MISSING,Q6581097,Male
Q60836102,1,,MISSING,Q6581097,Male
Q60836284,0,,MISSING,Q6581097,Male
Q60836831,0,,MISSING,Q6581097,Male
Q60837254,0,,MISSING,Q6581097,Male
Q60837267,0,,MISSING,Q6581097,Male
Q60837759,0,,MISSING,Q6581072,Female
Q60837897,0,,MISSING,Q6581097,Male
Q60837906,0,,MISSING,Q6581097,Male
Q60838064,1,,MISSING,Q6581097,Male
Q60838161,0,,MISSING,Q6581097,Male
Q65250338,1,,MISSING,Q6581072,Female
Q65250450,1,,MISSING,Q6581097,Male
Q65250470,1,,MISSING,Q6581097,Male
Q65250497,1,,MISSING,Q6581097,Male
Q65250503,1,,MISSING,Q6581097,Male
Q65250500,1,,MISSING,Q6581097,Male
Q65250512,1,,MISSING,Q6581097,Male
Q65250523,1,,MISSING,Q6581097,Male
Q65250697,1,,MISSING,Q6581097,Male
Q65250714,1,,MISSING,Q6581097,Male
Q65250806,1,,MISSING,Q6581097,Male
Q65250854,1,,MISSING,Q6581097,Male
Q65250947,1,,MISSING,Q6581097,Male
Q65251080,1,,MISSING,Q6581097,Male
Q65251121,1,,MISSING,Q6581072,Female
Q65251135,1,,MISSING,Q6581097,Male
Q65251777,1,,MISSING,Q6581097,Male
Q65251840,1,,MISSING,Q6581097,Male
Q65251933,1,,MISSING,Q6581097,Male
Q65252177,1,,MISSING,Q6581072,Female
Q65252798,1,,MISSING,Q6581072,Female
Q65252867,1,,MISSING,Q6581072,Female
Q65253488,1,,MISSING,Q6581097,Male
Q65548418,0,,MISSING,Q6581097,Male
Q65548462,0,,MISSING,Q6581097,Male
Q65551389,0,,MISSING,Q6581097,Male
Q65553293,0,,MISSING,Q6581097,Male
Q65559052,0,,MISSING,Q6581097,Male
Q65670139,0,,MISSING,Q6581097,Male
Q65923248,1,,MISSING,Q6581097,Male
Q65951758,0,,MISSING,Q6581097,Male
Q66095795,0,,MISSING,Q6581072,Female
Q66101070,1,,MISSING,Q6581072,Female
Q66108257,0,,MISSING,Q6581097,Male
Q66125153,0,,MISSING,Q6581097,Male
Q66394161,0,,MISSING,MISSING,Missing P21
Q66587436,0,,MISSING,Q6581097,Male
Q66648657,1,,MISSING,Q6581097,Male
Q66655344,1,,MISSING,Q6581072,Female
Q66661712,0,,MISSING,Q6581097,Male
Q66840886,0,,MISSING,Q6581072,Female
Q66840899,0,,MISSING,Q6581072,Female
Q66840903,0,,MISSING,Q6581072,Female
Q66840905,0,,MISSING,Q6581072,Female
Q66840953,0,,MISSING,Q6581072,Female
Q66840981,0,,MISSING,Q6581072,Female
Q66840991,0,,MISSING,Q6581072,Female
Q66841107,0,,MISSING,Q6581072,Female
Q66841151,0,,MISSING,Q6581072,Female
Q66841160,0,,MISSING,Q6581072,Female
Q66841197,0,,MISSING,Q6581072,Female
Q66841200,0,,MISSING,Q6581072,Female
Q66841271,0,,MISSING,Q6581072,Female
Q66841314,0,,MISSING,Q6581072,Female
Q66841412,0,,MISSING,Q6581072,Female
Q66841447,0,,MISSING,Q6581072,Female
Q66841450,0,,MISSING,Q6581072,Female
Q66841457,0,,MISSING,Q6581072,Female
Q67980434,0,,MISSING,Q6581097,Male
Q68045840,1,,MISSING,Q6581097,Male
Q68101315,0,,MISSING,Q6581097,Male
Q68162982,0,,MISSING,Q6581097,Male
Q68845886,0,,MISSING,Q6581097,Male
Q69578268,0,,MISSING,Q6581097,Male
Q69801470,0,,MISSING,Q6581072,Female
Q69972948,1,,MISSING,Q6581097,Male
Q70011420,0,,MISSING,Q6581097,Male
Q70251498,1,,MISSING,Q6581097,Male
Q70251767,0,,MISSING,Q6581097,Male
Q70251906,1,,MISSING,Q6581072,Female
Q70251955,0,,MISSING,Q6581097,Male
Q70252095,0,,MISSING,Q6581097,Male
Q70252200,0,,MISSING,Q6581097,Male
Q70252994,0,,MISSING,Q6581097,Male
Q70253221,0,,MISSING,Q6581097,Male
Q70253393,0,,MISSING,Q6581097,Male
Q70253431,1,,MISSING,Q6581097,Male
Q70253475,1,,MISSING,Q6581097,Male
Q70253502,0,,MISSING,Q6581097,Male
Q70253546,1,,MISSING,Q6581097,Male
Q70253633,0,,MISSING,Q6581072,Female
Q70253850,0,,MISSING,Q6581097,Male
Q70253913,1,,MISSING,Q6581097,Male
Q70254110,1,,MISSING,Q6581097,Male
Q70254736,1,,MISSING,Q6581097,Male
Q70560425,0,,MISSING,Q6581072,Female
Q70667769,1,,MISSING,Q6581097,Male
Q70668896,1,,MISSING,Q6581097,Male
Q70670504,1,,MISSING,Q6581097,Male
Q70709235,0,,MISSING,Q6581072,Female
Q70709352,1,,MISSING,Q6581072,Female
Q70758288,0,,MISSING,Q6581072,Female
Q71051200,0,,MISSING,Q6581097,Male
Q71164400,0,,MISSING,Q6581097,Male
Q71318720,0,,MISSING,Q6581097,Male
Q71318822,0,,MISSING,Q6581097,Male
Q71319359,0,,MISSING,Q6581097,Male
Q71319716,0,,MISSING,Q6581097,Male
Q71428480,0,,MISSING,Q6581097,Male
Q71428543,1,,MISSING,Q6581097,Male
Q4181893,1,,MISSING,Q6581097,Male
Q4182010,1,,MISSING,Q6581097,Male
Q4183057,0,,MISSING,Q6581097,Male
Q4183335,1,,MISSING,Q6581097,Male
Q4183406,0,,MISSING,Q6581097,Male
Q4187299,1,,MISSING,Q6581097,Male
Q4189551,1,,MISSING,Q6581097,Male
Q4190180,1,,MISSING,Q6581097,Male
Q4190210,0,,MISSING,Q6581072,Female
Q4191470,0,,MISSING,Q6581097,Male
Q4191819,1,,MISSING,Q6581097,Male
Q4191926,1,,MISSING,Q6581097,Male
Q4192211,0,,MISSING,Q6581097,Male
Q4194591,0,,MISSING,Q6581097,Male
Q4195352,0,,MISSING,Q6581097,Male
Q4198704,1,,MISSING,Q6581097,Male
Q4199707,0,,MISSING,Q6581097,Male
Q4200049,0,,MISSING,Q6581097,Male
Q4202773,0,,MISSING,Q6581097,Male
Q4203248,1,,MISSING,Q6581097,Male
Q4203513,1,,MISSING,Q6581097,Male
Q4203722,1,,MISSING,Q6581097,Male
Q4203750,0,,MISSING,Q6581072,Female
Q4203816,1,,MISSING,Q6581097,Male
Q4204068,0,,MISSING,Q6581097,Male
Q4204104,1,,MISSING,Q6581072,Female
Q4204422,0,,MISSING,Q6581097,Male
Q4205436,1,,MISSING,Q6581097,Male
Q4205713,1,,MISSING,Q6581097,Male
Q4206632,1,,MISSING,Q6581097,Male
Q4206761,0,,MISSING,Q6581097,Male
Q4206766,1,,MISSING,Q6581097,Male
Q4207212,0,,MISSING,Q6581097,Male
Q4207459,1,,MISSING,Q6581097,Male
Q4208401,0,,MISSING,Q6581097,Male
Q4208743,1,,MISSING,Q6581097,Male
Q4209314,1,,MISSING,Q6581097,Male
Q4209355,0,,MISSING,Q6581072,Female
Q4209352,1,,MISSING,Q6581097,Male
Q4210200,0,,MISSING,Q6581097,Male
Q4211441,1,,MISSING,Q6581097,Male
Q4211543,1,,MISSING,Q6581097,Male
Q4211603,1,,MISSING,Q6581097,Male
Q4212176,1,,MISSING,Q6581097,Male
Q4212180,0,,MISSING,Q6581097,Male
Q4213731,1,,MISSING,Q6581072,Female
Q4214305,1,,MISSING,Q6581097,Male
Q4214979,1,,MISSING,Q6581097,Male
Q4215008,0,,MISSING,Q6581072,Female
Q4215062,1,,MISSING,Q6581097,Male
Q4216596,1,,MISSING,Q6581097,Male
Q4216945,1,,MISSING,Q6581097,Male
Q4216953,1,,MISSING,Q6581097,Male
Q4217676,1,,MISSING,Q6581097,Male
Q4217830,1,,MISSING,Q6581097,Male
Q4217921,1,,MISSING,Q6581072,Female
Q4218032,0,,MISSING,Q6581097,Male
Q4219024,1,,MISSING,Q6581097,Male
Q4219098,1,,MISSING,Q6581097,Male
Q4219606,1,,MISSING,Q6581072,Female
Q4219777,1,,MISSING,Q6581097,Male
Q4220445,1,,MISSING,Q6581097,Male
Q4220486,1,,MISSING,Q6581097,Male
Q4220627,1,,MISSING,Q6581097,Male
Q4221171,1,,MISSING,Q6581072,Female
Q4222058,0,,MISSING,Q6581097,Male
Q4222738,1,,MISSING,Q6581097,Male
Q4223739,0,,MISSING,Q6581097,Male
Q4225434,0,,MISSING,Q6581097,Male
Q4225572,0,,MISSING,Q6581097,Male
Q4225960,1,,MISSING,Q6581097,Male
Q4226243,1,,MISSING,Q6581097,Male
Q4226249,1,,MISSING,Q6581097,Male
Q4226718,0,,MISSING,Q6581097,Male
Q4226778,0,,MISSING,Q6581097,Male
Q4227032,1,,MISSING,Q6581097,Male
Q4227382,0,,MISSING,Q6581097,Male
Q4229623,0,,MISSING,Q6581097,Male
Q4232029,1,,MISSING,Q6581097,Male
Q4232074,0,,MISSING,Q6581097,Male
Q4232942,0,,MISSING,Q6581097,Male
Q4233034,1,,MISSING,Q6581072,Female
Q4233506,1,,MISSING,Q6581097,Male
Q4233865,0,,MISSING,Q6581097,Male
Q4234568,0,,MISSING,Q6581097,Male
Q4234753,1,,MISSING,Q6581097,Male
Q4234767,1,,MISSING,Q6581097,Male
Q4235256,0,,MISSING,Q6581097,Male
Q4235322,0,,MISSING,Q6581097,Male
Q4235666,0,,MISSING,Q6581097,Male
Q4236107,0,,MISSING,Q6581097,Male
Q4236176,1,,MISSING,Q6581097,Male
Q4236991,0,,MISSING,Q6581097,Male
Q4237072,0,,MISSING,Q6581097,Male
Q4239927,0,,MISSING,Q6581097,Male
Q4241831,1,,MISSING,Q6581097,Male
Q4242515,0,,MISSING,Q6581097,Male
Q4243117,0,,MISSING,Q6581097,Male
Q4243237,0,,MISSING,Q6581097,Male
Q4243433,1,,MISSING,Q6581097,Male
Q4243574,1,,MISSING,Q6581097,Male
Q4244977,0,,MISSING,Q6581097,Male
Q4245925,1,,MISSING,Q6581097,Male
Q4245951,1,,MISSING,Q6581097,Male
Q4246071,1,,MISSING,Q6581097,Male
Q4246075,1,,MISSING,Q6581097,Male
Q4246136,1,,MISSING,Q6581097,Male
Q4246404,0,,MISSING,Q6581097,Male
Q4246579,0,,MISSING,Q6581097,Male
Q4246585,0,,MISSING,Q6581097,Male
Q4246950,1,,MISSING,Q6581097,Male
Q4247082,1,,MISSING,Q6581097,Male
Q4248566,1,,MISSING,Q6581097,Male
Q4248569,1,,MISSING,Q6581097,Male
Q4249182,0,,MISSING,Q6581097,Male
Q4249877,0,,MISSING,Q6581072,Female
Q4250163,0,,MISSING,Q6581097,Male
Q4250192,1,,MISSING,Q6581097,Male
Q4253447,1,,MISSING,Q6581097,Male
Q4257173,0,,MISSING,Q6581097,Male
Q4259197,0,,MISSING,Q6581097,Male
Q4260223,0,,MISSING,Q6581097,Male
Q4260638,1,,MISSING,Q6581097,Male
Q4262331,0,,MISSING,Q6581097,Male
Q4263069,0,,MISSING,Q6581097,Male
Q4263589,1,,MISSING,Q6581072,Female
Q4264947,1,,MISSING,Q6581097,Male
Q4265036,0,,MISSING,Q6581097,Male
Q4267386,0,,MISSING,Q6581097,Male
Q4269581,1,,MISSING,Q6581097,Male
Q4272719,1,,MISSING,Q6581097,Male
Q4273907,1,,MISSING,Q6581072,Female
Q4274481,1,,MISSING,Q6581097,Male
Q4274538,0,,MISSING,Q6581097,Male
Q4274578,0,,MISSING,Q6581097,Male
Q4274832,1,,MISSING,Q6581097,Male
Q4275225,1,,MISSING,Q6581097,Male
Q4276117,0,,MISSING,Q6581097,Male
Q4277762,1,,MISSING,Q6581097,Male
Q4278761,1,,MISSING,Q6581097,Male
Q4279318,0,,MISSING,Q6581072,Female
Q4279397,0,,MISSING,Q6581097,Male
Q4279499,0,,MISSING,Q6581097,Male
Q4279805,1,,MISSING,Q6581097,Male
Q4279808,1,,MISSING,Q6581097,Male
Q4279972,0,,MISSING,Q6581097,Male
Q4279973,0,,MISSING,Q6581097,Male
Q4280148,0,,MISSING,Q6581072,Female
Q4280186,0,,MISSING,Q6581097,Male
Q4281456,1,,MISSING,Q6581097,Male
Q4281955,0,,MISSING,Q6581097,Male
Q4282077,0,,MISSING,Q6581072,Female
Q4285535,1,,MISSING,Q6581097,Male
Q4285631,1,,MISSING,Q6581097,Male
Q4286266,0,,MISSING,Q6581072,Female
Q4287316,0,,MISSING,Q6581097,Male
Q4287328,0,,MISSING,Q6581097,Male
Q4287635,1,,MISSING,Q6581097,Male
Q4291609,0,,MISSING,Q6581097,Male
Q4295575,0,,MISSING,Q6581097,Male
Q4296269,0,,MISSING,Q6581097,Male
Q4299148,1,,MISSING,Q6581097,Male
Q4300309,0,,MISSING,Q6581072,Female
Q4306864,1,,MISSING,Q6581097,Male
Q4306865,1,,MISSING,Q6581097,Male
Q4308305,1,,MISSING,Q6581097,Male
Q4308322,0,,MISSING,Q6581097,Male
Q4308323,1,,MISSING,Q6581097,Male
Q4308335,1,,MISSING,Q6581072,Female
Q4308375,1,,MISSING,Q6581097,Male
Q4308406,1,,MISSING,Q6581097,Male
Q4308614,1,,MISSING,Q6581097,Male
Q4308651,0,,MISSING,Q6581097,Male
Q4308732,1,,MISSING,Q6581072,Female
Q4308737,1,,MISSING,Q6581097,Male
Q4308742,1,,MISSING,Q6581097,Male
Q4308746,1,,MISSING,Q6581097,Male
Q4308968,1,,MISSING,Q6581097,Male
Q4309431,0,,MISSING,Q6581097,Male
Q4309432,1,,MISSING,Q6581097,Male
Q4309650,0,,MISSING,Q6581097,Male
Q4311210,0,,MISSING,Q6581097,Male
Q4312090,1,,MISSING,Q6581072,Female
Q4312142,1,,MISSING,Q6581097,Male
Q4312144,1,,MISSING,Q6581097,Male
Q4312727,1,,MISSING,Q6581097,Male
Q4313147,1,,MISSING,Q6581097,Male
Q4313145,1,,MISSING,Q6581097,Male
Q4313529,0,,MISSING,Q6581097,Male
Q4313628,0,,MISSING,Q6581072,Female
Q4313951,0,,MISSING,Q6581097,Male
Q4316972,0,,MISSING,Q6581097,Male
Q4317800,0,,MISSING,Q6581097,Male
Q4318205,1,,MISSING,Q6581097,Male
Q4318380,1,,MISSING,Q6581097,Male
Q4318542,0,,MISSING,Q6581072,Female
Q4318541,1,,MISSING,Q6581072,Female
Q4319543,1,,MISSING,Q6581097,Male
Q4319687,0,,MISSING,Q6581097,Male
Q12547768,1,,MISSING,Q6581097,Male
Q12548026,1,,MISSING,Q6581097,Male
Q12548027,1,,MISSING,Q6581097,Male
Q12548030,1,,MISSING,Q6581097,Male
Q12548031,1,,MISSING,Q6581097,Male
Q12548029,1,,MISSING,Q6581072,Female
Q12548063,1,,MISSING,Q6581072,Female
Q12548090,1,,MISSING,Q6581097,Male
Q12548394,1,,MISSING,Q6581097,Male
Q12548733,1,,MISSING,Q6581097,Male
Q12548809,1,,MISSING,Q6581097,Male
Q12548827,1,,MISSING,Q6581097,Male
Q12549153,1,,MISSING,Q6581097,Male
Q12549262,1,,MISSING,Q6581072,Female
Q12549390,1,,MISSING,Q6581072,Female
Q12549391,1,,MISSING,Q6581072,Female
Q12549877,1,,MISSING,Q6581097,Male
Q12549904,1,,MISSING,Q6581072,Female
Q12550504,1,,MISSING,Q6581097,Male
Q12550511,1,,MISSING,Q6581072,Female
Q12550526,1,,MISSING,Q6581072,Female
Q12550530,1,,MISSING,Q6581072,Female
Q12550538,1,,MISSING,Q6581072,Female
Q12550563,1,,MISSING,Q6581097,Male
Q12550697,1,,MISSING,Q6581097,Male
Q12550722,1,,MISSING,Q6581072,Female
Q12550723,1,,MISSING,Q6581072,Female
Q12550738,1,,MISSING,Q6581097,Male
Q12550739,1,,MISSING,Q6581097,Male
Q12550760,1,,MISSING,Q6581097,Male
Q12550766,1,,MISSING,Q6581097,Male
Q12550926,1,,MISSING,Q6581097,Male
Q12551098,1,,MISSING,Q6581072,Female
Q12551347,1,,MISSING,Q6581097,Male
Q12551470,1,,MISSING,Q6581097,Male
Q12551536,1,,MISSING,Q6581097,Male
Q12551648,1,,MISSING,Q6581072,Female
Q12551685,1,,MISSING,Q6581097,Male
Q12551718,1,,MISSING,Q6581072,Female
Q12551752,1,,MISSING,Q6581097,Male
Q12551770,1,,MISSING,Q6581097,Male
Q12551779,1,,MISSING,Q6581097,Male
Q12551826,1,,MISSING,Q6581097,Male
Q12551829,1,,MISSING,Q6581072,Female
Q12551856,1,,MISSING,Q6581072,Female
Q12551857,1,,MISSING,Q6581072,Female
Q12551865,1,,MISSING,Q6581072,Female
Q12551980,1,,MISSING,Q6581072,Female
Q12552104,1,,MISSING,Q6581072,Female
Q12552110,1,,MISSING,Q6581072,Female
Q12552111,1,,MISSING,Q6581072,Female
Q12552112,1,,MISSING,Q6581072,Female
Q12552113,1,,MISSING,Q6581072,Female
Q12552118,1,,MISSING,Q6581072,Female
Q12552116,1,,MISSING,Q6581072,Female
Q12552122,1,,MISSING,Q6581072,Female
Q12552120,1,,MISSING,Q6581072,Female
Q12552121,1,,MISSING,Q6581072,Female
Q12552125,1,,MISSING,Q6581072,Female
Q12552147,1,,MISSING,Q6581097,Male
Q12552158,1,,MISSING,Q6581097,Male
Q12552157,1,,MISSING,Q6581097,Male
Q12552164,1,,MISSING,Q6581072,Female
Q12552170,1,,MISSING,Q6581072,Female
Q12552355,1,,MISSING,Q6581072,Female
Q12552412,1,,MISSING,Q6581072,Female
Q12552421,1,,MISSING,Q6581072,Female
Q12552439,1,,MISSING,Q6581072,Female
Q12552651,1,,MISSING,Q6581097,Male
Q12552666,1,,MISSING,Q6581097,Male
Q12552675,1,,MISSING,Q6581097,Male
Q12552701,1,,MISSING,Q6581097,Male
Q12552846,1,,MISSING,Q6581097,Male
Q12552864,1,,MISSING,Q6581097,Male
Q12552870,1,,MISSING,Q6581097,Male
Q12552903,1,,MISSING,Q6581072,Female
Q12552910,1,,MISSING,Q6581097,Male
Q12552918,1,,MISSING,Q6581072,Female
Q12552939,1,,MISSING,Q6581097,Male
Q12552979,1,,MISSING,Q6581072,Female
Q12552980,1,,MISSING,Q6581072,Female
Q12552985,1,,MISSING,Q6581097,Male
Q12553008,1,,MISSING,Q6581097,Male
Q12553145,1,,MISSING,Q6581097,Male
Q12553159,1,,MISSING,Q6581097,Male
Q12553165,1,,MISSING,Q6581097,Male
Q12553175,1,,MISSING,Q6581097,Male
Q12553232,1,,MISSING,Q6581097,Male
Q12553240,1,,MISSING,Q6581072,Female
Q12553241,1,,MISSING,Q6581072,Female
Q12553250,1,,MISSING,Q6581097,Male
Q12553252,1,,MISSING,Q6581097,Male
Q12553283,1,,MISSING,Q6581097,Male
Q12553281,1,,MISSING,Q6581097,Male
Q12553287,1,,MISSING,Q6581072,Female
Q12553320,1,,MISSING,Q6581097,Male
Q12553321,1,,MISSING,Q6581097,Male
Q12553427,1,,MISSING,Q6581097,Male
Q12553496,1,,MISSING,MISSING,Missing P21
Q12553508,1,,MISSING,Q6581072,Female
Q12553514,1,,MISSING,Q6581097,Male
Q12553515,1,,MISSING,Q6581097,Male
Q12553513,1,,MISSING,Q6581097,Male
Q12553528,1,,MISSING,Q6581097,Male
Q12553778,1,,MISSING,Q6581072,Female
Q12554089,1,,MISSING,Q6581097,Male
Q12554117,1,,MISSING,Q6581097,Male
Q12554152,1,,MISSING,Q6581097,Male
Q12554164,1,,MISSING,Q6581097,Male
Q12554241,0,,MISSING,Q6581097,Male
Q12554285,1,,MISSING,Q6581097,Male
Q12554509,1,,MISSING,Q6581097,Male
Q12554691,1,,MISSING,Q6581097,Male
Q12554689,1,,MISSING,Q6581097,Male
Q12554693,1,,MISSING,Q6581097,Male
Q12554719,1,,MISSING,Q6581097,Male
Q12554778,1,,MISSING,Q6581097,Male
Q12554793,0,,MISSING,Q6581097,Male
Q12554840,1,,MISSING,Q6581097,Male
Q12554867,1,,MISSING,Q6581097,Male
Q12554898,1,,MISSING,Q6581097,Male
Q12554899,1,,MISSING,Q6581097,Male
Q12554896,1,,MISSING,Q6581097,Male
Q12554897,1,,MISSING,Q6581097,Male
Q12555160,1,,MISSING,Q6581097,Male
Q12555161,1,,MISSING,Q6581097,Male
Q12555167,1,,MISSING,Q6581097,Male
Q12555165,1,,MISSING,Q6581097,Male
Q12555169,1,,MISSING,Q6581097,Male
Q12555186,1,,MISSING,Q6581097,Male
Q12555194,1,,MISSING,Q6581097,Male
Q12555206,1,,MISSING,MISSING,Missing P21
Q12555207,1,,MISSING,Q6581097,Male
Q12555205,1,,MISSING,Q6581097,Male
Q12555208,1,,MISSING,Q6581097,Male
Q12555212,1,,MISSING,Q6581097,Male
Q12555268,1,,MISSING,Q6581072,Female
Q12555291,1,,MISSING,Q6581097,Male
Q12555288,1,,MISSING,Q6581097,Male
Q12555301,1,,MISSING,Q6581097,Male
Q12555354,1,,MISSING,Q6581097,Male
Q12555358,1,,MISSING,Q6581097,Male
Q12555356,1,,MISSING,Q6581097,Male
Q12555362,1,,MISSING,Q6581097,Male
Q12555360,1,,MISSING,Q6581097,Male
Q12555393,1,,MISSING,MISSING,Missing P21
Q12555403,1,,MISSING,Q6581097,Male
Q12555426,1,,MISSING,Q6581097,Male
Q12555461,1,,MISSING,Q6581097,Male
Q12555523,1,,MISSING,Q6581097,Male
Q12555524,1,,MISSING,Q6581072,Female
Q12555652,1,,MISSING,Q6581097,Male
Q12555683,1,,MISSING,Q6581072,Female
Q12555692,1,,MISSING,Q6581072,Female
Q12555734,1,,MISSING,Q6581097,Male
Q12555793,1,,MISSING,Q6581072,Female
Q12555796,1,,MISSING,Q6581072,Female
Q12555834,1,,MISSING,Q6581097,Male
Q12555864,1,,MISSING,Q6581072,Female
Q12555924,1,,MISSING,Q6581072,Female
Q12556127,1,,MISSING,Q6581097,Male
Q12556167,1,,MISSING,Q6581097,Male
Q12556230,1,,MISSING,Q6581097,Male
Q12556261,1,,MISSING,Q6581097,Male
Q12556307,1,,MISSING,Q6581097,Male
Q12556309,1,,MISSING,Q6581097,Male
Q12556349,1,,MISSING,Q6581072,Female
Q12556354,1,,MISSING,Q6581072,Female
Q12556489,1,,MISSING,Q6581072,Female
Q12556515,1,,MISSING,Q6581097,Male
Q12556548,1,,MISSING,Q6581097,Male
Q12556595,1,,MISSING,MISSING,Missing P21
Q12556631,1,,MISSING,Q6581097,Male
Q12556684,1,,MISSING,Q6581097,Male
Q12556693,1,,MISSING,Q6581097,Male
Q12556699,1,,MISSING,Q6581097,Male
Q12556716,1,,MISSING,Q6581097,Male
Q12556735,1,,MISSING,Q6581097,Male
Q12556748,1,,MISSING,Q6581097,Male
Q12556762,1,,MISSING,Q6581097,Male
Q12556763,1,,MISSING,Q6581097,Male
Q12556791,1,,MISSING,Q6581097,Male
Q12556804,1,,MISSING,Q6581097,Male
Q12556817,1,,MISSING,Q6581097,Male
Q12556839,1,,MISSING,Q6581097,Male
Q12556846,1,,MISSING,Q6581097,Male
Q12556854,1,,MISSING,MISSING,Missing P21
Q12556879,1,,MISSING,Q6581097,Male
Q12556876,1,,MISSING,Q6581097,Male
Q12556964,1,,MISSING,Q6581097,Male
Q12557090,1,,MISSING,Q6581097,Male
Q12557098,1,,MISSING,Q6581097,Male
Q12557196,1,,MISSING,Q6581097,Male
Q12557330,1,,MISSING,Q6581097,Male
Q12557357,1,,MISSING,Q6581097,Male
Q12557366,1,,MISSING,Q6581072,Female
Q12557382,1,,MISSING,Q6581097,Male
Q12557390,1,,MISSING,Q6581097,Male
Q12557530,1,,MISSING,Q6581097,Male
Q12557706,1,,MISSING,Q6581097,Male
Q12557758,1,,MISSING,Q6581097,Male
Q12557772,1,,MISSING,Q6581097,Male
Q12557899,1,,MISSING,Q6581097,Male
Q12558019,1,,MISSING,Q6581097,Male
Q12558394,1,Q6581072,Q6581072,Q6581072,Female
Q12558630,1,Q6581097,Q6581097,Q6581097,Male
Q12558642,1,Q6581097,Q6581097,Q6581097,Male
Q12558975,1,Q6581097,Q6581097,Q6581097,Male
Q12559419,1,Q6581097,Q6581097,Q6581097,Male
Q12559488,1,Q6581097,Q6581097,Q6581097,Male
Q12559489,1,Q6581097,Q6581097,Q6581097,Male
Q12559661,1,Q6581072,Q6581072,Q6581072,Female
Q12559667,1,Q6581072,Q6581072,Q6581072,Female
Q12559665,1,Q6581072,Q6581072,Q6581072,Female
Q12559668,1,Q6581072,Q6581072,Q6581072,Female
Q12559688,1,,MISSING,MISSING,Missing P21
Q12559689,1,Q6581072,Q6581072,Q6581072,Female
Q12559698,1,,MISSING,MISSING,Missing P21
Q12559705,1,Q6581097,Q6581097,Q6581097,Male
Q12559743,1,Q6581097,Q6581097,Q6581097,Male
Q12559769,1,Q6581097,Q6581097,Q6581097,Male
Q12559811,1,Q6581097,Q6581097,Q6581097,Male
Q12559814,1,Q6581072,Q6581072,Q6581072,Female
Q12559855,1,Q6581097,Q6581097,Q6581097,Male
Q12559856,1,Q6581097,Q6581097,Q6581097,Male
Q12559878,1,Q6581072,Q6581072,Q6581072,Female
Q12559882,1,Q6581072,Q6581072,Q6581072,Female
Q12559967,1,Q6581097,Q6581097,Q6581097,Male
Q12560162,1,,MISSING,MISSING,Missing P21
Q12560172,1,Q6581097,Q6581097,Q6581097,Male
Q12560196,1,Q6581097,Q6581097,Q6581097,Male
Q12560227,1,Q6581072,Q6581072,Q6581072,Female
Q12560224,1,Q6581072,Q6581072,Q6581072,Female
Q12560225,1,Q6581072,Q6581072,Q6581072,Female
Q12560229,1,Q6581072,Q6581072,Q6581072,Female
Q12560238,1,Q6581072,Q6581072,Q6581072,Female
Q12560237,1,Q6581072,Q6581072,Q6581072,Female
Q12560258,1,Q6581097,Q6581097,Q6581097,Male
Q12560334,1,Q6581097,Q6581097,Q6581097,Male
Q12560377,1,Q6581072,Q6581072,Q6581072,Female
Q12560386,1,Q6581097,Q6581097,Q6581097,Male
Q12560397,1,Q6581072,Q6581072,Q6581072,Female
Q12560448,1,Q6581097,Q6581097,Q6581097,Male
Q12560507,1,,MISSING,MISSING,Missing P21
Q12560518,1,Q6581097,Q6581097,Q6581097,Male
Q12560562,1,Q6581097,Q6581097,Q6581097,Male
Q12560560,1,Q6581097,Q6581097,Q6581097,Male
Q12560561,1,Q6581097,Q6581097,Q6581097,Male
Q12560622,1,Q6581097,Q6581097,Q6581097,Male
Q12560621,1,,MISSING,MISSING,Missing P21
Q12560637,1,Q6581072,Q6581072,Q6581072,Female
Q12560707,1,Q6581097,Q6581097,Q6581097,Male
Q12560713,1,Q6581097,Q6581097,Q6581097,Male
Q12560741,1,Q6581097,Q6581097,Q6581097,Male
Q12560779,1,Q6581097,Q6581097,Q6581097,Male
Q12560838,1,Q6581097,Q6581097,Q6581097,Male
Q12560837,1,Q6581097,Q6581097,Q6581097,Male
Q12560845,1,Q6581097,Q6581097,Q6581097,Male
Q12560891,1,,MISSING,MISSING,Missing P21
Q12560972,1,,MISSING,MISSING,Missing P21
Q12560985,1,Q6581097,Q6581097,Q6581097,Male
Q12561028,1,Q6581072,Q6581072,Q6581072,Female
Q12561033,1,Q6581072,Q6581072,Q6581072,Female
Q12561086,1,,MISSING,MISSING,Missing P21
Q12561136,1,Q6581097,Q6581097,Q6581097,Male
Q12561282,1,Q6581097,Q6581097,Q6581097,Male
Q12561280,1,Q6581097,Q6581097,Q6581097,Male
Q12561374,1,Q6581097,Q6581097,Q6581097,Male
Q12561387,1,Q6581097,Q6581097,Q6581097,Male
Q12561544,1,Q6581097,Q6581097,Q6581097,Male
Q12561563,1,Q6581097,Q6581097,Q6581097,Male
Q12561570,1,Q6581072,Q6581072,Q6581072,Female
Q12561583,1,Q6581097,Q6581097,Q6581097,Male
Q12561643,1,Q6581097,Q6581097,Q6581097,Male
Q12561654,1,Q6581097,Q6581097,Q6581097,Male
Q12561685,1,Q6581097,Q6581097,Q6581097,Male
Q12561700,1,Q6581072,Q6581072,Q6581072,Female
Q12561720,1,Q6581072,Q6581072,Q6581072,Female
Q12561786,1,Q6581097,Q6581097,Q6581097,Male
Q12561784,1,Q6581097,Q6581097,Q6581097,Male
Q12561789,1,Q6581097,Q6581097,Q6581097,Male
Q12561821,1,Q6581097,Q6581097,Q6581097,Male
Q12561836,1,Q6581097,Q6581097,Q6581097,Male
Q12561856,1,Q6581097,Q6581097,Q6581097,Male
Q12562022,1,Q6581097,Q6581097,Q6581097,Male
Q12562033,1,Q6581097,Q6581097,Q6581097,Male
Q12562054,1,Q6581097,Q6581097,Q6581097,Male
Q12562063,1,Q6581097,Q6581097,Q6581097,Male
Q12562066,1,Q6581097,Q6581097,Q6581097,Male
Q12562104,1,Q6581097,Q6581097,Q6581097,Male
Q12562151,1,Q6581097,Q6581097,Q6581097,Male
Q12562162,1,Q6581097,Q6581097,Q6581097,Male
Q12562166,1,Q6581097,Q6581097,Q6581097,Male
Q12562167,1,Q6581097,Q6581097,Q6581097,Male
Q12562164,1,Q6581097,Q6581097,Q6581097,Male
Q12562168,1,Q6581097,Q6581097,Q6581097,Male
Q12562178,1,Q6581097,Q6581097,Q6581097,Male
Q12562179,1,Q6581097,Q6581097,Q6581097,Male
Q12562186,1,Q6581097,Q6581097,Q6581097,Male
Q12562191,1,Q6581097,Q6581097,Q6581097,Male
Q20483382,1,,MISSING,MISSING,Missing P21
Q20483385,1,Q6581097,Q6581097,Q6581097,Male
Q20483399,1,Q6581072,Q6581072,Q6581072,Female
Q20483409,1,Q6581097,Q6581097,Q6581097,Male
Q20483432,1,Q6581097,Q6581097,Q6581097,Male
Q20483445,1,Q6581097,Q6581097,Q6581097,Male
Q20483467,1,Q6581097,Q6581097,Q6581097,Male
Q20483471,1,Q6581072,Q6581072,Q6581072,Female
Q20483485,1,Q6581097,Q6581097,Q6581097,Male
Q20483503,1,Q6581097,Q6581097,Q6581097,Male
Q20483521,1,Q6581097,Q6581097,Q6581097,Male
Q20483524,1,Q6581097,Q6581097,Q6581097,Male
Q20483525,1,Q6581097,Q6581097,Q6581097,Male
Q20483543,1,Q6581097,Q6581097,Q6581097,Male
Q20483549,1,Q6581097,Q6581097,Q6581097,Male
Q20483559,1,Q6581097,Q6581097,Q6581097,Male
Q20483588,1,Q6581097,Q6581097,Q6581097,Male
Q20483634,1,Q6581072,Q6581072,Q6581072,Female
Q20483638,1,Q6581097,Q6581097,Q6581097,Male
Q20483651,1,Q6581072,Q6581072,Q6581072,Female
Q20483671,1,Q6581072,Q6581072,Q6581072,Female
Q20483685,1,Q6581097,Q6581097,Q6581097,Male
Q20483691,1,Q6581097,Q6581097,Q6581097,Male
Q20483706,1,Q6581097,Q6581097,Q6581097,Male
Q20483719,1,Q6581097,Q6581097,Q6581097,Male
Q20483750,1,Q6581072,Q6581072,Q6581072,Female
Q20483776,1,Q6581097,Q6581097,Q6581097,Male
Q20483798,1,,MISSING,MISSING,Missing P21
Q20483801,1,Q6581097,Q6581097,Q6581097,Male
Q20483816,1,Q6581097,Q6581097,Q6581097,Male
Q20483820,1,Q6581097,Q6581097,Q6581097,Male
Q20483834,1,Q6581097,Q6581097,Q6581097,Male
Q20483837,1,Q6581097,Q6581097,Q6581097,Male
Q20483864,1,Q6581097,Q6581097,Q6581097,Male
Q20483865,1,Q6581097,Q6581097,Q6581097,Male
Q20484141,1,Q6581072,Q6581072,Q6581072,Female
Q20630979,0,Q6581097,Q6581097,Q6581097,Male
Q20666212,0,Q6581097,Q6581097,Q6581097,Male
Q20666506,0,Q6581097,Q6581097,Q6581097,Male
Q20676778,0,Q6581097,Q6581097,Q6581097,Male
Q20712070,0,Q6581097,Q6581097,Q6581097,Male
Q20735808,1,Q6581097,Q6581097,Q6581097,Male
Q20745211,0,Q6581072,Q6581072,Q6581072,Female
Q20816393,0,Q6581072,Q6581072,Q6581072,Female
Q20870046,0,Q6581097,Q6581097,Q6581097,Male
Q20873427,0,Q6581097,Q6581097,Q6581097,Male
Q20873447,0,Q6581072,Q6581072,Q6581072,Female
Q20894854,0,Q6581097,Q6581097,Q6581097,Male
Q20918762,1,Q6581097,Q6581097,Q6581097,Male
Q20988043,0,Q6581072,Q6581072,Q6581072,Female
Q20988053,0,Q6581072,Q6581072,Q6581072,Female
Q21001335,0,Q6581097,Q6581097,Q6581097,Male
Q21004786,0,Q6581072,Q6581072,Q6581072,Female
Q21004876,0,Q6581072,Q6581072,Q6581072,Female
Q21005032,0,Q6581072,Q6581072,Q6581072,Female
Q21005793,1,Q6581097,Q6581097,Q6581097,Male
Q21060913,0,Q6581072,Q6581072,Q6581072,Female
Q21064459,0,Q6581097,Q6581097,Q6581097,Male
Q21064463,0,Q6581097,Q6581097,Q6581097,Male
Q21064460,0,Q6581097,Q6581097,Q6581097,Male
Q21064461,0,Q6581097,Q6581097,Q6581097,Male
Q21064522,0,Q6581072,Q6581072,Q6581072,Female
Q21064523,0,Q6581072,Q6581072,Q6581072,Female
Q21064526,0,Q6581072,Q6581072,Q6581072,Female
Q21064525,0,Q6581072,Q6581072,Q6581072,Female
Q21066211,0,Q6581072,Q6581072,Q6581072,Female
Q21066212,0,Q6581072,Q6581072,Q6581072,Female
Q21066213,0,Q6581072,Q6581072,Q6581072,Female
Q21066510,0,Q6581097,Q6581097,Q6581097,Male
Q21066934,0,Q6581072,Q6581072,Q6581072,Female
Q21067360,0,Q6581097,Q6581097,Q6581097,Male
Q21067361,0,Q6581097,Q6581097,Q6581097,Male
Q21088177,1,Q6581097,Q6581097,Q6581097,Male
Q21088572,1,Q6581097,Q6581097,Q6581097,Male
Q21094436,1,Q6581097,Q6581097,Q6581097,Male
Q21100679,0,Q6581097,Q6581097,Q6581097,Male
Q21101653,0,Q6581072,Q6581072,Q6581072,Female
Q21103043,0,Q6581097,Q6581097,Q6581097,Male
Q21104361,0,Q6581072,Q6581072,Q6581072,Female
Q21105261,1,Q6581072,Q6581072,Q6581072,Female
Q21107592,0,Q6581072,Q6581072,Q6581072,Female
Q21109439,1,Q6581097,Q6581097,Q6581097,Male
Q21110753,1,Q6581097,Q6581097,Q6581097,Male
Q21132882,0,Q6581097,Q6581097,Q6581097,Male
Q21133839,0,Q6581097,Q6581097,Q6581097,Male
Q21133954,1,Q6581097,Q6581097,Q6581097,Male
Q21144363,0,Q6581097,Q6581097,Q6581097,Male
Q21148891,0,Q6581072,Q6581072,Q6581072,Female
Q21152573,0,Q6581097,Q6581097,Q6581097,Male
Q21152606,0,Q6581097,Q6581097,Q6581097,Male
Q21154267,0,Q6581097,Q6581097,Q6581097,Male
Q21170515,0,Q6581097,Q6581097,Q6581097,Male
Q21170609,0,Q6581072,Q6581072,Q6581072,Female
Q21170647,0,Q6581072,Q6581072,Q6581072,Female
Q21207234,0,Q6581097,Q6581097,Q6581097,Male
Q21207892,1,Q6581097,Q6581097,Q6581097,Male
Q21208245,1,Q6581097,Q6581097,Q6581097,Male
Q21208499,0,Q6581097,Q6581097,Q6581097,Male
Q21208570,1,Q6581097,Q6581097,Q6581097,Male
Q21208956,0,Q6581097,Q6581097,Q6581097,Male
Q21209138,1,Q6581097,Q6581097,Q6581097,Male
Q21209162,1,Q6581097,Q6581097,Q6581097,Male
Q21232760,0,Q6581097,Q6581097,Q6581097,Male
Q21284572,1,Q6581072,Q6581072,Q6581072,Female
Q21285293,0,Q6581072,Q6581072,Q6581072,Female
Q21405840,0,Q6581097,Q6581097,Q6581097,Male
Q21418965,0,Q6581097,Q6581097,Q6581097,Male
Q21534156,0,Q6581097,Q6581097,Q6581097,Male
Q21621281,0,Q6581072,Q6581072,Q6581072,Female
Q21622181,1,Q6581097,Q6581097,Q6581097,Male
Q21635240,1,Q6581097,Q6581097,Q6581097,Male
Q21637775,0,Q6581097,Q6581097,Q6581097,Male
Q21640857,0,Q6581072,Q6581072,Q6581072,Female
Q21641684,1,Q6581097,Q6581097,Q6581097,Male
Q21641730,0,Q6581072,Q6581072,Q6581072,Female
Q21663047,1,Q6581097,Q6581097,Q6581097,Male
Q21663426,1,Q6581097,Q6581097,Q6581097,Male
Q21663676,0,Q6581097,Q6581097,Q6581097,Male
Q21663948,0,Q6581097,Q6581097,Q6581097,Male
Q21663964,1,Q6581097,Q6581097,Q6581097,Male
Q21664101,0,Q6581097,Q6581097,Q6581097,Male
Q21705095,0,Q6581072,Q6581072,Q6581072,Female
Q21730641,1,Q6581097,Q6581097,Q6581097,Male
Q21771813,0,Q6581097,Q6581097,Q6581097,Male
Q21843614,0,Q6581097,Q6581097,Q6581097,Male
Q21854818,1,Q6581097,Q6581097,Q6581097,Male
Q21856797,0,Q6581097,Q6581097,Q6581097,Male
Q21856940,0,Q6581072,Q6581072,Q6581072,Female
Q21856985,0,Q6581097,Q6581097,Q6581097,Male
Q21857008,0,Q6581097,Q6581097,Q6581097,Male
Q21857107,0,Q6581097,Q6581097,Q6581097,Male
Q21993524,1,Q6581072,Q6581072,Q6581072,Female
Q21996568,0,Q6581072,Q6581072,Q6581072,Female
Q22002974,0,Q6581072,Q6581072,Q6581072,Female
Q22005812,0,Q6581072,Q6581072,Q6581072,Female
Q22005875,0,Q6581072,Q6581072,Q6581072,Female
Q22019991,0,Q6581097,Q6581097,Q6581097,Male
Q22045662,0,Q6581097,Q6581097,Q6581097,Male
Q22046470,0,Q6581097,Q6581097,Q6581097,Male
Q22046764,0,Q6581097,Q6581097,Q6581097,Male
Q22137674,0,Q6581097,Q6581097,Q6581097,Male
Q22246764,0,Q6581072,Q6581072,Q6581072,Female
Q22246852,0,Q6581097,Q6581097,Q6581097,Male
Q22246954,0,Q6581072,Q6581072,Q6581072,Female
Q22247016,0,Q6581097,Q6581097,Q6581097,Male
Q22342404,0,Q6581072,Q6581072,Q6581072,Female
Q22342689,1,Q6581097,Q6581097,Q6581097,Male
Q22342849,1,Q6581097,Q6581097,Q6581097,Male
Q22442687,1,Q6581097,Q6581097,Q6581097,Male
Q22442719,0,Q6581097,Q6581097,Q6581097,Male
Q22583254,0,Q6581097,Q6581097,Q6581097,Male
Q22662586,0,Q6581097,Q6581097,Q6581097,Male
Q22668153,0,Q6581072,Q6581072,Q6581072,Female
Q22679432,1,Q6581097,Q6581097,Q6581097,Male
Q22680953,1,Q6581097,Q6581097,Q6581097,Male
Q22704708,0,Q6581072,Q6581072,Q6581072,Female
Q22813782,0,Q6581097,Q6581097,Q6581097,Male
Q22918642,1,Q6581097,Q6581097,Q6581097,Male
Q22918801,0,Q6581097,Q6581097,Q6581097,Male
Q22918816,0,Q6581097,Q6581097,Q6581097,Male
Q22919285,0,Q6581097,Q6581097,Q6581097,Male
Q22919349,0,Q6581072,Q6581072,Q6581072,Female
Q22919417,0,Q6581097,Q6581097,Q6581097,Male
Q22919424,1,Q6581097,Q6581097,Q6581097,Male
Q22957101,0,Q6581072,Q6581072,Q6581072,Female
Q22957887,0,Q6581072,Q6581072,Q6581072,Female
Q23001059,1,Q6581097,Q6581097,Q6581097,Male
Q23059390,0,Q6581072,Q6581072,Q6581072,Female
Q23641977,0,Q6581097,Q6581097,Q6581097,Male
Q23642314,0,Q6581097,Q6581097,Q6581097,Male
Q23655210,1,Q6581097,Q6581097,Q6581097,Male
Q23656028,1,Q6581097,Q6581097,Q6581097,Male
Q23661763,0,Q6581072,Q6581072,Q6581072,Female
Q23664162,0,Q6581097,Q6581097,Q6581097,Male
Q23664891,0,Q6581097,Q6581097,Q6581097,Male
Q23668342,0,Q6581097,Q6581097,Q6581097,Male
Q23668568,0,Q6581097,Q6581097,Q6581097,Male
Q23668684,0,Q6581097,Q6581097,Q6581097,Male
Q23668698,0,Q6581072,Q6581072,Q6581072,Female
Q23678986,0,Q6581097,Q6581097,Q6581097,Male
Q23679538,0,Q6581072,Q6581072,Q6581072,Female
Q23765821,0,Q6581097,Q6581097,Q6581097,Male
Q23769933,0,Q6581097,Q6581097,Q6581097,Male
Q23882833,0,Q6581072,Q6581072,Q6581072,Female
Q23895611,0,Q6581097,Q6581097,Q6581097,Male
Q24006586,0,Q6581097,Q6581097,Q6581097,Male
Q24007607,0,Q6581072,Q6581072,Q6581072,Female
Q24007609,0,Q6581072,Q6581072,Q6581072,Female
Q24009873,1,Q6581072,Q6581072,Q6581072,Female
Q24010736,0,Q6581097,Q6581097,Q6581097,Male
Q24010756,1,Q6581097,Q6581097,Q6581097,Male
Q24010816,0,Q6581072,Q6581072,Q6581072,Female
Q24034036,0,Q6581072,Q6581072,Q6581072,Female
Q24046618,1,Q6581097,Q6581097,Q6581097,Male
Q24053425,1,Q6581097,Q6581097,Q6581097,Male
Q24075303,0,Q6581097,Q6581097,Q6581097,Male
Q24207184,0,Q6581097,Q6581097,Q6581097,Male
Q24247073,1,Q6581097,Q6581097,Q6581097,Male
Q24262489,0,Q6581097,Q6581097,Q6581097,Male
Q24262499,0,Q6581097,Q6581097,Q6581097,Male
Q60839004,1,Q6581097,Q6581097,Q6581097,Male
Q60839049,0,Q6581097,Q6581097,Q6581097,Male
Q60875909,0,Q6581097,Q6581097,Q6581097,Male
Q60892278,1,Q6581072,Q6581072,Q6581072,Female
Q61002556,0,Q6581097,Q6581097,Q6581097,Male
Q61058389,0,Q6581097,Q6581097,Q6581097,Male
Q61080632,0,Q6581072,Q6581072,Q6581072,Female
Q61110543,0,Q6581072,Q6581072,Q6581072,Female
Q61113755,0,Q6581097,Q6581097,Q6581097,Male
Q61116172,0,Q6581097,Q6581097,Q6581097,Male
Q61135998,0,Q6581072,Q6581072,Q6581072,Female
Q61163128,1,Q6581072,Q6581072,Q6581072,Female
Q61314098,0,Q6581097,Q6581097,Q6581097,Male
Q61338906,0,Q6581072,Q6581072,Q6581072,Female
Q61596818,0,Q6581097,Q6581097,Q6581097,Male
Q61633340,0,Q6581097,Q6581097,Q6581097,Male
Q61633404,0,Q6581097,Q6581097,Q6581097,Male
Q61779874,0,Q6581097,Q6581097,Q6581097,Male
Q61787631,0,Q6581072,Q6581072,Q6581072,Female
Q61812663,0,Q6581097,Q6581097,Q6581097,Male
Q61889420,0,Q6581097,Q6581097,Q6581097,Male
Q61963041,0,Q6581072,Q6581072,Q6581072,Female
Q61996994,1,Q6581097,Q6581097,Q6581097,Male
Q62054687,1,Q6581097,Q6581097,Q6581097,Male
Q62056195,0,Q6581097,Q6581097,Q6581097,Male
Q62060215,0,Q6581072,Q6581072,Q6581072,Female
Q62067138,0,Q6581097,Q6581097,Q6581097,Male
Q62071552,0,Q6581097,Q6581097,Q6581097,Male
Q62077945,0,Q6581097,Q6581097,Q6581097,Male
Q62077972,0,Q6581097,Q6581097,Q6581097,Male
Q62107124,0,Q6581097,Q6581097,Q6581097,Male
Q62120750,0,Q6581097,Q6581097,Q6581097,Male
Q62183750,1,Q6581097,Q6581097,Q6581097,Male
Q62614618,0,Q6581097,Q6581097,Q6581097,Male
Q62626570,0,Q6581097,Q6581097,Q6581097,Male
Q62712527,0,Q6581097,Q6581097,Q6581097,Male
Q62712550,0,Q6581097,Q6581097,Q6581097,Male
Q62712598,0,Q6581097,Q6581097,Q6581097,Male
Q62712776,0,Q6581097,Q6581097,Q6581097,Male
Q62712925,1,Q6581072,Q6581072,Q6581072,Female
Q62712963,1,Q6581097,Q6581097,Q6581097,Male
Q62713324,0,Q6581097,Q6581097,Q6581097,Male
Q62713450,0,Q6581097,Q6581097,Q6581097,Male
Q62714210,0,Q6581097,Q6581097,Q6581097,Male
Q62757670,0,Q6581097,Q6581097,Q6581097,Male
Q62886943,1,Q6581097,Q6581097,Q6581097,Male
Q63016893,0,Q6581072,Q6581072,Q6581072,Female
Q63038240,1,Q6581097,Q6581097,Q6581097,Male
Q63148150,0,Q6581097,Q6581097,Q6581097,Male
Q63182479,0,Q6581097,Q6581097,Q6581097,Male
Q63185798,0,Q6581097,Q6581097,Q6581097,Male
Q63185808,0,Q6581097,Q6581097,Q6581097,Male
Q63198513,0,Q6581097,Q6581097,Q6581097,Male
Q63226639,1,Q6581072,Q6581072,Q6581072,Female
Q63243375,1,Q6581072,Q6581072,Q6581072,Female
Q63307906,0,Q6581072,Q6581072,Q6581072,Female
Q63384687,0,Q6581097,Q6581097,Q6581097,Male
Q63615228,0,Q6581097,Q6581097,Q6581097,Male
Q63761853,0,Q6581097,Q6581097,Q6581097,Male
Q63859098,1,Q6581097,Q6581097,Q6581097,Male
Q64176521,0,Q6581072,Q6581072,Q6581072,Female
Q64176576,0,Q6581072,Q6581072,Q6581072,Female
Q64355646,0,Q6581097,Q6581097,Q6581097,Male
Q64419091,0,Q6581097,Q6581097,Q6581097,Male
Q64432818,0,Q6581097,Q6581097,Q6581097,Male
Q64432819,1,Q6581097,Q6581097,Q6581097,Male
Q64494872,1,Q6581072,Q6581072,Q6581072,Female
Q64528717,1,Q6581097,Q6581097,Q6581097,Male
Q64748282,0,Q6581097,Q6581097,Q6581097,Male
Q64825193,0,Q6581097,Q6581097,Q6581097,Male
Q64859811,0,Q6581072,Q6581072,Q6581072,Female
Q64859813,0,Q6581072,Q6581072,Q6581072,Female
Q64876666,0,Q6581097,Q6581097,Q6581097,Male
Q64995952,0,Q6581072,Q6581072,Q6581072,Female
Q65031626,1,Q6581097,Q6581097,Q6581097,Male
Q65031701,0,Q6581097,Q6581097,Q6581097,Male
Q65078413,0,Q6581097,Q6581097,Q6581097,Male
Q65095482,0,Q6581097,Q6581097,Q6581097,Male
Q65122355,0,Q6581097,Q6581097,Q6581097,Male
Q65124007,1,Q6581097,Q6581097,Q6581097,Male
Q65128811,0,Q6581097,Q6581097,Q6581097,Male
Q65129492,0,Q6581072,Q6581072,Q6581072,Female
Q65131884,0,Q6581097,Q6581097,Q6581097,Male
Q65133509,1,Q6581072,Q6581072,Q6581072,Female
Q65146318,1,Q6581097,Q6581097,Q6581097,Male
Q65150408,0,Q6581072,Q6581072,Q6581072,Female
Q65150439,0,Q6581097,Q6581097,Q6581097,Male
Q65150828,0,Q6581097,Q6581097,Q6581097,Male
Q65152541,1,Q6581097,Q6581097,Q6581097,Male
Q65157210,0,Q6581097,Q6581097,Q6581097,Male
Q65157916,0,Q6581097,Q6581097,Q6581097,Male
Q65167514,0,Q6581072,Q6581072,Q6581072,Female
Q65167525,0,Q6581097,Q6581097,Q6581097,Male
Q65167740,0,Q6581072,Q6581072,Q6581072,Female
Q65167777,1,Q6581097,Q6581097,Q6581097,Male
Q65177546,1,Q6581097,Q6581097,Q6581097,Male
Q65250057,1,Q6581097,Q6581097,Q6581097,Male
Q65250071,1,Q6581097,Q6581097,Q6581097,Male
Q65250145,1,Q6581097,Q6581097,Q6581097,Male
Q65250275,1,Q6581097,Q6581097,Q6581097,Male
Q72080858,0,Q6581097,Q6581097,Q6581097,Male
Q72199090,0,Q6581072,Q6581072,Q6581072,Female
Q74387124,1,Q6581072,Q6581072,Q6581072,Female
Q74838234,0,Q6581097,Q6581097,Q6581097,Male
Q75160299,1,Q6581097,Q6581097,Q6581097,Male
Q76490980,1,Q6581097,Q6581097,Q6581097,Male
Q76547484,0,Q6581097,Q6581097,Q6581097,Male
Q77681686,1,Q6581097,Q6581097,Q6581097,Male
Q79312403,0,Q6581097,Q6581097,Q6581097,Male
Q80348450,0,Q6581097,Q6581097,Q6581097,Male
Q80583411,0,Q6581097,Q6581097,Q6581097,Male
Q81211153,0,Q6581097,Q6581097,Q6581097,Male
Q81901032,0,Q6581097,Q6581097,Q6581097,Male
Q81901144,0,Q6581072,Q6581072,Q6581072,Female
Q81901250,0,Q6581097,Q6581097,Q6581097,Male
Q81901329,0,Q6581072,Q6581072,Q6581072,Female
Q81901899,0,Q6581097,Q6581097,Q6581097,Male
Q81902278,0,Q6581072,Q6581072,Q6581072,Female
Q81902283,0,Q6581097,Q6581097,Q6581097,Male
Q81902517,0,Q6581072,Q6581072,Q6581072,Female
Q81903065,0,Q6581072,Q6581072,Q6581072,Female
Q81903188,0,Q6581072,Q6581072,Q6581072,Female
Q81903845,0,Q6581097,Q6581097,Q6581097,Male
Q81904154,0,Q6581097,Q6581097,Q6581097,Male
Q81904493,0,Q6581097,Q6581097,Q6581097,Male
Q81904655,0,Q6581072,Q6581072,Q6581072,Female
Q81904659,0,Q6581097,Q6581097,Q6581097,Male
Q81905723,0,Q6581097,Q6581097,Q6581097,Male
Q81906362,0,Q6581072,Q6581072,Q6581072,Female
Q81906988,0,Q6581097,Q6581097,Q6581097,Male
Q81907324,0,Q6581072,Q6581072,Q6581072,Female
Q81907673,0,Q6581072,Q6581072,Q6581072,Female
Q81907861,0,Q6581072,Q6581072,Q6581072,Female
Q81908350,0,Q6581097,Q6581097,Q6581097,Male
Q82082191,0,Q6581097,Q6581097,Q6581097,Male
Q82082188,0,Q6581097,Q6581097,Q6581097,Male
Q83424687,0,Q6581072,Q6581072,Q6581072,Female
Q83573177,1,Q6581097,Q6581097,Q6581097,Male
Q83688261,1,Q6581097,Q6581097,Q6581097,Male
Q83734756,0,Q6581097,Q6581097,Q6581097,Male
Q83876902,0,Q6581097,Q6581097,Q6581097,Male
Q84047100,0,Q6581097,Q6581097,Q6581097,Male
Q84079004,0,Q6581072,Q6581072,Q6581072,Female
Q84369697,0,Q6581097,Q6581097,Q6581097,Male
Q84612321,0,Q6581072,Q6581072,Q6581072,Female
Q84718777,0,Q6581097,Q6581097,Q6581097,Male
Q84719404,0,Q6581097,Q6581097,Q6581097,Male
Q84719798,0,Q6581097,Q6581097,Q6581097,Male
Q84720424,0,Q6581097,Q6581097,Q6581097,Male
Q84720510,0,Q6581097,Q6581097,Q6581097,Male
Q84720512,0,Q6581097,Q6581097,Q6581097,Male
Q84720577,1,Q6581097,Q6581097,Q6581097,Male
Q84720693,0,Q6581097,Q6581097,Q6581097,Male
Q84721146,1,Q6581097,Q6581097,Q6581097,Male
Q84721160,0,Q6581072,Q6581072,Q6581072,Female
Q84721299,0,Q6581097,Q6581097,Q6581097,Male
Q84721314,0,Q6581097,Q6581097,Q6581097,Male
Q84721595,1,Q6581072,Q6581072,Q6581072,Female
Q84721610,0,Q6581097,Q6581097,Q6581097,Male
Q84721618,1,Q6581072,Q6581072,Q6581072,Female
Q84721882,1,Q6581097,Q6581097,Q6581097,Male
Q84721988,0,Q6581097,Q6581097,Q6581097,Male
Q84722699,0,Q6581097,Q6581097,Q6581097,Male
Q84722871,1,Q6581072,Q6581072,Q6581072,Female
Q84722965,0,Q6581097,Q6581097,Q6581097,Male
Q84723230,0,Q6581097,Q6581097,Q6581097,Male
Q84723592,0,Q6581097,Q6581097,Q6581097,Male
Q84724245,0,Q6581097,Q6581097,Q6581097,Male
Q84724254,1,Q6581097,Q6581097,Q6581097,Male
Q84725303,0,Q6581097,Q6581097,Q6581097,Male
Q84725363,0,Q6581097,Q6581097,Q6581097,Male
Q84932318,0,Q6581097,Q6581097,Q6581097,Male
Q85137960,0,Q6581097,Q6581097,Q6581097,Male
Q85138049,0,Q6581097,Q6581097,Q6581097,Male
Q85682819,0,Q6581072,Q6581072,Q6581072,Female
Q85842300,0,Q6581097,Q6581097,Q6581097,Male
Q85857972,1,Q6581072,Q6581072,Q6581072,Female
Q85858029,0,Q6581072,Q6581072,Q6581072,Female
Q85858750,0,Q6581097,Q6581097,Q6581097,Male
Q85860098,0,Q6581097,Q6581097,Q6581097,Male
Q85860190,1,Q6581097,Q6581097,Q6581097,Male
Q85861954,0,Q6581097,Q6581097,Q6581097,Male
Q85862192,0,Q6581097,Q6581097,Q6581097,Male
Q85863279,0,Q6581097,Q6581097,Q6581097,Male
Q85866014,1,Q6581097,Q6581097,Q6581097,Male
Q85867438,0,Q6581097,Q6581097,Q6581097,Male
Q85868382,1,Q6581097,Q6581097,Q6581097,Male
Q85868857,1,Q6581097,Q6581097,Q6581097,Male
Q86214916,1,Q6581072,Q6581072,Q6581072,Female
Q86234931,0,Q6581097,Q6581097,Q6581097,Male
Q86571459,0,Q6581097,Q6581097,Q6581097,Male
Q86606786,0,Q6581097,Q6581097,Q6581097,Male
Q86607060,0,Q6581097,Q6581097,Q6581097,Male
Q86724323,0,Q6581072,Q6581072,Q6581072,Female
Q87261872,0,Q6581097,Q6581097,Q6581097,Male
Q87343820,0,Q6581097,Q6581097,Q6581097,Male
Q87648468,0,Q6581072,Q6581072,Q6581072,Female
Q87711400,0,Q6581097,Q6581097,Q6581097,Male
Q87789627,0,Q6581072,Q6581072,Q6581072,Female
Q87987976,1,Q6581097,Q6581097,Q6581097,Male
Q88219781,1,Q6581097,Q6581097,Q6581097,Male
Q89043554,0,Q6581097,Q6581097,Q6581097,Male
Q89291459,0,Q6581072,Q6581072,Q6581072,Female
Q89291474,0,Q6581072,Q6581072,Q6581072,Female
Q89291533,0,Q6581097,Q6581097,Q6581097,Male
Q89419279,0,Q6581097,Q6581097,Q6581097,Male
Q89425546,0,Q6581097,Q6581097,Q6581097,Male
Q89888094,0,Q6581072,Q6581072,Q6581072,Female
Q90305666,1,Q6581097,Q6581097,Q6581097,Male
Q90410093,0,Q6581097,Q6581097,Q6581097,Male
Q90410496,0,Q6581097,Q6581097,Q6581097,Male
Q91103702,0,Q6581097,Q6581097,Q6581097,Male
Q91231776,0,Q6581097,Q6581097,Q6581097,Male
Q91231811,0,Q6581097,Q6581097,Q6581097,Male
Q91938283,0,Q6581097,Q6581097,Q6581097,Male
Q91941470,0,Q6581097,Q6581097,Q6581097,Male
Q93082599,0,Q6581097,Q6581097,Q6581097,Male
Q93132454,0,Q6581097,Q6581097,Q6581097,Male
Q93171481,0,Q6581072,Q6581072,Q6581072,Female
Q93176976,0,Q6581072,Q6581072,Q6581072,Female
Q93497321,0,Q6581072,Q6581072,Q6581072,Female
Q93601613,0,Q6581097,Q6581097,Q6581097,Male
Q93878744,0,Q6581097,Q6581097,Q6581097,Male
Q93915867,0,Q6581072,Q6581072,Q6581072,Female
Q93915895,0,Q6581072,Q6581072,Q6581072,Female
Q93915954,0,Q6581072,Q6581072,Q6581072,Female
Q94336519,0,Q6581072,Q6581072,Q6581072,Female
Q94390358,1,Q6581097,Q6581097,Q6581097,Male
Q94705749,0,Q6581072,Q6581072,Q6581072,Female
Q94730311,0,Q6581097,Q6581097,Q6581097,Male
Q95227612,1,Q6581072,Q6581072,Q6581072,Female
Q95820676,1,Q6581097,Q6581097,Q6581097,Male
Q96213329,0,Q6581072,Q6581072,Q6581072,Female
Q96213659,0,Q6581072,Q6581072,Q6581072,Female
Q96213704,0,Q6581072,Q6581072,Q6581072,Female
Q96274554,0,Q6581072,Q6581072,Q6581072,Female
Q96312581,0,Q6581097,Q6581097,Q6581097,Male
Q96359336,1,Q6581097,Q6581097,Q6581097,Male
Q96373843,0,Q6581097,Q6581097,Q6581097,Male
Q96622486,1,Q6581097,Q6581097,Q6581097,Male
Q96756098,0,Q6581097,Q6581097,Q6581097,Male
Q96757047,0,Q6581072,Q6581072,Q6581072,Female
Q96791251,0,Q6581097,Q6581097,Q6581097,Male
Q96791249,0,Q6581097,Q6581097,Q6581097,Male
Q96791253,0,Q6581097,Q6581097,Q6581097,Male
Q96791261,0,Q6581097,Q6581097,Q6581097,Male
Q97067145,0,Q6581072,Q6581072,Q6581072,Female
Q97163340,1,Q6581097,Q6581097,Q6581097,Male
Q97166640,0,Q6581097,Q6581097,Q6581097,Male
Q97166651,0,Q6581097,Q6581097,Q6581097,Male
Q97168006,0,Q6581097,Q6581097,Q6581097,Male
Q97168015,0,Q6581097,Q6581097,Q6581097,Male
Q97168125,0,Q6581097,Q6581097,Q6581097,Male
Q97169582,1,Q6581097,Q6581097,Q6581097,Male
Q97169951,0,Q6581097,Q6581097,Q6581097,Male
Q97170446,0,Q6581097,Q6581097,Q6581097,Male
Q97170676,0,Q6581097,Q6581097,Q6581097,Male
Q97176392,0,Q6581097,Q6581097,Q6581097,Male
Q97176985,0,Q6581097,Q6581097,Q6581097,Male
Q97182594,1,Q6581097,Q6581097,Q6581097,Male
Q97185700,1,Q6581097,Q6581097,Q6581097,Male
Q97204260,0,Q6581097,Q6581097,Q6581097,Male
Q97208097,0,Q6581072,Q6581072,Q6581072,Female
Q97210689,1,Q6581097,Q6581097,Q6581097,Male
Q97211543,1,Q6581097,Q6581097,Q6581097,Male
Q97211845,1,Q6581072,Q6581072,Q6581072,Female
Q97212793,1,Q6581097,Q6581097,Q6581097,Male
Q97212903,1,Q6581072,Q6581072,Q6581072,Female
Q97212921,1,Q6581097,Q6581097,Q6581097,Male
Q97213800,1,Q6581072,Q6581072,Q6581072,Female
Q97214324,0,Q6581097,Q6581097,Q6581097,Male
Q97253166,0,Q6581097,Q6581097,Q6581097,Male
Q97275120,0,Q6581097,Q6581097,Q6581097,Male
Q97275805,1,Q6581097,Q6581097,Q6581097,Male
Q97279254,0,Q6581097,Q6581097,Q6581097,Male
Q97291342,1,Q6581097,Q6581097,Q6581097,Male
Q97291416,1,Q6581072,Q6581072,Q6581072,Female
Q97291421,1,Q6581097,Q6581097,Q6581097,Male
Q97291441,1,Q6581097,Q6581097,Q6581097,Male
Q97316166,0,Q6581072,Q6581072,Q6581072,Female
Q97316613,1,Q6581097,Q6581097,Q6581097,Male
Q97369260,0,Q6581097,Q6581097,Q6581097,Male
Q97369269,0,Q6581097,Q6581097,Q6581097,Male
Q97369403,1,Q6581072,Q6581072,Q6581072,Female
Q97377972,0,Q6581097,Q6581097,Q6581097,Male
Q97381720,0,Q6581097,Q6581097,Q6581097,Male
Q97382833,1,Q6581097,Q6581097,Q6581097,Male
Q97386209,0,Q6581097,Q6581097,Q6581097,Male
Q97392159,0,Q6581097,Q6581097,Q6581097,Male
Q97397350,0,Q6581097,Q6581097,Q6581097,Male
Q97462528,0,Q6581097,Q6581097,Q6581097,Male
Q97463475,0,Q6581097,Q6581097,Q6581097,Male
Q97480705,0,Q6581097,Q6581097,Q6581097,Male
Q97483602,0,Q6581072,Q6581072,Q6581072,Female
Q97484161,0,Q6581097,Q6581097,Q6581097,Male
Q97487866,0,Q6581097,Q6581097,Q6581097,Male
Q97503672,0,Q6581072,Q6581072,Q6581072,Female
Q97547120,0,Q6581097,Q6581097,Q6581097,Male
Q97583994,1,Q6581072,Q6581072,Q6581072,Female
Q97590507,0,Q6581097,Q6581097,Q6581097,Male
Q4319694,1,Q6581097,Q6581097,Q6581097,Male
Q4319748,0,Q6581097,Q6581097,Q6581097,Male
Q4320015,0,Q6581097,Q6581097,Q6581097,Male
Q4321769,0,Q6581097,Q6581097,Q6581097,Male
Q4321892,1,Q6581097,Q6581097,Q6581097,Male
Q4322721,1,Q6581097,Q6581097,Q6581097,Male
Q4326941,1,Q6581097,Q6581097,Q6581097,Male
Q4326971,0,Q6581097,Q6581097,Q6581097,Male
Q4326969,1,Q6581072,Q6581072,Q6581072,Female
Q4327915,0,Q6581097,Q6581097,Q6581097,Male
Q4327920,1,Q6581097,Q6581097,Q6581097,Male
Q4327958,1,Q6581072,Q6581072,Q6581072,Female
Q4328062,0,Q6581097,Q6581097,Q6581097,Male
Q4328074,1,Q6581097,Q6581097,Q6581097,Male
Q4328101,0,Q6581097,Q6581097,Q6581097,Male
Q4328125,1,Q6581097,Q6581097,Q6581097,Male
Q4328132,0,Q6581097,Q6581097,Q6581097,Male
Q4328133,1,Q6581097,Q6581097,Q6581097,Male
Q4328137,1,Q6581097,Q6581097,Q6581097,Male
Q4328147,0,Q6581072,Q6581072,Q6581072,Female
Q4328273,1,Q6581097,Q6581097,Q6581097,Male
Q4330949,0,Q6581097,Q6581097,Q6581097,Male
Q4332251,1,Q6581097,Q6581097,Q6581097,Male
Q4332639,0,Q6581072,Q6581072,Q6581072,Female
Q4334531,1,Q6581097,Q6581097,Q6581097,Male
Q4334536,1,Q6581097,Q6581097,Q6581097,Male
Q4334540,1,Q6581097,Q6581097,Q6581097,Male
Q4334547,0,Q6581072,Q6581072,Q6581072,Female
Q4334544,1,Q6581097,Q6581097,Q6581097,Male
Q4335621,1,Q6581097,Q6581097,Q6581097,Male
Q4335838,1,Q6581097,Q6581097,Q6581097,Male
Q4337290,1,Q6581097,Q6581097,Q6581097,Male
Q4338420,1,Q6581097,Q6581097,Q6581097,Male
Q4339147,1,Q6581097,Q6581097,Q6581097,Male
Q4339498,1,Q6581097,Q6581097,Q6581097,Male
Q4341461,1,Q6581097,Q6581097,Q6581097,Male
Q4341520,0,Q6581097,Q6581097,Q6581097,Male
Q4344010,0,Q6581097,Q6581097,Q6581097,Male
Q4344371,0,Q6581097,Q6581097,Q6581097,Male
Q4346224,0,Q6581097,Q6581097,Q6581097,Male
Q4346806,1,Q6581097,Q6581097,Q6581097,Male
Q4347339,0,Q6581097,Q6581097,Q6581097,Male
Q4352727,0,Q6581097,Q6581097,Q6581097,Male
Q4353012,0,Q6581072,Q6581072,Q6581072,Female
Q4356901,0,Q6581097,Q6581097,Q6581097,Male
Q4360757,0,Q6581097,Q6581097,Q6581097,Male
Q4361816,0,Q6581097,Q6581097,Q6581097,Male
Q4361861,0,Q6581097,Q6581097,Q6581097,Male
Q4362458,0,Q6581097,Q6581097,Q6581097,Male
Q4362549,0,Q6581097,Q6581097,Q6581097,Male
Q4362707,0,Q6581072,Q6581072,Q6581072,Female
Q4363658,0,Q6581097,Q6581097,Q6581097,Male
Q4365079,1,Q6581097,Q6581097,Q6581097,Male
Q4366811,1,Q6581097,Q6581097,Q6581097,Male
Q4367294,0,Q6581072,Q6581072,Q6581072,Female
Q4367764,0,Q6581097,Q6581097,Q6581097,Male
Q4369754,0,Q6581097,Q6581097,Q6581097,Male
Q4371679,1,Q6581097,Q6581097,Q6581097,Male
Q4374132,1,Q6581097,Q6581097,Q6581097,Male
Q4378619,0,Q6581097,Q6581097,Q6581097,Male
Q4382718,1,Q6581097,Q6581097,Q6581097,Male
Q4383647,0,Q6581072,Q6581072,Q6581072,Female
Q4384155,0,Q6581097,Q6581097,Q6581097,Male
Q4387015,1,Q6581097,Q6581097,Q6581097,Male
Q4389179,0,Q6581097,Q6581097,Q6581097,Male
Q4391163,0,Q6581097,Q6581097,Q6581097,Male
Q4392632,0,Q6581097,Q6581097,Q6581097,Male
Q4395490,1,Q6581097,Q6581097,Q6581097,Male
Q4395849,0,Q6581072,Q6581072,Q6581072,Female
Q4396715,1,Q6581097,Q6581097,Q6581097,Male
Q4397126,1,Q6581097,Q6581097,Q6581097,Male
Q4398834,0,Q6581072,Q6581072,Q6581072,Female
Q4399286,0,Q6581097,Q6581097,Q6581097,Male
Q4399347,0,Q6581072,Q6581072,Q6581072,Female
Q4401446,0,Q6581072,Q6581072,Q6581072,Female
Q4403500,0,Q6581097,Q6581097,Q6581097,Male
Q4403879,1,Q6581097,Q6581097,Q6581097,Male
Q4404080,0,Q6581097,Q6581097,Q6581097,Male
Q4404268,0,Q6581097,Q6581097,Q6581097,Male
Q4404372,1,Q6581097,Q6581097,Q6581097,Male
Q4404419,1,Q6581072,Q6581072,Q6581072,Female
Q4404424,1,Q6581097,Q6581097,Q6581097,Male
Q4404442,1,Q6581097,Q6581097,Q6581097,Male
Q4404894,1,Q6581097,Q6581097,Q6581097,Male
Q4404934,0,Q6581097,Q6581097,Q6581097,Male
Q4405760,1,Q6581097,Q6581097,Q6581097,Male
Q4405821,1,Q6581097,Q6581097,Q6581097,Male
Q4406102,1,Q6581097,Q6581097,Q6581097,Male
Q4406945,0,Q6581097,Q6581097,Q6581097,Male
Q4408033,1,Q6581097,Q6581097,Q6581097,Male
Q4408036,1,Q6581097,Q6581097,Q6581097,Male
Q4408489,0,Q6581072,Q6581072,Q6581072,Female
Q4408517,0,Q6581097,Q6581097,Q6581097,Male
Q4408775,0,Q6581097,Q6581097,Q6581097,Male
Q4408778,1,Q6581097,Q6581097,Q6581097,Male
Q4408777,1,Q6581097,Q6581097,Q6581097,Male
Q4408783,1,Q6581097,Q6581097,Q6581097,Male
Q4408881,0,Q6581072,Q6581072,Q6581072,Female
Q4408965,1,Q6581097,Q6581097,Q6581097,Male
Q4409392,1,Q6581097,Q6581097,Q6581097,Male
Q4410614,0,Q6581097,Q6581097,Q6581097,Male
Q4412782,1,Q6581097,Q6581097,Q6581097,Male
Q4413111,1,Q6581097,Q6581097,Q6581097,Male
Q4413159,1,Q6581097,Q6581097,Q6581097,Male
Q4415084,1,Q6581097,Q6581097,Q6581097,Male
Q4416773,1,Q6581097,Q6581097,Q6581097,Male
Q4416862,0,Q6581072,Q6581072,Q6581072,Female
Q4417622,0,Q6581097,Q6581097,Q6581097,Male
Q4417654,1,Q6581097,Q6581097,Q6581097,Male
Q4417660,1,Q6581097,Q6581097,Q6581097,Male
Q4417720,0,Q6581097,Q6581097,Q6581097,Male
Q4419507,1,Q6581097,Q6581097,Q6581097,Male
Q4421885,1,Q6581097,Q6581097,Q6581097,Male
Q4423214,0,Q6581097,Q6581097,Q6581097,Male
Q4423839,0,Q6581097,Q6581097,Q6581097,Male
Q4423952,0,Q6581072,Q6581072,Q6581072,Female
Q4425105,0,Q6581097,Q6581097,Q6581097,Male
Q4425821,0,Q6581097,Q6581097,Q6581097,Male
Q4428738,1,Q6581097,Q6581097,Q6581097,Male
Q4429141,0,Q6581097,Q6581097,Q6581097,Male
Q4431299,1,Q6581097,Q6581097,Q6581097,Male
Q4439129,1,Q6581097,Q6581097,Q6581097,Male
Q4441356,0,Q6581097,Q6581097,Q6581097,Male
Q4441717,0,Q6581097,Q6581097,Q6581097,Male
Q4444112,0,Q6581072,Q6581072,Q6581072,Female
Q4445116,0,Q6581097,Q6581097,Q6581097,Male
Q4445159,0,Q6581072,Q6581072,Q6581072,Female
Q4445698,1,Q6581097,Q6581097,Q6581097,Male
Q4447895,1,Q6581072,Q6581072,Q6581072,Female
Q4447892,1,Q6581097,Q6581097,Q6581097,Male
Q4451467,0,Q6581097,Q6581097,Q6581097,Male
Q4451678,0,Q6581097,Q6581097,Q6581097,Male
Q4451698,0,Q6581097,Q6581097,Q6581097,Male
Q4452306,1,Q6581097,Q6581097,Q6581097,Male
Q4452653,1,Q6581097,Q6581097,Q6581097,Male
Q4454298,1,Q6581097,Q6581097,Q6581097,Male
Q4454438,0,Q6581097,Q6581097,Q6581097,Male
Q4454437,0,Q6581097,Q6581097,Q6581097,Male
Q4455712,0,Q6581072,Q6581072,Q6581072,Female
Q4457594,1,Q6581097,Q6581097,Q6581097,Male
Q4457842,1,Q6581097,Q6581097,Q6581097,Male
Q4458643,0,Q6581072,Q6581072,Q6581072,Female
Q4459033,1,Q6581097,Q6581097,Q6581097,Male
Q4459038,1,Q6581097,Q6581097,Q6581097,Male
Q4459036,0,Q6581097,Q6581097,Q6581097,Male
Q4459544,0,Q6581097,Q6581097,Q6581097,Male
Q4459616,1,Q6581097,Q6581097,Q6581097,Male
Q4459631,1,Q6581097,Q6581097,Q6581097,Male
Q4459685,1,Q6581097,Q6581097,Q6581097,Male
Q4459812,1,Q6581097,Q6581097,Q6581097,Male
Q4459856,0,Q6581072,Q6581072,Q6581072,Female
Q4460969,0,Q6581072,Q6581072,Q6581072,Female
Q4462308,0,Q6581097,Q6581097,Q6581097,Male
Q4464824,0,Q6581072,Q6581072,Q6581072,Female
Q4465018,1,Q6581097,Q6581097,Q6581097,Male
Q4465112,1,Q6581072,Q6581072,Q6581072,Female
Q4465461,0,Q6581097,Q6581097,Q6581097,Male
Q4465548,0,Q6581097,Q6581097,Q6581097,Male
Q4465862,0,Q6581097,Q6581097,Q6581097,Male
Q4466391,1,Q6581097,Q6581097,Q6581097,Male
Q4466589,1,Q6581097,Q6581097,Q6581097,Male
Q4466824,0,Q6581072,Q6581072,Q6581072,Female
Q4467629,0,Q6581097,Q6581097,Q6581097,Male
Q4468742,1,Q6581097,Q6581097,Q6581097,Male
Q4470763,0,Q6581097,Q6581097,Q6581097,Male
Q4470861,0,Q6581097,Q6581097,Q6581097,Male
Q4472625,0,Q6581097,Q6581097,Q6581097,Male
Q4475322,1,Q6581097,Q6581097,Q6581097,Male
Q4475326,1,Q6581097,Q6581097,Q6581097,Male
Q4475565,1,Q6581072,Q6581072,Q6581072,Female
Q4476581,1,Q6581097,Q6581097,Q6581097,Male
Q4478696,0,Q6581097,Q6581097,Q6581097,Male
Q4478771,1,Q6581097,Q6581097,Q6581097,Male
Q4478801,1,Q6581097,Q6581097,Q6581097,Male
Q4478808,1,Q6581097,Q6581097,Q6581097,Male
Q4478825,0,Q6581097,Q6581097,Q6581097,Male
Q4478832,1,Q6581097,Q6581097,Q6581097,Male
Q4479506,0,Q6581097,Q6581097,Q6581097,Male
Q4479514,0,Q6581097,Q6581097,Q6581097,Male
Q4479620,1,Q6581097,Q6581097,Q6581097,Male
Q4479659,0,Q6581097,Q6581097,Q6581097,Male
Q4481056,1,Q6581097,Q6581097,Q6581097,Male
Q4483757,0,Q6581097,Q6581097,Q6581097,Male
Q4484055,0,Q6581097,Q6581097,Q6581097,Male
Q4494384,0,Q6581097,Q6581097,Q6581097,Male
Q4494821,0,Q6581097,Q6581097,Q6581097,Male
Q4495681,0,Q6581097,Q6581097,Q6581097,Male
Q4496178,1,Q6581097,Q6581097,Q6581097,Male
Q4496414,1,Q6581097,Q6581097,Q6581097,Male
Q4497932,1,Q6581097,Q6581097,Q6581097,Male
Q4501572,0,Q6581072,Q6581072,Q6581072,Female
Q4502218,0,Q6581097,Q6581097,Q6581097,Male
Q4502506,0,Q6581097,Q6581097,Q6581097,Male
Q4506383,0,Q6581097,Q6581097,Q6581097,Male
Q4506724,0,Q6581097,Q6581097,Q6581097,Male
Q4508082,0,Q6581097,Q6581097,Q6581097,Male
Q4508311,1,Q6581097,Q6581097,Q6581097,Male
Q4513840,1,Q6581072,Q6581072,Q6581072,Female
Q4517071,1,Q6581097,Q6581097,Q6581097,Male
Q12562221,1,Q6581097,Q6581097,Q6581097,Male
Q12562231,1,Q6581097,Q6581097,Q6581097,Male
Q12562254,1,Q6581097,Q6581097,Q6581097,Male
Q12562255,1,Q6581097,Q6581097,Q6581097,Male
Q12562406,1,Q6581097,Q6581097,Q6581097,Male
Q12562555,1,Q6581097,Q6581097,Q6581097,Male
Q12562580,1,Q6581097,Q6581097,Q6581097,Male
Q12562611,1,Q6581097,Q6581097,Q6581097,Male
Q12563031,1,Q6581097,Q6581097,Q6581097,Male
Q12563029,1,Q6581097,Q6581097,Q6581097,Male
Q12563089,1,Q6581097,Q6581097,Q6581097,Male
Q12563322,1,Q6581097,Q6581097,Q6581097,Male
Q12563412,1,Q6581097,Q6581097,Q6581097,Male
Q12563464,1,Q6581097,Q6581097,Q6581097,Male
Q12563473,1,Q6581097,Q6581097,Q6581097,Male
Q12563526,1,Q6581097,Q6581097,Q6581097,Male
Q12563548,1,Q6581072,Q6581072,Q6581072,Female
Q12563605,1,Q6581072,Q6581072,Q6581072,Female
Q12563709,1,Q6581097,Q6581097,Q6581097,Male
Q12563753,1,Q6581097,Q6581097,Q6581097,Male
Q12563819,1,Q6581097,Q6581097,Q6581097,Male
Q12563833,1,Q6581097,Q6581097,Q6581097,Male
Q12563855,1,Q6581097,Q6581097,Q6581097,Male
Q12563882,1,Q6581097,Q6581097,Q6581097,Male
Q12563911,1,Q6581097,Q6581097,Q6581097,Male
Q12563922,1,Q6581097,Q6581097,Q6581097,Male
Q12563933,1,Q6581097,Q6581097,Q6581097,Male
Q12563987,1,Q6581097,Q6581097,Q6581097,Male
Q12563991,1,,MISSING,MISSING,Missing P21
Q12564006,1,Q6581097,Q6581097,Q6581097,Male
Q12564034,1,Q6581097,Q6581097,Q6581097,Male
Q12564035,1,Q6581097,Q6581097,Q6581097,Male
Q12564047,1,Q6581097,Q6581097,Q6581097,Male
Q12564054,1,Q6581072,Q6581072,Q6581072,Female
Q12564059,1,Q6581097,Q6581097,Q6581097,Male
Q12564069,1,,MISSING,MISSING,Missing P21
Q12564087,1,Q6581097,Q6581097,Q6581097,Male
Q12564099,1,Q6581097,Q6581097,Q6581097,Male
Q12564120,1,Q6581072,Q6581072,Q6581072,Female
Q12564129,1,Q6581072,Q6581072,Q6581072,Female
Q12564151,1,Q6581072,Q6581072,Q6581072,Female
Q12564390,1,Q6581097,Q6581097,Q6581097,Male
Q12564467,1,Q6581097,Q6581097,Q6581097,Male
Q12564473,1,Q6581097,Q6581097,Q6581097,Male
Q12564476,1,,MISSING,MISSING,Missing P21
Q12564484,1,Q6581097,Q6581097,Q6581097,Male
Q12564488,1,Q6581097,Q6581097,Q6581097,Male
Q12564521,1,Q6581072,Q6581072,Q6581072,Female
Q12564599,1,Q6581097,Q6581097,Q6581097,Male
Q12564810,1,Q6581072,Q6581072,Q6581072,Female
Q12564814,1,Q6581072,Q6581072,Q6581072,Female
Q12564818,1,Q6581072,Q6581072,Q6581072,Female
Q12564948,1,Q6581097,Q6581097,Q6581097,Male
Q12564966,1,Q6581097,Q6581097,Q6581097,Male
Q12564994,1,Q6581097,Q6581097,Q6581097,Male
Q12565263,1,Q6581097,Q6581097,Q6581097,Male
Q12565267,1,Q6581097,Q6581097,Q6581097,Male
Q12565282,1,,MISSING,MISSING,Missing P21
Q12565287,1,Q6581097,Q6581097,Q6581097,Male
Q12565320,1,Q6581097,Q6581097,Q6581097,Male
Q12565321,1,Q6581097,Q6581097,Q6581097,Male
Q12565355,1,Q6581097,Q6581097,Q6581097,Male
Q12565356,1,Q6581097,Q6581097,Q6581097,Male
Q12565365,1,Q6581097,Q6581097,Q6581097,Male
Q12565438,1,Q6581097,Q6581097,Q6581097,Male
Q12565461,1,Q6581072,Q6581072,Q6581072,Female
Q12565780,1,Q6581097,Q6581097,Q6581097,Male
Q12565915,1,Q6581097,Q6581097,Q6581097,Male
Q12566090,1,Q6581097,Q6581097,Q6581097,Male
Q12566194,1,Q6581097,Q6581097,Q6581097,Male
Q12566192,1,Q6581097,Q6581097,Q6581097,Male
Q12566198,1,Q6581097,Q6581097,Q6581097,Male
Q12566447,1,Q6581072,Q6581072,Q6581072,Female
Q12566507,1,Q6581072,Q6581072,Q6581072,Female
Q12566504,1,Q6581097,Q6581097,Q6581097,Male
Q12566509,1,Q6581097,Q6581097,Q6581097,Male
Q12566647,1,Q6581097,Q6581097,Q6581097,Male
Q12566676,1,Q6581097,Q6581097,Q6581097,Male
Q12566677,1,Q6581097,Q6581097,Q6581097,Male
Q12567016,1,Q6581097,Q6581097,Q6581097,Male
Q12567122,1,Q6581097,Q6581097,Q6581097,Male
Q12567162,1,Q6581097,Q6581097,Q6581097,Male
Q12567197,1,Q6581097,Q6581097,Q6581097,Male
Q12567246,1,Q6581097,Q6581097,Q6581097,Male
Q12567254,1,Q6581097,Q6581097,Q6581097,Male
Q12567276,1,Q6581097,Q6581097,Q6581097,Male
Q12567331,1,Q6581097,Q6581097,Q6581097,Male
Q12567357,1,Q6581097,Q6581097,Q6581097,Male
Q12567392,1,Q6581097,Q6581097,Q6581097,Male
Q12567400,1,Q6581097,Q6581097,Q6581097,Male
Q12567405,1,Q6581097,Q6581097,Q6581097,Male
Q12567418,1,Q6581097,Q6581097,Q6581097,Male
Q12567545,1,Q6581097,Q6581097,Q6581097,Male
Q12567555,1,Q6581097,Q6581097,Q6581097,Male
Q12567556,1,Q6581097,Q6581097,Q6581097,Male
Q12567575,1,Q6581097,Q6581097,Q6581097,Male
Q12567577,1,Q6581097,Q6581097,Q6581097,Male
Q12567580,1,Q6581097,Q6581097,Q6581097,Male
Q12567593,1,Q6581097,Q6581097,Q6581097,Male
Q12567623,1,Q6581097,Q6581097,Q6581097,Male
Q12567633,1,Q6581097,Q6581097,Q6581097,Male
Q12567654,1,,MISSING,MISSING,Missing P21
Q12567772,1,Q6581097,Q6581097,Q6581097,Male
Q24262504,0,Q6581097,Q6581097,Q6581097,Male
Q24262510,0,Q6581097,Q6581097,Q6581097,Male
Q24262515,0,Q6581072,Q6581072,Q6581072,Female
Q24262521,0,Q6581097,Q6581097,Q6581097,Male
Q24262533,0,Q6581097,Q6581097,Q6581097,Male
Q24262543,0,Q6581097,Q6581097,Q6581097,Male
Q24262558,0,Q6581072,Q6581072,Q6581072,Female
Q24262556,0,Q6581097,Q6581097,Q6581097,Male
Q24262557,0,Q6581097,Q6581097,Q6581097,Male
Q24262563,0,Q6581072,Q6581072,Q6581072,Female
Q24262561,0,Q6581097,Q6581097,Q6581097,Male
Q24262564,0,Q6581097,Q6581097,Q6581097,Male
Q24265305,0,Q6581097,Q6581097,Q6581097,Male
Q24266382,0,Q6581072,Q6581072,Q6581072,Female
Q24286976,1,Q6581097,Q6581097,Q6581097,Male
Q24297897,0,Q6581072,Q6581072,Q6581072,Female
Q24352229,0,Q6581097,Q6581097,Q6581097,Male
Q24352559,0,Q6581072,Q6581072,Q6581072,Female
Q24352859,1,Q6581072,Q6581072,Q6581072,Female
Q24566182,0,Q6581097,Q6581097,Q6581097,Male
Q24632391,1,Q6581097,Q6581097,Q6581097,Male
Q24632937,1,Q6581097,Q6581097,Q6581097,Male
Q24632943,0,Q6581097,Q6581097,Q6581097,Male
Q24647460,0,Q6581097,Q6581097,Q6581097,Male
Q24865001,1,Q6581072,Q6581072,Q6581072,Female
Q24867406,0,Q6581072,Q6581072,Q6581072,Female
Q24868827,1,Q6581072,Q6581072,Q6581072,Female
Q24932520,0,Q6581097,Q6581097,Q6581097,Male
Q24938794,0,Q6581097,Q6581097,Q6581097,Male
Q24951756,0,Q6581072,Q6581072,Q6581072,Female
Q24954641,0,Q6581097,Q6581097,Q6581097,Male
Q24954644,0,Q6581097,Q6581097,Q6581097,Male
Q24954663,0,Q6581097,Q6581097,Q6581097,Male
Q24954661,0,Q6581097,Q6581097,Q6581097,Male
Q24954673,0,Q6581097,Q6581097,Q6581097,Male
Q24955700,0,Q6581072,Q6581072,Q6581072,Female
Q24958572,0,Q6581097,Q6581097,Q6581097,Male
Q25340891,1,,MISSING,MISSING,Missing P21
Q25390354,0,Q6581097,Q6581097,Q6581097,Male
Q25390364,0,Q6581097,Q6581097,Q6581097,Male
Q25390376,0,Q6581097,Q6581097,Q6581097,Male
Q25390553,1,Q6581097,Q6581097,Q6581097,Male
Q25390599,0,Q6581097,Q6581097,Q6581097,Male
Q25390658,1,Q6581097,Q6581097,Q6581097,Male
Q25390818,1,Q6581097,Q6581097,Q6581097,Male
Q25433462,0,Q6581097,Q6581097,Q6581097,Male
Q25433508,0,Q6581072,Q6581072,Q6581072,Female
Q25433527,1,Q6581072,Q6581072,Q6581072,Female
Q25481630,1,Q6581097,Q6581097,Q6581097,Male
Q25482073,1,Q6581072,Q6581072,Q6581072,Female
Q25482865,1,Q6581097,Q6581097,Q6581097,Male
Q25482939,1,Q6581097,Q6581097,Q6581097,Male
Q25483177,1,Q6581097,Q6581097,Q6581097,Male
Q25484002,1,Q6581097,Q6581097,Q6581097,Male
Q25490249,1,,MISSING,MISSING,Missing P21
Q25490264,1,Q6581097,Q6581097,Q6581097,Male
Q25491475,1,Q6581072,Q6581072,Q6581072,Female
Q25491730,1,,MISSING,MISSING,Missing P21
Q25491793,1,Q6581072,Q6581072,Q6581072,Female
Q25493217,1,,MISSING,MISSING,Missing P21
Q25493777,1,,MISSING,MISSING,Missing P21
Q25493823,1,Q6581097,Q6581097,Q6581097,Male
Q25493842,1,Q6581097,Q6581097,Q6581097,Male
Q25493939,1,Q6581097,Q6581097,Q6581097,Male
Q25493936,1,Q6581097,Q6581097,Q6581097,Male
Q25493942,1,Q6581097,Q6581097,Q6581097,Male
Q25493984,1,Q6581097,Q6581097,Q6581097,Male
Q25494158,1,Q6581072,Q6581072,Q6581072,Female
Q25495460,1,Q6581072,Q6581072,Q6581072,Female
Q25495841,1,,MISSING,MISSING,Missing P21
Q25499058,1,Q6581097,Q6581097,Q6581097,Male
Q25499080,1,,MISSING,MISSING,Missing P21
Q25501056,1,Q6581097,Q6581097,Q6581097,Male
Q25501115,1,Q6581097,Q6581097,Q6581097,Male
Q25501424,1,Q6581097,Q6581097,Q6581097,Male
Q25503018,1,Q6581097,Q6581097,Q6581097,Male
Q25508982,1,Q6581097,Q6581097,Q6581097,Male
Q25510301,1,Q6581097,Q6581097,Q6581097,Male
Q25511057,1,Q6581097,Q6581097,Q6581097,Male
Q25513331,1,Q6581097,Q6581097,Q6581097,Male
Q25514797,1,Q6581097,Q6581097,Q6581097,Male
Q25514848,1,Q6581097,Q6581097,Q6581097,Male
Q25521058,1,Q6581097,Q6581097,Q6581097,Male
Q25525215,1,Q6581097,Q6581097,Q6581097,Male
Q25527232,1,Q6581072,Q6581072,Q6581072,Female
Q25530854,1,Q6581097,Q6581097,Q6581097,Male
Q25531023,1,Q6581097,Q6581097,Q6581097,Male
Q25555717,0,Q6581097,Q6581097,Q6581097,Male
Q25556891,0,Q6581097,Q6581097,Q6581097,Male
Q25642158,0,Q6581072,Q6581072,Q6581072,Female
Q25647206,0,Q6581097,Q6581097,Q6581097,Male
Q25936035,0,Q6581097,Q6581097,Q6581097,Male
Q26202542,0,Q6581072,Q6581072,Q6581072,Female
Q26205668,0,Q6581072,Q6581072,Q6581072,Female
Q26205699,0,Q6581072,Q6581072,Q6581072,Female
Q26206124,0,Q6581072,Q6581072,Q6581072,Female
Q26206203,1,Q6581072,Q6581072,Q6581072,Female
Q26206236,0,Q6581072,Q6581072,Q6581072,Female
Q26206316,0,Q6581072,Q6581072,Q6581072,Female
Q26207552,0,Q6581072,Q6581072,Q6581072,Female
Q26233740,0,Q6581072,Q6581072,Q6581072,Female
Q26236517,0,Q6581097,Q6581097,Q6581097,Male
Q26237809,1,Q6581097,Q6581097,Q6581097,Male
Q26248683,1,Q6581072,Q6581072,Q6581072,Female
Q26250890,1,Q6581097,Q6581097,Q6581097,Male
Q26250891,1,Q6581097,Q6581097,Q6581097,Male
Q26251554,0,Q6581097,Q6581097,Q6581097,Male
Q26251678,0,Q6581097,Q6581097,Q6581097,Male
Q26255440,0,Q6581097,Q6581097,Q6581097,Male
Q26255456,0,Q6581097,Q6581097,Q6581097,Male
Q26255474,0,Q6581072,Q6581072,Q6581072,Female
Q26255475,0,Q6581072,Q6581072,Q6581072,Female
Q26255472,0,Q6581072,Q6581072,Q6581072,Female
Q26255473,0,Q6581072,Q6581072,Q6581072,Female
Q26255585,1,Q6581097,Q6581097,Q6581097,Male
Q26255602,0,Q6581072,Q6581072,Q6581072,Female
Q26255606,0,Q6581072,Q6581072,Q6581072,Female
Q26255607,0,Q6581072,Q6581072,Q6581072,Female
Q26255605,0,Q6581072,Q6581072,Q6581072,Female
Q26255670,1,Q6581072,Q6581072,Q6581072,Female
Q26255730,0,Q6581097,Q6581097,Q6581097,Male
Q26262347,0,Q6581097,Q6581097,Q6581097,Male
Q26267296,1,Q6581072,Q6581072,Q6581072,Female
Q26267513,0,Q6581072,Q6581072,Q6581072,Female
Q26267519,1,Q6581072,Q6581072,Q6581072,Female
Q26324383,0,Q6581097,Q6581097,Q6581097,Male
Q26431493,0,Q6581072,Q6581072,Q6581072,Female
Q26431497,0,Q6581072,Q6581072,Q6581072,Female
Q26459677,0,Q6581072,Q6581072,Q6581072,Female
Q26459680,0,Q6581072,Q6581072,Q6581072,Female
Q26465641,1,Q6581097,Q6581097,Q6581097,Male
Q26704879,0,Q6581072,Q6581072,Q6581072,Female
Q26705364,0,Q6581072,Q6581072,Q6581072,Female
Q26706878,0,Q6581097,Q6581097,Q6581097,Male
Q26776751,0,Q6581097,Q6581097,Q6581097,Male
Q26776829,0,Q6581097,Q6581097,Q6581097,Male
Q26776851,0,Q6581097,Q6581097,Q6581097,Male
Q26776852,0,Q6581097,Q6581097,Q6581097,Male
Q26789869,0,Q6581097,Q6581097,Q6581097,Male
Q26789929,0,Q6581072,Q6581072,Q6581072,Female
Q26789986,0,Q6581097,Q6581097,Q6581097,Male
Q26821215,0,Q6581097,Q6581097,Q6581097,Male
Q26821218,0,Q6581097,Q6581097,Q6581097,Male
Q26831255,0,Q6581072,Q6581072,Q6581072,Female
Q26831272,0,Q6581097,Q6581097,Q6581097,Male
Q26837485,0,Q6581097,Q6581097,Q6581097,Male
Q26837925,1,Q6581097,Q6581097,Q6581097,Male
Q26838080,0,Q6581072,Q6581072,Q6581072,Female
Q26871071,0,Q6581097,Q6581097,Q6581097,Male
Q27031358,1,Q6581097,Q6581097,Q6581097,Male
Q27042649,0,Q6581097,Q6581097,Q6581097,Male
Q27042668,0,Q6581097,Q6581097,Q6581097,Male
Q27044167,0,Q6581072,Q6581072,Q6581072,Female
Q27064130,1,Q6581097,Q6581097,Q6581097,Male
Q27069192,0,Q6581097,Q6581097,Q6581097,Male
Q27071885,0,Q6581072,Q6581072,Q6581072,Female
Q27088016,0,Q6581097,Q6581097,Q6581097,Male
Q27431360,1,Q6581097,Q6581097,Q6581097,Male
Q27522870,1,Q6581097,Q6581097,Q6581097,Male
Q27527551,0,Q6581097,Q6581097,Q6581097,Male
Q27527557,0,Q6581097,Q6581097,Q6581097,Male
Q27528958,0,Q6581097,Q6581097,Q6581097,Male
Q27535291,1,Q6581072,Q6581072,Q6581072,Female
Q27559905,1,Q6581072,Q6581072,Q6581072,Female
Q27560202,0,Q6581072,Q6581072,Q6581072,Female
Q27567909,0,Q6581072,Q6581072,Q6581072,Female
Q27597758,0,Q6581072,Q6581072,Q6581072,Female
Q27597775,0,Q6581072,Q6581072,Q6581072,Female
Q27613120,0,Q6581097,Q6581097,Q6581097,Male
Q27613198,0,Q6581097,Q6581097,Q6581097,Male
Q27613215,0,Q6581097,Q6581097,Q6581097,Male
Q27676518,1,Q6581097,Q6581097,Q6581097,Male
Q27734368,0,Q6581072,Q6581072,Q6581072,Female
Q27805756,0,Q6581072,Q6581072,Q6581072,Female
Q27824734,0,Q6581072,Q6581072,Q6581072,Female
Q27826499,1,Q6581072,Q6581072,Q6581072,Female
Q27881106,0,Q6581072,Q6581072,Q6581072,Female
Q27881146,0,Q6581072,Q6581072,Q6581072,Female
Q27881158,0,Q6581072,Q6581072,Q6581072,Female
Q27881159,0,Q6581072,Q6581072,Q6581072,Female
Q27881170,0,Q6581072,Q6581072,Q6581072,Female
Q27881173,0,Q6581072,Q6581072,Q6581072,Female
Q27886511,0,Q6581097,Q6581097,Q6581097,Male
Q27886512,0,Q6581097,Q6581097,Q6581097,Male
Q27886574,0,Q6581097,Q6581097,Q6581097,Male
Q27929002,0,Q6581097,Q6581097,Q6581097,Male
Q27942321,0,Q6581097,Q6581097,Q6581097,Male
Q27955322,0,Q6581097,Q6581097,Q6581097,Male
Q27969244,0,Q6581097,Q6581097,Q6581097,Male
Q27983021,0,Q6581097,Q6581097,Q6581097,Male
Q27983032,0,Q6581097,Q6581097,Q6581097,Male
Q28028560,0,Q6581097,Q6581097,Q6581097,Male
Q28058345,0,Q6581097,Q6581097,Q6581097,Male
Q28098656,0,Q6581097,Q6581097,Q6581097,Male
Q28098895,0,Q6581097,Q6581097,Q6581097,Male
Q28099010,1,Q6581072,Q6581072,Q6581072,Female
Q28099011,0,Q6581072,Q6581072,Q6581072,Female
Q28099056,0,Q6581097,Q6581097,Q6581097,Male
Q28099311,0,Q6581072,Q6581072,Q6581072,Female
Q97608134,1,Q6581097,Q6581097,Q6581097,Male
Q97658781,0,Q6581097,Q6581097,Q6581097,Male
Q97659132,0,Q6581072,Q6581072,Q6581072,Female
Q97659480,1,Q6581072,Q6581072,Q6581072,Female
Q97660443,0,Q6581097,Q6581097,Q6581097,Male
Q97660490,0,Q6581072,Q6581072,Q6581072,Female
Q97660488,0,Q6581097,Q6581097,Q6581097,Male
Q97661541,1,Q6581072,Q6581072,Q6581072,Female
Q97664002,0,Q6581072,Q6581072,Q6581072,Female
Q97664063,1,Q6581097,Q6581097,Q6581097,Male
Q97664951,0,Q6581072,Q6581072,Q6581072,Female
Q97673383,0,Q6581072,Q6581072,Q6581072,Female
Q97673423,0,Q6581072,Q6581072,Q6581072,Female
Q97673452,0,Q6581072,Q6581072,Q6581072,Female
Q97673462,0,Q6581072,Q6581072,Q6581072,Female
Q97673460,1,Q6581072,Q6581072,Q6581072,Female
Q97673467,0,Q6581072,Q6581072,Q6581072,Female
Q97706912,0,Q6581072,Q6581072,Q6581072,Female
Q97707432,0,Q6581072,Q6581072,Q6581072,Female
Q97707479,0,Q6581072,Q6581072,Q6581072,Female
Q97707486,0,Q6581072,Q6581072,Q6581072,Female
Q97729809,0,Q6581072,Q6581072,Q6581072,Female
Q97729822,0,Q6581072,Q6581072,Q6581072,Female
Q97729834,0,Q6581072,Q6581072,Q6581072,Female
Q97730863,0,Q6581072,Q6581072,Q6581072,Female
Q97730865,0,Q6581072,Q6581072,Q6581072,Female
Q97731152,0,Q6581072,Q6581072,Q6581072,Female
Q97739414,0,Q6581072,Q6581072,Q6581072,Female
Q97744580,0,Q6581072,Q6581072,Q6581072,Female
Q97933427,0,Q6581072,Q6581072,Q6581072,Female
Q98048867,0,Q6581097,Q6581097,Q6581097,Male
Q98050070,0,Q6581097,Q6581097,Q6581097,Male
Q98050087,0,Q6581097,Q6581097,Q6581097,Male
Q98067597,0,Q6581072,Q6581072,Q6581072,Female
Q98070845,0,Q6581072,Q6581072,Q6581072,Female
Q98070863,0,Q6581072,Q6581072,Q6581072,Female
Q98070879,0,Q6581072,Q6581072,Q6581072,Female
Q98073053,1,Q6581097,Q6581097,Q6581097,Male
Q98073061,1,Q6581097,Q6581097,Q6581097,Male
Q98083614,0,Q6581072,Q6581072,Q6581072,Female
Q98085179,0,Q6581097,Q6581097,Q6581097,Male
Q98086241,0,Q6581072,Q6581072,Q6581072,Female
Q98086618,0,Q6581072,Q6581072,Q6581072,Female
Q98086620,0,Q6581072,Q6581072,Q6581072,Female
Q98088499,0,Q6581072,Q6581072,Q6581072,Female
Q98088497,0,Q6581072,Q6581072,Q6581072,Female
Q98088503,0,Q6581072,Q6581072,Q6581072,Female
Q98088500,0,Q6581072,Q6581072,Q6581072,Female
Q98088501,0,Q6581072,Q6581072,Q6581072,Female
Q98088507,0,Q6581072,Q6581072,Q6581072,Female
Q98088505,0,Q6581072,Q6581072,Q6581072,Female
Q98088510,0,Q6581072,Q6581072,Q6581072,Female
Q98088508,0,Q6581072,Q6581072,Q6581072,Female
Q98088514,0,Q6581072,Q6581072,Q6581072,Female
Q98088513,0,Q6581072,Q6581072,Q6581072,Female
Q98088519,0,Q6581072,Q6581072,Q6581072,Female
Q98088516,0,Q6581072,Q6581072,Q6581072,Female
Q98088517,0,Q6581072,Q6581072,Q6581072,Female
Q98088521,0,Q6581072,Q6581072,Q6581072,Female
Q98090548,0,Q6581072,Q6581072,Q6581072,Female
Q98090549,0,Q6581072,Q6581072,Q6581072,Female
Q98090554,0,Q6581072,Q6581072,Q6581072,Female
Q98090552,0,Q6581072,Q6581072,Q6581072,Female
Q98090558,0,Q6581072,Q6581072,Q6581072,Female
Q98090556,0,Q6581072,Q6581072,Q6581072,Female
Q98090562,0,Q6581072,Q6581072,Q6581072,Female
Q98090560,0,Q6581072,Q6581072,Q6581072,Female
Q98090564,0,Q6581072,Q6581072,Q6581072,Female
Q98090565,0,Q6581072,Q6581072,Q6581072,Female
Q98090571,0,Q6581072,Q6581072,Q6581072,Female
Q98090568,0,Q6581072,Q6581072,Q6581072,Female
Q98090569,0,Q6581072,Q6581072,Q6581072,Female
Q98090575,0,Q6581072,Q6581072,Q6581072,Female
Q98090573,0,Q6581072,Q6581072,Q6581072,Female
Q98090579,0,Q6581072,Q6581072,Q6581072,Female
Q98090606,0,Q6581072,Q6581072,Q6581072,Female
Q98090605,0,Q6581072,Q6581072,Q6581072,Female
Q98090611,0,Q6581072,Q6581072,Q6581072,Female
Q98090608,0,Q6581072,Q6581072,Q6581072,Female
Q98093378,0,Q6581072,Q6581072,Q6581072,Female
Q98098822,0,Q6581097,Q6581097,Q6581097,Male
Q98137496,1,Q6581097,Q6581097,Q6581097,Male
Q98195983,1,Q6581097,Q6581097,Q6581097,Male
Q98239677,0,Q6581072,Q6581072,Q6581072,Female
Q98239800,0,Q6581097,Q6581097,Q6581097,Male
Q98239886,0,Q6581097,Q6581097,Q6581097,Male
Q98271413,0,Q6581097,Q6581097,Q6581097,Male
Q99507904,0,Q6581072,Q6581072,Q6581072,Female
Q99508121,0,Q6581072,Q6581072,Q6581072,Female
Q99508508,0,Q6581097,Q6581097,Q6581097,Male
Q99510500,0,Q6581097,Q6581097,Q6581097,Male
Q99670670,0,Q6581072,Q6581072,Q6581072,Female
Q99693149,1,Q6581097,Q6581097,Q6581097,Male
Q99815930,0,Q6581072,Q6581072,Q6581072,Female
Q99873706,0,Q6581097,Q6581097,Q6581097,Male
Q99984159,0,Q6581097,Q6581097,Q6581097,Male
Q100146284,0,Q6581097,Q6581097,Q6581097,Male
Q100150916,1,Q6581097,Q6581097,Q6581097,Male
Q100238182,0,Q6581097,Q6581097,Q6581097,Male
Q100302056,0,Q6581097,Q6581097,Q6581097,Male
Q100322996,0,Q6581097,Q6581097,Q6581097,Male
Q100349589,1,Q6581097,Q6581097,Q6581097,Male
Q100360921,0,Q6581097,Q6581097,Q6581097,Male
Q100491486,0,Q6581072,Q6581072,Q6581072,Female
Q100791350,0,Q6581097,Q6581097,Q6581097,Male
Q100879037,0,Q6581097,Q6581097,Q6581097,Male
Q101003187,0,Q6581097,Q6581097,Q6581097,Male
Q101084098,0,,MISSING,MISSING,Missing P21
Q101096381,0,Q6581072,Q6581072,Q6581072,Female
Q101252410,0,Q6581097,Q6581097,Q6581097,Male
Q102046593,0,Q6581097,Q6581097,Q6581097,Male
Q102283818,1,Q6581097,Q6581097,Q6581097,Male
Q102297805,0,Q6581097,Q6581097,Q6581097,Male
Q102336724,0,Q6581097,Q6581097,Q6581097,Male
Q102404294,0,Q6581072,Q6581072,Q6581072,Female
Q102630079,0,Q6581097,Q6581097,Q6581097,Male
Q104127711,0,Q6581097,Q6581097,Q6581097,Male
Q104666036,0,Q6581072,Q6581072,Q6581072,Female
Q104670268,0,Q6581097,Q6581097,Q6581097,Male
Q104681291,1,Q6581097,Q6581097,Q6581097,Male
Q104817269,1,Q6581072,Q6581072,Q6581072,Female
Q104889568,0,Q6581097,Q6581097,Q6581097,Male
Q105046868,0,Q6581072,Q6581072,Q6581072,Female
Q105071156,0,Q6581097,Q6581097,Q6581097,Male
Q105230918,0,Q6581072,Q6581072,Q6581072,Female
Q105546497,0,Q6581097,Q6581097,Q6581097,Male
Q105551761,1,Q6581072,Q6581072,Q6581072,Female
Q105677696,0,Q6581097,Q6581097,Q6581097,Male
Q105692468,1,Q6581097,Q6581097,Q6581097,Male
Q105719026,0,Q6581072,Q6581072,Q6581072,Female
Q105719027,0,Q6581072,Q6581072,Q6581072,Female
Q105719032,0,Q6581072,Q6581072,Q6581072,Female
Q105793021,1,Q6581097,Q6581097,Q6581097,Male
Q105816400,0,Q6581097,Q6581097,Q6581097,Male
Q105820541,0,Q6581097,Q6581097,Q6581097,Male
Q105822118,0,Q6581097,Q6581097,Q6581097,Male
Q105888976,1,Q6581097,Q6581097,Q6581097,Male
Q105972660,0,Q6581097,Q6581097,Q6581097,Male
Q105994466,0,Q6581097,Q6581097,Q6581097,Male
Q106092617,0,Q6581097,Q6581097,Q6581097,Male
Q106235410,1,Q6581097,Q6581097,Q6581097,Male
Q106240062,1,Q6581097,Q6581097,Q6581097,Male
Q106243451,1,Q6581097,Q6581097,Q6581097,Male
Q106243735,0,Q6581097,Q6581097,Q6581097,Male
Q106243788,0,Q6581097,Q6581097,Q6581097,Male
Q106243818,0,Q6581097,Q6581097,Q6581097,Male
Q106243895,1,Q6581097,Q6581097,Q6581097,Male
Q106279536,0,Q6581097,Q6581097,Q6581097,Male
Q106293664,1,Q6581097,Q6581097,Q6581097,Male
Q106355193,0,Q6581097,Q6581097,Q6581097,Male
Q106416356,0,Q6581072,Q6581072,Q6581072,Female
Q106418189,0,Q6581097,Q6581097,Q6581097,Male
Q106474005,1,Q6581097,Q6581097,Q6581097,Male
Q106484278,0,Q6581097,Q6581097,Q6581097,Male
Q106497805,1,Q6581097,Q6581097,Q6581097,Male
Q106526362,0,Q6581097,Q6581097,Q6581097,Male
Q106548542,0,Q6581097,Q6581097,Q6581097,Male
Q106571892,0,Q6581097,Q6581097,Q6581097,Male
Q106580817,0,Q6581097,Q6581097,Q6581097,Male
Q106604808,1,Q6581097,Q6581097,Q6581097,Male
Q106612947,0,Q6581097,Q6581097,Q6581097,Male
Q106613669,0,Q6581097,Q6581097,Q6581097,Male
Q106614944,0,Q6581097,Q6581097,Q6581097,Male
Q106614957,0,Q6581097,Q6581097,Q6581097,Male
Q106614962,1,Q6581097,Q6581097,Q6581097,Male
Q106614965,0,Q6581097,Q6581097,Q6581097,Male
Q106620091,0,Q6581097,Q6581097,Q6581097,Male
Q106637249,0,Q6581097,Q6581097,Q6581097,Male
Q106637266,0,Q6581097,Q6581097,Q6581097,Male
Q106637299,0,Q6581097,Q6581097,Q6581097,Male
Q106651216,1,Q6581097,Q6581097,Q6581097,Male
Q106666046,0,Q6581097,Q6581097,Q6581097,Male
Q106765754,0,Q6581097,Q6581097,Q6581097,Male
Q106815358,0,Q6581097,Q6581097,Q6581097,Male
Q106898657,0,Q6581097,Q6581097,Q6581097,Male
Q106963325,0,Q6581097,Q6581097,Q6581097,Male
Q107012127,1,Q6581097,Q6581097,Q6581097,Male
Q107031343,0,Q6581097,Q6581097,Q6581097,Male
Q107031502,0,Q6581097,Q6581097,Q6581097,Male
Q107061485,0,Q6581097,Q6581097,Q6581097,Male
Q107076410,0,Q6581097,Q6581097,Q6581097,Male
Q107089589,0,Q6581097,Q6581097,Q6581097,Male
Q107100146,0,Q6581097,Q6581097,Q6581097,Male
Q107103335,0,Q6581097,Q6581097,Q6581097,Male
Q107103672,1,Q6581097,Q6581097,Q6581097,Male
Q107120177,1,Q6581097,Q6581097,Q6581097,Male
Q107129513,1,Q6581097,Q6581097,Q6581097,Male
Q107138661,1,Q6581097,Q6581097,Q6581097,Male
Q107208646,1,Q6581097,Q6581097,Q6581097,Male
Q107208652,0,Q6581097,Q6581097,Q6581097,Male
Q107208711,1,Q6581072,Q6581072,Q6581072,Female
Q107208717,0,Q6581097,Q6581097,Q6581097,Male
Q107295340,0,Q6581072,Q6581072,Q6581072,Female
Q107297566,1,Q6581097,Q6581097,Q6581097,Male
Q107369740,0,Q6581097,Q6581097,Q6581097,Male
Q107369829,1,Q6581072,Q6581072,Q6581072,Female
Q121391725,0,Q6581097,Q6581097,Q6581097,Male
Q121464874,0,Q6581072,Q6581072,Q6581072,Female
Q136485420,1,,MISSING,MISSING,Missing P21
Q136487713,0,Q6581097,Q6581097,Q6581097,Male
Q136504840,0,Q6581097,Q6581097,Q6581097,Male
Q136511219,1,Q6581097,Q6581097,Q6581097,Male
Q136515544,0,Q6581097,Q6581097,Q6581097,Male
Q136522166,0,Q6581072,Q6581072,Q6581072,Female
Q136531904,0,Q6581097,Q6581097,Q6581097,Male
Q136559623,0,,MISSING,MISSING,Missing P21
Q136559665,0,,MISSING,MISSING,Missing P21
Q136564869,0,Q6581097,Q6581097,Q6581097,Male
Q136565186,0,,MISSING,MISSING,Missing P21
Q136565226,1,,MISSING,MISSING,Missing P21
Q136608636,0,Q6581097,Q6581097,Q6581097,Male
Q136613070,0,Q6581097,Q6581097,Q6581097,Male
Q136614073,0,Q6581072,Q6581072,Q6581072,Female
Q136614746,0,Q6581072,Q6581072,Q6581072,Female
Q136614745,0,Q6581072,Q6581072,Q6581072,Female
Q136615702,0,Q6581072,Q6581072,Q6581072,Female
Q136615714,0,Q6581072,Q6581072,Q6581072,Female
Q136616355,0,Q6581072,Q6581072,Q6581072,Female
Q136616352,0,Q6581072,Q6581072,Q6581072,Female
Q136616353,0,Q6581072,Q6581072,Q6581072,Female
Q136625784,0,Q6581097,Q6581097,Q6581097,Male
Q136627579,0,Q6581097,Q6581097,Q6581097,Male
Q136664942,0,Q6581097,Q6581097,Q6581097,Male
Q136698127,0,Q6581097,Q6581097,Q6581097,Male
Q136699377,0,Q6581072,Q6581072,Q6581072,Female
Q136699398,0,Q6581097,Q6581097,Q6581097,Male
Q136699416,0,Q6581097,Q6581097,Q6581097,Male
Q136702553,0,,MISSING,MISSING,Missing P21
Q136705730,0,Q6581097,Q6581097,Q6581097,Male
Q136709208,0,Q6581097,Q6581097,Q6581097,Male
Q136724601,0,Q6581097,Q6581097,Q6581097,Male
Q136742608,1,,MISSING,MISSING,Missing P21
Q136747849,0,Q6581097,Q6581097,Q6581097,Male
Q136757556,0,Q6581097,Q6581097,Q6581097,Male
Q136757986,0,Q6581097,Q6581097,Q6581097,Male
Q136765175,0,Q6581097,Q6581097,Q6581097,Male
Q136805838,0,Q6581097,Q6581097,Q6581097,Male
Q136807277,1,,MISSING,MISSING,Missing P21
Q136813807,0,Q6581097,Q6581097,Q6581097,Male
Q136813813,0,Q6581097,Q6581097,Q6581097,Male
Q136813818,0,Q6581097,Q6581097,Q6581097,Male
Q136813821,0,Q6581097,Q6581097,Q6581097,Male
Q136813827,0,Q6581072,Q6581072,Q6581072,Female
Q136813868,0,Q6581097,Q6581097,Q6581097,Male
Q136813878,0,Q6581097,Q6581097,Q6581097,Male
Q136813886,0,Q6581097,Q6581097,Q6581097,Male
Q136813887,0,Q6581097,Q6581097,Q6581097,Male
Q136813897,0,Q6581097,Q6581097,Q6581097,Male
Q136813925,0,Q6581097,Q6581097,Q6581097,Male
Q136814043,0,Q6581097,Q6581097,Q6581097,Male
Q136814044,0,Q6581097,Q6581097,Q6581097,Male
Q136814097,0,Q6581097,Q6581097,Q6581097,Male
Q136815918,0,Q6581097,Q6581097,Q6581097,Male
Q136816248,0,Q6581097,Q6581097,Q6581097,Male
Q136817089,1,Q6581097,Q6581097,Q6581097,Male
Q136817299,0,Q6581097,Q6581097,Q6581097,Male
Q136817499,0,Q6581097,Q6581097,Q6581097,Male
Q136817504,0,Q6581097,Q6581097,Q6581097,Male
Q136825090,0,Q6581097,Q6581097,Q6581097,Male
Q136869049,0,Q6581097,Q6581097,Q6581097,Male
Q136890370,0,Q6581097,Q6581097,Q6581097,Male
Q136914094,0,Q6581097,Q6581097,Q6581097,Male
Q136925663,0,Q6581097,Q6581097,Q6581097,Male
Q136954238,1,,MISSING,MISSING,Missing P21
Q136955297,0,Q6581097,Q6581097,Q6581097,Male
Q136956033,1,,MISSING,MISSING,Missing P21
Q136996072,0,Q6581097,Q6581097,Q6581097,Male
Q137041549,0,,MISSING,MISSING,Missing P21
Q137041553,0,,MISSING,MISSING,Missing P21
Q137119764,0,Q6581097,Q6581097,Q6581097,Male
Q137192755,0,Q6581097,Q6581097,Q6581097,Male
Q137210530,0,Q6581097,Q6581097,Q6581097,Male
Q137217869,0,Q6581072,Q6581072,Q6581072,Female
Q137265252,1,Q6581097,Q6581097,Q6581097,Male
Q137270555,0,Q6581097,Q6581097,Q6581097,Male
Q137298646,1,Q6581097,Q6581097,Q6581097,Male
Q137301422,0,Q6581097,Q6581097,Q6581097,Male
Q137322253,0,Q6581097,Q6581097,Q6581097,Male
Q137362032,0,Q6581097,Q6581097,Q6581097,Male
Q137380418,1,Q6581097,Q6581097,Q6581097,Male
Q137382558,0,Q6581072,Q6581072,Q6581072,Female
Q137383873,0,Q6581097,Q6581097,Q6581097,Male
Q137395956,0,Q6581097,Q6581097,Q6581097,Male
Q137427464,0,Q6581072,Q6581072,Q6581072,Female
Q137427474,0,Q6581097,Q6581097,Q6581097,Male
Q137427751,0,Q6581097,Q6581097,Q6581097,Male
Q137449573,1,,MISSING,MISSING,Missing P21
Q137459359,0,Q6581097,Q6581097,Q6581097,Male
Q137460292,0,Q6581097,Q6581097,Q6581097,Male
Q137461849,0,Q6581097,Q6581097,Q6581097,Male
Q137490245,1,,MISSING,MISSING,Missing P21
Q137490554,1,,MISSING,MISSING,Missing P21
Q137512456,1,,MISSING,MISSING,Missing P21
Q137512595,0,,MISSING,MISSING,Missing P21
Q137534270,1,,MISSING,MISSING,Missing P21
Q137584633,0,Q6581097,Q6581097,Q6581097,Male
Q137584698,0,Q6581097,Q6581097,Q6581097,Male
Q137589458,0,Q6581097,Q6581097,Q6581097,Male
Q107371032,0,Q6581097,Q6581097,Q6581097,Male
Q107400902,0,Q6581097,Q6581097,Q6581097,Male
Q107407496,0,Q6581097,Q6581097,Q6581097,Male
Q116812809,0,Q6581072,Q6581072,Q6581072,Female
Q116812870,0,Q6581072,Q6581072,Q6581072,Female
Q116813278,0,Q6581072,Q6581072,Q6581072,Female
Q116848516,0,Q6581072,Q6581072,Q6581072,Female
Q116858608,0,Q6581097,Q6581097,Q6581097,Male
Q116873624,1,Q6581097,Q6581097,Q6581097,Male
Q116937180,0,,MISSING,MISSING,Missing P21
Q116960345,0,Q6581072,Q6581072,Q6581072,Female
Q116970141,0,Q6581097,Q6581097,Q6581097,Male
Q116970591,0,Q6581097,Q6581097,Q6581097,Male
Q116977270,0,Q6581072,Q6581072,Q6581072,Female
Q116979118,0,Q6581097,Q6581097,Q6581097,Male
Q116979311,0,Q6581097,Q6581097,Q6581097,Male
Q116979392,0,Q6581097,Q6581097,Q6581097,Male
Q116979433,0,Q6581097,Q6581097,Q6581097,Male
Q116983164,0,Q6581097,Q6581097,Q6581097,Male
Q117026466,0,Q6581097,Q6581097,Q6581097,Male
Q117038080,0,Q6581097,Q6581097,Q6581097,Male
Q117038737,0,Q6581097,Q6581097,Q6581097,Male
Q117038775,0,Q6581097,Q6581097,Q6581097,Male
Q117074498,0,Q6581072,Q6581072,Q6581072,Female
Q117087042,0,Q6581072,Q6581072,Q6581072,Female
Q117315121,0,Q6581097,Q6581097,Q6581097,Male
Q117319724,0,Q6581097,Q6581097,Q6581097,Male
Q117405116,0,Q6581072,Q6581072,Q6581072,Female
Q117453003,0,,MISSING,MISSING,Missing P21
Q117453441,0,,MISSING,MISSING,Missing P21
Q117453560,0,Q6581097,Q6581097,Q6581097,Male
Q117453609,0,,MISSING,MISSING,Missing P21
Q117453778,0,,MISSING,MISSING,Missing P21
Q117453801,0,,MISSING,MISSING,Missing P21
Q117453843,0,,MISSING,MISSING,Missing P21
Q117453981,0,,MISSING,MISSING,Missing P21
Q117454151,0,,MISSING,MISSING,Missing P21
Q117454284,0,,MISSING,MISSING,Missing P21
Q117461559,1,Q6581097,Q6581097,Q6581097,Male
Q117470177,1,Q6581072,Q6581072,Q6581072,Female
Q117748922,0,Q6581072,Q6581072,Q6581072,Female
Q117788237,0,Q6581097,Q6581097,Q6581097,Male
Q118121631,0,Q6581097,Q6581097,Q6581097,Male
Q118176657,0,Q6581097,Q6581097,Q6581097,Male
Q118342215,0,Q6581097,Q6581097,Q6581097,Male
Q118368585,0,Q6581097,Q6581097,Q6581097,Male
Q118368994,0,Q6581072,Q6581072,Q6581072,Female
Q118370056,0,Q6581097,Q6581097,Q6581097,Male
Q118371931,0,Q6581072,Q6581072,Q6581072,Female
Q118438749,0,Q6581097,Q6581097,Q6581097,Male
Q119066400,1,Q6581097,Q6581097,Q6581097,Male
Q119213613,0,Q6581097,Q6581097,Q6581097,Male
Q119216548,0,Q6581097,Q6581097,Q6581097,Male
Q119441737,0,Q6581072,Q6581072,Q6581072,Female
Q119443068,0,Q6581097,Q6581097,Q6581097,Male
Q119497324,1,Q6581097,Q6581097,Q6581097,Male
Q119505618,0,Q6581097,Q6581097,Q6581097,Male
Q119534540,0,Q6581097,Q6581097,Q6581097,Male
Q119576014,1,Q6581097,Q6581097,Q6581097,Male
Q119700956,0,Q6581072,Q6581072,Q6581072,Female
Q119793823,0,Q6581097,Q6581097,Q6581097,Male
Q119794990,0,Q6581097,Q6581097,Q6581097,Male
Q119810132,0,Q6581097,Q6581097,Q6581097,Male
Q119850409,0,Q6581072,Q6581072,Q6581072,Female
Q120263467,1,Q6581097,Q6581097,Q6581097,Male
Q120264573,0,Q6581097,Q6581097,Q6581097,Male
Q120265459,0,Q6581097,Q6581097,Q6581097,Male
Q120265725,1,Q6581097,Q6581097,Q6581097,Male
Q120266199,1,Q6581097,Q6581097,Q6581097,Male
Q120266204,0,Q6581097,Q6581097,Q6581097,Male
Q120266346,0,Q6581072,Q6581072,Q6581072,Female
Q120267337,0,Q6581097,Q6581097,Q6581097,Male
Q120267375,0,Q6581097,Q6581097,Q6581097,Male
Q120268723,0,Q6581097,Q6581097,Q6581097,Male
Q120268901,0,Q6581097,Q6581097,Q6581097,Male
Q120277635,1,Q6581072,Q6581072,Q6581072,Female
Q120277711,0,Q6581072,Q6581072,Q6581072,Female
Q120278440,0,Q6581097,Q6581097,Q6581097,Male
Q120279310,0,Q6581097,Q6581097,Q6581097,Male
Q120280525,0,Q6581097,Q6581097,Q6581097,Male
Q120280861,0,Q6581097,Q6581097,Q6581097,Male
Q120281022,0,Q6581097,Q6581097,Q6581097,Male
Q120281214,0,Q6581097,Q6581097,Q6581097,Male
Q120281413,0,Q6581097,Q6581097,Q6581097,Male
Q120333251,1,Q6581097,Q6581097,Q6581097,Male
Q120416156,1,Q6581097,Q6581097,Q6581097,Male
Q120488185,0,Q6581097,Q6581097,Q6581097,Male
Q120720727,0,Q6581097,Q6581097,Q6581097,Male
Q120721604,0,Q6581097,Q6581097,Q6581097,Male
Q120726011,0,Q6581097,Q6581097,Q6581097,Male
Q120728670,0,Q6581097,Q6581097,Q6581097,Male
Q120728669,0,Q6581097,Q6581097,Q6581097,Male
Q120757075,0,Q6581097,Q6581097,Q6581097,Male
Q120759952,0,Q6581072,Q6581072,Q6581072,Female
Q120759956,0,Q6581072,Q6581072,Q6581072,Female
Q120768174,0,Q6581097,Q6581097,Q6581097,Male
Q120783618,0,Q6581097,Q6581097,Q6581097,Male
Q4901647,0,Q6581072,Q6581072,Q6581072,Female
Q4937465,0,Q6581097,Q6581097,Q6581097,Male
Q4938954,1,Q6581097,Q6581097,Q6581097,Male
Q5016087,0,Q6581072,Q6581072,Q6581072,Female
Q39383079,0,Q6581097,Q6581097,Q6581097,Male
Q107424128,0,Q6581097,Q6581097,Q6581097,Male
Q107426307,0,Q6581097,Q6581097,Q6581097,Male
Q107429871,1,Q6581072,Q6581072,Q6581072,Female
Q107430942,1,Q6581072,Q6581072,Q6581072,Female
Q107462605,0,Q6581097,Q6581097,Q6581097,Male
Q107485020,1,Q6581097,Q6581097,Q6581097,Male
Q107494513,0,Q6581072,Q6581072,Q6581072,Female
Q107521219,0,Q6581097,Q6581097,Q6581097,Male
Q107568264,0,Q6581097,Q6581097,Q6581097,Male
Q107568541,0,Q6581097,Q6581097,Q6581097,Male
Q107579889,0,Q6581097,Q6581097,Q6581097,Male
Q107584899,0,Q6581097,Q6581097,Q6581097,Male
Q107585947,1,Q6581072,Q6581072,Q6581072,Female
Q107608234,0,Q6581097,Q6581097,Q6581097,Male
Q107616365,0,Q6581097,Q6581097,Q6581097,Male
Q107620401,0,Q6581097,Q6581097,Q6581097,Male
Q107620842,0,Q6581097,Q6581097,Q6581097,Male
Q107637292,1,Q6581097,Q6581097,Q6581097,Male
Q107643386,0,Q6581097,Q6581097,Q6581097,Male
Q107647363,0,Q6581072,Q6581072,Q6581072,Female
Q107648931,1,Q6581072,Q6581072,Q6581072,Female
Q107656382,0,Q6581072,Q6581072,Q6581072,Female
Q107672598,0,Q6581097,Q6581097,Q6581097,Male
Q107691379,0,Q6581072,Q6581072,Q6581072,Female
Q107735872,0,Q6581097,Q6581097,Q6581097,Male
Q107767314,0,Q6581097,Q6581097,Q6581097,Male
Q107767317,0,Q6581097,Q6581097,Q6581097,Male
Q107776488,0,Q6581097,Q6581097,Q6581097,Male
Q107779862,0,Q6581097,Q6581097,Q6581097,Male
Q107920659,1,Q6581072,Q6581072,Q6581072,Female
Q107964573,0,Q6581097,Q6581097,Q6581097,Male
Q107969263,0,Q6581072,Q6581072,Q6581072,Female
Q107976291,0,Q6581072,Q6581072,Q6581072,Female
Q107976672,0,Q6581072,Q6581072,Q6581072,Female
Q108046143,0,Q6581097,Q6581097,Q6581097,Male
Q108075808,0,Q6581072,Q6581072,Q6581072,Female
Q108103278,1,Q6581097,Q6581097,Q6581097,Male
Q108104657,1,Q6581097,Q6581097,Q6581097,Male
Q108115954,1,Q6581072,Q6581072,Q6581072,Female
Q108171901,0,Q6581097,Q6581097,Q6581097,Male
Q108171915,0,Q6581097,Q6581097,Q6581097,Male
Q108171942,0,Q6581097,Q6581097,Q6581097,Male
Q108198973,0,Q6581097,Q6581097,Q6581097,Male
Q108201342,0,Q6581097,Q6581097,Q6581097,Male
Q108201398,0,Q6581097,Q6581097,Q6581097,Male
Q108282407,0,Q6581097,Q6581097,Q6581097,Male
Q108283119,1,Q6581097,Q6581097,Q6581097,Male
Q108296807,0,Q6581097,Q6581097,Q6581097,Male
Q108306139,0,Q6581097,Q6581097,Q6581097,Male
Q108313382,0,Q6581072,Q6581072,Q6581072,Female
Q108321871,0,Q6581097,Q6581097,Q6581097,Male
Q108323399,0,Q6581072,Q6581072,Q6581072,Female
Q108363813,0,Q6581097,Q6581097,Q6581097,Male
Q108380369,1,Q6581097,Q6581097,Q6581097,Male
Q108380375,1,Q6581097,Q6581097,Q6581097,Male
Q108417629,0,Q6581072,Q6581072,Q6581072,Female
Q108444599,0,Q6581072,Q6581072,Q6581072,Female
Q108444818,0,Q6581072,Q6581072,Q6581072,Female
Q108454518,0,Q6581097,Q6581097,Q6581097,Male
Q108463265,1,Q6581072,Q6581072,Q6581072,Female
Q108766436,0,Q6581097,Q6581097,Q6581097,Male
Q108787130,1,Q6581097,Q6581097,Q6581097,Male
Q108793795,0,Q6581072,Q6581072,Q6581072,Female
Q108807437,0,Q6581097,Q6581097,Q6581097,Male
Q108837574,0,Q6581072,Q6581072,Q6581072,Female
Q108837645,0,Q6581097,Q6581097,Q6581097,Male
Q108876669,0,Q6581097,Q6581097,Q6581097,Male
Q108936240,0,Q6581097,Q6581097,Q6581097,Male
Q109258111,0,Q6581072,Q6581072,Q6581072,Female
Q109266164,0,Q6581097,Q6581097,Q6581097,Male
Q109338922,0,Q6581097,Q6581097,Q6581097,Male
Q109356681,0,Q6581072,Q6581072,Q6581072,Female
Q109356685,1,Q6581097,Q6581097,Q6581097,Male
Q109356689,0,Q6581097,Q6581097,Q6581097,Male
Q109381049,0,,MISSING,MISSING,Missing P21
Q109407016,1,Q6581097,Q6581097,Q6581097,Male
Q109409308,0,Q6581072,Q6581072,Q6581072,Female
Q109423653,0,Q6581097,Q6581097,Q6581097,Male
Q109452198,0,Q6581097,Q6581097,Q6581097,Male
Q109452216,0,Q6581097,Q6581097,Q6581097,Male
Q109452217,0,Q6581097,Q6581097,Q6581097,Male
Q109452589,0,Q6581097,Q6581097,Q6581097,Male
Q109452595,0,Q6581097,Q6581097,Q6581097,Male
Q109452604,0,Q6581097,Q6581097,Q6581097,Male
Q109452605,0,Q6581097,Q6581097,Q6581097,Male
Q109452608,1,Q6581097,Q6581097,Q6581097,Male
Q109452683,1,Q6581097,Q6581097,Q6581097,Male
Q109452684,0,Q6581097,Q6581097,Q6581097,Male
Q109452688,1,Q6581097,Q6581097,Q6581097,Male
Q109453066,0,Q6581097,Q6581097,Q6581097,Male
Q109453067,0,Q6581097,Q6581097,Q6581097,Male
Q109469546,0,Q6581072,Q6581072,Q6581072,Female
Q109470082,0,Q6581072,Q6581072,Q6581072,Female
Q109484660,0,Q6581072,Q6581072,Q6581072,Female
Q109484726,0,Q6581097,Q6581097,Q6581097,Male
Q109484885,0,Q6581097,Q6581097,Q6581097,Male
Q109485080,1,Q6581097,Q6581097,Q6581097,Male
Q109485212,0,Q6581097,Q6581097,Q6581097,Male
Q109485253,1,Q6581097,Q6581097,Q6581097,Male
Q109485750,0,Q6581097,Q6581097,Q6581097,Male
Q109485945,1,Q6581097,Q6581097,Q6581097,Male
Q109486643,0,Q6581097,Q6581097,Q6581097,Male
Q109486755,0,Q6581097,Q6581097,Q6581097,Male
Q109486826,0,Q6581072,Q6581072,Q6581072,Female
Q109487277,0,Q6581097,Q6581097,Q6581097,Male
Q109487282,0,Q6581097,Q6581097,Q6581097,Male
Q109487382,0,Q6581097,Q6581097,Q6581097,Male
Q109487405,0,Q6581097,Q6581097,Q6581097,Male
Q109487486,0,Q6581097,Q6581097,Q6581097,Male
Q109487634,0,Q6581097,Q6581097,Q6581097,Male
Q109487678,0,Q6581097,Q6581097,Q6581097,Male
Q109487788,1,Q6581072,Q6581072,Q6581072,Female
Q109487789,0,Q6581097,Q6581097,Q6581097,Male
Q109487792,0,Q6581097,Q6581097,Q6581097,Male
Q109487876,0,Q6581097,Q6581097,Q6581097,Male
Q109488211,0,Q6581097,Q6581097,Q6581097,Male
Q109488349,1,Q6581097,Q6581097,Q6581097,Male
Q109488604,0,Q6581072,Q6581072,Q6581072,Female
Q109488643,0,Q6581097,Q6581097,Q6581097,Male
Q109488916,0,Q6581097,Q6581097,Q6581097,Male
Q109489785,0,Q6581097,Q6581097,Q6581097,Male
Q109489845,0,Q6581097,Q6581097,Q6581097,Male
Q109490055,1,Q6581072,Q6581072,Q6581072,Female
Q109490197,1,Q6581072,Q6581072,Q6581072,Female
Q109490226,0,Q6581097,Q6581097,Q6581097,Male
Q109490370,0,Q6581097,Q6581097,Q6581097,Male
Q109490386,0,Q6581097,Q6581097,Q6581097,Male
Q109491336,0,Q6581097,Q6581097,Q6581097,Male
Q109491667,0,Q6581097,Q6581097,Q6581097,Male
Q109492386,1,Q6581097,Q6581097,Q6581097,Male
Q109492459,0,Q6581097,Q6581097,Q6581097,Male
Q109492571,0,Q6581097,Q6581097,Q6581097,Male
Q109492781,0,Q6581072,Q6581072,Q6581072,Female
Q109492954,0,Q6581097,Q6581097,Q6581097,Male
Q109492952,0,Q6581097,Q6581097,Q6581097,Male
Q109493190,0,Q6581097,Q6581097,Q6581097,Male
Q109493659,0,Q6581097,Q6581097,Q6581097,Male
Q109493842,1,Q6581097,Q6581097,Q6581097,Male
Q109493950,1,Q6581072,Q6581072,Q6581072,Female
Q109493971,1,Q6581097,Q6581097,Q6581097,Male
Q109494332,0,Q6581097,Q6581097,Q6581097,Male
Q109494854,0,Q6581097,Q6581097,Q6581097,Male
Q109495457,1,Q6581097,Q6581097,Q6581097,Male
Q109495821,0,Q6581097,Q6581097,Q6581097,Male
Q109495988,0,Q6581097,Q6581097,Q6581097,Male
Q109499085,0,Q6581097,Q6581097,Q6581097,Male
Q109502181,0,Q6581097,Q6581097,Q6581097,Male
Q109514106,0,Q6581097,Q6581097,Q6581097,Male
Q109518253,0,Q6581097,Q6581097,Q6581097,Male
Q109545594,0,Q6581097,Q6581097,Q6581097,Male
Q109563001,1,Q6581072,Q6581072,Q6581072,Female
Q109649067,0,Q6581097,Q6581097,Q6581097,Male
Q109658698,0,Q6581097,Q6581097,Q6581097,Male
Q109769406,0,Q6581072,Q6581072,Q6581072,Female
Q109907285,0,Q6581072,Q6581072,Q6581072,Female
Q109908529,0,Q6581072,Q6581072,Q6581072,Female
Q110114037,1,Q6581097,Q6581097,Q6581097,Male
Q110114060,1,Q6581072,Q6581072,Q6581072,Female
Q110114130,1,Q6581097,Q6581097,Q6581097,Male
Q110114293,1,Q6581097,Q6581097,Q6581097,Male
Q110116486,1,Q6581097,Q6581097,Q6581097,Male
Q110116535,1,Q6581097,Q6581097,Q6581097,Male
Q110116574,1,Q6581097,Q6581097,Q6581097,Male
Q110118112,0,,MISSING,MISSING,Missing P21
Q110245195,0,Q6581097,Q6581097,Q6581097,Male
Q110251032,0,Q6581097,Q6581097,Q6581097,Male
Q110252460,0,Q6581072,Q6581072,Q6581072,Female
Q110269905,0,Q6581072,Q6581072,Q6581072,Female
Q110287122,0,Q6581097,Q6581097,Q6581097,Male
Q110357540,0,Q6581072,Q6581072,Q6581072,Female
Q110403853,0,Q6581097,Q6581097,Q6581097,Male
Q110434889,1,Q6581097,Q6581097,Q6581097,Male
Q110435609,0,Q6581097,Q6581097,Q6581097,Male
Q110438140,0,Q6581097,Q6581097,Q6581097,Male
Q110481927,1,Q6581097,Q6581097,Q6581097,Male
Q110529924,1,Q6581097,Q6581097,Q6581097,Male
Q110538671,0,Q6581072,Q6581072,Q6581072,Female
Q110556854,1,Q6581072,Q6581072,Q6581072,Female
Q110580558,0,Q6581097,Q6581097,Q6581097,Male
Q110584294,0,Q6581072,Q6581072,Q6581072,Female
Q110590136,1,Q6581097,Q6581097,Q6581097,Male
Q110632143,0,Q6581097,Q6581097,Q6581097,Male
Q110695520,0,Q6581072,Q6581072,Q6581072,Female
Q110721782,1,Q6581097,Q6581097,Q6581097,Male
Q110779673,0,Q6581097,Q6581097,Q6581097,Male
Q110814229,0,Q6581072,Q6581072,Q6581072,Female
Q110818863,0,Q6581097,Q6581097,Q6581097,Male
Q110825847,1,Q6581097,Q6581097,Q6581097,Male
Q110872289,0,Q6581097,Q6581097,Q6581097,Male
Q110872491,0,Q6581097,Q6581097,Q6581097,Male
Q110872512,0,Q6581097,Q6581097,Q6581097,Male
Q110872621,0,Q6581097,Q6581097,Q6581097,Male
Q110899937,1,Q6581097,Q6581097,Q6581097,Male
Q110901037,1,Q6581097,Q6581097,Q6581097,Male
Q110910581,1,Q6581097,Q6581097,Q6581097,Male
Q110910968,1,Q6581097,Q6581097,Q6581097,Male
Q110918271,1,Q6581097,Q6581097,Q6581097,Male
Q110933728,0,Q6581097,Q6581097,Q6581097,Male
Q110940886,1,Q6581097,Q6581097,Q6581097,Male
Q110949341,1,Q6581097,Q6581097,Q6581097,Male
Q110955574,0,Q6581097,Q6581097,Q6581097,Male
Q110970393,0,Q6581097,Q6581097,Q6581097,Male
Q110970411,0,Q6581097,Q6581097,Q6581097,Male
Q110972525,0,Q6581097,Q6581097,Q6581097,Male
Q110983635,0,Q6581072,Q6581072,Q6581072,Female
Q110992629,0,Q6581097,Q6581097,Q6581097,Male
Q111009909,1,Q6581097,Q6581097,Q6581097,Male
Q111017795,0,Q6581097,Q6581097,Q6581097,Male
Q111032969,0,Q6581097,Q6581097,Q6581097,Male
Q111064086,0,Q6581097,Q6581097,Q6581097,Male
Q111081927,0,Q6581097,Q6581097,Q6581097,Male
Q111194688,0,Q6581097,Q6581097,Q6581097,Male
Q111203333,0,Q6581097,Q6581097,Q6581097,Male
Q111203849,0,Q6581097,Q6581097,Q6581097,Male
Q111204030,0,Q6581097,Q6581097,Q6581097,Male
Q111204155,1,Q6581097,Q6581097,Q6581097,Male
Q111205481,1,Q6581097,Q6581097,Q6581097,Male
Q111219121,1,Q6581097,Q6581097,Q6581097,Male
Q111237789,1,Q6581097,Q6581097,Q6581097,Male
Q111239725,1,Q6581097,Q6581097,Q6581097,Male
Q111241503,1,Q6581097,Q6581097,Q6581097,Male
Q111241663,1,Q6581097,Q6581097,Q6581097,Male
Q111248736,0,Q6581097,Q6581097,Q6581097,Male
Q111251484,0,Q6581072,Q6581072,Q6581072,Female
Q111252256,0,Q6581072,Q6581072,Q6581072,Female
Q111255264,0,Q6581097,Q6581097,Q6581097,Male
Q111263559,0,Q6581097,Q6581097,Q6581097,Male
Q111269797,0,Q6581097,Q6581097,Q6581097,Male
Q111281214,1,Q6581097,Q6581097,Q6581097,Male
Q111281389,0,Q6581072,Q6581072,Q6581072,Female
Q111281398,0,Q6581097,Q6581097,Q6581097,Male
Q111281553,0,Q6581097,Q6581097,Q6581097,Male
Q111283889,0,Q6581097,Q6581097,Q6581097,Male
Q111284748,0,Q6581097,Q6581097,Q6581097,Male
Q111285542,0,Q6581097,Q6581097,Q6581097,Male
Q111286568,1,Q6581097,Q6581097,Q6581097,Male
Q111295980,0,Q6581097,Q6581097,Q6581097,Male
Q111302461,0,Q6581097,Q6581097,Q6581097,Male
Q111307686,0,Q6581097,Q6581097,Q6581097,Male
Q111310711,0,Q6581097,Q6581097,Q6581097,Male
Q111312173,0,Q6581097,Q6581097,Q6581097,Male
Q111317374,1,Q6581097,Q6581097,Q6581097,Male
Q111317666,1,Q6581097,Q6581097,Q6581097,Male
Q111335262,1,Q6581097,Q6581097,Q6581097,Male
Q111335865,0,Q6581097,Q6581097,Q6581097,Male
Q111337863,0,Q6581097,Q6581097,Q6581097,Male
Q111338018,0,Q6581097,Q6581097,Q6581097,Male
Q111338072,0,Q6581097,Q6581097,Q6581097,Male
Q111346317,0,Q6581097,Q6581097,Q6581097,Male
Q111346872,0,Q6581097,Q6581097,Q6581097,Male
Q111349245,0,Q6581097,Q6581097,Q6581097,Male
Q111356048,0,Q6581097,Q6581097,Q6581097,Male
Q111356181,0,Q6581097,Q6581097,Q6581097,Male
Q111359604,0,Q6581097,Q6581097,Q6581097,Male
Q111359788,0,Q6581097,Q6581097,Q6581097,Male
Q111360314,0,Q6581097,Q6581097,Q6581097,Male
Q111360425,0,Q6581097,Q6581097,Q6581097,Male
Q111366068,0,Q6581097,Q6581097,Q6581097,Male
Q111366379,0,Q6581097,Q6581097,Q6581097,Male
Q111366499,0,Q6581097,Q6581097,Q6581097,Male
Q111372382,0,Q6581097,Q6581097,Q6581097,Male
Q111372428,0,Q6581097,Q6581097,Q6581097,Male
Q111384094,0,Q6581097,Q6581097,Q6581097,Male
Q111384221,0,Q6581097,Q6581097,Q6581097,Male
Q111384360,0,Q6581097,Q6581097,Q6581097,Male
Q111394360,0,Q6581097,Q6581097,Q6581097,Male
Q111396039,0,Q6581097,Q6581097,Q6581097,Male
Q111411754,0,Q6581097,Q6581097,Q6581097,Male
Q111437123,0,Q6581097,Q6581097,Q6581097,Male
Q111437250,0,Q6581097,Q6581097,Q6581097,Male
Q111438502,0,Q6581097,Q6581097,Q6581097,Male
Q111438562,0,Q6581097,Q6581097,Q6581097,Male
Q111438681,0,Q6581097,Q6581097,Q6581097,Male
Q111467470,0,Q6581072,Q6581072,Q6581072,Female
Q111473160,0,Q6581072,Q6581072,Q6581072,Female
Q111473810,0,Q6581097,Q6581097,Q6581097,Male
Q111488719,0,Q6581097,Q6581097,Q6581097,Male
Q111534385,0,Q6581097,Q6581097,Q6581097,Male
Q111538776,0,Q6581097,Q6581097,Q6581097,Male
Q111549401,1,Q6581097,Q6581097,Q6581097,Male
Q111567742,1,Q6581097,Q6581097,Q6581097,Male
Q111575747,0,Q6581097,Q6581097,Q6581097,Male
Q111584968,0,Q6581097,Q6581097,Q6581097,Male
Q111589646,0,Q6581097,Q6581097,Q6581097,Male
Q111678297,0,Q6581097,Q6581097,Q6581097,Male
Q111692846,0,Q6581097,Q6581097,Q6581097,Male
Q111693574,1,Q6581097,Q6581097,Q6581097,Male
Q111693674,0,Q6581097,Q6581097,Q6581097,Male
Q111698970,0,Q6581097,Q6581097,Q6581097,Male
Q111709181,1,Q6581097,Q6581097,Q6581097,Male
Q111817763,0,Q6581072,Q6581072,Q6581072,Female
Q111822284,0,Q6581097,Q6581097,Q6581097,Male
Q111828290,0,Q6581072,Q6581072,Q6581072,Female
Q111848652,0,Q6581097,Q6581097,Q6581097,Male
Q111906837,0,Q6581097,Q6581097,Q6581097,Male
Q111988653,0,Q6581097,Q6581097,Q6581097,Male
Q112031288,0,Q6581097,Q6581097,Q6581097,Male
Q112107653,0,Q6581097,Q6581097,Q6581097,Male
Q112112856,0,Q6581097,Q6581097,Q6581097,Male
Q112118352,0,Q6581097,Q6581097,Q6581097,Male
Q123504247,0,Q6581072,Q6581072,Q6581072,Female
Q123504250,0,Q6581072,Q6581072,Q6581072,Female
Q123504251,0,Q6581072,Q6581072,Q6581072,Female
Q123504248,0,Q6581072,Q6581072,Q6581072,Female
Q123504254,0,Q6581072,Q6581072,Q6581072,Female
Q123504255,0,Q6581097,Q6581097,Q6581097,Male
Q123504252,0,Q6581097,Q6581097,Q6581097,Male
Q123504253,0,Q6581097,Q6581097,Q6581097,Male
Q123504258,0,Q6581097,Q6581097,Q6581097,Male
Q123504259,0,Q6581072,Q6581072,Q6581072,Female
Q123504256,0,Q6581072,Q6581072,Q6581072,Female
Q123504257,0,Q6581097,Q6581097,Q6581097,Male
Q123504262,0,Q6581097,Q6581097,Q6581097,Male
Q123504263,0,Q6581072,Q6581072,Q6581072,Female
Q123504260,0,Q6581097,Q6581097,Q6581097,Male
Q123504261,0,Q6581097,Q6581097,Q6581097,Male
Q123504266,0,Q6581097,Q6581097,Q6581097,Male
Q123504267,0,Q6581072,Q6581072,Q6581072,Female
Q123504264,0,Q6581097,Q6581097,Q6581097,Male
Q123504265,0,Q6581072,Q6581072,Q6581072,Female
Q123504270,0,Q6581097,Q6581097,Q6581097,Male
Q123504271,0,Q6581097,Q6581097,Q6581097,Male
Q123504268,0,Q6581097,Q6581097,Q6581097,Male
Q123504269,0,Q6581072,Q6581072,Q6581072,Female
Q123504274,0,Q6581072,Q6581072,Q6581072,Female
Q123504275,0,Q6581072,Q6581072,Q6581072,Female
Q123504272,0,Q6581097,Q6581097,Q6581097,Male
Q123504278,0,Q6581097,Q6581097,Q6581097,Male
Q123504279,0,Q6581072,Q6581072,Q6581072,Female
Q123504276,0,Q6581097,Q6581097,Q6581097,Male
Q123504277,0,Q6581072,Q6581072,Q6581072,Female
Q123504282,0,Q6581097,Q6581097,Q6581097,Male
Q123504283,0,Q6581097,Q6581097,Q6581097,Male
Q123504280,0,Q6581072,Q6581072,Q6581072,Female
Q123504281,0,Q6581097,Q6581097,Q6581097,Male
Q123504286,0,Q6581097,Q6581097,Q6581097,Male
Q123504287,0,Q6581072,Q6581072,Q6581072,Female
Q123504284,0,Q6581097,Q6581097,Q6581097,Male
Q123504285,0,Q6581072,Q6581072,Q6581072,Female
Q123504290,0,Q6581097,Q6581097,Q6581097,Male
Q123504291,0,Q6581072,Q6581072,Q6581072,Female
Q123504288,0,Q6581072,Q6581072,Q6581072,Female
Q123504289,0,Q6581097,Q6581097,Q6581097,Male
Q123504294,0,Q6581097,Q6581097,Q6581097,Male
Q123504292,0,Q6581072,Q6581072,Q6581072,Female
Q123504293,0,Q6581097,Q6581097,Q6581097,Male
Q123504296,0,Q6581097,Q6581097,Q6581097,Male
Q123504297,0,Q6581097,Q6581097,Q6581097,Male
Q123504302,0,Q6581072,Q6581072,Q6581072,Female
Q123504303,0,Q6581072,Q6581072,Q6581072,Female
Q123504301,0,Q6581097,Q6581097,Q6581097,Male
Q123504306,0,Q6581097,Q6581097,Q6581097,Male
Q123504307,0,Q6581097,Q6581097,Q6581097,Male
Q123504310,0,Q6581097,Q6581097,Q6581097,Male
Q123504311,0,Q6581097,Q6581097,Q6581097,Male
Q123504309,0,Q6581097,Q6581097,Q6581097,Male
Q123504314,0,Q6581097,Q6581097,Q6581097,Male
Q123504315,0,Q6581097,Q6581097,Q6581097,Male
Q123504312,0,Q6581072,Q6581072,Q6581072,Female
Q123504313,0,Q6581072,Q6581072,Q6581072,Female
Q123504318,0,Q6581097,Q6581097,Q6581097,Male
Q123504319,0,Q6581097,Q6581097,Q6581097,Male
Q123504316,0,Q6581072,Q6581072,Q6581072,Female
Q123504317,0,Q6581097,Q6581097,Q6581097,Male
Q123504322,0,Q6581097,Q6581097,Q6581097,Male
Q123504323,0,Q6581097,Q6581097,Q6581097,Male
Q123504320,0,Q6581097,Q6581097,Q6581097,Male
Q123504321,0,Q6581072,Q6581072,Q6581072,Female
Q123504324,0,Q6581097,Q6581097,Q6581097,Male
Q123505270,0,Q6581072,Q6581072,Q6581072,Female
Q123505271,0,Q6581097,Q6581097,Q6581097,Male
Q123505268,0,Q6581097,Q6581097,Q6581097,Male
Q123505269,0,Q6581097,Q6581097,Q6581097,Male
Q123505274,0,Q6581097,Q6581097,Q6581097,Male
Q123505275,0,Q6581072,Q6581072,Q6581072,Female
Q123505272,0,Q6581097,Q6581097,Q6581097,Male
Q123505273,0,Q6581097,Q6581097,Q6581097,Male
Q123505278,0,Q6581097,Q6581097,Q6581097,Male
Q123505279,0,Q6581072,Q6581072,Q6581072,Female
Q123505276,0,Q6581097,Q6581097,Q6581097,Male
Q123505277,0,Q6581072,Q6581072,Q6581072,Female
Q123505282,0,Q6581097,Q6581097,Q6581097,Male
Q123505283,0,Q6581097,Q6581097,Q6581097,Male
Q123505280,0,Q6581097,Q6581097,Q6581097,Male
Q123505281,0,Q6581097,Q6581097,Q6581097,Male
Q123505286,0,Q6581097,Q6581097,Q6581097,Male
Q123505287,0,Q6581097,Q6581097,Q6581097,Male
Q123505284,0,Q6581097,Q6581097,Q6581097,Male
Q123505285,0,Q6581072,Q6581072,Q6581072,Female
Q123505291,0,Q6581072,Q6581072,Q6581072,Female
Q123505288,0,Q6581097,Q6581097,Q6581097,Male
Q123505289,0,Q6581097,Q6581097,Q6581097,Male
Q123514167,0,Q6581097,Q6581097,Q6581097,Male
Q123553054,0,Q6581097,Q6581097,Q6581097,Male
Q123553065,0,Q6581097,Q6581097,Q6581097,Male
Q123735173,1,Q6581097,Q6581097,Q6581097,Male
Q123909225,0,Q6581097,Q6581097,Q6581097,Male
Q123938382,1,Q6581097,Q6581097,Q6581097,Male
Q123945441,0,Q6581072,Q6581072,Q6581072,Female
Q123972835,0,Q6581072,Q6581072,Q6581072,Female
Q124034046,0,Q6581097,Q6581097,Q6581097,Male
Q124035209,0,Q6581097,Q6581097,Q6581097,Male
Q124248767,0,Q6581097,Q6581097,Q6581097,Male
Q124248770,0,Q6581097,Q6581097,Q6581097,Male
Q124248771,0,Q6581097,Q6581097,Q6581097,Male
Q124248782,0,Q6581097,Q6581097,Q6581097,Male
Q124248781,0,Q6581097,Q6581097,Q6581097,Male
Q124249133,1,Q6581097,Q6581097,Q6581097,Male
Q124249344,0,Q6581097,Q6581097,Q6581097,Male
Q124249354,0,Q6581097,Q6581097,Q6581097,Male
Q124249352,0,Q6581097,Q6581097,Q6581097,Male
Q124255650,0,Q6581072,Q6581072,Q6581072,Female
Q124255649,0,Q6581072,Q6581072,Q6581072,Female
Q124255652,0,Q6581072,Q6581072,Q6581072,Female
Q124255661,0,Q6581072,Q6581072,Q6581072,Female
Q124255666,0,Q6581072,Q6581072,Q6581072,Female
Q124259330,0,Q6581097,Q6581097,Q6581097,Male
Q124287722,0,Q6581097,Q6581097,Q6581097,Male
Q124287721,0,Q6581097,Q6581097,Q6581097,Male
Q124287727,0,Q6581097,Q6581097,Q6581097,Male
Q124287754,0,Q6581097,Q6581097,Q6581097,Male
Q124289564,0,Q6581097,Q6581097,Q6581097,Male
Q124289823,0,Q6581097,Q6581097,Q6581097,Male
Q124290103,0,Q6581097,Q6581097,Q6581097,Male
Q124314491,0,Q6581097,Q6581097,Q6581097,Male
Q124316390,0,Q6581097,Q6581097,Q6581097,Male
Q124322552,0,Q6581072,Q6581072,Q6581072,Female
Q124323417,0,Q6581097,Q6581097,Q6581097,Male
Q124353680,1,Q6581097,Q6581097,Q6581097,Male
Q124360923,0,Q6581097,Q6581097,Q6581097,Male
Q124424106,0,Q6581097,Q6581097,Q6581097,Male
Q124436646,1,Q6581097,Q6581097,Q6581097,Male
Q124468046,1,Q6581097,Q6581097,Q6581097,Male
Q124468072,1,Q6581072,Q6581072,Q6581072,Female
Q124528454,0,Q6581072,Q6581072,Q6581072,Female
Q124544988,0,Q6581097,Q6581097,Q6581097,Male
Q124556055,0,Q6581072,Q6581072,Q6581072,Female
Q124562020,0,Q6581097,Q6581097,Q6581097,Male
Q124568874,0,Q6581097,Q6581097,Q6581097,Male
Q124616827,0,Q6581072,Q6581072,Q6581072,Female
Q124616956,0,Q6581072,Q6581072,Q6581072,Female
Q124617021,0,Q6581072,Q6581072,Q6581072,Female
Q124617038,0,Q6581072,Q6581072,Q6581072,Female
Q124630789,0,Q6581097,Q6581097,Q6581097,Male
Q124632044,0,Q6581072,Q6581072,Q6581072,Female
Q124634544,0,Q6581072,Q6581072,Q6581072,Female
Q124634629,0,Q6581072,Q6581072,Q6581072,Female
Q124634641,0,Q6581072,Q6581072,Q6581072,Female
Q124634665,0,Q6581072,Q6581072,Q6581072,Female
Q124634677,0,Q6581072,Q6581072,Q6581072,Female
Q124634754,0,Q6581072,Q6581072,Q6581072,Female
Q124634807,0,Q6581072,Q6581072,Q6581072,Female
Q124634826,0,Q6581072,Q6581072,Q6581072,Female
Q124634982,0,Q6581072,Q6581072,Q6581072,Female
Q124635016,0,Q6581072,Q6581072,Q6581072,Female
Q124635059,0,Q6581072,Q6581072,Q6581072,Female
Q124654053,0,Q6581097,Q6581097,Q6581097,Male
Q124657399,0,Q6581072,Q6581072,Q6581072,Female
Q124709907,0,Q6581097,Q6581097,Q6581097,Male
Q124710113,0,Q6581097,Q6581097,Q6581097,Male
Q124712327,0,Q6581097,Q6581097,Q6581097,Male
Q124721208,0,Q6581072,Q6581072,Q6581072,Female
Q124735904,1,Q6581097,Q6581097,Q6581097,Male
Q124742279,0,Q6581072,Q6581072,Q6581072,Female
Q124752019,0,Q6581097,Q6581097,Q6581097,Male
Q124752166,0,Q6581097,Q6581097,Q6581097,Male
Q124752192,0,Q6581072,Q6581072,Q6581072,Female
Q124753709,1,,MISSING,MISSING,Missing P21
Q124754241,0,Q6581097,Q6581097,Q6581097,Male
Q124754279,0,Q6581097,Q6581097,Q6581097,Male
Q124754646,0,Q6581072,Q6581072,Q6581072,Female
Q124754648,0,Q6581097,Q6581097,Q6581097,Male
Q124754740,0,Q6581097,Q6581097,Q6581097,Male
Q124754752,0,Q6581097,Q6581097,Q6581097,Male
Q124755927,0,Q6581097,Q6581097,Q6581097,Male
Q124769193,0,Q6581097,Q6581097,Q6581097,Male
Q124769622,0,Q6581097,Q6581097,Q6581097,Male
Q124770586,0,Q6581097,Q6581097,Q6581097,Male
Q124770646,1,Q6581097,Q6581097,Q6581097,Male
Q124771085,0,Q6581097,Q6581097,Q6581097,Male
Q124771167,0,Q6581097,Q6581097,Q6581097,Male
Q124771340,0,Q6581097,Q6581097,Q6581097,Male
Q124771362,0,Q6581097,Q6581097,Q6581097,Male
Q124784919,0,Q6581097,Q6581097,Q6581097,Male
Q124785273,0,Q6581072,Q6581072,Q6581072,Female
Q124790647,0,Q6581072,Q6581072,Q6581072,Female
Q124819236,0,Q6581097,Q6581097,Q6581097,Male
Q124819578,0,Q6581097,Q6581097,Q6581097,Male
Q124820198,0,Q6581097,Q6581097,Q6581097,Male
Q124838874,0,Q6581097,Q6581097,Q6581097,Male
Q124864791,0,Q6581097,Q6581097,Q6581097,Male
Q124911273,0,Q6581072,Q6581072,Q6581072,Female
Q124912899,0,Q6581072,Q6581072,Q6581072,Female
Q124945095,0,Q6581097,Q6581097,Q6581097,Male
Q125007973,0,Q6581097,Q6581097,Q6581097,Male
Q125133733,0,Q6581072,Q6581072,Q6581072,Female
Q125181979,0,Q6581097,Q6581097,Q6581097,Male
Q125189387,0,Q6581072,Q6581072,Q6581072,Female
Q125287418,0,Q6581072,Q6581072,Q6581072,Female
Q125369918,0,Q6581072,Q6581072,Q6581072,Female
Q137592261,0,Q6581097,Q6581097,Q6581097,Male
Q137592272,0,Q6581097,Q6581097,Q6581097,Male
Q137592341,0,Q6581097,Q6581097,Q6581097,Male
Q137592751,0,Q6581072,Q6581072,Q6581072,Female
Q137592818,0,Q6581097,Q6581097,Q6581097,Male
Q137599421,1,,MISSING,MISSING,Missing P21
Q137599482,1,,MISSING,MISSING,Missing P21
Q137599568,1,,MISSING,MISSING,Missing P21
Q137599656,1,,MISSING,MISSING,Missing P21
Q137605752,1,Q6581097,Q6581097,Q6581097,Male
Q137612754,0,Q6581097,Q6581097,Q6581097,Male
Q137612789,0,Q6581097,Q6581097,Q6581097,Male
Q137641011,0,Q6581097,Q6581097,Q6581097,Male
Q137646910,1,,MISSING,MISSING,Missing P21
Q137659838,0,Q6581097,Q6581097,Q6581097,Male
Q137660475,1,Q6581097,Q6581097,Q6581097,Male
Q137665715,0,Q6581097,Q6581097,Q6581097,Male
Q137668829,0,Q6581097,Q6581097,Q6581097,Male
Q137669008,1,,MISSING,MISSING,Missing P21
Q137672708,0,Q6581097,Q6581097,Q6581097,Male
Q137676178,0,Q6581097,Q6581097,Q6581097,Male
Q137696235,0,Q6581072,Q6581072,Q6581072,Female
Q137696943,0,Q6581097,Q6581097,Q6581097,Male
Q137696952,0,Q6581097,Q6581097,Q6581097,Male
Q137697394,1,Q6581072,Q6581072,Q6581072,Female
Q137711654,0,Q6581097,Q6581097,Q6581097,Male
Q137719722,1,,MISSING,MISSING,Missing P21
Q137723312,0,,MISSING,MISSING,Missing P21
Q137738855,0,Q6581097,Q6581097,Q6581097,Male
Q137754953,1,,MISSING,MISSING,Missing P21
Q137755215,1,,MISSING,MISSING,Missing P21
Q137757158,0,Q6581097,Q6581097,Q6581097,Male
Q137757372,1,,MISSING,MISSING,Missing P21
Q137763500,1,,MISSING,MISSING,Missing P21
Q137781240,0,Q6581072,Q6581072,Q6581072,Female
Q137782443,1,,MISSING,MISSING,Missing P21
Q137802569,0,Q6581097,Q6581097,Q6581097,Male
Q137881326,0,Q6581097,Q6581097,Q6581097,Male
Q137909372,1,Q6581097,Q6581097,Q6581097,Male
Q137918103,0,Q6581097,Q6581097,Q6581097,Male
Q137925249,1,Q6581097,Q6581097,Q6581097,Male
Q138004478,1,,MISSING,MISSING,Missing P21
Q138012683,0,Q6581072,Q6581072,Q6581072,Female
Q138012892,0,Q6581097,Q6581097,Q6581097,Male
Q138029941,0,Q6581097,Q6581097,Q6581097,Male
Q138035748,0,Q6581097,Q6581097,Q6581097,Male
Q138064576,0,Q6581072,Q6581072,Q6581072,Female
Q138273849,0,Q6581097,Q6581097,Q6581097,Male
Q138297705,0,Q6581097,Q6581097,Q6581097,Male
Q138302916,0,Q6581097,Q6581097,Q6581097,Male
Q138306836,0,Q6581097,Q6581097,Q6581097,Male
Q138315430,0,Q6581072,Q6581072,Q6581072,Female
Q138318540,1,,MISSING,MISSING,Missing P21
Q138339609,0,Q6581097|Q15145778,Q6581097|Q15145778,Q6581097|Q15145778,Other / multiple
Q138339674,0,Q6581072,Q6581072,Q6581072,Female
Q138357406,0,Q6581097,Q6581097,Q6581097,Male
Q138380358,0,Q6581097,Q6581097,Q6581097,Male
Q138391077,0,Q6581072,Q6581072,Q6581072,Female
Q138391085,0,Q6581097,Q6581097,Q6581097,Male
Q138391102,0,Q6581097,Q6581097,Q6581097,Male
Q138391110,0,Q6581097,Q6581097,Q6581097,Male
Q138410676,0,Q6581072,Q6581072,Q6581072,Female
Q138411598,0,Q6581097,Q6581097,Q6581097,Male
Q138412311,0,Q6581097,Q6581097,Q6581097,Male
Q138420205,0,Q6581072,Q6581072,Q6581072,Female
Q138425229,0,Q6581097,Q6581097,Q6581097,Male
Q138445519,0,Q6581097,Q6581097,Q6581097,Male
Q138454353,0,Q6581097,Q6581097,Q6581097,Male
Q138506775,0,Q6581072,Q6581072,Q6581072,Female
Q138589745,0,Q6581097,Q6581097,Q6581097,Male
Q138603577,0,Q6581097,Q6581097,Q6581097,Male
Q138608551,0,Q6581097,Q6581097,Q6581097,Male
Q138609634,0,Q6581097,Q6581097,Q6581097,Male
Q138609994,0,Q6581097,Q6581097,Q6581097,Male
Q138610010,0,Q6581097,Q6581097,Q6581097,Male
Q138610563,0,Q6581097,Q6581097,Q6581097,Male
Q138634535,0,Q6581072,Q6581072,Q6581072,Female
Q138639551,0,Q6581097,Q6581097,Q6581097,Male
Q138639563,0,Q6581097,Q6581097,Q6581097,Male
Q138684401,1,Q6581072,Q6581072,Q6581072,Female
Q138686051,0,Q6581097,Q6581097,Q6581097,Male
Q138748249,0,,MISSING,MISSING,Missing P21
Q138783201,0,Q6581097,Q6581097,Q6581097,Male
Q138788341,0,Q6581097,Q6581097,Q6581097,Male
Q138833647,0,,MISSING,MISSING,Missing P21
Q138912111,0,,MISSING,MISSING,Missing P21
Q139152481,0,Q6581097,Q6581097,Q6581097,Male
Q139251111,0,Q6581072,Q6581072,Q6581072,Female
Q139267243,0,Q6581072,Q6581072,Q6581072,Female
Q139393218,0,Q6581097,Q6581097,Q6581097,Male
Q139393685,0,Q6581097,Q6581097,Q6581097,Male
Q139412773,0,Q6581097,Q6581097,Q6581097,Male
Q139412790,0,Q6581097,Q6581097,Q6581097,Male
Q139438990,0,Q6581072,Q6581072,Q6581072,Female
Q139503343,0,Q6581097,Q6581097,Q6581097,Male
Q139504062,0,,MISSING,MISSING,Missing P21
Q139554404,0,Q6581072,Q6581072,Q6581072,Female
Q139559748,0,Q6581097,Q6581097,Q6581097,Male
Q139563493,0,Q6581072,Q6581072,Q6581072,Female
Q139576742,0,Q6581097,Q6581097,Q6581097,Male
Q139581663,0,Q6581097,Q6581097,Q6581097,Male
Q139601446,0,Q6581097,Q6581097,Q6581097,Male
Q139620322,0,Q6581097,Q6581097,Q6581097,Male
Q139719363,0,Q6581097,Q6581097,Q6581097,Male
Q139738067,0,Q6581097,Q6581097,Q6581097,Male
Q139742476,0,Q6581097,Q6581097,Q6581097,Male
Q139755060,0,Q6581097,Q6581097,Q6581097,Male
Q139813669,0,Q6581097,Q6581097,Q6581097,Male
Q139825954,0,Q6581072,Q6581072,Q6581072,Female
Q139883629,0,Q6581097,Q6581097,Q6581097,Male
Q139884907,1,Q6581097,Q6581097,Q6581097,Male
Q139919172,0,Q6581072,Q6581072,Q6581072,Female
Q139963511,1,Q6581072,Q6581072,Q6581072,Female
Q139963545,0,Q6581097,Q6581097,Q6581097,Male
Q139963789,0,Q6581097,Q6581097,Q6581097,Male
Q139967583,0,Q6581072,Q6581072,Q6581072,Female
Q139967879,0,Q6581097,Q6581097,Q6581097,Male
Q139968936,0,Q6581097,Q6581097,Q6581097,Male
Q139968974,0,Q6581097,Q6581097,Q6581097,Male
Q139969035,0,Q6581097,Q6581097,Q6581097,Male
Q139969089,0,Q6581097,Q6581097,Q6581097,Male
Q139969130,0,Q6581097,Q6581097,Q6581097,Male
Q139969335,0,Q6581097,Q6581097,Q6581097,Male
Q139970215,0,Q6581072,Q6581072,Q6581072,Female
Q139987991,0,Q6581072,Q6581072,Q6581072,Female
Q140001254,0,Q6581097,Q6581097,Q6581097,Male
Q140007055,0,Q6581097,Q6581097,Q6581097,Male
Q140007080,0,Q6581097,Q6581097,Q6581097,Male
Q140007679,0,,MISSING,MISSING,Missing P21
Q140011057,0,Q6581072,Q6581072,Q6581072,Female
Q140024256,0,Q6581097,Q6581097,Q6581097,Male
Q140031703,0,Q6581097,Q6581097,Q6581097,Male
Q140042437,0,Q6581097,Q6581097,Q6581097,Male
Q140046070,0,Q6581097,Q6581097,Q6581097,Male
Q140077937,0,Q6581072,Q6581072,Q6581072,Female
Q140101983,0,Q6581097,Q6581097,Q6581097,Male
Q140140251,0,Q6581097,Q6581097,Q6581097,Male
Q140158179,1,Q6581097,Q6581097,Q6581097,Male
Q140194863,1,,MISSING,MISSING,Missing P21
Q140262669,0,,MISSING,MISSING,Missing P21
Q140290410,1,,MISSING,MISSING,Missing P21
Q140310080,1,,MISSING,MISSING,Missing P21
Q140310100,1,,MISSING,MISSING,Missing P21
Q140363343,0,Q6581097,Q6581097,Q6581097,Male
Q140465506,0,Q6581097,Q6581097,Q6581097,Male
Q140465566,0,Q6581097,Q6581097,Q6581097,Male
Q140465565,0,Q6581097,Q6581097,Q6581097,Male
Q140468434,0,Q6581072,Q6581072,Q6581072,Female
Q140468435,0,Q6581072,Q6581072,Q6581072,Female
Q140468432,0,Q6581072,Q6581072,Q6581072,Female
Q140468433,0,Q6581072,Q6581072,Q6581072,Female
Q140468438,0,Q6581072,Q6581072,Q6581072,Female
Q140468439,0,Q6581072,Q6581072,Q6581072,Female
Q140468436,0,Q6581072,Q6581072,Q6581072,Female
Q140468437,0,Q6581072,Q6581072,Q6581072,Female
Q140468482,0,Q6581097,Q6581097,Q6581097,Male
Q140468483,0,Q6581097,Q6581097,Q6581097,Male
Q140468481,0,Q6581097,Q6581097,Q6581097,Male
Q140468486,0,Q6581097,Q6581097,Q6581097,Male
Q140468484,0,Q6581097,Q6581097,Q6581097,Male
Q140468494,0,Q6581097,Q6581097,Q6581097,Male
Q140468492,0,Q6581097,Q6581097,Q6581097,Male
Q140472036,0,Q6581097,Q6581097,Q6581097,Male
Q140472058,0,Q6581097,Q6581097,Q6581097,Male
Q140472059,0,Q6581097,Q6581097,Q6581097,Male
Q140480727,0,Q6581097,Q6581097,Q6581097,Male
Q140672282,0,Q6581072,Q6581072,Q6581072,Female
Q140672283,0,Q6581072,Q6581072,Q6581072,Female
Q140672284,0,Q6581072,Q6581072,Q6581072,Female
Q140672285,0,Q6581072,Q6581072,Q6581072,Female
Q140677641,1,Q6581072,Q6581072,Q6581072,Female
Q140685206,0,Q6581097,Q6581097,Q6581097,Male
Q140723002,0,Q6581097,Q6581097,Q6581097,Male
Q140724444,0,Q6581097,Q6581097,Q6581097,Male
Q140837355,0,,MISSING,MISSING,Missing P21
Q140889673,0,Q6581097,Q6581097,Q6581097,Male
Q140890684,0,Q6581097,Q6581097,Q6581097,Male
Q141005759,0,Q6581097,Q6581097,Q6581097,Male
Q141012749,0,Q6581097,Q6581097,Q6581097,Male
Q141017555,0,Q6581097,Q6581097,Q6581097,Male
Q141067899,0,Q6581097,Q6581097,Q6581097,Male
Q141104143,0,Q6581097,Q6581097,Q6581097,Male
Q141123039,1,Q6581097,Q6581097,Q6581097,Male
Q141135375,0,Q6581097,Q6581097,Q6581097,Male
Q141147806,0,Q6581097,Q6581097,Q6581097,Male
Q141155003,0,Q6581097,Q6581097,Q6581097,Male
Q141157017,0,Q6581097,Q6581097,Q6581097,Male
Q141157844,0,Q6581097,Q6581097,Q6581097,Male
Q112122553,0,Q6581097,Q6581097,Q6581097,Male
Q112122855,0,Q6581097,Q6581097,Q6581097,Male
Q112255018,0,Q6581097,Q6581097,Q6581097,Male
Q112261896,0,Q6581097,Q6581097,Q6581097,Male
Q112262240,0,Q6581097,Q6581097,Q6581097,Male
Q112434203,0,Q6581072,Q6581072,Q6581072,Female
Q112523268,0,Q6581097,Q6581097,Q6581097,Male
Q112668041,0,Q6581097,Q6581097,Q6581097,Male
Q112730998,0,Q6581072,Q6581072,Q6581072,Female
Q112751184,0,Q6581072,Q6581072,Q6581072,Female
Q112842950,0,Q6581097,Q6581097,Q6581097,Male
Q112845231,0,Q6581097,Q6581097,Q6581097,Male
Q112845542,0,Q6581097,Q6581097,Q6581097,Male
Q112864869,0,Q6581097,Q6581097,Q6581097,Male
Q112874891,0,Q6581097,Q6581097,Q6581097,Male
Q112899234,0,Q6581097,Q6581097,Q6581097,Male
Q112921094,0,Q6581097,Q6581097,Q6581097,Male
Q112987813,0,Q6581097,Q6581097,Q6581097,Male
Q112988064,0,Q6581097,Q6581097,Q6581097,Male
Q112988254,0,Q6581097,Q6581097,Q6581097,Male
Q112988379,0,Q6581097,Q6581097,Q6581097,Male
Q112989028,1,Q6581072,Q6581072,Q6581072,Female
Q112989462,1,Q6581097,Q6581097,Q6581097,Male
Q112989754,0,Q6581097,Q6581097,Q6581097,Male
Q112990144,0,Q6581097,Q6581097,Q6581097,Male
Q112990812,0,Q6581097,Q6581097,Q6581097,Male
Q112991646,0,Q6581072,Q6581072,Q6581072,Female
Q112991658,0,Q6581097,Q6581097,Q6581097,Male
Q112991657,1,Q6581097,Q6581097,Q6581097,Male
Q112991664,0,Q6581097,Q6581097,Q6581097,Male
Q112992807,0,Q6581072,Q6581072,Q6581072,Female
Q112992805,1,Q6581072,Q6581072,Q6581072,Female
Q112993797,0,Q6581097,Q6581097,Q6581097,Male
Q112993831,1,Q6581097,Q6581097,Q6581097,Male
Q112994130,0,Q6581072,Q6581072,Q6581072,Female
Q112994389,1,Q6581097,Q6581097,Q6581097,Male
Q112994627,1,Q6581097,Q6581097,Q6581097,Male
Q112994673,0,Q6581097,Q6581097,Q6581097,Male
Q112994776,0,Q6581097,Q6581097,Q6581097,Male
Q112994849,0,Q6581097,Q6581097,Q6581097,Male
Q112996358,0,Q6581097,Q6581097,Q6581097,Male
Q112996365,0,Q6581072,Q6581072,Q6581072,Female
Q113044175,0,Q6581097,Q6581097,Q6581097,Male
Q113076422,0,Q6581097,Q6581097,Q6581097,Male
Q113076831,0,Q6581097,Q6581097,Q6581097,Male
Q113085529,0,Q6581097,Q6581097,Q6581097,Male
Q113086504,0,Q6581097,Q6581097,Q6581097,Male
Q113089530,0,Q6581097,Q6581097,Q6581097,Male
Q113089881,0,Q6581097,Q6581097,Q6581097,Male
Q113111326,0,Q6581097,Q6581097,Q6581097,Male
Q113111530,0,Q6581097,Q6581097,Q6581097,Male
Q113141177,0,Q6581097,Q6581097,Q6581097,Male
Q113162343,0,Q6581097,Q6581097,Q6581097,Male
Q113164116,0,Q6581097,Q6581097,Q6581097,Male
Q113238851,0,Q6581097,Q6581097,Q6581097,Male
Q113266022,0,Q6581097,Q6581097,Q6581097,Male
Q113266045,0,Q6581097,Q6581097,Q6581097,Male
Q113282377,0,Q6581072,Q6581072,Q6581072,Female
Q113289163,0,Q6581097,Q6581097,Q6581097,Male
Q113330036,0,Q6581097,Q6581097,Q6581097,Male
Q113330148,0,Q6581097,Q6581097,Q6581097,Male
Q113367471,0,Q6581097,Q6581097,Q6581097,Male
Q113368651,0,Q6581097,Q6581097,Q6581097,Male
Q113369281,0,Q6581097,Q6581097,Q6581097,Male
Q113456027,0,Q6581097,Q6581097,Q6581097,Male
Q113456712,0,Q6581097,Q6581097,Q6581097,Male
Q113459278,0,Q6581097,Q6581097,Q6581097,Male
Q113494957,0,Q6581097,Q6581097,Q6581097,Male
Q113514960,0,Q6581097,Q6581097,Q6581097,Male
Q113559371,0,Q6581097,Q6581097,Q6581097,Male
Q113565379,0,Q6581097,Q6581097,Q6581097,Male
Q113565528,0,Q6581097,Q6581097,Q6581097,Male
Q113575058,1,Q6581097,Q6581097,Q6581097,Male
Q113625148,0,Q6581097,Q6581097,Q6581097,Male
Q113632694,0,Q6581097,Q6581097,Q6581097,Male
Q113711185,0,Q6581097,Q6581097,Q6581097,Male
Q113716931,0,Q6581097,Q6581097,Q6581097,Male
Q113766419,0,Q6581097,Q6581097,Q6581097,Male
Q113768982,0,Q6581097,Q6581097,Q6581097,Male
Q113773293,1,Q6581097,Q6581097,Q6581097,Male
Q113853839,0,Q6581097,Q6581097,Q6581097,Male
Q113937727,0,Q6581097,Q6581097,Q6581097,Male
Q113962256,0,Q6581097,Q6581097,Q6581097,Male
Q113990509,0,Q6581097,Q6581097,Q6581097,Male
Q114051240,0,Q6581097,Q6581097,Q6581097,Male
Q114135428,0,Q6581097,Q6581097,Q6581097,Male
Q114143256,0,Q6581097,Q6581097,Q6581097,Male
Q114207393,0,Q6581097,Q6581097,Q6581097,Male
Q114244634,0,Q6581097,Q6581097,Q6581097,Male
Q114372793,0,Q6581097,Q6581097,Q6581097,Male
Q114414911,0,Q6581072,Q6581072,Q6581072,Female
Q114427489,0,Q6581097,Q6581097,Q6581097,Male
Q114433962,0,Q6581097,Q6581097,Q6581097,Male
Q114468668,0,Q6581097,Q6581097,Q6581097,Male
Q114477843,0,Q6581097,Q6581097,Q6581097,Male
Q114569007,1,Q6581097,Q6581097,Q6581097,Male
Q114590604,0,Q6581097,Q6581097,Q6581097,Male
Q114600218,0,Q6581097,Q6581097,Q6581097,Male
Q114610142,0,Q6581097,Q6581097,Q6581097,Male
Q114831380,0,Q6581097,Q6581097,Q6581097,Male
Q114832354,0,Q6581097,Q6581097,Q6581097,Male
Q114841948,0,Q6581097,Q6581097,Q6581097,Male
Q114842161,0,Q6581097,Q6581097,Q6581097,Male
Q114842584,0,Q6581097,Q6581097,Q6581097,Male
Q114861121,0,Q6581097,Q6581097,Q6581097,Male
Q114861389,0,Q6581097,Q6581097,Q6581097,Male
Q114861449,0,Q6581097,Q6581097,Q6581097,Male
Q114867566,0,Q6581097,Q6581097,Q6581097,Male
Q114869645,0,Q6581097,Q6581097,Q6581097,Male
Q114888829,0,Q6581097,Q6581097,Q6581097,Male
Q114892676,0,Q6581072,Q6581072,Q6581072,Female
Q114893925,0,Q6581097,Q6581097,Q6581097,Male
Q114895021,0,Q6581097,Q6581097,Q6581097,Male
Q114896712,0,Q6581097,Q6581097,Q6581097,Male
Q114922221,0,Q6581097,Q6581097,Q6581097,Male
Q114923311,0,Q6581097,Q6581097,Q6581097,Male
Q114924144,0,Q6581097,Q6581097,Q6581097,Male
Q114951875,0,Q6581097,Q6581097,Q6581097,Male
Q114952582,0,Q6581097,Q6581097,Q6581097,Male
Q114953077,1,Q6581072,Q6581072,Q6581072,Female
Q114956520,0,Q6581097,Q6581097,Q6581097,Male
Q114969415,0,Q6581097,Q6581097,Q6581097,Male
Q114970087,0,Q6581097,Q6581097,Q6581097,Male
Q114970319,0,Q6581097,Q6581097,Q6581097,Male
Q114972368,0,Q6581097,Q6581097,Q6581097,Male
Q114981898,0,Q6581097,Q6581097,Q6581097,Male
Q114983787,0,Q6581097,Q6581097,Q6581097,Male
Q115000973,0,Q6581097,Q6581097,Q6581097,Male
Q115051913,0,Q6581097,Q6581097,Q6581097,Male
Q115128842,0,Q6581097,Q6581097,Q6581097,Male
Q115129180,0,Q6581097,Q6581097,Q6581097,Male
Q115130172,0,Q6581097,Q6581097,Q6581097,Male
Q115169145,0,Q6581097,Q6581097,Q6581097,Male
Q115201662,0,Q6581072,Q6581072,Q6581072,Female
Q115201749,0,Q6581072,Q6581072,Q6581072,Female
Q115214855,0,Q6581097,Q6581097,Q6581097,Male
Q115247312,0,Q6581097,Q6581097,Q6581097,Male
Q115247481,0,Q6581072,Q6581072,Q6581072,Female
Q115288514,0,Q6581097,Q6581097,Q6581097,Male
Q115316753,0,Q6581097,Q6581097,Q6581097,Male
Q115341897,1,Q6581097,Q6581097,Q6581097,Male
Q115367910,1,Q6581097,Q6581097,Q6581097,Male
Q115367930,0,Q6581072,Q6581072,Q6581072,Female
Q115381087,0,Q6581097,Q6581097,Q6581097,Male
Q115381089,0,Q6581097,Q6581097,Q6581097,Male
Q115387686,0,Q6581097,Q6581097,Q6581097,Male
Q115399523,0,Q6581097,Q6581097,Q6581097,Male
Q115428741,0,Q6581097,Q6581097,Q6581097,Male
Q115428819,0,Q6581097,Q6581097,Q6581097,Male
Q115451123,0,Q6581072,Q6581072,Q6581072,Female
Q115508461,0,Q6581072,Q6581072,Q6581072,Female
Q115515519,1,Q6581097,Q6581097,Q6581097,Male
Q115534410,1,Q6581097,Q6581097,Q6581097,Male
Q115598746,0,Q6581097,Q6581097,Q6581097,Male
Q115600083,0,Q6581097,Q6581097,Q6581097,Male
Q115605171,0,Q6581097,Q6581097,Q6581097,Male
Q115619409,0,Q6581097,Q6581097,Q6581097,Male
Q115620271,0,Q6581097,Q6581097,Q6581097,Male
Q115627110,0,Q6581097,Q6581097,Q6581097,Male
Q115632858,0,Q6581097,Q6581097,Q6581097,Male
Q115679979,0,Q6581097,Q6581097,Q6581097,Male
Q115682959,0,Q6581072,Q6581072,Q6581072,Female
Q115683484,0,Q6581097,Q6581097,Q6581097,Male
Q115684538,0,Q6581097,Q6581097,Q6581097,Male
Q115740996,0,Q6581097,Q6581097,Q6581097,Male
Q115741484,0,Q6581097,Q6581097,Q6581097,Male
Q115756918,0,Q6581072,Q6581072,Q6581072,Female
Q115758709,0,Q6581072,Q6581072,Q6581072,Female
Q115758718,0,Q6581097,Q6581097,Q6581097,Male
Q115758728,0,Q6581097,Q6581097,Q6581097,Male
Q115758733,0,Q6581097,Q6581097,Q6581097,Male
Q115777144,0,Q6581072,Q6581072,Q6581072,Female
Q115777275,0,Q6581072,Q6581072,Q6581072,Female
Q115795143,0,Q6581072,Q6581072,Q6581072,Female
Q115917558,0,Q6581097,Q6581097,Q6581097,Male
Q115925416,0,Q6581097,Q6581097,Q6581097,Male
Q116025154,0,Q6581097,Q6581097,Q6581097,Male
Q116161669,0,Q6581072,Q6581072,Q6581072,Female
Q116166304,0,Q6581072,Q6581072,Q6581072,Female
Q116196761,1,Q6581097,Q6581097,Q6581097,Male
Q116203447,0,Q6581072,Q6581072,Q6581072,Female
Q116252060,0,Q6581097,Q6581097,Q6581097,Male
Q116252561,0,Q6581097,Q6581097,Q6581097,Male
Q116453541,0,Q6581097,Q6581097,Q6581097,Male
Q116480776,1,Q6581072,Q6581072,Q6581072,Female
Q116505165,0,Q6581097,Q6581097,Q6581097,Male
Q116753585,0,Q6581097,Q6581097,Q6581097,Male
Q116764531,0,Q6581072,Q6581072,Q6581072,Female
Q116764532,0,Q6581072,Q6581072,Q6581072,Female
Q116765723,0,Q6581072,Q6581072,Q6581072,Female
Q116767065,0,Q6581072,Q6581072,Q6581072,Female
Q116767420,0,Q6581097,Q6581097,Q6581097,Male
Q116771387,0,Q6581072,Q6581072,Q6581072,Female
Q116771388,0,Q6581072,Q6581072,Q6581072,Female
Q116771397,0,Q6581072,Q6581072,Q6581072,Female
Q116771525,0,Q6581072,Q6581072,Q6581072,Female
Q116771545,0,Q6581072,Q6581072,Q6581072,Female
Q116772234,0,Q6581072,Q6581072,Q6581072,Female
Q116786007,0,Q6581097,Q6581097,Q6581097,Male
Q116788958,0,Q6581097,Q6581097,Q6581097,Male
Q125374117,0,Q6581072,Q6581072,Q6581072,Female
Q125381844,0,Q6581072,Q6581072,Q6581072,Female
Q125382212,0,Q6581072,Q6581072,Q6581072,Female
Q125408486,0,Q6581097,Q6581097,Q6581097,Male
Q125473964,0,,MISSING,MISSING,Missing P21
Q125661018,0,Q6581097,Q6581097,Q6581097,Male
Q125661340,0,Q6581097,Q6581097,Q6581097,Male
Q125680808,0,Q6581097,Q6581097,Q6581097,Male
Q125681835,0,Q6581072,Q6581072,Q6581072,Female
Q125747048,0,Q6581097,Q6581097,Q6581097,Male
Q125754531,0,Q6581097,Q6581097,Q6581097,Male
Q125794413,0,Q6581097,Q6581097,Q6581097,Male
Q125809389,1,Q6581097,Q6581097,Q6581097,Male
Q125822352,0,Q6581072,Q6581072,Q6581072,Female
Q125823543,0,Q6581072,Q6581072,Q6581072,Female
Q125844522,0,Q6581097,Q6581097,Q6581097,Male
Q125906970,0,Q6581097,Q6581097,Q6581097,Male
Q125906968,0,Q6581097,Q6581097,Q6581097,Male
Q125906969,0,Q6581097,Q6581097,Q6581097,Male
Q125906972,0,Q6581097,Q6581097,Q6581097,Male
Q125984523,0,Q6581097,Q6581097,Q6581097,Male
Q126013755,1,Q6581097,Q6581097,Q6581097,Male
Q126040551,0,Q6581097,Q6581097,Q6581097,Male
Q126107710,0,Q6581097,Q6581097,Q6581097,Male
Q126109172,0,Q6581072,Q6581072,Q6581072,Female
Q126110521,1,Q6581097,Q6581097,Q6581097,Male
Q126110661,0,Q6581097,Q6581097,Q6581097,Male
Q126203985,0,Q6581097,Q6581097,Q6581097,Male
Q126489068,0,Q6581097,Q6581097,Q6581097,Male
Q126597025,0,Q6581097,Q6581097,Q6581097,Male
Q126617269,0,Q6581097,Q6581097,Q6581097,Male
Q126727797,1,Q6581097,Q6581097,Q6581097,Male
Q126766317,0,Q6581097,Q6581097,Q6581097,Male
Q126888002,0,Q6581097,Q6581097,Q6581097,Male
Q126888208,0,Q6581097,Q6581097,Q6581097,Male
Q126891260,1,Q6581097,Q6581097,Q6581097,Male
Q126894381,0,Q6581097,Q6581097,Q6581097,Male
Q126894722,1,Q6581072,Q6581072,Q6581072,Female
Q126929244,0,Q6581097,Q6581097,Q6581097,Male
Q126948819,0,Q6581097,Q6581097,Q6581097,Male
Q126950720,0,Q6581072,Q6581072,Q6581072,Female
Q126970844,0,Q6581097,Q6581097,Q6581097,Male
Q126974140,1,Q6581097,Q6581097,Q6581097,Male
Q126974655,1,Q6581097,Q6581097,Q6581097,Male
Q126974799,1,Q6581097,Q6581097,Q6581097,Male
Q126977331,1,,MISSING,MISSING,Missing P21
Q127018090,1,Q6581097,Q6581097,Q6581097,Male
Q127165206,0,Q6581072,Q6581072,Q6581072,Female
Q127250355,0,Q6581097,Q6581097,Q6581097,Male
Q127388632,1,,MISSING,MISSING,Missing P21
Q127429223,0,Q6581097,Q6581097,Q6581097,Male
Q127429322,0,Q6581097,Q6581097,Q6581097,Male
Q127867181,0,Q6581097,Q6581097,Q6581097,Male
Q127918326,1,Q6581097,Q6581097,Q6581097,Male
Q127922233,1,Q6581072,Q6581072,Q6581072,Female
Q128115834,0,Q6581097,Q6581097,Q6581097,Male
Q128156158,0,Q6581097,Q6581097,Q6581097,Male
Q128194482,1,,MISSING,MISSING,Missing P21
Q128245021,0,Q6581097,Q6581097,Q6581097,Male
Q128625150,0,Q6581097,Q6581097,Q6581097,Male
Q128641138,0,Q6581097,Q6581097,Q6581097,Male
Q128792649,0,Q6581097,Q6581097,Q6581097,Male
Q128792653,0,Q6581097,Q6581097,Q6581097,Male
Q128803907,1,Q6581097,Q6581097,Q6581097,Male
Q128896633,1,,MISSING,MISSING,Missing P21
Q129868292,0,Q6581097,Q6581097,Q6581097,Male
Q130086367,0,Q6581072,Q6581072,Q6581072,Female
Q130086444,0,Q6581072,Q6581072,Q6581072,Female
Q130093563,0,Q6581097,Q6581097,Q6581097,Male
Q130093566,0,Q6581097,Q6581097,Q6581097,Male
Q130093565,0,Q6581097,Q6581097,Q6581097,Male
Q130093570,0,Q6581097,Q6581097,Q6581097,Male
Q130093568,0,Q6581097,Q6581097,Q6581097,Male
Q130222558,1,Q6581097,Q6581097,Q6581097,Male
Q130223354,0,Q6581072,Q6581072,Q6581072,Female
Q130247995,0,Q6581097,Q6581097,Q6581097,Male
Q130282791,0,Q6581097,Q6581097,Q6581097,Male
Q130285801,0,Q6581097,Q6581097,Q6581097,Male
Q130286348,1,Q6581097,Q6581097,Q6581097,Male
Q130296585,0,Q6581097,Q6581097,Q6581097,Male
Q130323807,0,Q6581097,Q6581097,Q6581097,Male
Q130343711,0,Q6581072,Q6581072,Q6581072,Female
Q130406943,0,Q6581072,Q6581072,Q6581072,Female
Q130416749,0,Q6581072,Q6581072,Q6581072,Female
Q130479537,1,Q6581097,Q6581097,Q6581097,Male
Q130529436,0,Q6581097,Q6581097,Q6581097,Male
Q130547623,0,Q6581072,Q6581072,Q6581072,Female
Q130621749,0,Q6581072,Q6581072,Q6581072,Female
Q130738641,0,Q6581072,Q6581072,Q6581072,Female
Q131006590,0,Q6581097,Q6581097,Q6581097,Male
Q131006979,0,Q6581097,Q6581097,Q6581097,Male
Q131056244,0,,MISSING,MISSING,Missing P21
Q131056377,1,,MISSING,MISSING,Missing P21
Q131139737,0,Q6581097,Q6581097,Q6581097,Male
Q131142865,0,Q6581097,Q6581097,Q6581097,Male
Q131220715,0,Q6581097,Q6581097,Q6581097,Male
Q131253241,0,Q6581097,Q6581097,Q6581097,Male
Q131253556,1,,MISSING,MISSING,Missing P21
Q131294815,1,Q6581097,Q6581097,Q6581097,Male
Q131294948,0,Q6581097,Q6581097,Q6581097,Male
Q131295201,0,Q6581097,Q6581097,Q6581097,Male
Q131298370,0,Q6581072,Q6581072,Q6581072,Female
Q131299849,0,Q6581097,Q6581097,Q6581097,Male
Q131306118,0,Q6581097,Q6581097,Q6581097,Male
Q131308287,0,Q6581097,Q6581097,Q6581097,Male
Q131326730,0,Q6581097,Q6581097,Q6581097,Male
Q131377021,0,,MISSING,MISSING,Missing P21
Q131377027,0,,MISSING,MISSING,Missing P21
Q131418813,0,Q6581072,Q6581072,Q6581072,Female
Q131448068,0,Q6581097,Q6581097,Q6581097,Male
Q131471409,1,Q6581097,Q6581097,Q6581097,Male
Q131518887,0,Q6581097,Q6581097,Q6581097,Male
Q131523312,0,,MISSING,MISSING,Missing P21
Q131523357,0,,MISSING,MISSING,Missing P21
Q131523362,0,,MISSING,MISSING,Missing P21
Q131613006,1,,MISSING,MISSING,Missing P21
Q131613550,1,Q6581072,Q6581072,Q6581072,Female
Q131614002,1,,MISSING,MISSING,Missing P21
Q131727658,0,Q6581097,Q6581097,Q6581097,Male
Q131744414,0,Q6581097,Q6581097,Q6581097,Male
Q131744492,0,Q6581097,Q6581097,Q6581097,Male
Q131755323,0,Q6581072,Q6581072,Q6581072,Female
Q131839480,1,Q6581097,Q6581097,Q6581097,Male
Q131857033,1,,MISSING,MISSING,Missing P21
Q131914697,1,Q6581072,Q6581072,Q6581072,Female
Q131999273,0,,MISSING,MISSING,Missing P21
Q132106145,0,Q6581097,Q6581097,Q6581097,Male
Q132157242,0,Q6581097,Q6581097,Q6581097,Male
Q132157885,0,,MISSING,MISSING,Missing P21
Q132175679,0,Q6581097,Q6581097,Q6581097,Male
Q132179208,1,,MISSING,MISSING,Missing P21
Q132179672,1,,MISSING,MISSING,Missing P21
Q132180956,1,,MISSING,MISSING,Missing P21
Q132181199,1,,MISSING,MISSING,Missing P21
Q132184416,0,Q6581097,Q6581097,Q6581097,Male
Q132210292,0,Q6581072,Q6581072,Q6581072,Female
Q132308196,0,Q6581072,Q6581072,Q6581072,Female
Q132463635,0,Q6581097,Q6581097,Q6581097,Male
Q132560612,1,Q6581072,Q6581072,Q6581072,Female
Q132796786,0,Q6581097,Q6581097,Q6581097,Male
Q132852310,0,Q6581097,Q6581097,Q6581097,Male
Q132858117,0,Q6581097,Q6581097,Q6581097,Male
Q132858330,0,Q6581097,Q6581097,Q6581097,Male
Q132860202,0,Q6581072,Q6581072,Q6581072,Female
Q132860203,0,Q6581097,Q6581097,Q6581097,Male
Q132860200,0,Q6581072,Q6581072,Q6581072,Female
Q132860201,0,Q6581072,Q6581072,Q6581072,Female
Q132860206,0,Q6581097,Q6581097,Q6581097,Male
Q132860204,0,Q6581097,Q6581097,Q6581097,Male
Q132860205,0,Q6581097,Q6581097,Q6581097,Male
Q132861503,1,Q6581097,Q6581097,Q6581097,Male
Q132861682,0,Q6581097,Q6581097,Q6581097,Male
Q132862465,0,Q6581097,Q6581097,Q6581097,Male
Q132862601,0,Q6581097,Q6581097,Q6581097,Male
Q132863311,0,Q6581097,Q6581097,Q6581097,Male
Q132891874,0,Q6581097,Q6581097,Q6581097,Male
Q132892450,0,Q6581097,Q6581097,Q6581097,Male
Q132904688,1,,MISSING,MISSING,Missing P21
Q132906840,0,Q6581097,Q6581097,Q6581097,Male
Q132989294,1,Q6581072,Q6581072,Q6581072,Female
Q132990313,1,Q6581097,Q6581097,Q6581097,Male
Q133014981,0,Q6581097,Q6581097,Q6581097,Male
Q133015200,0,Q6581097,Q6581097,Q6581097,Male
Q133017715,0,Q6581097,Q6581097,Q6581097,Male
Q133019935,0,Q6581097,Q6581097,Q6581097,Male
Q133034544,0,Q6581097,Q6581097,Q6581097,Male
Q133037368,1,Q6581072,Q6581072,Q6581072,Female
Q133246434,0,Q6581097,Q6581097,Q6581097,Male
Q133247603,0,Q6581097,Q6581097,Q6581097,Male
Q133247709,0,Q6581097,Q6581097,Q6581097,Male
Q133250632,0,Q6581072,Q6581072,Q6581072,Female
Q133251758,0,Q6581097,Q6581097,Q6581097,Male
Q133252356,0,Q6581097,Q6581097,Q6581097,Male
Q133253461,0,Q6581097,Q6581097,Q6581097,Male
Q133260513,1,,MISSING,MISSING,Missing P21
Q133269164,0,,MISSING,MISSING,Missing P21
Q133269254,0,,MISSING,MISSING,Missing P21
Q133269276,0,,MISSING,MISSING,Missing P21
Q133272979,0,Q6581072,Q6581072,Q6581072,Female
Q133279711,0,,MISSING,MISSING,Missing P21
Q133454735,0,,MISSING,MISSING,Missing P21
Q133454741,0,,MISSING,MISSING,Missing P21
Q133523164,0,,MISSING,MISSING,Missing P21
Q133523183,0,,MISSING,MISSING,Missing P21
Q133523221,0,,MISSING,MISSING,Missing P21
Q133529259,0,Q6581097,Q6581097,Q6581097,Male
Q133571491,0,Q6581097,Q6581097,Q6581097,Male
Q133571494,0,Q6581097,Q6581097,Q6581097,Male
Q133571495,0,Q6581097,Q6581097,Q6581097,Male
Q133571493,0,Q6581097,Q6581097,Q6581097,Male
Q133571496,0,Q6581097,Q6581097,Q6581097,Male
Q133574211,1,,MISSING,MISSING,Missing P21
Q133797578,0,Q6581072,Q6581072,Q6581072,Female
Q133797583,0,Q6581072,Q6581072,Q6581072,Female
Q133797580,0,Q6581072,Q6581072,Q6581072,Female
Q133797586,0,Q6581097,Q6581097,Q6581097,Male
Q133797589,0,Q6581097,Q6581097,Q6581097,Male
Q133798072,0,Q6581097,Q6581097,Q6581097,Male
Q133798226,0,Q6581097,Q6581097,Q6581097,Male
Q133799806,0,Q6581097,Q6581097,Q6581097,Male
Q133800194,0,Q6581097,Q6581097,Q6581097,Male
Q133802556,1,,MISSING,MISSING,Missing P21
Q133822445,0,,MISSING,MISSING,Missing P21
Q133822467,0,,MISSING,MISSING,Missing P21
Q133822481,0,,MISSING,MISSING,Missing P21
Q133822490,0,,MISSING,MISSING,Missing P21
Q133837525,0,Q6581097,Q6581097,Q6581097,Male
Q133839252,0,Q6581072,Q6581072,Q6581072,Female
Q133839305,1,,MISSING,MISSING,Missing P21
Q133846051,0,Q6581097,Q6581097,Q6581097,Male
Q133856406,0,Q6581097,Q6581097,Q6581097,Male
Q133887046,1,,MISSING,MISSING,Missing P21
Q133887100,1,,MISSING,MISSING,Missing P21
Q133896489,0,Q6581097,Q6581097,Q6581097,Male
Q133963402,0,Q6581097,Q6581097,Q6581097,Male
Q133973494,0,Q6581097,Q6581097,Q6581097,Male
Q133980423,0,Q6581072,Q6581072,Q6581072,Female
Q134005118,1,,MISSING,MISSING,Missing P21
Q134007025,0,Q6581097,Q6581097,Q6581097,Male
Q134034772,1,Q6581097,Q6581097,Q6581097,Male
Q134035302,1,,MISSING,MISSING,Missing P21
Q134035920,1,,MISSING,MISSING,Missing P21
Q134036464,1,,MISSING,MISSING,Missing P21
Q134053112,1,,MISSING,MISSING,Missing P21
Q134081887,1,,MISSING,MISSING,Missing P21
Q134100303,1,,MISSING,MISSING,Missing P21
Q134100370,0,Q6581097,Q6581097,Q6581097,Male
Q134107987,0,Q6581097,Q6581097,Q6581097,Male
Q134122773,1,,MISSING,MISSING,Missing P21
Q134122917,0,,MISSING,MISSING,Missing P21
Q134133594,0,Q6581097,Q6581097,Q6581097,Male
Q134179645,0,Q6581097,Q6581097,Q6581097,Male
Q134184044,0,Q6581072,Q6581072,Q6581072,Female
Q134184053,0,Q6581097,Q6581097,Q6581097,Male
Q134300079,1,,MISSING,MISSING,Missing P21
Q134307050,1,,MISSING,MISSING,Missing P21
Q134307093,1,Q6581097,Q6581097,Q6581097,Male
Q134312436,0,Q6581097,Q6581097,Q6581097,Male
Q134312583,0,Q6581097,Q6581097,Q6581097,Male
Q134315955,1,Q6581097,Q6581097,Q6581097,Male
Q134316088,1,,MISSING,MISSING,Missing P21
Q134319841,1,,MISSING,MISSING,Missing P21
Q134349405,0,Q6581072,Q6581072,Q6581072,Female
Q134350480,0,,MISSING,MISSING,Missing P21
Q134367323,1,,MISSING,MISSING,Missing P21
Q134381933,0,Q6581097,Q6581097,Q6581097,Male
Q134381937,0,Q6581097,Q6581097,Q6581097,Male
Q134382388,0,Q6581097,Q6581097,Q6581097,Male
Q134405422,0,Q6581097,Q6581097,Q6581097,Male
Q134427162,0,Q6581097,Q6581097,Q6581097,Male
Q134434890,1,,MISSING,MISSING,Missing P21
Q134437065,0,Q6581097,Q6581097,Q6581097,Male
Q134439950,0,Q6581097,Q6581097,Q6581097,Male
Q134452756,1,Q6581072,Q6581072,Q6581072,Female
Q134462660,0,Q6581072,Q6581072,Q6581072,Female
Q134463021,0,Q6581097,Q6581097,Q6581097,Male
Q134480334,0,Q6581097,Q6581097,Q6581097,Male
Q134505604,1,,MISSING,MISSING,Missing P21
Q134513683,0,Q6581097,Q6581097,Q6581097,Male
Q134531200,1,,MISSING,MISSING,Missing P21
Q134542604,0,Q6581072,Q6581072,Q6581072,Female
Q134576842,0,Q6581097,Q6581097,Q6581097,Male
Q134589682,0,Q6581097,Q6581097,Q6581097,Male
Q134595681,0,Q6581097,Q6581097,Q6581097,Male
Q134607333,0,Q6581072,Q6581072,Q6581072,Female
Q134612221,0,Q6581097,Q6581097,Q6581097,Male
Q134615052,0,Q6581097,Q6581097,Q6581097,Male
Q134621773,0,Q6581097,Q6581097,Q6581097,Male
Q134622374,0,Q6581097,Q6581097,Q6581097,Male
Q134622493,0,Q6581097,Q6581097,Q6581097,Male
Q134639199,1,,MISSING,MISSING,Missing P21
Q134640356,1,,MISSING,MISSING,Missing P21
Q134698091,0,Q6581097,Q6581097,Q6581097,Male
Q134705138,0,Q6581072,Q6581072,Q6581072,Female
Q134710820,0,Q6581072,Q6581072,Q6581072,Female
Q134710874,0,Q6581072,Q6581072,Q6581072,Female
Q134710967,0,Q6581072,Q6581072,Q6581072,Female
Q134725109,0,Q6581072,Q6581072,Q6581072,Female
Q134725112,0,Q6581097,Q6581097,Q6581097,Male
Q134725204,0,Q6581097,Q6581097,Q6581097,Male
Q134736282,0,Q6581072,Q6581072,Q6581072,Female
Q134736283,0,Q6581072,Q6581072,Q6581072,Female
Q134736280,0,Q6581072,Q6581072,Q6581072,Female
Q134736287,0,Q6581072,Q6581072,Q6581072,Female
Q134736324,0,Q6581072,Q6581072,Q6581072,Female
Q134736346,0,Q6581072,Q6581072,Q6581072,Female
Q134736347,0,Q6581072,Q6581072,Q6581072,Female
Q134736372,0,Q6581072,Q6581072,Q6581072,Female
Q134736373,0,Q6581072,Q6581072,Q6581072,Female
Q134804455,0,Q6581072,Q6581072,Q6581072,Female
Q134831033,0,Q6581072,Q6581072,Q6581072,Female
Q134879147,0,Q6581072,Q6581072,Q6581072,Female
Q134880169,1,,MISSING,MISSING,Missing P21
Q134880935,0,Q6581097,Q6581097,Q6581097,Male
Q134890054,0,Q6581072,Q6581072,Q6581072,Female
Q134900316,0,Q6581097,Q6581097,Q6581097,Male
Q134959217,1,,MISSING,MISSING,Missing P21
Q135089461,1,,MISSING,MISSING,Missing P21
Q135098620,1,,MISSING,MISSING,Missing P21
Q135104740,1,,MISSING,MISSING,Missing P21
Q135105400,0,Q6581097,Q6581097,Q6581097,Male
Q135105401,0,Q6581097,Q6581097,Q6581097,Male
Q135206388,1,,MISSING,MISSING,Missing P21
Q135206447,1,,MISSING,MISSING,Missing P21
Q135207434,0,Q6581097,Q6581097,Q6581097,Male
Q135221457,0,Q6581072,Q6581072,Q6581072,Female
Q135222043,0,,MISSING,MISSING,Missing P21
Q135263440,0,Q6581097,Q6581097,Q6581097,Male
Q135347189,0,Q6581072,Q6581072,Q6581072,Female
Q135350822,0,Q6581072,Q6581072,Q6581072,Female
Q135350820,0,Q6581072,Q6581072,Q6581072,Female
Q135350821,0,Q6581072,Q6581072,Q6581072,Female
Q135351985,0,Q6581097,Q6581097,Q6581097,Male
Q135352319,0,Q6581097,Q6581097,Q6581097,Male
Q135352320,0,Q6581097,Q6581097,Q6581097,Male
Q135352370,0,Q6581097,Q6581097,Q6581097,Male
Q135352369,0,Q6581097,Q6581097,Q6581097,Male
Q135352391,0,Q6581097,Q6581097,Q6581097,Male
Q135352392,0,Q6581097,Q6581097,Q6581097,Male
Q135353232,0,Q6581097,Q6581097,Q6581097,Male
Q135353248,0,Q6581097,Q6581097,Q6581097,Male
Q135353595,0,Q6581097,Q6581097,Q6581097,Male
Q135353596,0,Q6581097,Q6581097,Q6581097,Male
Q135353917,0,Q6581097,Q6581097,Q6581097,Male
Q135353955,0,Q6581097,Q6581097,Q6581097,Male
Q135353964,0,Q6581097,Q6581097,Q6581097,Male
Q135353965,0,Q6581097,Q6581097,Q6581097,Male
Q135353975,0,Q6581097,Q6581097,Q6581097,Male
Q135353976,0,Q6581097,Q6581097,Q6581097,Male
Q135353983,0,Q6581097,Q6581097,Q6581097,Male
Q135353980,0,Q6581097,Q6581097,Q6581097,Male
Q135353987,0,Q6581097,Q6581097,Q6581097,Male
Q135353984,0,Q6581097,Q6581097,Q6581097,Male
Q135353994,0,Q6581097,Q6581097,Q6581097,Male
Q135353998,0,Q6581097,Q6581097,Q6581097,Male
Q135353997,0,Q6581097,Q6581097,Q6581097,Male
Q135354334,0,Q6581097,Q6581097,Q6581097,Male
Q135355621,0,Q6581097,Q6581097,Q6581097,Male
Q135356910,0,Q6581072,Q6581072,Q6581072,Female
Q135356911,0,Q6581072,Q6581072,Q6581072,Female
Q135356908,0,Q6581072,Q6581072,Q6581072,Female
Q135356909,0,Q6581072,Q6581072,Q6581072,Female
Q135356914,0,Q6581072,Q6581072,Q6581072,Female
Q135356915,0,Q6581072,Q6581072,Q6581072,Female
Q135356912,0,Q6581072,Q6581072,Q6581072,Female
Q135356913,0,Q6581072,Q6581072,Q6581072,Female
Q135356918,0,Q6581072,Q6581072,Q6581072,Female
Q135356916,0,Q6581072,Q6581072,Q6581072,Female
Q135356917,0,Q6581072,Q6581072,Q6581072,Female
Q135356920,0,Q6581072,Q6581072,Q6581072,Female
Q135357098,0,Q6581097,Q6581097,Q6581097,Male
Q135357099,0,Q6581097,Q6581097,Q6581097,Male
Q135357096,0,Q6581097,Q6581097,Q6581097,Male
Q135357097,0,Q6581097,Q6581097,Q6581097,Male
Q135357102,0,Q6581097,Q6581097,Q6581097,Male
Q135357103,0,Q6581097,Q6581097,Q6581097,Male
Q135357100,0,Q6581097,Q6581097,Q6581097,Male
Q135357106,0,Q6581097,Q6581097,Q6581097,Male
Q135357104,0,Q6581097,Q6581097,Q6581097,Male
Q135357105,0,Q6581097,Q6581097,Q6581097,Male
Q135357118,0,Q6581097,Q6581097,Q6581097,Male
Q135357119,0,Q6581097,Q6581097,Q6581097,Male
Q135357145,0,Q6581097,Q6581097,Q6581097,Male
Q135357636,0,,MISSING,MISSING,Missing P21
Q135357854,0,Q6581072,Q6581072,Q6581072,Female
Q135357852,0,Q6581072,Q6581072,Q6581072,Female
Q135357853,0,Q6581072,Q6581072,Q6581072,Female
Q135358077,0,,MISSING,MISSING,Missing P21
Q135359566,0,Q6581097,Q6581097,Q6581097,Male
Q135361143,0,Q6581097,Q6581097,Q6581097,Male
Q135361146,0,Q6581097,Q6581097,Q6581097,Male
Q135361147,0,Q6581097,Q6581097,Q6581097,Male
Q135361144,0,Q6581097,Q6581097,Q6581097,Male
Q135361145,0,Q6581097,Q6581097,Q6581097,Male
Q135361150,0,Q6581097,Q6581097,Q6581097,Male
Q135361151,0,Q6581097,Q6581097,Q6581097,Male
Q135361148,0,Q6581097,Q6581097,Q6581097,Male
Q135361149,0,Q6581097,Q6581097,Q6581097,Male
Q135361155,0,Q6581097,Q6581097,Q6581097,Male
Q135361152,0,Q6581097,Q6581097,Q6581097,Male
Q135361156,0,Q6581097,Q6581097,Q6581097,Male
Q135361903,0,Q6581097,Q6581097,Q6581097,Male
Q135362130,0,Q6581072,Q6581072,Q6581072,Female
Q135362131,0,Q6581072,Q6581072,Q6581072,Female
Q135362128,0,Q6581072,Q6581072,Q6581072,Female
Q135362129,0,Q6581072,Q6581072,Q6581072,Female
Q135362823,0,Q6581097,Q6581097,Q6581097,Male
Q135362826,0,Q6581097,Q6581097,Q6581097,Male
Q135362828,0,Q6581097,Q6581097,Q6581097,Male
Q135362832,0,Q6581097,Q6581097,Q6581097,Male
Q135362833,0,Q6581097,Q6581097,Q6581097,Male
Q135362837,0,Q6581097,Q6581097,Q6581097,Male
Q135362842,0,Q6581097,Q6581097,Q6581097,Male
Q135362840,0,Q6581097,Q6581097,Q6581097,Male
Q135362841,0,Q6581097,Q6581097,Q6581097,Male
Q135363774,0,Q6581072,Q6581072,Q6581072,Female
Q135363775,0,Q6581072,Q6581072,Q6581072,Female
Q135363778,0,Q6581072,Q6581072,Q6581072,Female
Q135363779,0,Q6581072,Q6581072,Q6581072,Female
Q135378892,0,Q6581072,Q6581072,Q6581072,Female
Q135363776,0,Q6581072,Q6581072,Q6581072,Female
Q135363777,0,Q6581072,Q6581072,Q6581072,Female
Q135363782,0,Q6581072,Q6581072,Q6581072,Female
Q135363783,0,Q6581072,Q6581072,Q6581072,Female
Q135363780,0,Q6581072,Q6581072,Q6581072,Female
Q135363781,0,Q6581072,Q6581072,Q6581072,Female
Q135363784,0,Q6581072,Q6581072,Q6581072,Female
Q135365391,0,Q6581072,Q6581072,Q6581072,Female
Q135365422,0,Q6581097,Q6581097,Q6581097,Male
Q135365423,0,Q6581097,Q6581097,Q6581097,Male
Q135365547,0,Q6581072,Q6581072,Q6581072,Female
Q135365548,0,Q6581072,Q6581072,Q6581072,Female
Q135365874,0,Q6581097,Q6581097,Q6581097,Male
Q135365875,0,Q6581097,Q6581097,Q6581097,Male
Q135367027,0,Q6581097,Q6581097,Q6581097,Male
Q135367028,0,Q6581097,Q6581097,Q6581097,Male
Q135367029,0,Q6581097,Q6581097,Q6581097,Male
Q135367078,0,Q6581097,Q6581097,Q6581097,Male
Q135367079,0,Q6581097,Q6581097,Q6581097,Male
Q135367076,0,Q6581097,Q6581097,Q6581097,Male
Q135367077,0,Q6581097,Q6581097,Q6581097,Male
Q135367082,0,Q6581097,Q6581097,Q6581097,Male
Q135367080,0,Q6581097,Q6581097,Q6581097,Male
Q135367081,0,Q6581097,Q6581097,Q6581097,Male
Q135367606,0,Q6581097,Q6581097,Q6581097,Male
Q135367604,0,Q6581097,Q6581097,Q6581097,Male
Q135367659,0,Q6581072,Q6581072,Q6581072,Female
Q135367660,0,Q6581072,Q6581072,Q6581072,Female
Q135367661,0,Q6581072,Q6581072,Q6581072,Female
Q135368255,0,Q6581072,Q6581072,Q6581072,Female
Q135368258,0,Q6581072,Q6581072,Q6581072,Female
Q135368259,0,Q6581072,Q6581072,Q6581072,Female
Q135368256,0,Q6581072,Q6581072,Q6581072,Female
Q135368257,0,Q6581072,Q6581072,Q6581072,Female
Q135368262,0,Q6581072,Q6581072,Q6581072,Female
Q135368263,0,Q6581072,Q6581072,Q6581072,Female
Q135368260,0,Q6581072,Q6581072,Q6581072,Female
Q135368261,0,Q6581072,Q6581072,Q6581072,Female
Q135368266,0,Q6581072,Q6581072,Q6581072,Female
Q135368264,0,Q6581072,Q6581072,Q6581072,Female
Q135368265,0,Q6581072,Q6581072,Q6581072,Female
Q135368848,0,Q6581097,Q6581097,Q6581097,Male
Q135368874,0,Q6581097,Q6581097,Q6581097,Male
Q135368875,0,Q6581097,Q6581097,Q6581097,Male
Q135368876,0,Q6581097,Q6581097,Q6581097,Male
Q135368877,0,Q6581097,Q6581097,Q6581097,Male
Q135368968,0,Q6581097,Q6581097,Q6581097,Male
Q135369674,0,Q6581072,Q6581072,Q6581072,Female
Q135369675,0,Q6581072,Q6581072,Q6581072,Female
Q135369679,0,Q6581072,Q6581072,Q6581072,Female
Q135369838,0,Q6581097,Q6581097,Q6581097,Male
Q135369839,0,Q6581097,Q6581097,Q6581097,Male
Q135369840,0,Q6581097,Q6581097,Q6581097,Male
Q135369841,0,Q6581097,Q6581097,Q6581097,Male
Q135370946,0,Q6581072,Q6581072,Q6581072,Female
Q135370947,0,Q6581072,Q6581072,Q6581072,Female
Q135370944,0,Q6581072,Q6581072,Q6581072,Female
Q135370945,0,Q6581072,Q6581072,Q6581072,Female
Q135370950,0,Q6581072,Q6581072,Q6581072,Female
Q135370951,0,Q6581072,Q6581072,Q6581072,Female
Q135370948,0,Q6581072,Q6581072,Q6581072,Female
Q135370949,0,Q6581072,Q6581072,Q6581072,Female
Q135370952,0,Q6581072,Q6581072,Q6581072,Female
Q135370953,0,Q6581072,Q6581072,Q6581072,Female
Q135371068,0,Q6581072,Q6581072,Q6581072,Female
Q135371146,0,Q6581097,Q6581097,Q6581097,Male
Q135371218,0,Q6581097,Q6581097,Q6581097,Male
Q135371219,0,Q6581097,Q6581097,Q6581097,Male
Q135371216,0,Q6581097,Q6581097,Q6581097,Male
Q135371217,0,Q6581097,Q6581097,Q6581097,Male
Q135371222,0,Q6581097,Q6581097,Q6581097,Male
Q135371223,0,Q6581097,Q6581097,Q6581097,Male
Q135371220,0,Q6581097,Q6581097,Q6581097,Male
Q135371221,0,Q6581097,Q6581097,Q6581097,Male
Q135371224,0,Q6581097,Q6581097,Q6581097,Male
Q135371225,0,Q6581097,Q6581097,Q6581097,Male
Q135371490,0,Q6581097,Q6581097,Q6581097,Male
Q135371491,0,Q6581097,Q6581097,Q6581097,Male
Q135371489,0,Q6581097,Q6581097,Q6581097,Male
Q135371495,0,Q6581097,Q6581097,Q6581097,Male
Q135371496,0,Q6581097,Q6581097,Q6581097,Male
Q135371497,0,Q6581097,Q6581097,Q6581097,Male
Q135375938,0,Q6581097,Q6581097,Q6581097,Male
Q135375939,0,Q6581097,Q6581097,Q6581097,Male
Q135375968,0,Q6581097,Q6581097,Q6581097,Male
Q135375969,0,Q6581097,Q6581097,Q6581097,Male
Q135376289,0,Q6581072,Q6581072,Q6581072,Female
Q135376306,0,Q6581072,Q6581072,Q6581072,Female
Q135376307,0,Q6581072,Q6581072,Q6581072,Female
Q135376305,0,Q6581072,Q6581072,Q6581072,Female
Q135376308,0,Q6581072,Q6581072,Q6581072,Female
Q135376309,0,Q6581072,Q6581072,Q6581072,Female
Q135376450,0,Q6581097,Q6581097,Q6581097,Male
Q135376452,0,Q6581097,Q6581097,Q6581097,Male
Q135377034,0,Q6581097,Q6581097,Q6581097,Male
Q135377035,0,Q6581097,Q6581097,Q6581097,Male
Q135377038,0,Q6581097,Q6581097,Q6581097,Male
Q135377039,0,Q6581097,Q6581097,Q6581097,Male
Q135377036,0,Q6581097,Q6581097,Q6581097,Male
Q135377037,0,Q6581097,Q6581097,Q6581097,Male
Q135379394,0,Q6581097,Q6581097,Q6581097,Male
Q135379395,0,Q6581097,Q6581097,Q6581097,Male
Q135379392,0,Q6581097,Q6581097,Q6581097,Male
Q135379393,0,Q6581097,Q6581097,Q6581097,Male
Q135381438,0,Q6581097,Q6581097,Q6581097,Male
Q135382576,0,Q6581097,Q6581097,Q6581097,Male
Q135382633,0,Q6581097,Q6581097,Q6581097,Male
Q135384319,0,Q6581072,Q6581072,Q6581072,Female
Q135385358,0,Q6581097,Q6581097,Q6581097,Male
Q135388292,0,Q6581072,Q6581072,Q6581072,Female
Q135388293,0,Q6581072,Q6581072,Q6581072,Female
Q135389012,0,Q6581072,Q6581072,Q6581072,Female
Q135389117,0,Q6581072,Q6581072,Q6581072,Female
Q135389423,0,Q6581097,Q6581097,Q6581097,Male
Q135389420,0,Q6581097,Q6581097,Q6581097,Male
Q135389629,0,Q6581072,Q6581072,Q6581072,Female
Q135390012,0,Q6581097,Q6581097,Q6581097,Male
Q135391967,0,Q6581072,Q6581072,Q6581072,Female
Q135407606,0,Q6581097,Q6581097,Q6581097,Male
Q135432335,0,,MISSING,MISSING,Missing P21
Q135526333,0,Q6581097,Q6581097,Q6581097,Male
Q135529898,0,Q6581097,Q6581097,Q6581097,Male
Q135580021,0,Q6581097,Q6581097,Q6581097,Male
Q135585695,1,,MISSING,MISSING,Missing P21
Q135586840,1,,MISSING,MISSING,Missing P21
Q135647234,0,Q6581097,Q6581097,Q6581097,Male
Q135655996,0,,MISSING,MISSING,Missing P21
Q135682792,1,,MISSING,MISSING,Missing P21
Q135726849,1,Q6581097,Q6581097,Q6581097,Male
Q135792487,0,Q6581097,Q6581097,Q6581097,Male
Q135827563,1,,MISSING,MISSING,Missing P21
Q135828005,1,,MISSING,MISSING,Missing P21
Q135841394,0,Q6581097,Q6581097,Q6581097,Male
Q135852713,0,Q6581072,Q6581072,Q6581072,Female
Q135898441,0,Q6581097,Q6581097,Q6581097,Male
Q135915096,1,Q6581097,Q6581097,Q6581097,Male
Q135951879,0,Q6581097,Q6581097,Q6581097,Male
Q135951882,0,Q6581097,Q6581097,Q6581097,Male
Q135951897,0,Q6581097,Q6581097,Q6581097,Male
Q135951911,0,Q6581097,Q6581097,Q6581097,Male
Q135972446,0,Q6581072,Q6581072,Q6581072,Female
Q135974775,0,Q6581097,Q6581097,Q6581097,Male
Q135991625,1,,MISSING,MISSING,Missing P21
Q135991661,1,Q6581097,Q6581097,Q6581097,Male
Q135991681,1,Q6581097,Q6581097,Q6581097,Male
Q135991688,1,,MISSING,MISSING,Missing P21
Q135991692,1,,MISSING,MISSING,Missing P21
Q135999499,1,,MISSING,MISSING,Missing P21
Q136000178,1,,MISSING,MISSING,Missing P21
Q136001171,1,,MISSING,MISSING,Missing P21
Q136001175,1,,MISSING,MISSING,Missing P21
Q136001591,0,Q6581072,Q6581072,Q6581072,Female
Q136001609,1,,MISSING,MISSING,Missing P21
Q136087499,1,Q6581097,Q6581097,Q6581097,Male
Q136087672,0,Q6581097,Q6581097,Q6581097,Male
Q136100904,1,,MISSING,MISSING,Missing P21
Q136104068,1,Q6581097,Q6581097,Q6581097,Male
Q136122756,1,,MISSING,MISSING,Missing P21
Q136125620,1,Q6581097,Q6581097,Q6581097,Male
Q136135724,0,Q6581097,Q6581097,Q6581097,Male
Q136140189,0,Q6581072,Q6581072,Q6581072,Female
Q136140213,0,Q6581072,Q6581072,Q6581072,Female
Q136141665,0,Q6581097,Q6581097,Q6581097,Male
Q136216237,0,Q6581097,Q6581097,Q6581097,Male
Q136290232,0,Q6581072,Q6581072,Q6581072,Female
Q136299900,0,Q6581072,Q6581072,Q6581072,Female
Q136305672,1,,MISSING,MISSING,Missing P21
Q136309010,0,Q6581097,Q6581097,Q6581097,Male
Q136312054,0,Q6581097,Q6581097,Q6581097,Male
Q136326005,0,Q6581072,Q6581072,Q6581072,Female
Q136327268,1,Q6581097,Q6581097,Q6581097,Male
Q136338221,0,Q6581097,Q6581097,Q6581097,Male
Q136352677,0,Q6581097,Q6581097,Q6581097,Male
Q136380267,0,Q6581097,Q6581097,Q6581097,Male
Q136380270,0,Q6581097,Q6581097,Q6581097,Male
Q136380268,0,Q6581097,Q6581097,Q6581097,Male
Q136381014,0,Q6581097,Q6581097,Q6581097,Male
Q136381651,0,Q6581097,Q6581097,Q6581097,Male
Q136381654,0,Q6581097,Q6581097,Q6581097,Male
Q136381655,0,Q6581097,Q6581097,Q6581097,Male
Q136381653,0,Q6581097,Q6581097,Q6581097,Male
Q136381658,0,Q6581097,Q6581097,Q6581097,Male
Q136381659,0,Q6581097,Q6581097,Q6581097,Male
Q136381656,0,Q6581097,Q6581097,Q6581097,Male
Q136381657,0,Q6581097,Q6581097,Q6581097,Male
Q136381660,0,Q6581097,Q6581097,Q6581097,Male
Q136381837,0,Q6581072,Q6581072,Q6581072,Female
Q136382355,0,Q6581072,Q6581072,Q6581072,Female
Q136387608,1,,MISSING,MISSING,Missing P21
Q136440583,0,Q6581097,Q6581097,Q6581097,Male
Q136445437,1,Q6581097,Q6581097,Q6581097,Male
Q136460511,0,Q6581097,Q6581097,Q6581097,Male
Q136461753,0,Q6581097,Q6581097,Q6581097,Male
Q136474363,1,,MISSING,MISSING,Missing P21
Q136474412,1,,MISSING,MISSING,Missing P21
Q136474463,1,,MISSING,MISSING,Missing P21
Q136483974,0,Q6581097,Q6581097,Q6581097,Male
Q136485155,0,Q6581097,Q6581097,Q6581097,Male
Q136485372,1,,MISSING,MISSING,Missing P21
Q136485395,1,,MISSING,MISSING,Missing P21
