p31,label_en,label_kk,label_ru,total_entities,covered_entities,missing_entities,coverage_pct,missing_pct
Q1002697,periodical,periodical,периодическое издание,1,1,0,100.0,0.0
Q100282728,,,,1,1,0,100.0,0.0
Q1003207,photovoltaic power station,Күн Электр Стансасы,Фотоэлектрическая солнечная электростанция,4,0,4,0.0,100.0
Q100773131,regional economy,regional economy,экономика региона,3,3,0,100.0,0.0
Q100786919,Almaty Open,Almaty Open,Открытый чемпионат Алма-Аты по теннису,2,0,2,0.0,100.0
Q1007870,,,,1,0,1,0.0,100.0
Q100900880,,,,1,1,0,100.0,0.0
Q101401,bell,Қоңырау,колокол,1,1,0,100.0,0.0
Q1021290,,,,1,0,1,0.0,100.0
Q102421356,national pavillon,national pavillon,national pavillon,1,0,1,0.0,100.0
Q102496,parish,parish,церковный приход,5,0,5,0.0,100.0
Q1029418,children's magazine,children's magazine,детский журнал,1,1,0,100.0,0.0
Q10313934,intermittent lake,intermittent lake,сезонное озеро,3,0,3,0.0,100.0
Q10354598,,,,21,21,0,100.0,0.0
Q10379048,health technology,health technology,санитарные технологии,1,0,1,0.0,100.0
Q104179424,national ice hockey team,national ice hockey team,национальная сборная по хоккею с шайбой,3,0,3,0.0,100.0
Q104666804,rail transport by country or region,rail transport by country or region,железнодорожный транспорт по стране или региону,2,0,2,0.0,100.0
Q1047180,air defense force,Құрлықтағы әскердің әуе шабуылына қарсы қорғаныс әскерлері,Войска противовоздушной обороны,1,1,0,100.0,0.0
Q1047879,Public Notary,нотариат,нотариат,1,1,0,100.0,0.0
Q1049757,,,,3,3,0,100.0,0.0
Q10517054,handball team,handball team,гандбольная команда,2,1,1,50.0,50.0
Q105390172,Roman Catholic metropolitan archdiocese,Roman Catholic metropolitan archdiocese,римско-католическая митрополия-архиепископия,1,0,1,0.0,100.0
Q10541491,legal form,legal form,правовая форма,1,0,1,0.0,100.0
Q105543609,musical work/composition,musical work/composition,музыкальное произведение/композиция,1,1,0,100.0,0.0
Q1057026,cargo airline,cargo airline,грузовая авиакомпания,1,0,1,0.0,100.0
Q105723968,,,,1,1,0,100.0,0.0
Q105758208,power plant complex,power plant complex,power plant complex,1,1,0,100.0,0.0
Q105758271,multilateral development bank,multilateral development bank,многосторонний банк развития,1,0,1,0.0,100.0
Q1058914,,,,1,0,1,0.0,100.0
Q105897950,agriculture by country or territory,agriculture by country or territory,сельское хозяйство на территории,1,0,1,0.0,100.0
Q105982452,branch naval fleet,branch naval fleet,branch naval fleet,1,0,1,0.0,100.0
Q105985,judiciary,Сот билігі,судебная власть,2,0,2,0.0,100.0
Q1060409,honor guard,honor guard,часовой,1,0,1,0.0,100.0
Q1060829,,,,10,6,4,60.0,40.0
Q1061151,massif,Тау тізбегі,горный массив,1,1,0,100.0,0.0
Q106123,international E-road network,international E-road network,европейский автомобильный маршрут,1,0,1,0.0,100.0
Q1061648,sovereign wealth fund,sovereign wealth fund,суверенный фонд,1,1,0,100.0,0.0
Q10624527,biographical museum,biographical museum,персональный музей,2,1,1,50.0,50.0
Q106317256,nuclear arsenal,nuclear arsenal,ядерный арсенал,1,0,1,0.0,100.0
Q106861156,national road cycling championships - RR,national road cycling championships - RR,Национальные чемпионаты по шоссейному велоспорту - групповые гонки,1,0,1,0.0,100.0
Q106861159,national road cycling championships - ITT,national road cycling championships - ITT,Национальные чемпионаты по шоссейному велоспорту - индивидуальные гонки,1,0,1,0.0,100.0
Q1068842,,,,2,1,1,50.0,50.0
Q106978510,international rail transit service,international rail transit service,international rail transit service,1,0,1,0.0,100.0
Q107099245,sport ministry,sport ministry,министерство спорта,2,2,0,100.0,0.0
Q10713454,water source,water source,источник воды,2,2,0,100.0,0.0
Q1072326,summit,Саммит,саммит,3,0,3,0.0,100.0
Q10729872,medical association,medical association,медицинская коллегия,1,1,0,100.0,0.0
Q107357104,type of dance,type of dance,тип танца,2,1,1,50.0,50.0
Q107359024,class of election,class of election,тип выборов,2,0,2,0.0,100.0
Q107425,,,,1,1,0,100.0,0.0
Q107427417,class of honorary consuls to a country,class of honorary consuls to a country,class of honorary consuls to a country,1,0,1,0.0,100.0
Q107637871,transboundary site,transboundary site,transboundary site,1,0,1,0.0,100.0
Q1076426,uxoricide,uxoricide,женоубийство,1,1,0,100.0,0.0
Q1076486,sports venue,спорт ғимараттары,спортивное сооружение,8,1,7,12.5,87.5
Q107679,cliff,Клиф,клиф,2,0,2,0.0,100.0
Q107738583,Wikidata property for authority control for sports athletes,Wikidata property for authority control for sports athletes,свойство Викиданных для нормативного контроля спортсменов,1,0,1,0.0,100.0
Q1078286,military band,military band,военный оркестр,1,0,1,0.0,100.0
Q1079023,championship,Чемпионат,чемпионат,2,2,0,100.0,0.0
Q1081138,historic site,historic site,памятник истории,3,1,2,33.33,66.67
Q108178728,,,,1,1,0,100.0,0.0
Q10832530,,,,1,1,0,100.0,0.0
Q108390245,North-West Russia Wiki-Historians User Group events,North-West Russia Wiki-Historians User Group events,Мероприятия Юзер-группы Вики-краеведов Северо-запада России,1,0,1,0.0,100.0
Q108395614,volleyball club,volleyball club,волейбольный клуб,3,1,2,33.33,66.67
Q108436459,dance by ethnic group,dance by ethnic group,танец по этнической группе,1,0,1,0.0,100.0
Q10855061,archaeological find,archaeological find,археологическая находка,1,1,0,100.0,0.0
Q10874184,China Railway train service,China Railway train service,China Railway train service,2,0,2,0.0,100.0
Q108788952,ethnic group by residency,ethnic group by residency,этническая группа на территории,14,4,10,28.57,71.43
Q108822533,border river,border river,пограничная река,2,0,2,0.0,100.0
Q1088552,Catholic church building,костел,костёл,1,0,1,0.0,100.0
Q109607,,,,2,2,0,100.0,0.0
Q109623729,association football club match,association football club match,футбольный матч клубных команд,17,13,4,76.47,23.53
Q1097949,literary language,әдеби тіл,литературный язык,1,1,0,100.0,0.0
Q11032,newspaper,газет,газета,27,10,17,37.04,62.96
Q11033,mass media,бұқаралық ақпарат құралы,средство массовой информации,2,0,2,0.0,100.0
Q110548223,proposed legislation,proposed legislation,предлагаемый законодательный акт,1,0,1,0.0,100.0
Q110706912,Islamic organization,Islamic organization,исламская организация,1,1,0,100.0,0.0
Q11086064,total solar eclipse,total solar eclipse,полное солнечное затмение,4,0,4,0.0,100.0
Q1110684,regulatory college,regulatory college,профессиональное объединение,1,1,0,100.0,0.0
Q11166728,television tower,теледидар мұнарасы,телебашня,2,1,1,50.0,50.0
Q11187131,2015 World Judo Championships,Дзюдодан әлем чемпионаты 2015,Чемпионат мира по дзюдо 2015,10,0,10,0.0,100.0
Q11197007,ethnoreligious group,ethnoreligious group,этнорелигиозная группа,1,1,0,100.0,0.0
Q11204,legislature,Заң шығарушы билік,орган законодательной власти,3,3,0,100.0,0.0
Q112128334,protected area of Kazakhstan of republican significance,protected area of Kazakhstan of republican significance,особо охраняемая природная территория республиканского значения Казахстана,119,66,53,55.46,44.54
Q11223998,IJF World Tour,IJF World Tour,IJF World Tour,1,0,1,0.0,100.0
Q112537478,,,,45,6,39,13.33,86.67
Q1128637,,,,1,1,0,100.0,0.0
Q112876,pine barrens,Шоқ қарағай,бор,1,0,1,0.0,100.0
Q1129474,cultural landscape,cultural landscape,культурный ландшафт,2,1,1,50.0,50.0
Q11303,skyscraper,Көктіреген,небоскрёб,5,1,4,20.0,80.0
Q113040113,national inventory of intangible cultural heritage,national inventory of intangible cultural heritage,национальный реестр нематериального культурного наследия,1,0,1,0.0,100.0
Q113065939,Embassy of the United States,Embassy of the United States,посольство США,1,0,1,0.0,100.0
Q1131329,,,,1,1,0,100.0,0.0
Q11315,shopping center,сауда орталығы,торговый центр,11,2,9,18.18,81.82
Q113254938,spacecraft fleet,spacecraft fleet,Космический флот,1,0,1,0.0,100.0
Q113363345,,,,1,0,1,0.0,100.0
Q113455515,,,,1,1,0,100.0,0.0
Q113612628,language in an area,language in an area,язык на территории,1,0,1,0.0,100.0
Q11362251,World Judo Cadets Championships,World Judo Cadets Championships,World Judo Cadets Championships,1,0,1,0.0,100.0
Q11362400,World Team Judo Championships,World Team Judo Championships,World Team Judo Championships,2,0,2,0.0,100.0
Q113681824,opencast mine,opencast mine,opencast mine,1,0,1,0.0,100.0
Q113813711,coin type,coin type,тип монеты,686,0,686,0.0,100.0
Q113988536,recurring religious event,recurring religious event,recurring religious event,1,1,0,100.0,0.0
Q1140371,national identification number,national identification number,национальный идентификационный номер,1,1,0,100.0,0.0
Q1140419,ambiguity,ambiguity,неоднозначность,1,0,1,0.0,100.0
Q114055312,national baseball team,national baseball team,national baseball team,1,0,1,0.0,100.0
Q11410,game,ойын,игра,2,2,0,100.0,0.0
Q114342413,cancelled event,cancelled event,отменное мероприятие,1,0,1,0.0,100.0
Q114347110,Kazakhstan motorcycle Grand Prix,Kazakhstan motorcycle Grand Prix,Kazakhstan motorcycle Grand Prix,1,0,1,0.0,100.0
Q1143635,,,,1,1,0,100.0,0.0
Q11448906,science award,science award,научная награда,1,0,1,0.0,100.0
Q11460,clothing,киім,одежда,1,1,0,100.0,0.0
Q114609228,recurring sporting event edition,recurring sporting event edition,версия повторяющегося спортивного события,13,3,10,23.08,76.92
Q114782406,,,,1,1,0,100.0,0.0
Q11486291,,,,1,0,1,0.0,100.0
Q1149061,language area,language area,языковое пространство,1,0,1,0.0,100.0
Q115110263,railway border crossing,railway border crossing,железнодорожное пересечение границы,6,0,6,0.0,100.0
Q115135140,futsal competition,futsal competition,соревнование по футзалу,1,0,1,0.0,100.0
Q1153191,online newspaper,online newspaper,интернет-издание,7,1,6,14.29,85.71
Q115346835,temperate steppe,temperate steppe,temperate steppe,3,1,2,33.33,66.67
Q1154710,association football venue,association football venue,футбольный стадион,4,4,0,100.0,0.0
Q11572907,order of succession,order of succession,Престолонаследие,1,0,1,0.0,100.0
Q115839789,basketball club,basketball club,баскетбольный клуб,5,2,3,40.0,60.0
Q115857096,aspect of history in a geographic region,aspect of history in a geographic region,исторический аспект в географическом регионе,1,1,0,100.0,0.0
Q116597750,association football derby,association football derby,дерби (футбол),1,1,0,100.0,0.0
Q11670533,elevated station,elevated station,приподнятая станция,1,0,1,0.0,100.0
Q11691,stock exchange,Қор биржасы,фондовая биржа,4,2,2,50.0,50.0
Q116953048,beach soccer club,beach soccer club,пляжный футбольный клуб,1,0,1,0.0,100.0
Q11707,restaurant,мейрамхана,ресторан,1,1,0,100.0,0.0
Q117086260,national field hockey team,national field hockey team,сборная по хоккею на траве,2,1,1,50.0,50.0
Q117103628,national water polo team,national water polo team,national water polo team,1,0,1,0.0,100.0
Q117819097,women's basketball club,women's basketball club,женский баскетбольный клуб,2,0,2,0.0,100.0
Q117819211,men's basketball club,men's basketball club,мужской баскетбольный клуб,1,0,1,0.0,100.0
Q117819338,women's volleyball club,women's volleyball club,женский волейбольный клуб,2,1,1,50.0,50.0
Q11783626,athletics meeting,athletics meeting,соревнование по лёгкой атлетике,2,0,2,0.0,100.0
Q11796413,decoration,decoration,знак отличия,4,2,2,50.0,50.0
Q1180262,,,,1,1,0,100.0,0.0
Q11812394,theatre company,theatre company,театральная организация,11,10,1,90.91,9.09
Q1181413,palace of culture,palace of culture,дворец культуры,4,2,2,50.0,50.0
Q118188609,beach soccer competition,beach soccer competition,соревнование по пляжному футболу,1,0,1,0.0,100.0
Q11822917,,,,1,1,0,100.0,0.0
Q118726613,military youth organisation,military youth organisation,military youth organisation,1,0,1,0.0,100.0
Q11892333,freedom of speech by country,freedom of speech by country,freedom of speech by country,1,0,1,0.0,100.0
Q1190554,occurrence,occurrence,событие,2,1,1,50.0,50.0
Q1193236,news media,news media,новостные СМИ,1,0,1,0.0,100.0
Q119442487,Kazakhstan Future Series,Kazakhstan Future Series,Kazakhstan Future Series,1,0,1,0.0,100.0
Q1194951,national sports team,national sports team,сборная,6,0,6,0.0,100.0
Q1196904,electronic publishing,electronic publishing,цифровое издание,1,0,1,0.0,100.0
Q1197685,public holiday,public holiday,государственный праздник,8,7,1,87.5,12.5
Q119942457,UCI Women's Continental Team,UCI Women's Continental Team,UCI Women's Continental Team,2,0,2,0.0,100.0
Q12018180,geomorphological system,geomorphological system,геоморфологическая система,1,0,1,0.0,100.0
Q12019965,,,,2,2,0,100.0,0.0
Q12021235,,,гребень,3,2,1,66.67,33.33
Q120434264,Kazakhstan Badminton Championships,Kazakhstan Badminton Championships,Kazakhstan Badminton Championships,68,0,68,0.0,100.0
Q12057459,writers union,writers union,союз писателей,1,1,0,100.0,0.0
Q12075102,,,,1,1,0,100.0,0.0
Q12075477,Islam of an area,Islam of an area,ислам на территории,1,1,0,100.0,0.0
Q120762065,Asian Road Cycling Championships - Men U19 RR,Asian Road Cycling Championships - Men U19 RR,Чемпионат Азии по шоссейному велоспорту - групповая гонка (мужчины U19),2,0,2,0.0,100.0
Q120762066,Asian Road Cycling Championships - Men U19 ITT,Asian Road Cycling Championships - Men U19 ITT,Чемпионат Азии по шоссейному велоспорту - индивидуальная гонка (мужчины U19),2,0,2,0.0,100.0
Q120762067,Asian Road Cycling Championships - Women U23 RR,Asian Road Cycling Championships - Women U23 RR,Чемпионат Азии по шоссейному велоспорту - групповая гонка (женщины U23),1,0,1,0.0,100.0
Q120762068,Asian Road Cycling Championships - Women U23 ITT,Asian Road Cycling Championships - Women U23 ITT,Чемпионат Азии по шоссейному велоспорту - индивидуальная гонка (женщины U23),1,0,1,0.0,100.0
Q120762069,Asian Road Cycling Championships - Women U19 RR,Asian Road Cycling Championships - Women U19 RR,Чемпионат Азии по шоссейному велоспорту - групповая гонка (женщины U19),2,0,2,0.0,100.0
Q120762070,Asian Road Cycling Championships - Women U19 ITT,Asian Road Cycling Championships - Women U19 ITT,Чемпионат Азии по шоссейному велоспорту - индивидуальная гонка (женщины U19),2,0,2,0.0,100.0
Q12079191,artesian basin,Артезиан алабы,артезианский бассейн,10,10,0,100.0,0.0
Q1208380,dialect group,диалектілер тобы,группа диалектов языка,1,0,1,0.0,100.0
Q12091026,coal deposit,coal deposit,угольное месторождение,1,0,1,0.0,100.0
Q12099220,,,,1,0,1,0.0,100.0
Q12104567,,,,2,2,0,100.0,0.0
Q121182,information system,Ақпарат жүйесі,информационная система,1,0,1,0.0,100.0
Q12132769,oil and gas field,oil and gas field,нефтегазовое месторождение,3,2,1,66.67,33.33
Q12132780,oil and gas bearing province,oil and gas bearing province,нефтегазоносная провинция,1,0,1,0.0,100.0
Q12134916,,,,1,1,0,100.0,0.0
Q12137573,Paleolithic site,Paleolithic site,палеолитическая стоянка,1,1,0,100.0,0.0
Q12139612,list,тізім,список,1,1,0,100.0,0.0
Q12140,medication,Дәрі-дәрмек,лекарственное средство,1,1,0,100.0,0.0
Q12149173,ore district,ore district,рудный район,4,4,0,100.0,0.0
Q121556053,wrestling competition,wrestling competition,соревнования по борьбе,1,0,1,0.0,100.0
Q12160242,art society,art society,творческий союз,1,1,0,100.0,0.0
Q12164334,professional holiday of Ukraine,professional holiday of Ukraine,профессиональный праздник на Украине,1,0,1,0.0,100.0
Q12174444,sink,ойыс,впадина,2,2,0,100.0,0.0
Q12184,pandemic,індет,пандемия,1,1,0,100.0,0.0
Q1220872,,,,1,0,1,0.0,100.0
Q122204781,airport identification code,airport identification code,airport identification code,1,0,1,0.0,100.0
Q122329178,economic forum,economic forum,экономический форум,1,1,0,100.0,0.0
Q12266391,city of republican significance,Республикалық маңызы бар қала,город республиканского значения,4,4,0,100.0,0.0
Q12280,bridge,көпір,мост,4,2,2,50.0,50.0
Q12280169,animal husbandry of an area,animal husbandry of an area,животноводство на территории,1,0,1,0.0,100.0
Q12284,canal,канал,канал,35,12,23,34.29,65.71
Q12308941,male given name,ер адамның жеке есімі,мужское личное имя,1,0,1,0.0,100.0
Q123225013,Kazakhstan Junior International Badminton Championships,Kazakhstan Junior International Badminton Championships,Kazakhstan Junior International Badminton Championships,2,0,2,0.0,100.0
Q12323,dam,бөгет,плотина,21,4,17,19.05,80.95
Q123237442,sex trafficking by country or territory,sex trafficking by country or territory,sex trafficking by country or territory,1,0,1,0.0,100.0
Q123237961,abortion by country,abortion by country,аборты на территории,1,1,0,100.0,0.0
Q12332021,politics by country,politics by country,политика по странам,1,1,0,100.0,0.0
Q123480,landlocked country,Мұхитқа шыға алмайтын елдер,не имеющие выхода к морю государства,1,1,0,100.0,0.0
Q12353044,oil refinery,oil refinery,нефтеперерабатывающий завод,3,1,2,33.33,66.67
Q12357832,second-level administrative division,second-level administrative division,административная единица второго уровня,20,15,5,75.0,25.0
Q12357920,third-level administrative division,third-level administrative division,административная единица третьего уровня,25,13,12,52.0,48.0
Q123585930,reconstruction,reconstruction,реконструкция,1,0,1,0.0,100.0
Q12367307,complex emergency,complex emergency,комплексная катастрофа,1,1,0,100.0,0.0
Q123705,neighborhood,neighborhood,нейборхуд,46,31,15,67.39,32.61
Q123991,steppe,Дала,степь,3,2,1,66.67,33.33
Q124098638,Roman Catholic ecclesiastical province,Roman Catholic ecclesiastical province,римско-католическая церковная провинция,1,0,1,0.0,100.0
Q1241288,economic affairs ministry,economic affairs ministry,министерство экономики,1,1,0,100.0,0.0
Q12413618,international border,Мемлекеттік шекара,межгосударственная граница,6,5,1,83.33,16.67
Q124221947,One Earth Ecoregion,One Earth Ecoregion,One Earth Ecoregion,4,0,4,0.0,100.0
Q1244922,embankment dam,Жербөгет,насыпная плотина,1,1,0,100.0,0.0
Q1245089,promontory,promontory,возвышение,1,1,0,100.0,0.0
Q124556620,type of legal entity in Kazakhstan,type of legal entity in Kazakhstan,type of legal entity in Kazakhstan,1,1,0,100.0,0.0
Q124714,spring,бұлақтар,родник,123,13,110,10.57,89.43
Q124734,rebellion,Көтеріліс,восстание,6,4,2,66.67,33.33
Q1248784,airport,әуежай,аэропорт,35,31,4,88.57,11.43
Q12518,tower,Мұнара,башня,4,3,1,75.0,25.0
Q12540664,media distributor,Дистрибутор,дистрибьютор,1,1,0,100.0,0.0
Q12541085,,,,1,1,0,100.0,0.0
Q1254874,television network,television network,телевизионная сеть,1,1,0,100.0,0.0
Q1254933,astronomical observatory,astronomical observatory,астрономическая обсерватория,4,1,3,25.0,75.0
Q125505344,place designated by a field name,place designated by a field name,урочище,2,1,1,50.0,50.0
Q12552199,main gas pipeline,Магистральды газ құбыры,магистральный газопровод,1,0,1,0.0,100.0
Q125569386,university branch,university branch,филиал университета,1,0,1,0.0,100.0
Q125577386,foreign intelligence service,foreign intelligence service,Служба внешней разведки,1,1,0,100.0,0.0
Q12570,suspension bridge,Аспалы көпір,висячий мост,1,1,0,100.0,0.0
Q1262090,oil pipeline,oil pipeline,нефтепровод,4,4,0,100.0,0.0
Q1262712,gas pipeline,Газжүргізгіш,газопровод,5,0,5,0.0,100.0
Q1268865,light rail,light rail,легкорельсовый транспорт,1,0,1,0.0,100.0
Q1269299,type of business entity,type of business entity,тип юридического лица,1,1,0,100.0,0.0
Q1269827,,,,1,1,0,100.0,0.0
Q12737077,occupation,қызмет түрі,род занятий,1,0,1,0.0,100.0
Q12765911,folkloristic group,folkloristic group,folkloristic group,1,1,0,100.0,0.0
Q12768272,Judaism of an area,Judaism of an area,иудаизм на территории,1,0,1,0.0,100.0
Q12806886,tea culture of an area,tea culture of an area,чайная культура территории,1,1,0,100.0,0.0
Q12830341,Eastern Orthodoxy of an area,Eastern Orthodoxy of an area,православие на территории,1,0,1,0.0,100.0
Q12830429,Protestantism of an area,Protestantism of an area,протестантизм на территории,1,0,1,0.0,100.0
Q12833777,Christianity of an area,Christianity of an area,христианство на территории,1,1,0,100.0,0.0
Q128654790,ski jumping complex,ski jumping complex,комплекс лыжных трамплинов,2,0,2,0.0,100.0
Q1288568,modern language,modern language,живой язык,13,11,2,84.62,15.38
Q12897688,Jehovah's Witnesses of an area,Jehovah's Witnesses of an area,Свидетели Иеговы на территории,1,0,1,0.0,100.0
Q12909644,political ideology,саяси идеология,политическая идеология,1,0,1,0.0,100.0
Q1292279,political border,Мемлекеттік шекара,политическая граница,1,0,1,0.0,100.0
Q129268952,,,,1,1,0,100.0,0.0
Q12932380,Hinduism of an area,Hinduism of an area,индуизм на территории,1,0,1,0.0,100.0
Q12933353,Buddhism of an area,Buddhism of an area,буддизм на территории,1,1,0,100.0,0.0
Q129675946,,,,18,17,1,94.44,5.56
Q129725870,,,,38,38,0,100.0,0.0
Q12973014,sports team,sports team,спортивная команда,6,1,5,16.67,83.33
Q129730229,akimat of city of regional significance,облыстық маңызы бар қалалардың әкімдігі,акимат города областного значения,37,35,2,94.59,5.41
Q129791543,,,,5,5,0,100.0,0.0
Q129882775,,,,43,43,0,100.0,0.0
Q129882905,town administration of Kazakhstan,Кенттік әкімшілік,поселковая администрация в Казахстане,76,75,1,98.68,1.32
Q130003,ski resort,ski resort,горнолыжный курорт,4,1,3,25.0,75.0
Q130108094,,,,48,48,0,100.0,0.0
Q130212458,village of Kazakhstan,Қазақстан ауылы,село в Казахстане,7935,6882,1053,86.73,13.27
Q130282561,Address to the Nation of the President of Kazakhstan,Қазақстан президентінің Халыққа жолдауы,Послание народу президента Казахстана,9,0,9,0.0,100.0
Q130417640,Delegation of the European Union,Delegation of the European Union,Delegation of the European Union,1,0,1,0.0,100.0
Q13052937,Armenian Apostolic Church diocese,Armenian Apostolic Church diocese,епархия Армянской апостольской церкви,1,0,1,0.0,100.0
Q130639613,automobile repair shop chain,automobile repair shop chain,automobile repair shop chain,1,0,1,0.0,100.0
Q13065566,,,,1,1,0,100.0,0.0
Q1306755,,,,1,1,0,100.0,0.0
Q13073773,Catholic Church of an area,Catholic Church of an area,католицизм на территории,1,1,0,100.0,0.0
Q13107170,Dnepr radar,Dnepr radar,Днепр,1,0,1,0.0,100.0
Q1313096,ministry of science,ministry of science,министерство науки и технологии,2,2,0,100.0,0.0
Q131324128,water polo club,water polo club,ватерпольный клуб,2,2,0,100.0,0.0
Q131437023,tax status,tax status,tax status,1,0,1,0.0,100.0
Q131459694,association football season,association football season,розыгрыш футбольного турнира,26,12,14,46.15,53.85
Q131569,treaty,Халықаралық келiсiмдер,международный договор,4,2,2,50.0,50.0
Q131647,medal,медаль,медаль,26,25,1,96.15,3.85
Q131681,reservoir,су қоймасы,водохранилище,86,76,10,88.37,11.63
Q131734,brewery,brewery,пивоварня,1,0,1,0.0,100.0
Q1318941,stage race,stage race,многодневная велогонка,1,0,1,0.0,100.0
Q13197989,Sunni Islam of an area,Sunni Islam of an area,суннизм на территории,2,0,2,0.0,100.0
Q1322134,gulf,gulf,залив,1,1,0,100.0,0.0
Q132241,festival,festival,фестиваль,3,1,2,33.33,66.67
Q13226383,facility,facility,площадка,18,3,15,16.67,83.33
Q132510,market,Базар,рынок,3,0,3,0.0,100.0
Q132834,madrasa,Медресе,медресе,5,3,2,60.0,40.0
Q1329623,cultural center,cultural center,культурный центр,2,0,2,0.0,100.0
Q133004,diaspora,Диаспора,диаспора,1,0,1,0.0,100.0
Q133056,mountain pass,асу,перевал,94,16,78,17.02,82.98
Q1331793,media company,media company,медиакомпания,2,1,1,50.0,50.0
Q133311,tribe,тайпа,племя,7,5,2,71.43,28.57
Q133346,border,Мемлекеттік шекара,граница географическая,5,5,0,100.0,0.0
Q1335652,airport railway station,airport railway station,железнодорожная станция при аэропорте,1,0,1,0.0,100.0
Q1337424,Perry Groves,Perry Groves,Перри Гроувз,1,0,1,0.0,100.0
Q133744,tour operator,tour operator,туроператор,2,0,2,0.0,100.0
Q1339195,station building,station building,железнодорожный вокзал,3,2,1,66.67,33.33
Q13393265,basketball team,basketball team,баскетбольная команда,11,3,8,27.27,72.73
Q13406463,Wikimedia list article,Wikimedia list article,статья-список в проекте Викимедиа,157,33,124,21.02,78.98
Q13406554,sports competition,sports competition,спортивное соревнование,25,6,19,24.0,76.0
Q13406660,civil rights movement,civil rights movement,движение за гражданские права,1,1,0,100.0,0.0
Q1341478,,,,1,1,0,100.0,0.0
Q134161,joint-stock company,Акционерлік қоғам,акционерное общество,1,1,0,100.0,0.0
Q134447,nuclear power plant,Атом электр стансасы,атомная электростанция,1,1,0,100.0,0.0
Q1345691,international financial institution,international financial institution,международная финансовая организация,1,0,1,0.0,100.0
Q1345712,development strategy,development strategy,стратегия развития,1,1,0,100.0,0.0
Q1349015,GOST,GOST,межгосударственный стандарт,2,0,2,0.0,100.0
Q1349255,natural gas field,Газ кені,месторождение природного газа,8,4,4,50.0,50.0
Q135054036,men’s national volleyball team,men’s national volleyball team,мужская сборная страны по волейболу,1,0,1,0.0,100.0
Q135207825,international oil company,international oil company,international oil company,1,1,0,100.0,0.0
Q1353183,launch pad,launch pad,стартовый комплекс,7,0,7,0.0,100.0
Q135408445,men's national association football team,men's national association football team,мужская сборная по футболу,1,1,0,100.0,0.0
Q135409346,men's national ice hockey team,men's national ice hockey team,men's national ice hockey team,1,1,0,100.0,0.0
Q135409668,travel company,travel company,travel company,1,0,1,0.0,100.0
Q135728374,men's national bandy team,men's national bandy team,men's national bandy team,1,1,0,100.0,0.0
Q135728463,men's national basketball team,men's national basketball team,men's national basketball team,1,1,0,100.0,0.0
Q135747756,men's national water polo team,men's national water polo team,men's national water polo team,1,1,0,100.0,0.0
Q135747780,women's national ice hockey team,women's national ice hockey team,women's national ice hockey team,1,0,1,0.0,100.0
Q1358919,bicycle-sharing system,bicycle-sharing system,велопрокат,2,0,2,0.0,100.0
Q136408744,Research and Development (R&D) Center,Research and Development (R&D) Center,Research and Development (R&D) Center,1,0,1,0.0,100.0
Q1364157,philharmonic society,филармония,филармония,10,9,1,90.0,10.0
Q1364302,ministry of agriculture,ministry of agriculture,министерство сельского хозяйства,1,1,0,100.0,0.0
Q1365924,mineral spring,Минералды бұлақтар,минеральный источник,2,2,0,100.0,0.0
Q1366722,final,Финал,финал,2,2,0,100.0,0.0
Q136696275,Сhain of discounters,Сhain of discounters,Сеть дискаунтеров,1,0,1,0.0,100.0
Q1368262,National Paralympic Committee,National Paralympic Committee,Национальный паралимпийский комитет,1,1,0,100.0,0.0
Q1370598,structure of worship,structure of worship,культовое сооружение,2,1,1,50.0,50.0
Q1371037,,,,1,1,0,100.0,0.0
Q137186904,transcontinental region,transcontinental region,трансконтинентальный регион,1,0,1,0.0,100.0
Q137274086,,,,2,2,0,100.0,0.0
Q137455956,Defunct episcopal conference,Defunct episcopal conference,Defunct episcopal conference,1,0,1,0.0,100.0
Q137794598,ministry of Kazakhstan,ministry of Kazakhstan,ministry of Kazakhstan,23,23,0,100.0,0.0
Q13785326,2014 Fed Cup,2014 Fed Cup,Кубок Федерации 2014,1,0,1,0.0,100.0
Q137871518,nation in the New Wave competition,nation in the New Wave competition,страна в конкурсе Новая волна,1,0,1,0.0,100.0
Q1378975,,,,1,1,0,100.0,0.0
Q138775,border guard,Шекара әскерлері,пограничные войска,1,1,0,100.0,0.0
Q138825,children's railway,Балалар темір жолы,детская железная дорога,5,0,5,0.0,100.0
Q13883136,,,,1,0,1,0.0,100.0
Q139591396,,,,1,1,0,100.0,0.0
Q1402443,border train station,border train station,приграничная железнодорожная станция,2,1,1,50.0,50.0
Q1402592,island group,island group,группа островов,6,3,3,50.0,50.0
Q140360298,,,купеческая династия,1,0,1,0.0,100.0
Q140362944,,,награды в географическом регионе,1,1,0,100.0,0.0
Q140678780,chess tournament edition,chess tournament edition,сезон шахматного турнира,10,0,10,0.0,100.0
Q1406988,,,,1,1,0,100.0,0.0
Q140705642,emergency minister,emergency minister,emergency minister,1,0,1,0.0,100.0
Q1407225,television award,television award,награда в области телевидения,1,0,1,0.0,100.0
Q140892892,country sometimes considered transcontinental,country sometimes considered transcontinental,"возможно, трансконтинентальная страна",1,1,0,100.0,0.0
Q1412205,armory,armory,Цейхгауз,1,1,0,100.0,0.0
Q1413677,justice ministry,Әділет министрлігі,министерство юстиции,1,1,0,100.0,0.0
Q1431554,apostolic administration,apostolic administration,апостольская администратура,2,0,2,0.0,100.0
Q1434274,agronym,agronym,урочище,8,4,4,50.0,50.0
Q14350,radio station,radio station,вещательная радиостанция,8,5,3,62.5,37.5
Q1437459,non-geologically related mountain range,non-geologically related mountain range,горы,10,5,5,50.0,50.0
Q1440300,,,,1,1,0,100.0,0.0
Q1445650,holiday,мереке,праздник,9,4,5,44.44,55.56
Q1451906,women's organization,women's organization,женская организация,1,0,1,0.0,100.0
Q1454820,,,,1,1,0,100.0,0.0
Q14659,coat of arms,Мемлекеттік герб (елтаңба),герб,6,1,5,16.67,83.33
Q146591,circle of latitude,circle of latitude,параллель,16,0,16,0.0,100.0
Q14660,flag,ту,флаг,1,0,1,0.0,100.0
Q14757767,fourth-level administrative division,fourth-level administrative division,административная единица четвёртого уровня,4,0,4,0.0,100.0
Q1478437,association football competition,association football competition,футбольный турнир,2,1,1,50.0,50.0
Q1478443,association football federation,association football federation,футбольная федерация,1,1,0,100.0,0.0
Q148319,,,,1,1,0,100.0,0.0
Q1493728,,,,1,0,1,0.0,100.0
Q14941854,oil company,oil company,нефтяная компания,1,1,0,100.0,0.0
Q149621,district,district,дистрикт,1,0,1,0.0,100.0
Q1496456,2013 Fed Cup,2013 Fed Cup,Кубок Федерации 2013,1,0,1,0.0,100.0
Q1497364,building complex,building complex,комплекс зданий,9,4,5,44.44,55.56
Q149918,communications satellite,Байланыс серігі,спутник связи,3,2,1,66.67,33.33
Q1503257,magnetic observatory,magnetic observatory,magnetic observatory,1,0,1,0.0,100.0
Q15043657,Tour of Almaty,Алматы Туры 2013,Тур Алматы,7,1,6,14.29,85.71
Q15072596,administrative territorial entity of Kazakhstan,Қазақстан әкімшілік бірліктері,административное деление Казахстана,9,8,1,88.89,11.11
Q150784,canyon,Каньон,каньон,5,2,3,40.0,60.0
Q15079663,,,,1,1,0,100.0,0.0
Q15087423,ISO standard,ISO standard,стандарт ISO,1,1,0,100.0,0.0
Q1510380,grove,grove,роща,1,0,1,0.0,100.0
Q15104814,land boundary,land boundary,сухопутная граница между странами,5,5,0,100.0,0.0
Q15104915,mineral deposit,Кенорын,месторождение полезных ископаемых,117,107,10,91.45,8.55
Q15135589,,,,13,6,7,46.15,53.85
Q15141321,train service,train service,маршрут поезда,2,0,2,0.0,100.0
Q15145593,,,,1,0,1,0.0,100.0
Q151885,concept,ұғым,понятие,2,1,1,50.0,50.0
Q1519799,ministry of health,ministry of health,министерство здравоохранения,2,2,0,100.0,0.0
Q15206795,,,,1,1,0,100.0,0.0
Q15221623,bilateral relation,bilateral relation,двусторонние отношения,170,149,21,87.65,12.35
Q15229207,sports award,sports award,спортивная награда,1,1,0,100.0,0.0
Q15238777,legislative term,legislative term,срок полномочий законодательного органа,2,0,2,0.0,100.0
Q15239622,disputed territory,даулы жер,оспариваемая территория,1,0,1,0.0,100.0
Q15243209,historic district,historic district,исторический район города,1,0,1,0.0,100.0
Q152559,macrolanguage,macrolanguage,макросемья языков по ISO 639-3,1,1,0,100.0,0.0
Q15275719,recurring event,recurring event,регулярное событие,1,0,1,0.0,100.0
Q15284636,presidential term,presidential term,президентский срок,1,0,1,0.0,100.0
Q1529128,postal service,postal service,почтовая компания,1,1,0,100.0,0.0
Q1530022,religious organization,Діни бірлестіктер,религиозная организация,1,0,1,0.0,100.0
Q15324,body of water,бөген,водный объект,1,1,0,100.0,0.0
Q153562,,,,3,2,1,66.67,33.33
Q15410549,public association,Қоғамдық бірлестіктер,общественное объединение,1,0,1,0.0,100.0
Q1546073,covert operation,covert operation,тайная операция,1,1,0,100.0,0.0
Q1549591,big city,big city,большой город,18,18,0,100.0,0.0
Q1550182,mine railway,mine railway,Шахтный электровоз,1,0,1,0.0,100.0
Q1550225,,,,1,1,0,100.0,0.0
Q155271,think tank,ғылыми орталық,аналитический центр,1,0,1,0.0,100.0
Q15617994,administrative territorial entity type,administrative territorial entity type,тип административно-территориальной единицы,1,0,1,0.0,100.0
Q15622363,sheep breed,sheep breed,порода овец,1,1,0,100.0,0.0
Q15640053,tram system,tram system,трамвайная система,5,0,5,0.0,100.0
Q15642541,human-geographic territorial entity,human-geographic territorial entity,геополитическая область,5,0,5,0.0,100.0
Q15661340,,,,4,4,0,100.0,0.0
Q157031,foundation,Айырбас,фонд,3,2,1,66.67,33.33
Q15711797,finance ministry,finance ministry,министерство финансов,1,1,0,100.0,0.0
Q15720476,volleyball team,volleyball team,волейбольная команда,34,8,26,23.53,76.47
Q1572070,youth organization,Балалар ұйымдары,молодёжная организация,1,1,0,100.0,0.0
Q1572791,buran,Боран,буран,1,1,0,100.0,0.0
Q15813069,housing series,housing series,серия дома,6,0,6,0.0,100.0
Q15840617,,,,1,1,0,100.0,0.0
Q158438,arch bridge,arch bridge,арочный мост,2,0,2,0.0,100.0
Q158454,biosphere reserve,Адам және биосфера,биосферный заповедник ЮНЕСКО,9,1,8,11.11,88.89
Q1589009,privately held company,Жеке компания,частная компания,1,1,0,100.0,0.0
Q15911314,association,association,ассоциация,2,1,1,50.0,50.0
Q15911738,hydroelectric power station,су электр станциясы,гидроэлектростанция,14,5,9,35.71,64.29
Q1592877,tectonic uplift,tectonic uplift,тектоническое поднятие,1,0,1,0.0,100.0
Q159313,urban agglomeration,urban agglomeration,городская агломерация,3,1,2,33.33,66.67
Q159334,,,,1,1,0,100.0,0.0
Q1595639,local museum,local museum,краеведческий музей,2,1,1,50.0,50.0
Q159719,power station,электр стансасы,электростанция,2,0,2,0.0,100.0
Q15986354,basketball association,basketball association,баскетбольная федерация,1,0,1,0.0,100.0
Q15991303,association football league,association football league,футбольная лига,4,3,1,75.0,25.0
Q160091,plain,Жазық,равнина,12,12,0,100.0,0.0
Q1601458,combined heat and power station,Жылу Электр Орталығы,теплоэлектроцентраль,15,6,9,40.0,60.0
Q16043215,Sufism of an area,Sufism of an area,суфизм на территории,1,0,1,0.0,100.0
Q16117291,,,конституционный закон,1,0,1,0.0,100.0
Q1616075,television station,television station,телецентр,27,20,7,74.07,25.93
Q1620908,historical region,тарихи аймақ,историческая область,2,2,0,100.0,0.0
Q162602,river island,Өзен аралы,речной остров,1,0,1,0.0,100.0
Q162633,academy,Академия,академия,1,1,0,100.0,0.0
Q162875,mausoleum,кесене,мавзолей,67,52,15,77.61,22.39
Q163021,observation post,observation post,наблюдательный пункт,1,0,1,0.0,100.0
Q16334295,group of humans,адамдар тобы,группа людей,1,0,1,0.0,100.0
Q16349709,Baháʼí Faith of an area,Baháʼí Faith of an area,бахаи на территории,1,0,1,0.0,100.0
Q163687,basilica,Базилика,базилика,1,0,1,0.0,100.0
Q163740,nonprofit organization,коммерциялық емес ұйым,некоммерческая организация,12,1,11,8.33,91.67
Q1639168,climate zone,climate zone,климатическая зона,1,1,0,100.0,0.0
Q163967,peneplain,Пенеплен,пенеплен,1,1,0,100.0,0.0
Q1639780,regulatory agency,regulatory agency,регулирующий орган,8,7,1,87.5,12.5
Q164099,hoard,hoard,hoard,1,0,1,0.0,100.0
Q16434634,,,,3,3,0,100.0,0.0
Q16463,lyceum,Лицей,лицей,1,1,0,100.0,0.0
Q16465938,seasonal river,seasonal river,пересыхающая река,5,0,5,0.0,100.0
Q165,sea,теңіз,море,1,1,0,100.0,0.0
Q16510064,sporting event,sporting event,спортивное мероприятие,40,0,40,0.0,100.0
Q16516287,wedding custom,wedding custom,свадебный обычай,1,0,1,0.0,100.0
Q16519632,scientific organization,scientific organization,научная организация,5,5,0,100.0,0.0
Q1656682,planned event,planned event,мероприятие,1,0,1,0.0,100.0
Q1659844,information ministry,information ministry,министерство информации,1,0,1,0.0,100.0
Q166118,archives,Мұрағат,архив,23,22,1,95.65,4.35
Q166140,registration authority,registration authority,регистрационный орган,1,0,1,0.0,100.0
Q1662118,,,,1,1,0,100.0,0.0
Q16632355,futsal club,futsal club,футзальный клуб,1,1,0,100.0,0.0
Q1664720,institute,institute,институт,5,3,2,60.0,40.0
Q16653233,protected area of ​​Kazakhstan,Қорықша,заповедная зона Казахстана,5,0,5,0.0,100.0
Q166735,swamp,батпақ,заболоченный лес,51,1,50,1.96,98.04
Q16680663,IJF World Tour Kazakhstan,IJF World Tour Kazakhstan,IJF World Tour Kazakhstan,7,0,7,0.0,100.0
Q167037,corporation,Корпорация,корпорация,1,1,0,100.0,0.0
Q16710068,,,,1,1,0,100.0,0.0
Q167170,multi-sport event,multi-sport event,мультиспортивное соревнование,1,1,0,100.0,0.0
Q16725895,visa policy,visa policy,визовая политика,1,1,0,100.0,0.0
Q167270,trademark,тауар таңбасы,товарный знак,1,1,0,100.0,0.0
Q167346,,,,7,6,1,85.71,14.29
Q16738832,criminal case,criminal case,уголовное дело,2,0,2,0.0,100.0
Q168247,famine,Ашаршылық,массовый голод,1,1,0,100.0,0.0
Q16887380,group,group,группа,1,1,0,100.0,0.0
Q16889960,circus building,circus building,здание цирка,4,1,3,25.0,75.0
Q1691434,United Nations treaty,United Nations treaty,договор или конвенция ООН,1,1,0,100.0,0.0
Q16917,hospital,аурухана,больница,5,1,4,20.0,80.0
Q16932246,South Saqqara Stone,South Saqqara Stone,Камень из Южной Саккары,2,0,2,0.0,100.0
Q16970,church building,шіркеу,христианский храм,15,1,14,6.67,93.33
Q169950,,,,1,1,0,100.0,0.0
Q17028018,hunting strategy,hunting strategy,hunting strategy,1,0,1,0.0,100.0
Q17076801,public health emergency of international concern,public health emergency of international concern,"чрезвычайная ситуация в области общественного здравоохранения, имеющая международное значение",1,1,0,100.0,0.0
Q1708422,settlement site,settlement site,место поселения,1,1,0,100.0,0.0
Q17094485,industrial fire,industrial fire,промышленный пожар,1,1,0,100.0,0.0
Q171308,,,,1,1,0,100.0,0.0
Q17156793,American football team,American football team,клуб американского футбола,1,0,1,0.0,100.0
Q1716124,national road,national road,дорога национального значения,1,0,1,0.0,100.0
Q17232649,news website,news website,новостной сайт,2,0,2,0.0,100.0
Q17270000,football club,football club,футбольный клуб,3,1,2,33.33,66.67
Q17272692,IANA time zone,IANA time zone,часовой пояс IANA,1,0,1,0.0,100.0
Q172754,,,,1,1,0,100.0,0.0
Q17305522,data set of a specific country,data set of a specific country,набор данных ISO 3166-2 для конкретной страны,1,1,0,100.0,0.0
Q17315159,international association football match,international association football match,футбольный матч сборных,62,5,57,8.06,91.94
Q17334923,,,,1,1,0,100.0,0.0
Q173387,grave,көр,могила,1,1,0,100.0,0.0
Q17362920,Wikimedia duplicated page,Wikimedia duplicated page,дублирующая страница,2,0,2,0.0,100.0
Q1740919,,,,1,1,0,100.0,0.0
Q17431399,,,,1,1,0,100.0,0.0
Q1747184,mass mortality event,mass mortality event,массовая смерть,1,0,1,0.0,100.0
Q174782,square,алаң,площадь,10,6,4,60.0,40.0
Q17505024,space agency,space agency,космическое агентство,1,1,0,100.0,0.0
Q17524420,aspect of history,aspect of history,исторический аспект,3,0,3,0.0,100.0
Q17537576,,,,1,1,0,100.0,0.0
Q17544377,history of a country or state,history of a country or state,история страны,1,1,0,100.0,0.0
Q1756006,UCI Continental Team,UCI Continental Team,UCI Continental Team,6,0,6,0.0,100.0
Q1756477,league system,league system,система спортивных лиг,1,0,1,0.0,100.0
Q1758037,speaker,Спикер,спикер,1,1,0,100.0,0.0
Q1762059,film production company,film production company,кинокомпания,1,1,0,100.0,0.0
Q1763828,,,,3,3,0,100.0,0.0
Q176637,,,,1,0,1,0.0,100.0
Q176799,military unit,Әскери бөлім,воинское формирование,3,0,3,0.0,100.0
Q177380,hot spring,Термальды су,геотермальный источник,1,1,0,100.0,0.0
Q177414,anticyclone,Антициклон,антициклон,1,1,0,100.0,0.0
Q1774898,clinic,амбулатория,клиника,1,0,1,0.0,100.0
Q1781180,condensation power station,condensation power station,конденсационная электростанция,4,3,1,75.0,25.0
Q1782540,,,,3,3,0,100.0,0.0
Q178561,battle,Арпалыс,битва,8,3,5,37.5,62.5
Q1785733,environmental organization,environmental organization,природоохранная организация,1,0,1,0.0,100.0
Q178706,institution,Әлеуметтік ұйым,общественный институт,1,0,1,0.0,100.0
Q178790,labor union,Тред-юниондар,профессиональный союз,2,1,1,50.0,50.0
Q1788716,military decoration,military decoration,военная награда,2,2,0,100.0,0.0
Q1788820,defence ministry,defence ministry,министерство обороны,1,1,0,100.0,0.0
Q17898,LGBT rights by country or territory,LGBT rights by country or territory,права ЛГБТ на территории,1,0,1,0.0,100.0
Q179049,nature reserve,Қорық,заповедник,4,4,0,100.0,0.0
Q179057,explosion,қопарылыс,взрыв,4,3,1,75.0,25.0
Q1791610,cultural convention,cultural convention,cultural convention,1,0,1,0.0,100.0
Q179164,unitary state,Унитарлы мемлекет,унитарное государство,1,1,0,100.0,0.0
Q179700,statue,statue,статуя,4,1,3,25.0,75.0
Q18043430,national timeline,national timeline,хронология истории страны,1,1,0,100.0,0.0
Q180958,,,,1,0,1,0.0,100.0
Q18127,record label,Дыбысжазба лейблі,лейбл звукозаписи,1,0,1,0.0,100.0
Q18142,tower block,tower block,высотное здание,2,0,2,0.0,100.0
Q181648,foreign policy,сыртқы саясат,внешняя политика,1,1,0,100.0,0.0
Q18199879,trolleybus system,trolleybus system,троллейбусная система,10,1,9,10.0,90.0
Q182103,pension fund,pension fund,пенсионный фонд,1,1,0,100.0,0.0
Q18247357,group of structures or buildings,group of structures or buildings,группа структур и зданий,6,1,5,16.67,83.33
Q18285142,,,,2,2,0,100.0,0.0
Q18325242,ice hockey competition,ice hockey competition,турнир по хоккею с шайбой,2,0,2,0.0,100.0
Q183288,National Olympic Committee,Ұлттық Олимпиада комитеттері,Национальный олимпийский комитет,1,1,0,100.0,0.0
Q183342,federal city of Russia,federal city of Russia,город федерального значения в России,1,1,0,100.0,0.0
Q183366,territory,territory,территория,1,0,1,0.0,100.0
Q18340514,events in a specific year or time period,events in a specific year or time period,хроника в Википедии,28,0,28,0.0,100.0
Q18340550,Wikimedia timeline,Wikimedia timeline,статья — временная шкала,1,0,1,0.0,100.0
Q18369361,UN observance day,UN observance day,UN observance day,1,1,0,100.0,0.0
Q18388277,technology company,technology company,технологическая компания,1,0,1,0.0,100.0
Q18389209,economic corridor,economic corridor,economic corridor,1,0,1,0.0,100.0
Q184356,,,,1,0,1,0.0,100.0
Q184644,,,,2,1,1,50.0,50.0
Q18493502,suicide bombing,suicide bombing,взрыв террориста-смертника,1,0,1,0.0,100.0
Q18509232,fast food restaurant chain,fast food restaurant chain,сеть быстрого питания,1,0,1,0.0,100.0
Q185113,cape,Мүйіс,мыс,17,3,14,17.65,82.35
Q1851368,waterfront,waterfront,набережная,1,0,1,0.0,100.0
Q18536323,basketball league,basketball league,баскетбольная лига,1,0,1,0.0,100.0
Q18564543,international conference,international conference,международная конференция,1,0,1,0.0,100.0
Q18608583,recurring sporting event,recurring sporting event,повторяющееся спортивное событие,22,4,18,18.18,81.82
Q186117,timeline,timeline,хронология,2,0,2,0.0,100.0
Q186347,,,,1,0,1,0.0,100.0
Q18677266,order of merit,order of merit,орден за заслуги,1,1,0,100.0,0.0
Q18704634,railway museum,railway museum,железнодорожный музей,1,0,1,0.0,100.0
Q18729324,razyezd,razyezd,разъезд как населённый пункт,12,7,5,58.33,41.67
Q187456,,,,1,0,1,0.0,100.0
Q1875630,aircraft fleet,aircraft fleet,история использования воздушного судна,1,0,1,0.0,100.0
Q187931,phrase,фраза,фраза,1,0,1,0.0,100.0
Q188025,salt lake,Тұзды көл,минеральное озеро,95,30,65,31.58,68.42
Q188055,siege,siege,осада,5,1,4,20.0,80.0
Q188451,music genre,музыка жанрлары,музыкальный жанр,1,1,0,100.0,0.0
Q188507,apartment,Пәтерді әрлеу,квартира,1,0,1,0.0,100.0
Q189004,college,Колледж,колледж,10,5,5,50.0,50.0
Q189445,,,,1,1,0,100.0,0.0
Q189533,academic degree,ғылыми дәреже,академическая степень,2,0,2,0.0,100.0
Q189819,ritual,Ритуал,ритуал,1,1,0,100.0,0.0
Q190429,depression,депрессия,геологическая депрессия,11,7,4,63.64,36.36
Q190752,supreme court,Жоғарғы сот,верховный суд,1,1,0,100.0,0.0
Q1916382,media conglomerate,media conglomerate,медиаконгломерат,1,1,0,100.0,0.0
Q192283,news agency,Ақпарат агенттігі,информационное агентство,4,2,2,50.0,50.0
Q192350,ministry,министрлік,министерство,11,7,4,63.64,36.36
Q192611,electoral unit,Сайлау округі,избирательный округ,29,0,29,0.0,100.0
Q192691,annual plant,Бір жылдық өсімдіктер,однолетние растения,1,1,0,100.0,0.0
Q192899,finance lease,Қаржы лизингі,лизинг,1,0,1,0.0,100.0
Q192914,cult of personality,жеке басқа табыну,культ личности,1,1,0,100.0,0.0
Q193071,,,,1,1,0,100.0,0.0
Q1933026,launch site,launch site,пусковая площадка,2,0,2,0.0,100.0
Q193424,web service,Веб-қызмет,веб-служба,1,0,1,0.0,100.0
Q19362195,geostationary satellite,geostationary satellite,геостационарный спутник,3,2,1,66.67,33.33
Q193622,order,Орден,орден,13,12,1,92.31,7.69
Q19386377,register,register,реестр,1,1,0,100.0,0.0
Q19393726,,,,1,0,1,0.0,100.0
Q194188,spaceport,Ғарыш айлағы,космодром,3,1,2,33.33,66.67
Q194356,wind farm,Жел электрлік стансысы,ветряная электростанция,1,0,1,0.0,100.0
Q1959314,protected area of Russia,protected area of Russia,особо охраняемая природная территория России,2,1,1,50.0,50.0
Q19595382,Wikidata property for authority control for people,Wikidata property for authority control for people,свойство для нормативного контроля персоналий,2,0,2,0.0,100.0
Q196600,media franchise,media franchise,медиафраншиза,1,1,0,100.0,0.0
Q1968122,National Red Cross and Red Crescent society,National Red Cross and Red Crescent society,национальное общество Красного Креста либо Красного Полумесяца,1,1,0,100.0,0.0
Q1968435,national cuisine,national cuisine,национальная кухня,1,1,0,100.0,0.0
Q1969448,term,термин,термин,1,0,1,0.0,100.0
Q1970365,natural history museum,natural history museum,музей естественной истории,1,0,1,0.0,100.0
Q1973901,economic region,Экономикалық аудан,экономический район,5,5,0,100.0,0.0
Q19753333,nuclear weapons program,nuclear weapons program,программа ядерного оружия,1,0,1,0.0,100.0
Q1975485,,,,1,1,0,100.0,0.0
Q1978718,unit of length,unit of length,единица измерения расстояния,1,1,0,100.0,0.0
Q1982897,,,,1,0,1,0.0,100.0
Q19832486,locomotive class,locomotive class,серия локомотива,6,1,5,16.67,83.33
Q19847637,Wikidata property for an identifier,Wikidata property for an identifier,"свойство Викиданных, представляющее собой идентификатор",2,0,2,0.0,100.0
Q19860854,destroyed building or structure,destroyed building or structure,утраченное здание или строение,5,2,3,40.0,60.0
Q19953632,former administrative territorial entity,former administrative territorial entity,бывшая административно-территориальная единица,1,0,1,0.0,100.0
Q19958368,culture of an area,culture of an area,культура территории,1,1,0,100.0,0.0
Q19973770,ministry of culture,ministry of culture,министерство культуры,2,2,0,100.0,0.0
Q19973795,ministry of energy,ministry of energy,министерство энергетики,1,1,0,100.0,0.0
Q19983480,ministry of communications,ministry of communications,министерство связи,2,1,1,50.0,50.0
Q2001305,television channel,television channel,телеканал,6,2,4,33.33,66.67
Q200141,necropolis,Некрополь,некрополь,21,16,5,76.19,23.81
Q200297,thermal power station,жылу электр станциясы,тепловая электростанция,3,0,3,0.0,100.0
Q20057844,Mormonism of an area,Mormonism of an area,мормонизм на территории,1,0,1,0.0,100.0
Q20057897,business enterprise,business enterprise,business enterprise,1,0,1,0.0,100.0
Q20097215,phosphorite deposit,phosphorite deposit,фосфоритовое месторождение,1,1,0,100.0,0.0
Q201676,funeral,funeral,похороны,1,1,0,100.0,0.0
Q2020153,academic conference,academic conference,научная конференция,2,0,2,0.0,100.0
Q20202072,,,,1,1,0,100.0,0.0
Q2026692,BN reactor,BN reactor,БН,1,0,1,0.0,100.0
Q2026833,garden square,garden square,сквер,1,0,1,0.0,100.0
Q2031615,short program,short program,Короткая программа,8,0,8,0.0,100.0
Q2031836,Eastern Orthodox church building,Eastern Orthodox church building,православный храм,23,6,17,26.09,73.91
Q2042028,ravine,шатқал,ущелье,101,4,97,3.96,96.04
Q204310,gendarmerie,жандармерия,жандармерия,2,2,0,100.0,0.0
Q20437094,,,,1,0,1,0.0,100.0
Q205495,filling station,filling station,автомобильная заправочная станция,1,0,1,0.0,100.0
Q2056313,pastoral visit,pastoral visit,pastoral visit,1,0,1,0.0,100.0
Q20638319,UCI ProTeam,UCI ProTeam,UCI ProTeam,1,1,0,100.0,0.0
Q20639848,club cycling team,club cycling team,команда велоклуба,3,0,3,0.0,100.0
Q20646667,plain stage,plain stage,равнинный этап,2,0,2,0.0,100.0
Q20646668,mountain stage,mountain stage,горный этап,1,0,1,0.0,100.0
Q20646670,hilly stage,hilly stage,холмистый этап,1,0,1,0.0,100.0
Q20652655,amateur cycling team,amateur cycling team,любительская велокоманда,4,0,4,0.0,100.0
Q20653566,UCI Trade Team III,UCI Trade Team III,Groupe Sportif III,1,0,1,0.0,100.0
Q20680270,medium mountain stage,medium mountain stage,среднегорный этап,2,0,2,0.0,100.0
Q2069494,,,,1,1,0,100.0,0.0
Q20719675,raion of the Soviet Union,raion of the Soviet Union,район СССР,34,33,1,97.06,2.94
Q20732405,volost of the Russian Empire,volost of the Russian Empire,волость Российской империи,1,0,1,0.0,100.0
Q207326,summit,Шың,вершина местности,11,1,10,9.09,90.91
Q20738667,under-23 national cycling team,under-23 national cycling team,национальная сборная по велоспорту U23,6,0,6,0.0,100.0
Q207694,art museum,art museum,художественный музей,2,0,2,0.0,100.0
Q207842,,,,1,1,0,100.0,0.0
Q20784907,motorcycle racing team,motorcycle racing team,мотогоночная команда,1,0,1,0.0,100.0
Q207934,,,,1,1,0,100.0,0.0
Q2080304,short dance,short dance,Короткий танец,2,0,2,0.0,100.0
Q20820102,rideable miniature railway,rideable miniature railway,парковая железная дорога,3,0,3,0.0,100.0
Q2085381,publishing house,Баспа,издательство,8,5,3,62.5,37.5
Q20860083,educational facility,educational facility,учебное заведение,1,0,1,0.0,100.0
Q2087181,historic house museum,historic house museum,исторический дом-музей,4,3,1,75.0,25.0
Q2088357,musical ensemble,musical ensemble,музыкальный ансамбль,2,1,1,50.0,50.0
Q20901295,foreign affairs ministry,foreign affairs ministry,министерство иностранных дел,1,1,0,100.0,0.0
Q20926517,religious administrative territorial entity,religious administrative territorial entity,религиозное административно-территориальное образование,1,1,0,100.0,0.0
Q209333,oxbow lake,oxbow lake,старица,1,0,1,0.0,100.0
Q209465,campus,campus,кампус,1,0,1,0.0,100.0
Q2095,food,азық-түлік,пища,1,1,0,100.0,0.0
Q2097208,transculturation,transculturation,транскультурация,1,1,0,100.0,0.0
Q2101619,political slogan,political slogan,политический лозунг,1,0,1,0.0,100.0
Q210167,video game developer,video game developer,разработчик компьютерных игр,2,0,2,0.0,100.0
Q210272,cultural heritage,cultural heritage,культурное наследие,4,1,3,25.0,75.0
Q21077649,Asian Track Cycling Championships,Asian Track Cycling Championships,Чемпионат Азии по трековому велоспорту,2,0,2,0.0,100.0
Q211503,clan,тұқым,род,5,5,0,100.0,0.0
Q21152976,ballet of an area,ballet of an area,балет на территории,1,1,0,100.0,0.0
Q211748,oil field,oil field,нефтяное месторождение,39,33,6,84.62,15.38
Q2122214,national archives,national archives,национальный архив,1,1,0,100.0,0.0
Q2135465,legal term or legal concept,заңи түсінік,юридическое понятие,1,1,0,100.0,0.0
Q2144320,overhead power line,overhead power line,воздушная линия электропередач,1,1,0,100.0,0.0
Q2145163,trunk road,trunk road,магистральная дорога,1,0,1,0.0,100.0
Q21480300,mass shooting,mass shooting,массовый расстрел,1,0,1,0.0,100.0
Q21507948,former village,former village,бывшая деревня,629,99,530,15.74,84.26
Q2151621,energy industry,дәстүрлі энергетика,энергетика,1,1,0,100.0,0.0
Q215380,musical group,musical group,музыкальная группа,4,2,2,50.0,50.0
Q216107,department store,универмаг,универсальный магазин,1,1,0,100.0,0.0
Q21623879,Wikimedia Commons atlas page,Wikimedia Commons atlas page,страница проекта Викисклад:Атлас,1,0,1,0.0,100.0
Q216353,title,Дәреже,титул,1,1,0,100.0,0.0
Q21644177,execution of fellow soldiers,execution of fellow soldiers,расстрел сослуживцев,1,1,0,100.0,0.0
Q21653256,,,,1,1,0,100.0,0.0
Q21663239,Persian dialect,Persian dialect,диалекты персидского языка,1,1,0,100.0,0.0
Q2168243,,,,1,0,1,0.0,100.0
Q21686038,Cabinet of Kazakhstan,Cabinet of Kazakhstan,Cabinet of Kazakhstan,4,1,3,25.0,75.0
Q2175765,tram stop,tram stop,трамвайная остановка,140,0,140,0.0,100.0
Q2177064,Russian Large Landscape,Russian Large Landscape,ландшафт России,1,1,0,100.0,0.0
Q21850178,sanctuary,sanctuary,sanctuary,1,0,1,0.0,100.0
Q218631,customs territory,customs territory,таможенная территория,1,1,0,100.0,0.0
Q21980538,commercial organization,commercial organization,коммерческая организация,1,0,1,0.0,100.0
Q220505,film festival,Кинофестиваль,кинофестиваль,17,1,16,5.88,94.12
Q220659,,,,1,1,0,100.0,0.0
Q2221906,geographic location,geographic location,географическое местоположение,2,0,2,0.0,100.0
Q22222786,government program,government program,правительственная программа,1,1,0,100.0,0.0
Q2223653,terrorist attack,Террорлық акт,террористический акт,1,0,1,0.0,100.0
Q2230431,sound archive,sound archive,фонотека,1,1,0,100.0,0.0
Q2231510,col,col,седловина,1,0,1,0.0,100.0
Q22328259,Tour of Baikonur,Tour of Baikonur,Тур Байконура,1,0,1,0.0,100.0
Q22328402,Tour of Oskemen,Tour of Oskemen,Тур Усть-Каменогорска,1,0,1,0.0,100.0
Q22328407,Tour of Burabay,Tour of Burabay,Тур Бурабая,1,0,1,0.0,100.0
Q22328526,Tour of Kapchagay,Tour of Kapchagay,Тур Капчагая,1,0,1,0.0,100.0
Q22333025,Kazakhstani legislative election,Kazakhstani legislative election,Kazakhstani legislative election,10,6,4,60.0,40.0
Q223371,stock market index,Қор индексі,фондовый индекс,1,0,1,0.0,100.0
Q223393,literary genre,әдеби жанр,литературный жанр,1,1,0,100.0,0.0
Q2244884,Dnestr radar,Dnestr radar,Днестр,1,0,1,0.0,100.0
Q22667,railway,Темір жол,железная дорога,3,1,2,33.33,66.67
Q22674925,former settlement,former settlement,бывший населённый пункт,74,32,42,43.24,56.76
Q22676729,time by area,time by area,время по регионам,1,1,0,100.0,0.0
Q22687,bank,Банк,банк,18,10,8,55.56,44.44
Q2269756,ministry of education,ministry of education,министерство образования,3,3,0,100.0,0.0
Q22698,park,park,парк,22,11,11,50.0,50.0
Q22706,vehicle registration plate,автомобиль нөмірлері,автомобильные номера,1,1,0,100.0,0.0
Q22746,urban park,urban park,городской парк,4,1,3,25.0,75.0
Q22806,,,,2,2,0,100.0,0.0
Q22808403,,,,11,11,0,100.0,0.0
Q22907440,Congress of Leaders of World and Traditional Religions,Әлемдік және дәстүрлі діндер лидерлерінің съезі,Congress of Leaders of World and Traditional Religions,1,0,1,0.0,100.0
Q23036198,hostage-rescue mission,hostage-rescue mission,миссия по спасению заложников,1,0,1,0.0,100.0
Q23058156,,,,2,2,0,100.0,0.0
Q2306612,national road cycling championship,national road cycling championship,Национальный чемпионат по шоссейному велоспорту,13,0,13,0.0,100.0
Q231002,nationality,nationality,национальность,1,1,0,100.0,0.0
Q2319498,architectural landmark,architectural landmark,памятник архитектуры,12,4,8,33.33,66.67
Q2321921,type of legal entity in Russia,type of legal entity in Russia,тип некоммерческих организаций в России,1,1,0,100.0,0.0
Q233324,seminary,семинария,семинария,2,1,1,50.0,50.0
Q2334719,legal case,legal case,судебное дело,1,1,0,100.0,0.0
Q233591,communist party,Коммунистік Партия,коммунистическая партия,1,1,0,100.0,0.0
Q2338524,motorsport racing track,Автодром,автодром,1,0,1,0.0,100.0
Q23397,lake,көл,озеро,1682,574,1108,34.13,65.87
Q23442,island,Арал,остров,81,23,58,28.4,71.6
Q23492,official language,ресми тіл,официальный язык,1,1,0,100.0,0.0
Q23691,national anthem,Ұлттық әнұран,государственный гимн,2,2,0,100.0,0.0
Q23726798,elite national cycling team,elite national cycling team,национальная сборная по велоспорту Элита,2,0,2,0.0,100.0
Q23790,natural monument,Табиғат ескерткіші,памятник природы,40,6,34,15.0,85.0
Q2383962,vicariate (Eastern Orthodoxy),vicariate (Eastern Orthodoxy),викариатство,2,0,2,0.0,100.0
Q2385804,educational institution,білім мекемесі,образовательное учреждение,43,18,25,41.86,58.14
Q23891529,,,,1,0,1,0.0,100.0
Q23901137,national under-19 association football team,national under-19 association football team,national under-19 association football team,1,0,1,0.0,100.0
Q2390458,telephone numbering plan,Телефонды нөмірлеу жоспары,план нумерации,1,0,1,0.0,100.0
Q23905105,women's national association football team,women's national association football team,женская сборная страны по футболу,2,1,1,50.0,50.0
Q239582,symphony orchestra,Симфониялық оркестр,симфонический оркестр,2,1,1,50.0,50.0
Q23983664,demographics of country or region,demographics of country or region,демография по странам и регионам,2,1,1,50.0,50.0
Q2399523,technology ministry,technology ministry,министерство технологии,1,1,0,100.0,0.0
Q2401749,telecommunication company,telecommunication company,телекоммуникационная компания,1,1,0,100.0,0.0
Q2403977,prison labour camp,prison labour camp,исправительно-трудовой лагерь,8,2,6,25.0,75.0
Q2406205,shootout,shootout,перестрелка,1,0,1,0.0,100.0
Q24069004,Presidential elections in Kazakhstan,Presidential elections in Kazakhstan,выборы президента Казахстана,9,4,5,44.44,55.56
Q2412834,reserve team,reserve team,дублирующий состав,1,1,0,100.0,0.0
Q2416110,,,,1,1,0,100.0,0.0
Q2416217,,,,4,4,0,100.0,0.0
Q24255438,Hydrological natural heritage site,Hydrological natural heritage site,гидрологический памятник природы,1,1,0,100.0,0.0
Q24258416,railway station settlement,railway station settlement,железнодорожная станция как населённый пункт,1,0,1,0.0,100.0
Q24354,theatre building,theatre building,здание театра,38,28,10,73.68,26.32
Q24398318,religious building,religious building,религиозное здание,1,0,1,0.0,100.0
Q2446662,tourism ministry,tourism ministry,министерство туризма,1,1,0,100.0,0.0
Q245065,intergovernmental organization,Үкіметаралық халықаралық үйымдар,международная межправительственная организация,1,1,0,100.0,0.0
Q24529780,point,point,ландшпитц,26,5,21,19.23,80.77
Q24575110,start time,start time,дата начала,1,0,1,0.0,100.0
Q2460422,guest house,Pension,гостевой дом,1,0,1,0.0,100.0
Q2466826,UCI Women's Team,UCI Women's Team,UCI Women's Team,1,0,1,0.0,100.0
Q2467461,academic department,academic department,кафедра,1,1,0,100.0,0.0
Q24699794,,,,1,1,0,100.0,0.0
Q2470540,chamber orchestra,chamber orchestra,камерный оркестр,2,1,1,50.0,50.0
Q2472587,people,халық,народ,3,3,0,100.0,0.0
Q2484195,,,,3,3,0,100.0,0.0
Q2485448,sports governing body,sports governing body,спортивная федерация,15,4,11,26.67,73.33
Q24871403,bus accident,bus accident,автобусный инцидент,1,0,1,0.0,100.0
Q24906026,,,,1,1,0,100.0,0.0
Q249556,railway company,railway company,железнодорожная компания,3,1,2,33.33,66.67
Q2495862,congress,съезд,съезд,2,1,1,50.0,50.0
Q2514025,posyolok,posyolok,посёлок,19,16,3,84.21,15.79
Q2515494,constitutional referendum,constitutional referendum,конституционный референдум,3,2,1,66.67,33.33
Q2516426,transport ministry,transport ministry,министерство транспорта,2,2,0,100.0,0.0
Q251777,custom,Әдет-ғұрыптар,обычай,1,0,1,0.0,100.0
Q2519340,administrative building,administrative building,административное здание,2,1,1,50.0,50.0
Q25295,language family,тілдердің топтары,языковая семья,1,1,0,100.0,0.0
Q25297630,international bridge,international bridge,трансграничный мост,2,0,2,0.0,100.0
Q25380035,ethnic community,Этникалық Қауымдастық,этническая общность,3,1,2,33.33,66.67
Q25391,dune,дюналар,дюна,1,1,0,100.0,0.0
Q2551525,water reservoir,water reservoir,водный резервуар,1,0,1,0.0,100.0
Q25550691,,,,1,1,0,100.0,0.0
Q25550763,visual arts of an area,visual arts of an area,изобразительное искусство территории,1,0,1,0.0,100.0
Q25619,Daryal radar,Daryal radar,Дарьял,1,0,1,0.0,100.0
Q25621246,painting of an area,painting of an area,живопись на территории,1,0,1,0.0,100.0
Q256324,industrial railway,industrial railway,Предприятие промышленного железнодорожного транспорта,1,0,1,0.0,100.0
Q25676476,Persian language in an area,Persian language in an area,персидский язык на территории,1,0,1,0.0,100.0
Q25679497,art of an area,art of an area,искусство территории,1,0,1,0.0,100.0
Q2570643,senate,Сенат,сенат,1,1,0,100.0,0.0
Q2593777,grave field,Қорым,могильник,10,10,0,100.0,0.0
Q261604,oil-fired power station,oil-fired power station,электростанция на нефтепродуктах,1,0,1,0.0,100.0
Q2618174,,,,1,1,0,100.0,0.0
Q2618461,legislative election,legislative election,выборы в законодательный орган,11,1,10,9.09,90.91
Q2620826,declaration,Мағлұмдама,декларация,1,0,1,0.0,100.0
Q26213387,Olympic delegation,Olympic delegation,страна на Олимпийских играх,17,15,2,88.24,11.76
Q2624046,,,,1,1,0,100.0,0.0
Q2628882,legal status,legal status,правовой статус,1,0,1,0.0,100.0
Q2643128,district of Kazakhstan,Қазақстан аудандары,район Казахстана,177,177,0,100.0,0.0
Q265662,,,,2,2,0,100.0,0.0
Q2659904,government organization,government organization,государственная организация,2,2,0,100.0,0.0
Q2668072,collection,collection,коллекция,1,0,1,0.0,100.0
Q2674774,student association,student association,student association,1,1,0,100.0,0.0
Q268592,,,,1,1,0,100.0,0.0
Q26884324,Wikimedia outline article,Wikimedia outline article,обзорная статья Викимедиа,2,0,2,0.0,100.0
Q26887310,association football team season,association football team season,сезон футбольной команды,118,0,118,0.0,100.0
Q26887428,nation at competition,nation at competition,страна на соревновании,3,0,3,0.0,100.0
Q2693624,jubilee medal,jubilee medal,юбилейная медаль,17,16,1,94.12,5.88
Q26958726,geological museum,geological museum,геологический музей,1,0,1,0.0,100.0
Q269949,highway,автомобиль жолы,автомобильная дорога,2,1,1,50.0,50.0
Q27002,selsoviet,selsoviet,сельсовет в СССР,2,0,2,0.0,100.0
Q27020041,sports season,sports season,розыгрыш спортивного турнира,268,115,153,42.91,57.09
Q27020779,ice hockey team season,ice hockey team season,хоккейный сезон,2,0,2,0.0,100.0
Q27028153,tram depot,tram depot,трамвайное депо,2,0,2,0.0,100.0
Q27031827,open data portal,open data portal,портал открытых данных,1,0,1,0.0,100.0
Q27032363,photo archive,photo archive,фотоархив,1,1,0,100.0,0.0
Q27042502,Kazakhstan National Road Cycling Championships - Men RR,Kazakhstan National Road Cycling Championships - Men RR,Чемпионат Казахстана по шоссейному велоспорту - групповая гонка (мужчины),11,0,11,0.0,100.0
Q27042506,Kazakhstan National Road Cycling Championships - Men ITT,Kazakhstan National Road Cycling Championships - Men ITT,Чемпионат Казахстана по шоссейному велоспорту - индивидуальная гонка (мужчины),10,0,10,0.0,100.0
Q27042507,Kazakhstan National Road Cycling Championships - Men U23 RR,Kazakhstan National Road Cycling Championships - Men U23 RR,Чемпионат Казахстана по шоссейному велоспорту - групповая гонка (мужчины U23),1,0,1,0.0,100.0
Q27042512,Kazakhstan National Road Cycling Championships - Men U23 ITT,Kazakhstan National Road Cycling Championships - Men U23 ITT,Чемпионат Казахстана по шоссейному велоспорту - индивидуальная гонка (мужчины U23),1,0,1,0.0,100.0
Q27062006,,,,2,2,0,100.0,0.0
Q27067659,former river,former river,бывшая река,2,1,1,50.0,50.0
Q270791,state-owned enterprise,Мемлекеттік Кәсіпорын,государственное предприятие,3,2,1,66.67,33.33
Q272231,arboretum,екпетоғай,дендрарий,4,1,3,25.0,75.0
Q273120,protest,Қарсылық қозғалысы,протест,2,2,0,100.0,0.0
Q27345018,international tripoint,international tripoint,международный пограничный стык,4,0,4,0.0,100.0
Q2739132,World Allround Speed Skating Championships for Men,World Allround Speed Skating Championships for Men,Чемпионат мира по конькобежному спорту в классическом многоборье — мужчины,1,0,1,0.0,100.0
Q274153,water tower,Су айдауыш мұнара,водонапорная башня,2,1,1,50.0,50.0
Q274393,bakery,bakery,пекарня,1,0,1,0.0,100.0
Q2748296,varieties of Chinese,varieties of Chinese,разновидности китайского,1,1,0,100.0,0.0
Q27517483,,,,2,2,0,100.0,0.0
Q27566398,Russian language in an area,Russian language in an area,русский язык на территории,1,0,1,0.0,100.0
Q27686,hotel,Қонақ Үй,гостиница,152,3,149,1.97,98.03
Q2772772,military museum,military museum,военный музей,1,0,1,0.0,100.0
Q27968055,recurring event edition,recurring event edition,версия для повторяющегося события,2,1,1,50.0,50.0
Q28043022,proposed rail infrastructure,proposed rail infrastructure,перспективная железнодорожная инфраструктура,2,1,1,50.0,50.0
Q28108,political system,саяси жүйе,политическая система,1,1,0,100.0,0.0
Q28140340,women's association football team,women's association football team,женская футбольная команда,2,1,1,50.0,50.0
Q28640,profession,мамандық,профессия,1,0,1,0.0,100.0
Q28653,mendicant order,mendicant order,нищенствующий орден,1,0,1,0.0,100.0
Q286576,register,register,языковой регистр,1,1,0,100.0,0.0
Q28747937,history of a city,history of a city,история города,1,1,0,100.0,0.0
Q28777651,group of protected areas,group of protected areas,группа природоохранных зон,2,1,1,50.0,50.0
Q2887554,coal basin,Көмір кені,угольный бассейн,4,4,0,100.0,0.0
Q2888028,First Order of Saint Francis,First Order of Saint Francis,First Order of Saint Francis,1,0,1,0.0,100.0
Q29110152,Wikidata property related to tourism,Wikidata property related to tourism,"свойство Викиданных, относящееся к туризму",1,0,1,0.0,100.0
Q2912397,single-day road race,single-day road race,однодневная велогонка,3,0,3,0.0,100.0
Q291240,car rental company,car rental company,прокат автомобилей,1,0,1,0.0,100.0
Q29224491,futsal league,futsal league,мини-футбольная лига,1,1,0,100.0,0.0
Q2923911,,,,1,1,0,100.0,0.0
Q29292775,national badminton team,national badminton team,сборная по бадминтону,1,0,1,0.0,100.0
Q2935978,irrigation canal,irrigation canal,ирригационный канал,2,2,0,100.0,0.0
Q294414,public office,мемлекеттік лауазым,государственная должность,39,2,37,5.13,94.87
Q294422,public building,public building,общественное здание,1,0,1,0.0,100.0
Q2944640,gas-fired power station,gas-fired power station,газовая электростанция,2,0,2,0.0,100.0
Q2949123,Asian Championship,Азия чемпионаты,Чемпионат Азии,2,0,2,0.0,100.0
Q295469,ecoregion,ecoregion,экологический регион,2,0,2,0.0,100.0
Q29553,sanctuary,sanctuary,санктуарий,1,0,1,0.0,100.0
Q29592127,badminton association,badminton association,badminton association,1,0,1,0.0,100.0
Q29643579,multi-level marketing company,multi-level marketing company,многоуровневая маркетинговая компания,1,0,1,0.0,100.0
Q2966838,chronolect,chronolect,хронолект,1,0,1,0.0,100.0
Q2974842,,,,1,1,0,100.0,0.0
Q2977,cathedral,cathedral,кафедральный собор,5,1,4,20.0,80.0
Q29791211,sport in a geographic region,sport in a geographic region,спорт в географическом регионе,7,0,7,0.0,100.0
Q2983893,quarter,quarter,квартал,20,19,1,95.0,5.0
Q2989457,,,,9,9,0,100.0,0.0
Q2990216,mining company,mining company,горное предприятие,2,1,1,50.0,50.0
Q2990946,golf tournament,golf tournament,турнир по гольфу,1,0,1,0.0,100.0
Q2990963,figure skating competition,figure skating competition,соревнование по фигурному катанию,5,2,3,40.0,60.0
Q29925,salt marsh,salt marsh,солёные марши,16,2,14,12.5,87.5
Q2997316,sopka,Шоқы,сопка,1,0,1,0.0,100.0
Q30014735,bus-based transport system,bus-based transport system,автобусная система,4,0,4,0.0,100.0
Q3002150,,,,1,1,0,100.0,0.0
Q3002772,political crisis,political crisis,политический кризис,1,0,1,0.0,100.0
Q30178840,SCO summit,SCO summit,Саммит ШОС,3,1,2,33.33,66.67
Q30198,marsh,батпақ,болото,40,1,39,2.5,97.5
Q30225604,Wikidata property related to a National Olympic or Paralympic Committee,Wikidata property related to a National Olympic or Paralympic Committee,"свойство Викиданных, относящееся к Национальному олимпийскому или паралимпийскому комитету",1,0,1,0.0,100.0
Q3024240,historical country,тарихи мемлекет,историческое государство,1,1,0,100.0,0.0
Q303874,ab anbar,Сардоба,сардоба,1,0,1,0.0,100.0
Q30612,clinical trial,clinical trial,клинические исследования,107,0,107,0.0,100.0
Q3062125,agricultural holding,agricultural holding,сельскохозяйственный бизнес,1,0,1,0.0,100.0
Q30634609,,,,1,1,0,100.0,0.0
Q3146899,diocese of the Catholic Church,diocese of the Catholic Church,католическая епархия,2,0,2,0.0,100.0
Q31510394,Kazakhstan National Road Cycling Championships - Women RR,Kazakhstan National Road Cycling Championships - Women RR,Чемпионат Казахстана по шоссейному велоспорту - групповая гонка (женщины),21,0,21,0.0,100.0
Q3152824,cultural institution,cultural institution,учреждение культуры,1,0,1,0.0,100.0
Q31529645,Kazakhstan National Road Cycling Championships - Women ITT,Kazakhstan National Road Cycling Championships - Women ITT,Чемпионат Казахстана по шоссейному велоспорту - индивидуальная гонка (женщины),21,0,21,0.0,100.0
Q31615,,,,1,0,1,0.0,100.0
Q31629,type of sport,type of sport,вид спорта,1,1,0,100.0,0.0
Q3176665,nationality law,nationality law,закон о гражданстве,1,1,0,100.0,0.0
Q31855,research institute,ғылыми-зерттеу институты,научно-исследовательский институт,25,16,9,64.0,36.0
Q3193890,environmental disaster,Экологиялық Апат аймақтары,экологическая катастрофа,1,0,1,0.0,100.0
Q3199915,massacre,massacre,бойня,1,1,0,100.0,0.0
Q32099,meridian,меридиан,меридиан,10,0,10,0.0,100.0
Q3215290,,,,1,1,0,100.0,0.0
Q3238445,security agency,security agency,служба безопасности,1,1,0,100.0,0.0
Q3240715,crater,crater,кратер,3,1,2,33.33,66.67
Q3241045,disease outbreak,disease outbreak,вспышка эпидемии,5,2,3,40.0,60.0
Q3253281,pond,pond,пруд,2,2,0,100.0,0.0
Q3257686,locality,locality,обжитая местность,4,2,2,50.0,50.0
Q3270632,national championship,national championship,национальный чемпионат,4,0,4,0.0,100.0
Q327333,government agency,government agency,орган публичной власти,22,11,11,50.0,50.0
Q3273417,lists of sportspeople,lists of sportspeople,список спортсменов,3,0,3,0.0,100.0
Q32766,constitutional court,Конституциялық Сот,конституционный суд,1,1,0,100.0,0.0
Q32815,mosque,мешіт,мечеть,53,39,14,73.58,26.42
Q32880,,,,2,0,2,0.0,100.0
Q32966,,,,1,1,0,100.0,0.0
Q3302125,state decoration,state decoration,государственная награда,1,1,0,100.0,0.0
Q33060692,Kazakhstan International Badminton Championships,Kazakhstan International Badminton Championships,Kazakhstan International Badminton Championships,7,0,7,0.0,100.0
Q3320743,title of honor,құрметті атақ,почётное звание,11,8,3,72.73,27.27
Q3329412,archaeological museum,archaeological museum,археологический музей,4,4,0,100.0,0.0
Q33384,dialect,диалект,диалект,3,0,3,0.0,100.0
Q334383,abbey church,abbey church,монастырский храм,1,0,1,0.0,100.0
Q33506,museum,мұражай,музей,57,37,20,64.91,35.09
Q3352470,,,,1,1,0,100.0,0.0
Q336532,vacation rental,vacation rental,vacation rental,1,0,1,0.0,100.0
Q337060,perceptible physical object,perceptible physical object,предмет,1,1,0,100.0,0.0
Q33742,natural language,natural language,естественный язык,11,10,1,90.91,9.09
Q33829,human population,human population,население,2,1,1,50.0,50.0
Q338313,business park,business park,бизнес-парк,1,1,0,100.0,0.0
Q33837,archipelago,Топарал,архипелаг,1,0,1,0.0,100.0
Q34023,tumulus,tumulus,тумулус,1,0,1,0.0,100.0
Q34038,waterfall,Сарқырама,водопад,7,2,5,28.57,71.43
Q34262807,national association football super cup,national association football super cup,суперкубок страны по футболу,2,2,0,100.0,0.0
Q34379419,sand area,sand area,песчаный массив,189,83,106,43.92,56.08
Q34439356,hurricane,hurricane,ураган,1,0,1,0.0,100.0
Q34442,road,автомобиль жолы,дорога,139,14,125,10.07,89.93
Q34548322,national association football competition,national association football competition,национальный футбольный турнир,1,1,0,100.0,0.0
Q34627,synagogue,Синагога,синагога,1,0,1,0.0,100.0
Q34763,peninsula,түбек,полуостров,15,12,3,80.0,20.0
Q34770,language,тіл,язык,4,2,2,50.0,50.0
Q3480697,sill,sill,sill,1,0,1,0.0,100.0
Q349,sport,спорт,спорт,1,0,1,0.0,100.0
Q3497768,dry lake,dry lake,бессточная западина,2,2,0,100.0,0.0
Q3498533,natural gas-fired power station,natural gas-fired power station,natural gas-fired power station,1,0,1,0.0,100.0
Q3502482,cultural region,cultural region,культурный регион,3,3,0,100.0,0.0
Q350604,armed conflict,қарулы қақтығыс,вооружённый конфликт,1,0,1,0.0,100.0
Q350895,,,,2,2,0,100.0,0.0
Q350929,vehicle fire,vehicle fire,возгорание транспортного средства,1,0,1,0.0,100.0
Q35112127,historic building,historic building,историческое здание,16,3,13,18.75,81.25
Q35127,website,Сайт,сайт,15,2,13,13.33,86.67
Q351764,e-commerce payment system,e-commerce payment system,электронная платёжная система,1,0,1,0.0,100.0
Q35509,cave,үңгір,пещера,12,11,1,91.67,8.33
Q355304,watercourse,Су ағыны,водоток,4,3,1,75.0,25.0
Q35535,police,Полиция,полиция,1,0,1,0.0,100.0
Q3558349,presidency,presidency,президентство,1,0,1,0.0,100.0
Q3565868,rail transport,темір жол көлігі,железнодорожный транспорт,2,0,2,0.0,100.0
Q35666,glacier,мұздық,ледник,52,37,15,71.15,28.85
Q3575260,bijou,bijou,бижутерия,1,1,0,100.0,0.0
Q35798,executive branch,атқарушы билік,исполнительная власть,3,1,2,33.33,66.67
Q358,heritage site,heritage site,национальный объект культурного наследия,2,2,0,100.0,0.0
Q358078,road network,road network,дорожная сеть,5,0,5,0.0,100.0
Q35823051,nation at the World Athletics Championships,nation at the World Athletics Championships,страны на чемпионате мира по лёгкой атлетике,10,0,10,0.0,100.0
Q3612735,Almaty Cup,Almaty Cup,Almaty Cup,3,0,3,0.0,100.0
Q3622002,,,,1,1,0,100.0,0.0
Q3624078,sovereign state,тәуелсіз мемлекет,суверенное государство,1,1,0,100.0,0.0
Q362482,,,,1,1,0,100.0,0.0
Q3664326,Pirate Party,Pirate Party,пиратская партия,1,0,1,0.0,100.0
Q368290,film distributor,film distributor,кинодистрибьютор,2,0,2,0.0,100.0
Q3695082,sign,Сигнификат,знак,1,1,0,100.0,0.0
Q369730,,,,1,1,0,100.0,0.0
Q3699460,defile,defile,defile,2,1,1,50.0,50.0
Q37002670,unicameral legislature,unicameral legislature,однопалатный парламент,2,2,0,100.0,0.0
Q372690,consulate general,consulate general,генеральное консульство,9,0,9,0.0,100.0
Q373609,water pipeline,Су жүргізгіш,водопровод,4,4,0,100.0,0.0
Q37402,,,,1,0,1,0.0,100.0
Q3742928,folk culture,folk culture,народная культура,1,1,0,100.0,0.0
Q375336,,,,2,2,0,100.0,0.0
Q375928,lower house,lower house,нижняя палата парламента,1,1,0,100.0,0.0
Q376799,,,,1,1,0,100.0,0.0
Q376935,deposit insurance,deposit insurance,система страхования вкладов,1,1,0,100.0,0.0
Q37726,army,армия,сухопутные войска,1,1,0,100.0,0.0
Q37736399,traditional craft,traditional craft,traditional craft,1,1,0,100.0,0.0
Q37901,strait,бұғаз,пролив,4,1,3,25.0,75.0
Q3839081,disaster,апат,катастрофа,3,0,3,0.0,100.0
Q386636,ultras,ультрас,ультрас,1,0,1,0.0,100.0
Q38723,,,,8,5,3,62.5,37.5
Q3874020,national youth sports team,national youth sports team,молодёжная сборная,2,0,2,0.0,100.0
Q3885324,Order of Glory,Даңқ ордені,орден Данк,2,0,2,0.0,100.0
Q388602,electoral alliance,electoral alliance,избирательный альянс,2,0,2,0.0,100.0
Q3887,solar eclipse,solar eclipse,солнечное затмение,6,0,6,0.0,100.0
Q3889692,,,,1,1,0,100.0,0.0
Q3910963,President's Cup,President's Cup,Кубок президента Казахстана по теннису,11,0,11,0.0,100.0
Q3914,school,мектеп,школа,10,0,10,0.0,100.0
Q391414,architectural element,architectural element,строительный блок,1,1,0,100.0,0.0
Q3917681,embassy,елшілік,посольство,46,1,45,2.17,97.83
Q3918,university,университет,университет,78,55,23,70.51,29.49
Q3947,house,үй,дом,1,0,1,0.0,100.0
Q3957,town,қалашық,городок,5,4,1,80.0,20.0
Q39594,bay,шығанақ,залив,29,19,10,65.52,34.48
Q39614,cemetery,зират,кладбище,11,10,1,90.91,9.09
Q39715,lighthouse,Шамшырақ,маяк,2,2,0,100.0,0.0
Q39816,valley,аңғар,долина,25,10,15,40.0,60.0
Q3982337,puppetry company,puppetry company,театр кукол,5,1,4,20.0,80.0
Q39825,census,Халық санағы,перепись населения,3,3,0,100.0,0.0
Q39835986,sports website,sports website,спортивный сайт,1,0,1,0.0,100.0
Q399495,standard language,әдеби тіл,стандартный язык,1,1,0,100.0,0.0
Q4,death,өлім,смерть,1,1,0,100.0,0.0
Q40050,drink,сусындар,напиток,1,1,0,100.0,0.0
Q4022,river,өзен,река,2272,716,1556,31.51,68.49
Q40231,public election,сайлау,выборы,21,1,20,4.76,95.24
Q40244,marathon,Марафон,марафон,2,1,1,50.0,50.0
Q40357,prison,Абақты,тюрьма,1,0,1,0.0,100.0
Q40444998,academic workshop,academic workshop,научный семинар,4,0,4,0.0,100.0
Q405155,trade route,trade route,торговый путь,1,0,1,0.0,100.0
Q4087929,deanery,deanery,благочиние,2,0,2,0.0,100.0
Q4114178,,,водохозяйственный участок,3,3,0,100.0,0.0
Q41176,building,building,здание,62,16,46,25.81,74.19
Q4121104,sports title,sports title,спортивное звание,1,1,0,100.0,0.0
Q41253,movie theater,Кинотеатр,кинотеатр,29,2,27,6.9,93.1
Q41298,magazine,журнал,журнал,7,5,2,71.43,28.57
Q4138169,hydraulic complex,hydraulic complex,гидроузел,1,1,0,100.0,0.0
Q414147,academy of sciences,academy of sciences,академия наук,3,2,1,66.67,33.33
Q4144557,mining and processing plant,mining and processing plant,горно-обогатительный комбинат,4,2,2,50.0,50.0
Q4164871,position,лауазым,должность,46,9,37,19.57,80.43
Q4167836,Wikimedia category,Уикимедиа санаты,категория в проекте Викимедиа,1,0,1,0.0,100.0
Q41710,ethnic group,этникалық топ,этническая группа,31,25,6,80.65,19.35
Q4171307,Spiritual Administration of the Muslims,Мұсылмандар діни басқармасы,Духовное управление мусульман,1,1,0,100.0,0.0
Q42032,country code top-level domain,country code top-level domain,национальный домен верхнего уровня,1,1,0,100.0,0.0
Q4208088,Kazakh traditions,Қазақ халқының әдет-ғұрпы мен салт-дәстүрлері,Казахские традиции,1,1,0,100.0,0.0
Q4208097,Kazakh tribes,Қазақ рулары,Казахские рода,1,1,0,100.0,0.0
Q420962,heritage railway,heritage railway,историческая железная дорога,1,0,1,0.0,100.0
Q4216603,cascade,cascade,каскад ГЭС,1,0,1,0.0,100.0
Q42195,petroglyph,Петроглиф,петроглиф,11,8,3,72.73,27.27
Q4223017,hierarchical classifier,hierarchical classifier,иерархический классификатор,1,1,0,100.0,0.0
Q422695,awareness day,awareness day,памятная дата,1,0,1,0.0,100.0
Q422710,center of action,center of action,центр активности,1,1,0,100.0,0.0
Q423208,private school,private school,частная школа,3,1,2,33.33,66.67
Q42421242,field hockey club,field hockey club,команда по хоккею на траве,1,1,0,100.0,0.0
Q4271324,mythical character,mythical character,мифический персонаж,1,1,0,100.0,0.0
Q4283953,Mäslihat,Мәслихат,Маслихат,1,1,0,100.0,0.0
Q4286337,,,,1,1,0,100.0,0.0
Q4287745,medical organization,medical organization,медицинская организация,6,0,6,0.0,100.0
Q4291415,oil and gas field,Мұнай және газ кеніштері,месторождение нефти и газа,3,3,0,100.0,0.0
Q4296769,metropolitan district,metropolitan district,митрополичий округ,1,0,1,0.0,100.0
Q42998,orchestra,оркестр,оркестр,4,2,2,50.0,50.0
Q4306036,museum-reserve,museum-reserve,музей-заповедник,1,1,0,100.0,0.0
Q4307514,,,,1,0,1,0.0,100.0
Q43109,referendum,референдум,референдум,2,1,1,50.0,50.0
Q431289,brand,бренд,бренд,1,0,1,0.0,100.0
Q4318087,oil and gas bearing oblast,oil and gas bearing oblast,нефтегазоносная область,2,0,2,0.0,100.0
Q43229,organization,ұйым,организация,48,21,27,43.75,56.25
Q4329294,regional committee of the CPSU,КОКП облыстық комитеті,областной комитет КПСС,1,1,0,100.0,0.0
Q4330260,public foundation,Қоғамдық қор,общественный фонд,1,1,0,100.0,0.0
Q4338251,MVD special camp,MVD special camp,Особые лагеря,1,0,1,0.0,100.0
Q43483,water well,құдық,колодец,5,4,1,80.0,20.0
Q43501,,,,3,3,0,100.0,0.0
Q4351849,,,,1,1,0,100.0,0.0
Q4366834,transboundary river,Шекаралық өзендер,трансграничная река,12,9,3,75.0,25.0
Q4375507,honorary title of Kazakhstan,honorary title of Kazakhstan,почётное звание Казахстана,2,2,0,100.0,0.0
Q4380244,free skating,free skating,Произвольная программа,8,0,8,0.0,100.0
Q4380246,free dance,free dance,произвольный танец,3,0,3,0.0,100.0
Q4414032,rural district of Kazakhstan,Ауылдық округі,сельский округ,2362,2318,44,98.14,1.86
Q4421,forest,орман,лес,12,4,8,33.33,66.67
Q4421924,orogenic belt,orogenic belt,складчатый пояс,1,0,1,0.0,100.0
Q4433740,women's national basketball team,women's national basketball team,Список женских национальных сборных по баскетболу,1,0,1,0.0,100.0
Q4438121,sports organization,sports organization,спортивная организация,5,1,4,20.0,80.0
Q4443227,Stone Age site,Stone Age site,стоянка,4,3,1,75.0,25.0
Q44497,mining,шахта,горное дело,1,1,0,100.0,0.0
Q44512,epidemic,эпидемия,эпидемия,1,0,1,0.0,100.0
Q44539,,,,2,1,1,50.0,50.0
Q446013,pumping station,Сорғы станциясы,насосная станция,1,0,1,0.0,100.0
Q44613,monastery,Монастырь,монастырь,7,0,7,0.0,100.0
Q4476438,former district of Kazakhstan,Қазақстанның таратылған аудандары,упразднённые районы Казахстана,59,57,2,96.61,3.39
Q44782,,,,1,1,0,100.0,0.0
Q4493701,association football trophy or award,association football trophy or award,футбольная награда или трофей,1,1,0,100.0,0.0
Q4498974,ice hockey team,ice hockey team,хоккейная команда,25,10,15,40.0,60.0
Q4508,navy,Әскери-теңіз флоты,военно-морской флот,1,1,0,100.0,0.0
Q4530848,,,,1,1,0,100.0,0.0
Q4533081,ethnolinguistic group,ethnolinguistic group,этноязыковая общность,1,1,0,100.0,0.0
Q4539,cooperative,Кооператив,кооператив,1,0,1,0.0,100.0
Q45400320,open-access publisher,open-access publisher,издатель свободного доступа,3,2,1,66.67,33.33
Q45762,dead language,өлі тілдер,мёртвый язык,1,0,1,0.0,100.0
Q45791,,,,1,1,0,100.0,0.0
Q46124,sanatorium,Шипажай,санаторий,5,4,1,80.0,20.0
Q46135307,nation at sport competition,nation at sport competition,страна на спортивном соревновании,78,1,77,1.28,98.72
Q46169,national park,Ұлттық парк,национальный парк,14,12,2,85.71,14.29
Q46190676,tennis event,tennis event,теннисное мероприятие,2,0,2,0.0,100.0
Q46195901,Paralympics delegation,Paralympics delegation,страна на Паралимпийских играх,15,1,14,6.67,93.33
Q46351685,national basketball team,national basketball team,сборная по баскетболу,6,0,6,0.0,100.0
Q464780,mint,mint,монетный двор,2,1,1,50.0,50.0
Q465299,,,,1,1,0,100.0,0.0
Q4654165,Category:Wikipedia meetups,Category:Wikipedia meetups,Категория:Википедия:Викивстречи,11,0,11,0.0,100.0
Q46622,controlled-access highway,Автомагистраль,автомагистраль,5,1,4,20.0,80.0
Q4671277,academic institution,академиялық оқу орны,академическое учебное заведение,5,2,3,40.0,60.0
Q46831,mountain range,Таулы үстірт,горный хребет,334,99,235,29.64,70.36
Q46865913,geography of geographic location,geography of geographic location,география географического положения,1,1,0,100.0,0.0
Q46970,airline,Әуе компания,авиакомпания,57,12,45,21.05,78.95
Q46997958,climate of geographic location,climate of geographic location,климат на территории,1,1,0,100.0,0.0
Q47041,,,,1,1,0,100.0,0.0
Q47345468,tennis tournament edition,tennis tournament edition,розыгрыш теннисного турнира,19,0,19,0.0,100.0
Q473972,protected area,protected area,природоохранная зона,88,31,57,35.23,64.77
Q47403752,tennis tournament edition by gender,tennis tournament edition by gender,tennis tournament edition by gender,3,0,3,0.0,100.0
Q47443726,recurring tennis tournament,recurring tennis tournament,recurring tennis tournament,8,0,8,0.0,100.0
Q47460286,national beach soccer team,national beach soccer team,сборная страны по пляжному футболу,1,0,1,0.0,100.0
Q47461344,written work,жазбаша туынды,письменная работа,1,1,0,100.0,0.0
Q47486890,former lake,former lake,бывшее озеро,6,3,3,50.0,50.0
Q47505416,confectionery,confectionery,кондитерская,1,1,0,100.0,0.0
Q47521,stream,stream,ручей,4,2,2,50.0,50.0
Q476028,association football club,футбол клубы,футбольный клуб,78,68,10,87.18,12.82
Q477449,,,,1,0,1,0.0,100.0
Q477544,new religious movement,жаңа діни қозғалыстар,новое религиозное движение,1,1,0,100.0,0.0
Q47913,intelligence agency,intelligence agency,спецслужба,1,1,0,100.0,0.0
Q48004378,esport competition,esport competition,киберспортивное соревнование,1,0,1,0.0,100.0
Q480242,statistical service,statistical service,статистическая служба,1,1,0,100.0,0.0
Q480260,local coat of arms,local coat of arms,герб муниципалитета,1,0,1,0.0,100.0
Q4806618,Asian Cycling Championships,Тас жол веложарыстарынан Азия чемпионаты,Чемпионат Азии по велоспорту,1,0,1,0.0,100.0
Q481289,official residence,резиденция,официальная резиденция,2,1,1,50.0,50.0
Q48204,voluntary association,Клуб,добровольная ассоциация,4,1,3,25.0,75.0
Q4830453,business,кәсіпорын,бизнес,81,36,45,44.44,55.56
Q483110,stadium,стадион,стадион,27,21,6,77.78,22.22
Q483453,,,,1,0,1,0.0,100.0
Q4835091,territory,territory,территориальная единица,1,0,1,0.0,100.0
Q48356,minaret,minaret,минарет,2,1,1,50.0,50.0
Q484652,international organization,халықаралық ұйымдар,международная организация,2,2,0,100.0,0.0
Q485027,body armor,body armor,доспехи,1,1,0,100.0,0.0
Q4867756,basketball tournament,basketball tournament,баскетбольный турнир,6,0,6,0.0,100.0
Q486972,human settlement,елді мекен,населённый пункт,2202,1863,339,84.6,15.4
Q489209,joint venture,Бірлескен кәсіпорын,совместное предприятие,2,0,2,0.0,100.0
Q492425,container terminal,container terminal,контейнерный терминал,1,0,1,0.0,100.0
Q4944646,Border outpost,Border outpost,Пограничная застава,1,0,1,0.0,100.0
Q4946461,spa town,Саяжай,курортный спа-городок,1,1,0,100.0,0.0
Q494829,bus station,автовокзал,автостанция,4,1,3,25.0,75.0
Q495430,general staff,Бас Штаб,Генеральный штаб,1,1,0,100.0,0.0
Q49773,social movement,Қоғамдық қозғалыс,общественное движение,2,1,1,50.0,50.0
Q498002,aerial tramway,aerial tramway,воздушный трамвай,2,0,2,0.0,100.0
Q4989906,monument,Ескерткіш,памятник,53,21,32,39.62,60.38
Q5,human,адам,человек,6,6,0,100.0,0.0
Q5003624,memorial,memorial,мемориал,6,2,4,33.33,66.67
Q50061750,Asian Road Cycling Championships - Women RR,Asian Road Cycling Championships - Women RR,Чемпионат Азии по шоссейному велоспорту - групповая гонка (женщины),2,0,2,0.0,100.0
Q50062728,Asian Road Cycling Championships - Women ITT,Asian Road Cycling Championships - Women ITT,Чемпионат Азии по шоссейному велоспорту - индивидуальная гонка (женщины),2,0,2,0.0,100.0
Q502102,,,,1,1,0,100.0,0.0
Q5061188,house of culture,house of culture,дом культуры,13,1,12,7.69,92.31
Q507619,retail chain,retail chain,сеть магазинов,2,0,2,0.0,100.0
Q5084,hamlet,деревня,деревня,2,2,0,100.0,0.0
Q51031626,sport competition at a multi-sport event,sport competition at a multi-sport event,вид спорта на мультиспортивных соревнованиях,14,4,10,28.57,71.43
Q51481377,women's association football club,women's association football club,женский футбольный клуб,5,2,3,40.0,60.0
Q515,city,қала,город,45,44,1,97.78,2.22
Q518261,cultural area,cultural area,историко-культурная область,1,1,0,100.0,0.0
Q51929311,,,,1,1,0,100.0,0.0
Q519608,classification yard,classification yard,сортировочная станция,1,0,1,0.0,100.0
Q52103661,former island,former island,бывший остров,4,2,2,50.0,50.0
Q52110228,geopolitical group,geopolitical group,геополитическое сообщество,1,1,0,100.0,0.0
Q5225895,public limited company,public limited company,public limited company,1,0,1,0.0,100.0
Q5257307,prize,Ұтыс,премия,1,0,1,0.0,100.0
Q5292,encyclopedia,энциклопедия,энциклопедия,1,1,0,100.0,0.0
Q53060,gate,Қақпа,ворота,3,2,1,66.67,33.33
Q53062420,nation in the Junior Eurovision Song Contest,nation in the Junior Eurovision Song Contest,страна на детском конкурсе Евровидение,2,1,1,50.0,50.0
Q532,village,ауыл,село,5,2,3,40.0,60.0
Q5341295,,,,1,1,0,100.0,0.0
Q53534649,cycling team season,cycling team season,сезон велокоманды,106,0,106,0.0,100.0
Q537127,road bridge,road bridge,автомобильный мост,5,1,4,20.0,80.0
Q53732481,nuclear test site,nuclear test site,nuclear test site,3,2,1,66.67,33.33
Q54047178,,,,1,1,0,100.0,0.0
Q54050,hill,төбе,холм,357,4,353,1.12,98.88
Q54074585,,,,1,1,0,100.0,0.0
Q54114,boulevard,Бульвар,бульвар,2,1,1,50.0,50.0
Q54660600,national cycling team,national cycling team,национальная сборная по велоспорту,1,0,1,0.0,100.0
Q549276,flotilla,Флотилия,флотилия,1,1,0,100.0,0.0
Q5503,,,,1,1,0,100.0,0.0
Q55043,,,,1,1,0,100.0,0.0
Q55075651,upland,Қырат,возвышенность,11,7,4,63.64,36.36
Q55135234,zone,zone,zone,1,0,1,0.0,100.0
Q55190120,narcological dispensary,наркологиялық диспансер,наркологический диспансер,2,2,0,100.0,0.0
Q55379753,handball federation,handball federation,гандбольная федерация,1,0,1,0.0,100.0
Q55392224,salt area,salt area,salt area,1,1,0,100.0,0.0
Q55456485,national statistical system,national statistical system,национальная статистическая система,1,0,1,0.0,100.0
Q55465414,lake channel,lake channel,lake channel,1,0,1,0.0,100.0
Q55470128,intermittent oxbow lake,intermittent oxbow lake,intermittent oxbow lake,7,0,7,0.0,100.0
Q55470156,intermittent salt lake,intermittent salt lake,сезонное солёное озеро,39,2,37,5.13,94.87
Q55488,railway station,темір жол стансасы,железнодорожная станция,284,50,234,17.61,82.39
Q55493,goods station,goods station,грузовая железнодорожная станция,5,1,4,20.0,80.0
Q5558483,,,,2,2,0,100.0,0.0
Q55650689,Wikidata property for authority control for writers,Wikidata property for authority control for writers,свойство для нормативного контроля писателей,2,0,2,0.0,100.0
Q55659167,natural watercourse,natural watercourse,естественный водоток,8,1,7,12.5,87.5
Q5567362,,,,1,0,1,0.0,100.0
Q55678,railway stop,railway stop,остановочный пункт на железной дороге,2,0,2,0.0,100.0
Q55818,impact crater,Метеориттік кратер,ударный кратер,2,1,1,50.0,50.0
Q55958305,languages of a country,languages of a country,языки страны,1,1,0,100.0,0.0
Q55977691,Wikidata property for authority control for administrative subdivisions,Wikidata property for authority control for administrative subdivisions,свойство Викиданных для нормативного контроля административных единиц,1,0,1,0.0,100.0
Q56019,military rank,Әскери атақтар,воинское звание,1,0,1,0.0,100.0
Q56061,administrative territorial entity,әкімшілік-аумақтық бөлініс,административно-территориальная единица,14,12,2,85.71,14.29
Q56190453,memorial complex,memorial complex,мемориальный комплекс,4,4,0,100.0,0.0
Q56242215,Catholic cathedral,Catholic cathedral,католический собор,1,0,1,0.0,100.0
Q56242225,Eastern Orthodox cathedral,Eastern Orthodox cathedral,кафедральный православный собор,8,4,4,50.0,50.0
Q56249389,Wikidata property to identify railway stations,Wikidata property to identify railway stations,свойство Викиданных для идентификации железнодорожных станций,1,0,1,0.0,100.0
Q56257551,sea terminal,marine terminal,морской терминал,1,0,1,0.0,100.0
Q56276798,rhythm dance,rhythm dance,rhythm dance,1,0,1,0.0,100.0
Q56312706,recreation park,recreation park,парк культуры и отдыха,1,0,1,0.0,100.0
Q56377753,,,проектный институт,1,1,0,100.0,0.0
Q56490294,bench with statue,bench with statue,скамейка с памятником,1,0,1,0.0,100.0
Q56507866,gulag camp,gulag camp,ГУЛАГ,1,1,0,100.0,0.0
Q56610307,rally raid race,rally raid race,rally raid race,1,0,1,0.0,100.0
Q5681048,partial solar eclipse,partial solar eclipse,частное солнечное затмение,1,0,1,0.0,100.0
Q568407,location identifier,location identifier,код аэропорта,1,0,1,0.0,100.0
Q5691927,annular solar eclipse,annular solar eclipse,кольцеобразное солнечное затмение,1,0,1,0.0,100.0
Q57208171,section of watercourse,section of watercourse,участок реки,1,1,0,100.0,0.0
Q57237852,dry stream bed,dry stream bed,dry stream bed,46,7,39,15.22,84.78
Q572835,,,,1,0,1,0.0,100.0
Q57305,trade fair,trade fair,промышленная ярмарка,1,1,0,100.0,0.0
Q57315360,necked bowl lute sounded by plectrum,necked bowl lute sounded by plectrum,necked bowl lute sounded by plectrum,1,0,1,0.0,100.0
Q573344,,,,1,1,0,100.0,0.0
Q57346,defensive wall,defensive wall,городские стены,1,0,1,0.0,100.0
Q5737,burial mound,Қорған,курган,13,9,4,69.23,30.77
Q57494273,short track speed skating competition,short track speed skating competition,соревнование по шорт-треку,1,0,1,0.0,100.0
Q575759,,,,1,1,0,100.0,0.0
Q57598,national day,Тәуелсіздік күні,национальный праздник,2,2,0,100.0,0.0
Q57655560,corporation,corporation,американская корпорация,1,0,1,0.0,100.0
Q5770868,medieval city,Ортағасырлық қала,средневековый город,1,1,0,100.0,0.0
Q57733494,badminton event,badminton event,badminton event,385,0,385,0.0,100.0
Q57821,fortification,fortification,фортификационное сооружение,3,2,1,66.67,33.33
Q57831,fortress,қамал,крепость,15,7,8,46.67,53.33
Q580112,military district,Әскери Округ,военный округ,3,0,3,0.0,100.0
Q582577,economic policy,экономикалық саясат,экономическая политика,1,0,1,0.0,100.0
Q58840819,national rugby union team,national rugby union team,национальная сборная по регби,1,1,0,100.0,0.0
Q58841125,women's national rugby union team,women's national rugby union team,женская сборная страны по регби,1,0,1,0.0,100.0
Q58863414,female beauty pageant,female beauty pageant,женский конкурс красоты,1,1,0,100.0,0.0
Q588750,,,,1,1,0,100.0,0.0
Q58973026,rugby union governing body,rugby union governing body,rugby union governing body,1,0,1,0.0,100.0
Q591942,distributary,distributary,рукав реки,5,1,4,20.0,80.0
Q5926864,group of lakes,group of lakes,группа озёр,10,3,7,30.0,70.0
Q59541917,Wikimedia topic category,Wikimedia topic category,тематическая категория Викимедиа,1,0,1,0.0,100.0
Q60046086,,,,1,1,0,100.0,0.0
Q60176300,Eastern Orthodox eparchy,Eastern Orthodox eparchy,православная епархия,13,1,12,7.69,92.31
Q6017815,kishlak,Қыстау,кишлак,7,3,4,42.86,57.14
Q6017969,,,,1,1,0,100.0,0.0
Q604177,municipal archive,municipal archive,городские архивы,1,1,0,100.0,0.0
Q604435,microdistrict,Ықшам аудан,микрорайон (пост)советский,8,4,4,50.0,50.0
Q60754876,grade of an order,grade of an order,степень ордена,7,0,7,0.0,100.0
Q6129871,irrigation system,irrigation system,оросительная система,2,2,0,100.0,0.0
Q6138323,railway workshop,railway workshop,вагоноремонтное предприятие,2,0,2,0.0,100.0
Q6138528,political coalition,political coalition,политическая коалиция,1,0,1,0.0,100.0
Q614289,Pennysaver,Pennysaver,Газеты бесплатных объявлений,1,0,1,0.0,100.0
Q61441268,professional holiday,professional holiday,профессиональный праздник,2,1,1,50.0,50.0
Q6154783,UCI WorldTeam,UCI WorldTeam,UCI WorldTeam,1,1,0,100.0,0.0
Q61702941,national rugby sevens team,national rugby sevens team,national rugby sevens team,1,0,1,0.0,100.0
Q617839,apartment hotel,apartment hotel,апарт-отель,1,0,1,0.0,100.0
Q618123,geographical feature,Географиялық нысан,географический объект,5,1,4,20.0,80.0
Q618779,award,award,награда,18,10,8,55.56,44.44
Q61883,air force,Әскери-Әуе Күштері,военно-воздушные силы,2,1,1,50.0,50.0
Q61974339,esports team,esports team,киберспортивная команда,2,0,2,0.0,100.0
Q61983760,women’s sports competition,women’s sports competition,women’s sports competition,1,0,1,0.0,100.0
Q620045,apostolic nunciature,apostolic nunciature,апостольская нунциатура,1,0,1,0.0,100.0
Q620615,mobile app,мобильді қосымша,мобильное приложение,1,1,0,100.0,0.0
Q622439,small and medium enterprises,Шағын бизнес,малые и средние предприятия,1,0,1,0.0,100.0
Q623109,sports league,sports league,лига,5,0,5,0.0,100.0
Q62447,aerodrome,Аэродром,аэродром,18,12,6,66.67,33.33
Q6256,country,ел,страна,1,1,0,100.0,0.0
Q62589316,Wikidata property for an identifier that suggests notability,Wikidata property for an identifier that suggests notability,"свойство Викиданных для идентификатора, предполагающее значимость",2,0,2,0.0,100.0
Q625994,convention,convention,собрание,3,0,3,0.0,100.0
Q6266,nation,ұлт,нация,1,1,0,100.0,0.0
Q62832,observatory,обсерватория,обсерватория,2,0,2,0.0,100.0
Q631305,,,,2,1,1,50.0,50.0
Q63349598,women's national handball team,women's national handball team,женская сборная по гандболу,1,1,0,100.0,0.0
Q63364175,ice hockey federation,ice hockey federation,федерация хоккея,1,0,1,0.0,100.0
Q63416577,national volleyball team,national volleyball team,национальная сборная по волейболу,2,0,2,0.0,100.0
Q63418223,women’s national volleyball team,women’s national volleyball team,женская сборная страны по волейболу,5,1,4,20.0,80.0
Q637017,episcopal conference,episcopal conference,конференция католических епископов,1,0,1,0.0,100.0
Q63871189,Wikidata property related to sports teams/clubs,Wikidata property related to sports teams/clubs,"свойство Викиданных, относящееся к спортивным командам и клубам",1,0,1,0.0,100.0
Q64025381,women's national rugby sevens team,women's national rugby sevens team,women's national rugby sevens team,1,0,1,0.0,100.0
Q64027457,health by country or region,health by country or region,здоровье по странам и регионам,1,0,1,0.0,100.0
Q64027599,gas station chain,gas station chain,gas station chain,1,0,1,0.0,100.0
Q64027602,healthcare by country or region,healthcare by country or region,здравоохранение по стране или региону,1,1,0,100.0,0.0
Q640506,cabinet,Министрлер кабинеті,кабинет министров,1,1,0,100.0,0.0
Q641226,,,,2,2,0,100.0,0.0
Q644371,,,,4,4,0,100.0,0.0
Q645466,national coat of arms,national coat of arms,государственный герб,1,1,0,100.0,0.0
Q6456916,national economy,Ұлттық экономика,народное хозяйство,1,1,0,100.0,0.0
Q64728935,future event,future event,будущее событие,1,0,1,0.0,100.0
Q64801076,education in country or region,education in country or region,образование на территории,1,1,0,100.0,0.0
Q65007262,,,,3,2,1,66.67,33.33
Q6500733,,,,1,1,0,100.0,0.0
Q65149786,Asian Road Cycling Championships,Asian Road Cycling Championships,Чемпионат Азии по шоссейному велоспорту,2,0,2,0.0,100.0
Q654772,hostel,hostel,хостел,12,0,12,0.0,100.0
Q65553774,chain,chain,сеть,1,0,1,0.0,100.0
Q65583700,scientific institute,scientific institute,научный институт,3,3,0,100.0,0.0
Q6558431,coal-fired power station,coal-fired power station,угольная электростанция,10,2,8,20.0,80.0
Q65743816,Grand Prix,Grand Prix,гран-при,1,0,1,0.0,100.0
Q65770283,association football final,association football final,финал футбольного турнира,25,25,0,100.0,0.0
Q658255,subsidiary company,Еншілес қоғам,дочернее общество,3,0,3,0.0,100.0
Q6589202,interior ministry,interior ministry,министерство внутренних дел,1,1,0,100.0,0.0
Q6593141,Freedom of religion by country,Freedom of religion by country,Freedom of religion by country,1,0,1,0.0,100.0
Q659396,,,,1,1,0,100.0,0.0
Q661702,anabranch,anabranch,проток,2,1,1,50.0,50.0
Q6617741,WWF ecoregion,WWF ecoregion,WWF ecoregion,16,2,14,12.5,87.5
Q66344,central bank,Орталық банк,центральный банк,1,1,0,100.0,0.0
Q66374263,religion of an area,religion of an area,религия на территории,2,1,1,50.0,50.0
Q665487,diocese,diocese,диоцез,1,0,1,0.0,100.0
Q66715753,Wikimedia list of persons by position held,Wikimedia list of persons by position held,список людей по занимаемой должности,1,0,1,0.0,100.0
Q66737615,institute for medical research,institute for medical research,медицинский научный институт,1,0,1,0.0,100.0
Q66817758,national tennis team,national tennis team,сборная страны по теннису,1,0,1,0.0,100.0
Q66817784,Davis Cup team,Davis Cup team,сборная в Кубке Дэвиса,1,1,0,100.0,0.0
Q67515288,cinema by country or region,cinema by country or region,кинематограф территории,1,1,0,100.0,0.0
Q67608976,women's national under-17 association football team,women's national under-17 association football team,женская сборная страны по футболу до 17 лет,1,0,1,0.0,100.0
Q6867185,ministry of industry,ministry of industry,министерство промышленности,2,2,0,100.0,0.0
Q686984,civil disorder,жаппай тәртіпсіздіктер,массовые беспорядки,3,2,1,66.67,33.33
Q68800046,industrial disaster,industrial disaster,индустриальный инцидент,4,3,1,75.0,25.0
Q6881511,enterprise,Кәсіпорын,предприятие,57,38,19,66.67,33.33
Q689090,Kazakhstani National Road Cycling Championships,Kazakhstani National Road Cycling Championships,Чемпионат Казахстана по шоссейному велоспорту,22,0,22,0.0,100.0
Q691960,,,,1,1,0,100.0,0.0
Q69358181,human rights by country or territory,human rights by country or territory,права человека по странам или территориям,1,0,1,0.0,100.0
Q69359318,human trafficking by country or territory,human trafficking by country or territory,торговля людьми по стране или территории,1,1,0,100.0,0.0
Q695850,airbase,Авиациялық база,военный аэродром,7,3,4,42.86,57.14
Q6979593,national association football team,national association football team,сборная страны по футболу,6,1,5,16.67,83.33
Q6979657,national public health institute,national public health institute,national public health institute,1,0,1,0.0,100.0
Q69920471,bandy team,bandy team,команда по хоккею с мячом,2,1,1,50.0,50.0
Q699386,statutory corporation,statutory corporation,уставная корпорация,1,1,0,100.0,0.0
Q699405,dwelling,dwelling,жилище,1,1,0,100.0,0.0
Q70007648,national bandy team,national bandy team,сборная страны по хоккею с мячом,1,0,1,0.0,100.0
Q70008686,women's national bandy team,women's national bandy team,женская сборная страны по хоккею с мячом,1,0,1,0.0,100.0
Q701632,municipal council,municipal council,муниципальный совет,1,1,0,100.0,0.0
Q702492,,,,1,1,0,100.0,0.0
Q70363582,academies and institutes,academies and institutes,academies and institutes,4,4,0,100.0,0.0
Q70477194,mass vaccination,mass vaccination,mass vaccination,1,0,1,0.0,100.0
Q7075,library,кітапхана,библиотека,18,16,2,88.89,11.11
Q708676,charitable organization,charitable organization,благотворительная организация,1,1,0,100.0,0.0
Q7188,government,кабинет,правительство,1,1,0,100.0,0.0
Q7189622,physical plant,physical plant,промышленное предприятие,1,1,0,100.0,0.0
Q719642,panethnicity,panethnicity,панэтнос,1,1,0,100.0,0.0
Q7210356,political organization,political organization,политическая организация,2,2,0,100.0,0.0
Q7212557,zakaznik,қорықша,заказник,78,31,47,39.74,60.26
Q7251007,prostitution by region,prostitution by region,проституция на территории,1,0,1,0.0,100.0
Q726929,film archive,film archive,фильмотека,1,1,0,100.0,0.0
Q7278,political party,саяси партия,политическая партия,41,18,23,43.9,56.1
Q728904,,,,4,2,2,50.0,50.0
Q728937,railway line,railway line,железнодорожная линия,15,3,12,20.0,80.0
Q730038,credit institution,credit institution,кредитная организация,5,5,0,100.0,0.0
Q7315155,,,,2,2,0,100.0,0.0
Q734818,,,,1,1,0,100.0,0.0
Q736917,geological formation,geological formation,геологическая формация,10,2,8,20.0,80.0
Q7397,software,бағдарламалық жасақтама,программное обеспечение,1,0,1,0.0,100.0
Q740445,mountain ridge,Жон,кряж,21,3,18,14.29,85.71
Q74047,ghost town,елес қала,город-призрак,4,2,2,50.0,50.0
Q740752,transport company,transport company,транспортная компания,3,0,3,0.0,100.0
Q7415541,sanatorium,Шипажай,санаторий,1,0,1,0.0,100.0
Q744099,hillfort,hillfort,городище,29,24,5,82.76,17.24
Q744296,,,,1,1,0,100.0,0.0
Q744913,aviation accident,aviation accident,авиационный инцидент,4,3,1,75.0,25.0
Q746549,dish,dish,блюдо,2,2,0,100.0,0.0
Q748019,,,,1,1,0,100.0,0.0
Q74817647,aspect in a geographic region,aspect in a geographic region,аспект в географическом регионе,66,25,41,37.88,62.12
Q749565,structural basin,қазаншұңқыр,котловина,2,2,0,100.0,0.0
Q750215,mass murder,mass murder,массовое убийство,2,1,1,50.0,50.0
Q75054287,music by country or region,music by country or region,музыка территории,1,1,0,100.0,0.0
Q75179296,ice hockey league,ice hockey league,хоккейная лига,2,1,1,50.0,50.0
Q751876,,,,1,1,0,100.0,0.0
Q7543083,,,,6,6,0,100.0,0.0
Q75520,plateau,Үстірт,плато,9,5,4,55.56,44.44
Q756102,,,,1,1,0,100.0,0.0
Q757292,border checkpoint,border checkpoint,пункт пропуска через государственную границу,69,0,69,0.0,100.0
Q7614320,finance minister,finance minister,министр финансов,1,0,1,0.0,100.0
Q76212517,café chain,café chain,сеть кофеен,1,0,1,0.0,100.0
Q76213285,clothing store chain,clothing store chain,clothing store chain,1,0,1,0.0,100.0
Q7625093,structure fire,structure fire,пожар постройки,1,0,1,0.0,100.0
Q766875,ethnic conflict,Ұлтаралық қақтығыс,межэтнический конфликт,1,1,0,100.0,0.0
Q7688,,,,1,1,0,100.0,0.0
Q7692354,,,,1,1,0,100.0,0.0
Q769696,national minority,national minority,национальное меньшинство,1,0,1,0.0,100.0
Q77115,,,,2,0,2,0.0,100.0
Q771444,,,,12,11,1,91.67,8.33
Q772547,armed forces,ұлттық қарулы күштер,вооружённые силы,1,1,0,100.0,0.0
Q7755,constitution,конституция,конституция,1,1,0,100.0,0.0
Q7834916,transport corridor,transport corridor,Международный транспортный коридор,1,0,1,0.0,100.0
Q783794,company,фирма,компания,7,4,3,57.14,42.86
Q784159,,,,2,0,2,0.0,100.0
Q7843791,consulate,consulate,консульство,1,0,1,0.0,100.0
Q785020,sedimentary basin,sedimentary basin,бассейн полезного ископаемого,3,3,0,100.0,0.0
Q785952,bathhouse,bathhouse,общественная баня,2,2,0,100.0,0.0
Q786820,automobile manufacturer,automobile manufacturer,автопроизводитель,1,0,1,0.0,100.0
Q7884789,toponym,топоним,топоним,1,0,1,0.0,100.0
Q79007,street,көше,улица,1250,1232,18,98.56,1.44
Q7930989,city or town,қала/қалашық,город,5,5,0,100.0,0.0
Q7944,earthquake,Жер сілкіну,землетрясение,2,0,2,0.0,100.0
Q79854,Communist Party of the Soviet Union,Кеңес Одағы Коммунистік Партиясы,Коммунистическая партия Советского Союза,1,1,0,100.0,0.0
Q799000,breast badge,breast badge,нагрудный знак,5,3,2,60.0,40.0
Q79913,non-governmental organization,Үкіметтік емес ұйымдар,общественная организация,5,1,4,20.0,80.0
Q80096233,Wikimedia information list,Wikimedia information list,информационный список,3,3,0,100.0,0.0
Q8016240,trial,trial,судебный процесс,1,1,0,100.0,0.0
Q8031011,women's national team,women's national team,женская сборная команда,1,0,1,0.0,100.0
Q8065,natural disaster,Тілсіз қияпат,стихийное бедствие,2,1,1,50.0,50.0
Q8068,flood,топан су,наводнение,2,2,0,100.0,0.0
Q810808,batholith,Батолит,Батолит,2,0,2,0.0,100.0
Q811102,type of building,type of building,тип здания,1,1,0,100.0,0.0
Q811534,remarkable tree,remarkable tree,примечательное дерево,2,0,2,0.0,100.0
Q811582,construction ministry,construction ministry,министерство строительства,1,1,0,100.0,0.0
Q811704,rolling stock class,rolling stock class,тип подвижного состава,1,0,1,0.0,100.0
Q811979,architectural structure,Ғимарат,сооружение,13,5,8,38.46,61.54
Q813672,,,,2,2,0,100.0,0.0
Q81391454,theatre of an area,theatre of an area,театр на территории,1,1,0,100.0,0.0
Q8142,currency,валюта,валюта,1,1,0,100.0,0.0
Q8171,word,сөз,слово,1,1,0,100.0,0.0
Q82046811,print book format,print book format,формат печатной книги,1,1,0,100.0,0.0
Q820477,mine,кенорын,рудник,45,11,34,24.44,75.56
Q820655,statute,заң,закон,1,1,0,100.0,0.0
Q82794,region,аймақ,географический регион,16,5,11,31.25,68.75
Q82821,tradition,салт-дәстүр,традиция,5,4,1,80.0,20.0
Q831663,military campaign,әскери кампания,военная кампания,1,1,0,100.0,0.0
Q83283600,Asian Road Cycling Championships - Men RR,Asian Road Cycling Championships - Men RR,Чемпионат Азии по шоссейному велоспорту - групповая гонка (мужчины),2,0,2,0.0,100.0
Q83283604,Asian Road Cycling Championships - Men ITT,Asian Road Cycling Championships - Men ITT,Чемпионат Азии по шоссейному велоспорту - индивидуальная гонка (мужчины),2,0,2,0.0,100.0
Q83283607,Asian Road Cycling Championships - Men U23 RR,Asian Road Cycling Championships - Men U23 RR,Чемпионат Азии по шоссейному велоспорту - групповая гонка (мужчины U23),2,0,2,0.0,100.0
Q83283610,Asian Road Cycling Championships - Men U23 ITT,Asian Road Cycling Championships - Men U23 ITT,Чемпионат Азии по шоссейному велоспорту - индивидуальная гонка (мужчины U23),2,0,2,0.0,100.0
Q83328,Turkic peoples,Түркілер,тюрки,1,1,0,100.0,0.0
Q83405,factory,Фабрика,фабрика,9,6,3,66.67,33.33
Q83620,thoroughfare,thoroughfare,путь сообщения,20,0,20,0.0,100.0
Q836672,,,,18,18,0,100.0,0.0
Q83741704,COVID-19 pandemic by country and territory,COVID-19 pandemic by country and territory,пандемия COVID-19 в 2019-2020 гг. по странам и территориям,1,0,1,0.0,100.0
Q838948,,,,1,0,1,0.0,100.0
Q839954,archaeological site,Археологиялық ескерткіштер,археологический памятник,71,59,12,83.1,16.9
Q841654,competition,competition,соревнование,1,1,0,100.0,0.0
Q8432,civilization,Шағын өркениеттер,цивилизация,1,1,0,100.0,0.0
Q843214,internationalized country code top-level domain,internationalized country code top-level domain,национальный домен верхнего уровня в национальной кодировке,1,1,0,100.0,0.0
Q8436,family,отбасы,семья,2,2,0,100.0,0.0
Q8463186,national association football cup,national association football cup,кубок страны по футболу,1,1,0,100.0,0.0
Q847017,sports club,sports club,спортивный клуб,13,6,7,46.15,53.85
Q847906,online magazine,online magazine,интернет-журнал,1,0,1,0.0,100.0
Q84860894,puppetry building,puppetry building,puppetry building,2,0,2,0.0,100.0
Q8502,mountain,тау,гора,1381,807,574,58.44,41.56
Q850292,Grand Prix motorcycle racing,Grand Prix motorcycle racing,Чемпионат мира по мотогонкам Гран-при,1,0,1,0.0,100.0
Q8514,desert,Шөл,пустыня,24,14,10,58.33,41.67
Q856234,academic library,academic library,научная библиотека,2,1,1,50.0,50.0
Q856564,library association,library association,библиотечная ассоциация,1,0,1,0.0,100.0
Q860861,sculpture,sculpture,скульптура,5,2,3,40.0,60.0
Q862571,petroleum industry,мұнай өнеркәсібі,нефтяная промышленность,1,0,1,0.0,100.0
Q865588,committee,комитет,комитет,6,4,2,66.67,33.33
Q867570,Cyrillic-script alphabet,Cyrillic-script alphabet,алфавиты на основе кириллицы,1,0,1,0.0,100.0
Q868557,music festival,музыкалық фестиваль,музыкальный фестиваль,2,1,1,50.0,50.0
Q87167,manuscript,manuscript,рукопись,1,0,1,0.0,100.0
Q872181,scouting,Скаутизм,скауты,1,0,1,0.0,100.0
Q87415039,accrediting body,accrediting body,орган по аккредитации,5,0,5,0.0,100.0
Q875538,public university,public university,общественный университет,3,2,1,66.67,33.33
Q878223,highland,highland,нагорье,1,1,0,100.0,0.0
Q879146,Christian denomination,Christian denomination,христианская конфессия,1,0,1,0.0,100.0
Q88372,esplanade,esplanade,эспланада,1,0,1,0.0,100.0
Q891723,public company,Қоғамдық компания,публичная компания,11,10,1,90.91,9.09
Q89578131,radar station,radar station,radar station,1,0,1,0.0,100.0
Q9019918,endorheic lake,Ағынсыз көлдер,бессточное озеро,3,3,0,100.0,0.0
Q902104,private university,private university,частный университет,2,1,1,50.0,50.0
Q902814,border city,border city,приграничный город,3,3,0,100.0,0.0
Q907698,prospekt,даңғыл,проспект,7,6,1,85.71,14.29
Q909459,counter-terrorism,counter-terrorism,контртерроризм,1,0,1,0.0,100.0
Q9096832,,,,1,1,0,100.0,0.0
Q913703,Kazakh alphabet,Қазақ әліпбиі,казахская письменность,1,0,1,0.0,100.0
Q91396496,,,,1,1,0,100.0,0.0
Q917182,military academy,Әскери академия,военная академия,1,1,0,100.0,0.0
Q91908604,freight train service,freight train service,freight train service,1,0,1,0.0,100.0
Q9259,World Heritage Site,Әлемдік мұра,всемирное наследие,1,0,1,0.0,100.0
Q92634207,papal visit,papal visit,papal visit,1,0,1,0.0,100.0
Q928830,metro station,Метро бекеті,станция метрополитена,14,13,1,92.86,7.14
Q93436926,Wikidata property for authority control for sports people,Wikidata property for authority control for sports people,"свойство для нормативного контроля людей, относящихся к спорту",1,0,1,0.0,100.0
Q9346860,geological structure,geological structure,геологическая структура,1,0,1,0.0,100.0
Q935741,election commission,Сайлау комиссиясы,избирательная комиссия,1,1,0,100.0,0.0
Q936648,diarchy,диархия,диархия,1,1,0,100.0,0.0
Q938381,bid for the Olympic Games,bid for the Olympic Games,Выборы столиц Олимпийских игр,1,0,1,0.0,100.0
Q9388534,archival collection,archival collection,архивная коллекция,1,0,1,0.0,100.0
Q94579592,defunct association football club,defunct association football club,расформированный футбольный клуб,3,3,0,100.0,0.0
Q94696559,national futsal team,national futsal team,national futsal team,3,1,2,33.33,66.67
Q948571,organ of state,Авторитет,орган государственной власти,2,1,1,50.0,50.0
Q94993988,commercial traffic aerodrome,commercial traffic aerodrome,коммерческий аэродром,22,22,0,100.0,0.0
Q95155801,fact-checking organisation,fact-checking organisation,организация по проверке фактов,2,0,2,0.0,100.0
Q952037,political family,political family,семья политиков,2,2,0,100.0,0.0
Q954007,affinity,affinity,свойство́,1,0,1,0.0,100.0
Q961082,gazebo,gazebo,беседка,1,0,1,0.0,100.0
Q974968,,,,1,1,0,100.0,0.0
Q97584729,Wikidata property related to biographical dictionaries,Wikidata property related to biographical dictionaries,свойство Викиданных для биографических словарей,1,0,1,0.0,100.0
Q98374631,transport by country or region,transport by country or region,транспорт в стране или регионе,1,1,0,100.0,0.0
Q98374854,tourism in a region,tourism in a region,туризм в регионе,1,1,0,100.0,0.0
Q9842,,,,4,0,4,0.0,100.0
Q98925384,KVN team,KVN team,команда КВН,2,0,2,0.0,100.0
Q98929991,,,,1,1,0,100.0,0.0
Q989946,shelter,shelter,укрытие,1,1,0,100.0,0.0
Q99527323,architecture of geographic location,architecture of geographic location,архитектура территории,3,1,2,33.33,66.67
