p31,articles,median_words,mean_words,median_references,mean_references,median_images,mean_images,median_internal_links,mean_internal_links,no_references,no_images,under_250_words,short_unreferenced,thin_articles,label_en,label_kk,label_ru,no_references_pct,no_images_pct,under_250_words_pct,short_unreferenced_pct,thin_articles_pct
Q1000660,1,114.0,114.0,1.0,1.0,0.0,0.0,5.0,5.0,0,1,1,0,0,,,,0.0,100.0,100.0,0.0,0.0
Q1001051,1,34.0,34.0,1.0,1.0,0.0,0.0,2.0,2.0,0,1,1,0,0,,,,0.0,100.0,100.0,0.0,0.0
Q1001378,1,200.0,200.0,1.0,1.0,2.0,2.0,7.0,7.0,0,0,1,0,0,,,,0.0,0.0,100.0,0.0,0.0
Q100151658,8,397.5,365.12,1.0,1.25,0.0,0.75,4.0,18.25,2,5,3,1,1,,,,25.0,62.5,37.5,12.5,12.5
Q100195948,4,166.5,173.0,1.5,2.0,0.0,0.5,6.0,5.5,0,3,3,0,0,,,,0.0,75.0,75.0,0.0,0.0
Q1002697,26,125.5,194.04,1.0,1.62,0.0,0.19,7.5,11.92,4,21,20,4,3,periodical,periodical,периодическое издание,15.38,80.77,76.92,15.38,11.54
Q100280511,1,32.0,32.0,0.0,0.0,1.0,1.0,11.0,11.0,1,0,1,1,0,,,,100.0,0.0,100.0,100.0,0.0
Q100282728,1,129.0,129.0,2.0,2.0,0.0,0.0,5.0,5.0,0,1,1,0,0,,,,0.0,100.0,100.0,0.0,0.0
Q100320664,1,390.0,390.0,4.0,4.0,0.0,0.0,18.0,18.0,0,1,0,0,0,,,,0.0,100.0,0.0,0.0,0.0
Q100324353,1,972.0,972.0,1.0,1.0,6.0,6.0,15.0,15.0,0,0,0,0,0,,,,0.0,0.0,0.0,0.0,0.0
Q100341898,304,313.0,313.62,1.0,0.95,0.0,0.07,8.0,7.88,14,284,0,0,0,,,,4.61,93.42,0.0,0.0,0.0
Q100343219,2,305.5,305.5,3.0,3.0,0.0,0.0,9.0,9.0,0,2,1,0,0,,,,0.0,100.0,50.0,0.0,0.0
Q100349043,1,54.0,54.0,1.0,1.0,1.0,1.0,6.0,6.0,0,0,1,0,0,,,,0.0,0.0,100.0,0.0,0.0
Q100434640,21,145.0,246.67,1.0,1.33,1.0,0.81,6.0,7.52,3,9,16,2,1,,,,14.29,42.86,76.19,9.52,4.76
Q1004415,1,81.0,81.0,1.0,1.0,1.0,1.0,2.0,2.0,0,0,1,0,0,,,,0.0,0.0,100.0,0.0,0.0
Q1004875,1,940.0,940.0,12.0,12.0,3.0,3.0,38.0,38.0,0,0,0,0,0,,,,0.0,0.0,0.0,0.0,0.0
Q100546947,1,227.0,227.0,0.0,0.0,1.0,1.0,23.0,23.0,1,0,1,1,0,,,,100.0,0.0,100.0,100.0,0.0
Q100589423,1,353.0,353.0,2.0,2.0,0.0,0.0,32.0,32.0,0,1,0,0,0,,,,0.0,100.0,0.0,0.0,0.0
Q1006311,5,965.0,1749.0,0.0,1.2,1.0,1.2,71.0,110.4,3,2,2,2,1,,,,60.0,40.0,40.0,40.0,20.0
Q1006644,1,1384.0,1384.0,3.0,3.0,1.0,1.0,41.0,41.0,0,0,0,0,0,,,,0.0,0.0,0.0,0.0,0.0
Q100707163,2,924.5,924.5,6.5,6.5,0.5,0.5,119.0,119.0,1,1,1,1,1,,,,50.0,50.0,50.0,50.0,50.0
Q100709275,2,838.5,838.5,2.0,2.0,1.5,1.5,24.0,24.0,0,0,0,0,0,,,,0.0,0.0,0.0,0.0,0.0
Q100710213,18,142.0,295.0,0.5,0.56,1.0,0.56,3.0,5.67,9,8,13,7,4,,,,50.0,44.44,72.22,38.89,22.22
Q100724091,8,218.0,216.0,2.0,2.88,0.5,0.5,8.0,8.88,0,4,5,0,0,,,,0.0,50.0,62.5,0.0,0.0
Q1007356,1,2435.0,2435.0,10.0,10.0,2.0,2.0,130.0,130.0,0,0,0,0,0,,,,0.0,0.0,0.0,0.0,0.0
Q100744571,1,201.0,201.0,0.0,0.0,0.0,0.0,3.0,3.0,1,1,1,1,1,,,,100.0,100.0,100.0,100.0,100.0
Q100773131,9,2056.0,2319.22,6.0,15.22,1.0,4.22,35.0,42.78,0,4,0,0,0,regional economy,regional economy,экономика региона,0.0,44.44,0.0,0.0,0.0
Q1008803,1,533.0,533.0,7.0,7.0,2.0,2.0,38.0,38.0,0,0,0,0,0,,,,0.0,0.0,0.0,0.0,0.0
Q100900880,2,247.0,247.0,2.5,2.5,3.0,3.0,3.0,3.0,1,1,1,1,1,,,,50.0,50.0,50.0,50.0,50.0
Q100906234,3,573.0,890.33,1.0,1.0,0.0,0.33,56.0,44.33,1,2,0,0,0,,,,33.33,66.67,0.0,0.0,0.0
Q100912473,4,68.5,66.0,1.0,1.25,0.0,0.25,4.0,4.0,0,3,4,0,0,,,,0.0,75.0,100.0,0.0,0.0
Q1009249,2,226.5,226.5,1.0,1.0,0.5,0.5,30.5,30.5,0,1,1,0,0,,,,0.0,50.0,50.0,0.0,0.0
Q101038,1,62.0,62.0,1.0,1.0,0.0,0.0,4.0,4.0,0,1,1,0,0,,,,0.0,100.0,100.0,0.0,0.0
Q101063310,1,1548.0,1548.0,25.0,25.0,1.0,1.0,76.0,76.0,0,0,0,0,0,,,,0.0,0.0,0.0,0.0,0.0
Q101072,3,37.0,41.0,1.0,1.33,0.0,0.0,2.0,4.0,0,3,3,0,0,,,,0.0,100.0,100.0,0.0,0.0
Q101137740,1,400.0,400.0,7.0,7.0,4.0,4.0,1.0,1.0,0,0,0,0,0,,,,0.0,0.0,0.0,0.0,0.0
Q101208084,1,145.0,145.0,1.0,1.0,0.0,0.0,16.0,16.0,0,1,1,0,0,,,,0.0,100.0,100.0,0.0,0.0
Q101244,5,356.0,398.8,3.0,4.2,0.0,0.4,7.0,16.8,1,3,2,1,1,,,,20.0,60.0,40.0,20.0,20.0
Q101251494,1,67.0,67.0,0.0,0.0,1.0,1.0,6.0,6.0,1,0,1,1,0,,,,100.0,0.0,100.0,100.0,0.0
Q101352,6,152.0,305.5,1.0,2.67,0.0,0.67,9.5,10.67,0,4,4,0,0,,,,0.0,66.67,66.67,0.0,0.0
Q101401,2,185.0,185.0,0.5,0.5,1.0,1.0,6.0,6.0,1,1,2,1,0,bell,Қоңырау,колокол,50.0,50.0,100.0,50.0,0.0
Q101408242,2,1473.0,1473.0,0.0,0.0,0.5,0.5,22.0,22.0,2,1,1,1,0,,,,100.0,50.0,50.0,50.0,0.0
Q1015103,1,358.0,358.0,0.0,0.0,0.0,0.0,9.0,9.0,1,1,0,0,0,,,,100.0,100.0,0.0,0.0,0.0
Q101965,3,198.0,330.0,1.0,1.33,0.0,0.33,9.0,11.33,0,2,2,0,0,,,,0.0,66.67,66.67,0.0,0.0
Q101998,7,260.0,372.57,1.0,1.43,2.0,2.14,24.0,21.0,0,0,3,0,0,,,,0.0,0.0,42.86,0.0,0.0
Q102047,5,51.0,274.6,1.0,1.8,0.0,0.2,5.0,21.6,0,4,4,0,0,,,,0.0,80.0,80.0,0.0,0.0
Q102104752,1,447.0,447.0,2.0,2.0,7.0,7.0,14.0,14.0,0,0,0,0,0,,,,0.0,0.0,0.0,0.0,0.0
Q1021645,6,350.5,310.17,0.5,1.33,0.0,0.5,6.5,8.0,3,4,2,0,0,,,,50.0,66.67,33.33,0.0,0.0
Q1021711,36,282.5,282.33,0.0,0.28,0.0,0.19,6.0,6.0,28,29,2,1,0,,,,77.78,80.56,5.56,2.78,0.0
Q102202066,1,248.0,248.0,1.0,1.0,1.0,1.0,5.0,5.0,0,0,1,0,0,,,,0.0,0.0,100.0,0.0,0.0
Q102335849,2,65.5,65.5,0.0,0.0,0.0,0.0,21.0,21.0,2,2,2,2,2,,,,100.0,100.0,100.0,100.0,100.0
Q102336293,2,1656.5,1656.5,13.0,13.0,1.0,1.0,27.0,27.0,0,0,0,0,0,,,,0.0,0.0,0.0,0.0,0.0
Q102345381,1,587.0,587.0,22.0,22.0,2.0,2.0,16.0,16.0,0,0,0,0,0,,,,0.0,0.0,0.0,0.0,0.0
Q102356,1,183.0,183.0,1.0,1.0,1.0,1.0,16.0,16.0,0,0,1,0,0,,,,0.0,0.0,100.0,0.0,0.0
Q1024817,1,239.0,239.0,1.0,1.0,0.0,0.0,11.0,11.0,0,1,1,0,0,,,,0.0,100.0,100.0,0.0,0.0
Q1025961,1,564.0,564.0,5.0,5.0,1.0,1.0,40.0,40.0,0,0,0,0,0,,,,0.0,0.0,0.0,0.0,0.0
Q10260870,2,320.0,320.0,1.5,1.5,1.0,1.0,28.0,28.0,0,0,1,0,0,,,,0.0,0.0,50.0,0.0,0.0
Q102626,1,101.0,101.0,1.0,1.0,0.0,0.0,6.0,6.0,0,1,1,0,0,,,,0.0,100.0,100.0,0.0,0.0
Q10265536,1,215.0,215.0,0.0,0.0,0.0,0.0,6.0,6.0,1,1,1,1,1,,,,100.0,100.0,100.0,100.0,100.0
Q10270157,2,332.5,332.5,0.0,0.0,2.0,2.0,15.0,15.0,2,0,0,0,0,,,,100.0,0.0,0.0,0.0,0.0
Q10273457,1,179.0,179.0,2.0,2.0,1.0,1.0,8.0,8.0,0,0,1,0,0,,,,0.0,0.0,100.0,0.0,0.0
Q10277595,5,273.0,273.0,0.0,0.0,0.0,0.2,7.0,7.0,5,4,0,0,0,,,,100.0,80.0,0.0,0.0,0.0
Q102786,4,180.0,584.25,1.0,11.0,0.5,1.25,4.0,21.5,1,2,2,0,0,,,,25.0,50.0,50.0,0.0,0.0
Q10282327,1,41.0,41.0,1.0,1.0,0.0,0.0,4.0,4.0,0,1,1,0,0,,,,0.0,100.0,100.0,0.0,0.0
Q1029123,1,291.0,291.0,0.0,0.0,0.0,0.0,8.0,8.0,1,1,0,0,0,,,,100.0,100.0,0.0,0.0,0.0
Q10294,1,73.0,73.0,1.0,1.0,3.0,3.0,7.0,7.0,0,0,1,0,0,,,,0.0,0.0,100.0,0.0,0.0
Q1029418,1,127.0,127.0,2.0,2.0,0.0,0.0,16.0,16.0,0,1,1,0,0,children's magazine,children's magazine,детский журнал,0.0,100.0,100.0,0.0,0.0
Q10300916,1,1340.0,1340.0,3.0,3.0,1.0,1.0,3.0,3.0,0,0,0,0,0,,,,0.0,0.0,0.0,0.0,0.0
Q1030403,1,56.0,56.0,0.0,0.0,0.0,0.0,1.0,1.0,1,1,1,1,1,,,,100.0,100.0,100.0,100.0,100.0
Q103112098,1,296.0,296.0,0.0,0.0,0.0,0.0,0.0,0.0,1,1,0,0,0,,,,100.0,100.0,0.0,0.0,0.0
Q10313934,1,272.0,272.0,1.0,1.0,0.0,0.0,3.0,3.0,0,1,0,0,0,intermittent lake,intermittent lake,сезонное озеро,0.0,100.0,0.0,0.0,0.0
Q1032150,1,187.0,187.0,0.0,0.0,0.0,0.0,6.0,6.0,1,1,1,1,1,,,,100.0,100.0,100.0,100.0,100.0
Q103229495,46,335.0,511.04,0.0,1.11,0.0,0.41,9.5,24.85,33,41,11,9,8,,,,71.74,89.13,23.91,19.57,17.39
Q1033074,1,2682.0,2682.0,3.0,3.0,0.0,0.0,25.0,25.0,0,1,0,0,0,,,,0.0,100.0,0.0,0.0,0.0
Q10338607,3,456.0,499.0,0.0,0.33,0.0,0.0,73.0,48.67,2,3,0,0,0,,,,66.67,100.0,0.0,0.0,0.0
Q103495,3,2263.0,2071.33,7.0,6.33,41.0,34.0,140.0,120.33,1,0,0,0,0,,,,33.33,0.0,0.0,0.0,0.0
Q1035294,1,720.0,720.0,0.0,0.0,4.0,4.0,0.0,0.0,1,0,0,0,0,,,,100.0,0.0,0.0,0.0,0.0
Q103537,1,39.0,39.0,1.0,1.0,0.0,0.0,3.0,3.0,0,1,1,0,0,,,,0.0,100.0,100.0,0.0,0.0
Q10354598,21,268.0,313.62,2.0,2.48,0.0,0.0,7.0,8.62,0,21,0,0,0,,,,0.0,100.0,0.0,0.0,0.0
Q103632,49,236.0,321.88,0.0,0.55,0.0,0.02,7.0,10.04,40,48,27,24,24,,,,81.63,97.96,55.1,48.98,48.98
Q1036775,1,578.0,578.0,0.0,0.0,0.0,0.0,38.0,38.0,1,1,0,0,0,,,,100.0,100.0,0.0,0.0,0.0
Q1037166,1,196.0,196.0,0.0,0.0,0.0,0.0,7.0,7.0,1,1,1,1,1,,,,100.0,100.0,100.0,100.0,100.0
Q10376408,1,47.0,47.0,1.0,1.0,0.0,0.0,6.0,6.0,0,1,1,0,0,,,,0.0,100.0,100.0,0.0,0.0
Q103810966,2,202.5,202.5,0.5,0.5,0.5,0.5,5.0,5.0,1,1,1,0,0,,,,50.0,50.0,50.0,0.0,0.0
Q103812529,46,195.5,409.76,1.0,1.72,1.0,1.09,8.5,13.63,2,8,25,2,1,,,,4.35,17.39,54.35,4.35,2.17
Q103813668,1,58.0,58.0,1.0,1.0,1.0,1.0,6.0,6.0,0,0,1,0,0,,,,0.0,0.0,100.0,0.0,0.0
Q103817,35,55.0,196.69,1.0,1.57,0.0,0.43,2.0,4.66,17,29,29,17,17,,,,48.57,82.86,82.86,48.57,48.57
Q10383930,2,514.5,514.5,6.0,6.0,1.5,1.5,15.0,15.0,0,0,0,0,0,,,,0.0,0.0,0.0,0.0,0.0
Q103843025,9,163.0,468.0,1.0,1.67,0.0,0.67,6.0,14.56,0,5,5,0,0,,,,0.0,55.56,55.56,0.0,0.0
Q103843042,5,322.0,342.2,1.0,2.0,1.0,1.0,11.0,11.2,0,1,1,0,0,,,,0.0,20.0,20.0,0.0,0.0
Q103843052,1,230.0,230.0,1.0,1.0,1.0,1.0,6.0,6.0,0,0,1,0,0,,,,0.0,0.0,100.0,0.0,0.0
Q103843146,2,107.5,107.5,1.0,1.0,1.5,1.5,3.0,3.0,0,0,2,0,0,,,,0.0,0.0,100.0,0.0,0.0
Q10387680,1,493.0,493.0,9.0,9.0,1.0,1.0,8.0,8.0,0,0,0,0,0,,,,0.0,0.0,0.0,0.0,0.0
Q10387689,3,80.0,74.33,0.0,0.33,0.0,0.0,3.0,3.33,2,3,3,2,2,,,,66.67,100.0,100.0,66.67,66.67
Q103903440,2,311.5,311.5,2.0,2.0,2.0,2.0,10.0,10.0,0,0,1,0,0,,,,0.0,0.0,50.0,0.0,0.0
Q103907369,4,338.0,1091.25,1.5,1.5,1.0,1.5,18.5,24.5,0,2,2,0,0,,,,0.0,50.0,50.0,0.0,0.0
Q103914748,12,333.0,651.0,2.0,3.08,1.0,1.17,15.0,22.5,1,4,4,1,1,,,,8.33,33.33,33.33,8.33,8.33
Q103915493,1,464.0,464.0,1.0,1.0,0.0,0.0,6.0,6.0,0,1,0,0,0,,,,0.0,100.0,0.0,0.0,0.0
Q1039303,8,113.5,282.0,1.0,1.12,1.0,0.88,8.0,8.88,0,2,6,0,0,,,,0.0,25.0,75.0,0.0,0.0
Q103982390,1,67.0,67.0,1.0,1.0,1.0,1.0,3.0,3.0,0,0,1,0,0,,,,0.0,0.0,100.0,0.0,0.0
Q103998385,1,96.0,96.0,1.0,1.0,1.0,1.0,3.0,3.0,0,0,1,0,0,,,,0.0,0.0,100.0,0.0,0.0
Q104007623,1,28.0,28.0,0.0,0.0,1.0,1.0,4.0,4.0,1,0,1,1,0,,,,100.0,0.0,100.0,100.0,0.0
Q104018785,1,44.0,44.0,1.0,1.0,2.0,2.0,2.0,2.0,0,0,1,0,0,,,,0.0,0.0,100.0,0.0,0.0
Q104025222,2,514.5,514.5,1.0,1.0,6.5,6.5,49.5,49.5,0,1,1,0,0,,,,0.0,50.0,50.0,0.0,0.0
Q104027169,7,828.0,860.14,2.0,2.29,2.0,2.29,33.0,33.71,1,1,0,0,0,,,,14.29,14.29,0.0,0.0,0.0
Q104027338,1,89.0,89.0,1.0,1.0,2.0,2.0,5.0,5.0,0,0,1,0,0,,,,0.0,0.0,100.0,0.0,0.0
Q1040689,21,170.0,259.86,1.0,1.05,0.0,0.33,15.0,17.81,3,15,16,3,3,,,,14.29,71.43,76.19,14.29,14.29
Q104083,1,247.0,247.0,1.0,1.0,0.0,0.0,5.0,5.0,0,1,1,0,0,,,,0.0,100.0,100.0,0.0,0.0
Q104086571,9,685.0,1089.89,1.0,1.89,1.0,2.33,39.0,63.33,2,3,2,1,0,,,,22.22,33.33,22.22,11.11,0.0
Q104098715,2,123.5,123.5,0.5,0.5,0.5,0.5,5.0,5.0,1,1,2,1,0,,,,50.0,50.0,100.0,50.0,0.0
Q104117291,2,365.5,365.5,0.5,0.5,1.0,1.0,11.5,11.5,1,1,0,0,0,,,,50.0,50.0,0.0,0.0,0.0
Q104193250,12,173.5,475.08,1.0,1.25,0.0,0.33,12.0,20.75,1,9,8,1,1,,,,8.33,75.0,66.67,8.33,8.33
Q104212151,7,601.0,559.43,1.0,2.14,0.0,0.43,24.0,23.57,3,5,2,1,1,,,,42.86,71.43,28.57,14.29,14.29
Q104213567,1,407.0,407.0,0.0,0.0,0.0,0.0,17.0,17.0,1,1,0,0,0,,,,100.0,100.0,0.0,0.0,0.0
Q104214643,1,2102.0,2102.0,9.0,9.0,4.0,4.0,70.0,70.0,0,0,0,0,0,,,,0.0,0.0,0.0,0.0,0.0
Q10428845,2,196.0,196.0,1.0,1.0,0.0,0.0,8.5,8.5,1,2,1,1,1,,,,50.0,100.0,50.0,50.0,50.0
Q10429667,18,374.5,615.5,0.5,7.61,1.0,3.22,18.0,29.39,9,8,8,5,3,,,,50.0,44.44,44.44,27.78,16.67
Q10431430,1,413.0,413.0,11.0,11.0,1.0,1.0,17.0,17.0,0,0,0,0,0,,,,0.0,0.0,0.0,0.0,0.0
Q1043452,1,57.0,57.0,1.0,1.0,1.0,1.0,0.0,0.0,0,0,1,0,0,,,,0.0,0.0,100.0,0.0,0.0
Q104370547,1,77.0,77.0,1.0,1.0,0.0,0.0,5.0,5.0,0,1,1,0,0,,,,0.0,100.0,100.0,0.0,0.0
Q104415895,2,136.0,136.0,2.0,2.0,0.5,0.5,14.5,14.5,0,1,2,0,0,,,,0.0,50.0,100.0,0.0,0.0
Q1044181,1,299.0,299.0,0.0,0.0,0.0,0.0,10.0,10.0,1,1,0,0,0,,,,100.0,100.0,0.0,0.0,0.0
Q1044361,1,97.0,97.0,1.0,1.0,1.0,1.0,0.0,0.0,0,0,1,0,0,,,,0.0,0.0,100.0,0.0,0.0
Q1044880,1,308.0,308.0,0.0,0.0,0.0,0.0,6.0,6.0,1,1,0,0,0,,,,100.0,100.0,0.0,0.0,0.0
Q104493,1,221.0,221.0,1.0,1.0,0.0,0.0,15.0,15.0,0,1,1,0,0,,,,0.0,100.0,100.0,0.0,0.0
Q10451997,1,1501.0,1501.0,8.0,8.0,10.0,10.0,36.0,36.0,0,0,0,0,0,,,,0.0,0.0,0.0,0.0,0.0
Q1045608,3,582.0,606.67,5.0,3.67,1.0,2.0,33.0,39.0,0,1,1,0,0,,,,0.0,33.33,33.33,0.0,0.0
Q1045782,1,530.0,530.0,0.0,0.0,1.0,1.0,19.0,19.0,1,0,0,0,0,,,,100.0,0.0,0.0,0.0,0.0
Q1046088,3,1882.0,1359.33,1.0,1.33,0.0,0.33,430.0,299.33,1,2,1,1,1,,,,33.33,66.67,33.33,33.33,33.33
Q104624828,2,135.5,135.5,2.5,2.5,0.5,0.5,7.0,7.0,0,1,2,0,0,,,,0.0,50.0,100.0,0.0,0.0
Q104630835,1,180.0,180.0,0.0,0.0,0.0,0.0,4.0,4.0,1,1,1,1,1,,,,100.0,100.0,100.0,100.0,100.0
Q104637332,1,42.0,42.0,1.0,1.0,0.0,0.0,3.0,3.0,0,1,1,0,0,,,,0.0,100.0,100.0,0.0,0.0
Q104637420,4,141.5,188.5,1.0,1.0,0.0,0.0,6.5,8.25,0,4,3,0,0,,,,0.0,100.0,75.0,0.0,0.0
Q104649845,3,276.0,327.0,1.0,1.0,0.0,0.0,12.0,14.33,1,3,1,0,0,,,,33.33,100.0,33.33,0.0,0.0
Q104692917,1,59.0,59.0,1.0,1.0,0.0,0.0,1.0,1.0,0,1,1,0,0,,,,0.0,100.0,100.0,0.0,0.0
Q104698,1,71.0,71.0,0.0,0.0,0.0,0.0,8.0,8.0,1,1,1,1,1,,,,100.0,100.0,100.0,100.0,100.0
Q1047050,9,363.0,332.78,2.0,3.44,0.0,0.22,12.0,12.0,0,7,4,0,0,,,,0.0,77.78,44.44,0.0,0.0
Q104708121,1,6110.0,6110.0,143.0,143.0,1.0,1.0,160.0,160.0,0,0,0,0,0,,,,0.0,0.0,0.0,0.0,0.0
Q1047113,190,228.5,512.33,1.0,2.13,0.0,0.71,9.0,17.08,20,111,104,12,10,,,,10.53,58.42,54.74,6.32,5.26
Q1047180,1,2108.0,2108.0,65.0,65.0,36.0,36.0,104.0,104.0,0,0,0,0,0,air defense force,Құрлықтағы әскердің әуе шабуылына қарсы қорғаныс әскерлері,Войска противовоздушной обороны,0.0,0.0,0.0,0.0,0.0
Q104758299,1,182.0,182.0,0.0,0.0,1.0,1.0,3.0,3.0,1,0,1,1,0,,,,100.0,0.0,100.0,100.0,0.0
Q1047683,4,102.0,105.5,0.5,0.5,0.5,0.5,4.5,4.0,2,2,4,2,2,,,,50.0,50.0,100.0,50.0,50.0
Q1047698,1,70.0,70.0,1.0,1.0,0.0,0.0,5.0,5.0,0,1,1,0,0,,,,0.0,100.0,100.0,0.0,0.0
Q104782082,2,390.5,390.5,0.0,0.0,2.5,2.5,13.5,13.5,2,0,0,0,0,,,,100.0,0.0,0.0,0.0,0.0
Q1047832,1,55.0,55.0,1.0,1.0,0.0,0.0,3.0,3.0,0,1,1,0,0,,,,0.0,100.0,100.0,0.0,0.0
Q1047879,1,63.0,63.0,1.0,1.0,1.0,1.0,6.0,6.0,0,0,1,0,0,Public Notary,нотариат,нотариат,0.0,0.0,100.0,0.0,0.0
Q104805859,1,81.0,81.0,1.0,1.0,0.0,0.0,6.0,6.0,0,1,1,0,0,,,,0.0,100.0,100.0,0.0,0.0
Q1048111,3,185.0,217.67,1.0,0.67,1.0,1.33,9.0,11.67,1,0,2,1,0,,,,33.33,0.0,66.67,33.33,0.0
Q1048163,3,149.0,263.67,0.0,0.33,0.0,0.0,4.0,5.33,2,3,2,1,1,,,,66.67,100.0,66.67,33.33,33.33
Q1048236,1,42.0,42.0,1.0,1.0,1.0,1.0,0.0,0.0,0,0,1,0,0,,,,0.0,0.0,100.0,0.0,0.0
Q104840802,2,938.0,938.0,5.5,5.5,0.0,0.0,30.5,30.5,0,2,0,0,0,,,,0.0,100.0,0.0,0.0,0.0
Q1048447,3,288.0,405.0,0.0,0.0,1.0,0.67,17.0,15.0,3,1,1,1,1,,,,100.0,33.33,33.33,33.33,33.33
Q104869738,1,525.0,525.0,1.0,1.0,0.0,0.0,49.0,49.0,0,1,0,0,0,,,,0.0,100.0,0.0,0.0,0.0
Q1048835,12,477.5,612.42,1.0,2.17,0.0,1.0,23.5,24.92,4,8,0,0,0,,,,33.33,66.67,0.0,0.0,0.0
Q10492745,1,64.0,64.0,0.0,0.0,1.0,1.0,7.0,7.0,1,0,1,1,0,,,,100.0,0.0,100.0,100.0,0.0
Q104934,4,187.5,173.5,0.5,0.75,0.0,0.25,6.0,7.75,2,3,4,2,2,,,,50.0,75.0,100.0,50.0,50.0
Q1049394,1,1179.0,1179.0,1.0,1.0,2.0,2.0,16.0,16.0,0,0,0,0,0,,,,0.0,0.0,0.0,0.0,0.0
Q1049494,3,186.0,187.33,1.0,1.67,2.0,2.67,1.0,0.67,0,0,2,0,0,,,,0.0,0.0,66.67,0.0,0.0
Q1049757,28,308.5,319.0,0.0,1.07,1.0,0.61,11.0,12.64,16,13,11,7,3,,,,57.14,46.43,39.29,25.0,10.71
Q10498305,1,64.0,64.0,0.0,0.0,1.0,1.0,7.0,7.0,1,0,1,1,0,,,,100.0,0.0,100.0,100.0,0.0
Q1050260,1,210.0,210.0,1.0,1.0,1.0,1.0,2.0,2.0,0,0,1,0,0,,,,0.0,0.0,100.0,0.0,0.0
Q105047633,1,439.0,439.0,1.0,1.0,0.0,0.0,16.0,16.0,0,1,0,0,0,,,,0.0,100.0,0.0,0.0,0.0
Q1050494,1,80.0,80.0,1.0,1.0,0.0,0.0,7.0,7.0,0,1,1,0,0,,,,0.0,100.0,100.0,0.0,0.0
Q105074756,1,556.0,556.0,3.0,3.0,1.0,1.0,7.0,7.0,0,0,0,0,0,,,,0.0,0.0,0.0,0.0,0.0
Q105096490,5,56.0,84.0,1.0,1.0,1.0,0.6,2.0,3.4,1,2,5,1,0,,,,20.0,40.0,100.0,20.0,0.0
Q1051282,1,524.0,524.0,3.0,3.0,1.0,1.0,37.0,37.0,0,0,0,0,0,,,,0.0,0.0,0.0,0.0,0.0
Q10514020,3,58.0,349.0,1.0,1.0,0.0,0.33,4.0,32.67,0,2,2,0,0,,,,0.0,66.67,66.67,0.0,0.0
Q1051606,1,1340.0,1340.0,3.0,3.0,1.0,1.0,3.0,3.0,0,0,0,0,0,,,,0.0,0.0,0.0,0.0,0.0
Q1051623,1,76.0,76.0,1.0,1.0,0.0,0.0,1.0,1.0,0,1,1,0,0,,,,0.0,100.0,100.0,0.0,0.0
Q10517054,6,160.5,254.5,0.0,1.33,0.0,1.5,2.5,5.0,4,4,4,3,2,handball team,handball team,гандбольная команда,66.67,66.67,66.67,50.0,33.33
Q105210,2,317.5,317.5,1.0,1.0,0.0,0.0,4.0,4.0,0,2,1,0,0,,,,0.0,100.0,50.0,0.0,0.0
Q1052595,1,38.0,38.0,0.0,0.0,0.0,0.0,1.0,1.0,1,1,1,1,1,,,,100.0,100.0,100.0,100.0,100.0
Q1052804,3,225.0,198.67,0.0,0.67,1.0,1.0,5.0,5.0,2,1,3,2,1,,,,66.67,33.33,100.0,66.67,33.33
Q10528974,2,432.0,432.0,2.0,2.0,1.0,1.0,22.5,22.5,0,0,1,0,0,,,,0.0,0.0,50.0,0.0,0.0
Q1052919,1,189.0,189.0,0.0,0.0,1.0,1.0,2.0,2.0,1,0,1,1,0,,,,100.0,0.0,100.0,100.0,0.0
Q1053113,1,132.0,132.0,1.0,1.0,2.0,2.0,0.0,0.0,0,0,1,0,0,,,,0.0,0.0,100.0,0.0,0.0
Q1053916,2,1393.0,1393.0,2.0,2.0,2.5,2.5,24.0,24.0,0,0,1,0,0,,,,0.0,0.0,50.0,0.0,0.0
Q10541491,24,171.5,318.58,1.5,1.79,0.0,1.17,10.0,15.42,3,20,15,2,1,legal form,legal form,правовая форма,12.5,83.33,62.5,8.33,4.17
Q1054411,1,295.0,295.0,3.0,3.0,1.0,1.0,12.0,12.0,0,0,0,0,0,,,,0.0,0.0,0.0,0.0,0.0
Q10545864,4,101.5,116.75,0.5,0.5,0.0,0.25,4.5,5.0,2,3,4,2,2,,,,50.0,75.0,100.0,50.0,50.0
Q10547643,1,96.0,96.0,0.0,0.0,1.0,1.0,9.0,9.0,1,0,1,1,0,,,,100.0,0.0,100.0,100.0,0.0
Q105485678,1,382.0,382.0,0.0,0.0,1.0,1.0,1.0,1.0,1,0,0,0,0,,,,100.0,0.0,0.0,0.0,0.0
Q10549775,2,475.0,475.0,1.0,1.0,0.0,0.0,45.0,45.0,0,2,0,0,0,,,,0.0,100.0,0.0,0.0,0.0
Q10549978,1,194.0,194.0,0.0,0.0,1.0,1.0,8.0,8.0,1,0,1,1,0,,,,100.0,0.0,100.0,100.0,0.0
Q1055028,1,674.0,674.0,2.0,2.0,3.0,3.0,37.0,37.0,0,0,0,0,0,,,,0.0,0.0,0.0,0.0,0.0
Q10551516,1,153.0,153.0,1.0,1.0,0.0,0.0,5.0,5.0,0,1,1,0,0,,,,0.0,100.0,100.0,0.0,0.0
Q10551526,2,2619.0,2619.0,5.5,5.5,4.5,4.5,67.5,67.5,0,0,0,0,0,,,,0.0,0.0,0.0,0.0,0.0
Q105530558,1,450.0,450.0,2.0,2.0,0.0,0.0,25.0,25.0,0,1,0,0,0,,,,0.0,100.0,0.0,0.0,0.0
Q105543609,115,257.0,374.37,1.0,3.85,0.0,0.21,8.0,13.07,38,95,56,21,19,musical work/composition,musical work/composition,музыкальное произведение/композиция,33.04,82.61,48.7,18.26,16.52
Q1055465,4,88.5,88.25,1.0,1.0,0.5,0.5,5.5,6.0,1,2,4,1,1,,,,25.0,50.0,100.0,25.0,25.0
Q105557478,2,103.0,103.0,2.5,2.5,0.0,0.0,0.0,0.0,0,2,2,0,0,,,,0.0,100.0,100.0,0.0,0.0
Q105558035,1,154.0,154.0,4.0,4.0,0.0,0.0,0.0,0.0,0,1,1,0,0,,,,0.0,100.0,100.0,0.0,0.0
Q1055701,3,374.0,363.0,0.0,2.67,1.0,1.0,39.0,39.33,2,1,0,0,0,,,,66.67,33.33,0.0,0.0,0.0
Q105575964,1,261.0,261.0,1.0,1.0,0.0,0.0,2.0,2.0,0,1,0,0,0,,,,0.0,100.0,0.0,0.0,0.0
Q105581962,1,221.0,221.0,2.0,2.0,0.0,0.0,5.0,5.0,0,1,1,0,0,,,,0.0,100.0,100.0,0.0,0.0
Q1055909,1,66.0,66.0,0.0,0.0,0.0,0.0,15.0,15.0,1,1,1,1,1,,,,100.0,100.0,100.0,100.0,100.0
Q105592411,1,122.0,122.0,2.0,2.0,0.0,0.0,4.0,4.0,0,1,1,0,0,,,,0.0,100.0,100.0,0.0,0.0
Q105615608,1,422.0,422.0,7.0,7.0,0.0,0.0,17.0,17.0,0,1,0,0,0,,,,0.0,100.0,0.0,0.0,0.0
Q10566551,1,74.0,74.0,1.0,1.0,2.0,2.0,0.0,0.0,0,0,1,0,0,,,,0.0,0.0,100.0,0.0,0.0
Q1057026,1,359.0,359.0,4.0,4.0,0.0,0.0,30.0,30.0,0,1,0,0,0,cargo airline,cargo airline,грузовая авиакомпания,0.0,100.0,0.0,0.0,0.0
Q1057214,1,1505.0,1505.0,16.0,16.0,0.0,0.0,36.0,36.0,0,1,0,0,0,,,,0.0,100.0,0.0,0.0,0.0
Q105723968,1,956.0,956.0,8.0,8.0,1.0,1.0,5.0,5.0,0,0,0,0,0,,,,0.0,0.0,0.0,0.0,0.0
Q105742469,1,252.0,252.0,0.0,0.0,1.0,1.0,1.0,1.0,1,0,0,0,0,,,,100.0,0.0,0.0,0.0,0.0
Q105742483,1,359.0,359.0,4.0,4.0,1.0,1.0,6.0,6.0,0,0,0,0,0,,,,0.0,0.0,0.0,0.0,0.0
Q105742499,2,1141.5,1141.5,3.5,3.5,1.5,1.5,32.5,32.5,1,1,0,0,0,,,,50.0,50.0,0.0,0.0,0.0
Q1057504,1,387.0,387.0,0.0,0.0,0.0,0.0,5.0,5.0,1,1,0,0,0,,,,100.0,100.0,0.0,0.0,0.0
Q105756498,8,149.5,153.88,1.0,1.25,1.0,0.88,8.5,14.12,0,3,7,0,0,,,,0.0,37.5,87.5,0.0,0.0
Q105758208,1,210.0,210.0,1.0,1.0,0.0,0.0,7.0,7.0,0,1,1,0,0,power plant complex,power plant complex,power plant complex,0.0,100.0,100.0,0.0,0.0
Q105758271,5,476.0,424.2,0.0,0.4,1.0,1.2,14.0,25.2,3,2,2,1,0,multilateral development bank,multilateral development bank,многосторонний банк развития,60.0,40.0,40.0,20.0,0.0
Q105760881,10,59.0,74.5,1.0,0.9,0.0,0.2,5.0,6.7,1,8,10,1,1,,,,10.0,80.0,100.0,10.0,10.0
Q105766481,1,191.0,191.0,5.0,5.0,0.0,0.0,5.0,5.0,0,1,1,0,0,,,,0.0,100.0,100.0,0.0,0.0
Q105810973,1,676.0,676.0,1.0,1.0,0.0,0.0,82.0,82.0,0,1,0,0,0,,,,0.0,100.0,0.0,0.0,0.0
Q105839698,1,253.0,253.0,1.0,1.0,1.0,1.0,12.0,12.0,0,0,0,0,0,,,,0.0,0.0,0.0,0.0,0.0
Q1058681,2,238.5,238.5,0.5,0.5,0.0,0.0,4.5,4.5,1,2,1,0,0,,,,50.0,100.0,50.0,0.0,0.0
Q1058795,3,151.0,159.67,1.0,1.67,1.0,1.0,12.0,8.67,0,1,2,0,0,,,,0.0,33.33,66.67,0.0,0.0
Q1058914,13,269.0,484.54,3.0,4.31,1.0,1.31,17.0,33.08,3,6,5,1,0,,,,23.08,46.15,38.46,7.69,0.0
Q105897950,3,762.0,937.33,3.0,2.33,1.0,1.67,25.0,66.67,1,0,0,0,0,agriculture by country or territory,agriculture by country or territory,сельское хозяйство на территории,33.33,0.0,0.0,0.0,0.0
Q10590726,1,410.0,410.0,6.0,6.0,0.0,0.0,2.0,2.0,0,1,0,0,0,,,,0.0,100.0,0.0,0.0,0.0
Q1059478,1,164.0,164.0,1.0,1.0,1.0,1.0,4.0,4.0,0,0,1,0,0,,,,0.0,0.0,100.0,0.0,0.0
Q1059564,1,246.0,246.0,0.0,0.0,0.0,0.0,14.0,14.0,1,1,1,1,1,,,,100.0,100.0,100.0,100.0,100.0
Q105957588,1,312.0,312.0,0.0,0.0,0.0,0.0,17.0,17.0,1,1,0,0,0,,,,100.0,100.0,0.0,0.0,0.0
Q105967696,3,303.0,252.0,1.0,2.67,0.0,0.33,6.0,21.67,1,2,1,0,0,,,,33.33,66.67,33.33,0.0,0.0
Q1059843,1,77.0,77.0,2.0,2.0,0.0,0.0,7.0,7.0,0,1,1,0,0,,,,0.0,100.0,100.0,0.0,0.0
Q1059863,2,100.0,100.0,1.0,1.0,0.0,0.0,6.0,6.0,0,2,2,0,0,,,,0.0,100.0,100.0,0.0,0.0
Q105989562,2,1897.0,1897.0,15.0,15.0,1.0,1.0,33.0,33.0,0,1,0,0,0,,,,0.0,50.0,0.0,0.0,0.0
Q1060062,2,1517.5,1517.5,43.5,43.5,2.5,2.5,37.5,37.5,0,1,0,0,0,,,,0.0,50.0,0.0,0.0,0.0
Q1060201,1,76.0,76.0,0.0,0.0,0.0,0.0,0.0,0.0,1,1,1,1,1,,,,100.0,100.0,100.0,100.0,100.0
Q106043376,3,145.0,180.0,2.0,1.33,0.0,0.33,9.0,11.67,1,2,2,1,1,,,,33.33,66.67,66.67,33.33,33.33
Q1060455,1,240.0,240.0,1.0,1.0,1.0,1.0,7.0,7.0,0,0,1,0,0,,,,0.0,0.0,100.0,0.0,0.0
Q106071744,1,294.0,294.0,0.0,0.0,0.0,0.0,6.0,6.0,1,1,0,0,0,,,,100.0,100.0,0.0,0.0,0.0
Q1060829,10,507.0,541.0,2.5,3.2,0.0,0.6,10.0,13.2,2,8,2,0,0,,,,20.0,80.0,20.0,0.0,0.0
Q1061151,8,194.5,245.12,1.0,0.75,1.5,2.0,8.0,11.38,3,1,5,3,0,massif,Тау тізбегі,горный массив,37.5,12.5,62.5,37.5,0.0
Q1061197,3,162.0,203.67,1.0,1.0,0.0,0.0,6.0,8.0,0,3,2,0,0,,,,0.0,100.0,66.67,0.0,0.0
Q1061648,1,2342.0,2342.0,17.0,17.0,10.0,10.0,113.0,113.0,0,0,0,0,0,sovereign wealth fund,sovereign wealth fund,суверенный фонд,0.0,0.0,0.0,0.0,0.0
Q10617810,1,55.0,55.0,0.0,0.0,0.0,0.0,5.0,5.0,1,1,1,1,1,,,,100.0,100.0,100.0,100.0,100.0
Q106192073,2,612.0,612.0,4.5,4.5,1.0,1.0,14.0,14.0,0,0,0,0,0,,,,0.0,0.0,0.0,0.0,0.0
Q1062177,2,391.5,391.5,0.5,0.5,1.0,1.0,25.5,25.5,1,1,1,1,1,,,,50.0,50.0,50.0,50.0,50.0
Q106223176,1,184.0,184.0,4.0,4.0,0.0,0.0,16.0,16.0,0,1,1,0,0,,,,0.0,100.0,100.0,0.0,0.0
Q10624527,1,272.0,272.0,1.0,1.0,0.0,0.0,10.0,10.0,0,1,0,0,0,,,,0.0,100.0,0.0,0.0,0.0
Q106259,6,301.5,304.17,1.0,1.0,0.0,0.17,6.0,6.0,0,5,0,0,0,,,,0.0,83.33,0.0,0.0,0.0
Q1063,2,185.5,185.5,0.0,0.0,0.5,0.5,4.5,4.5,2,1,2,2,1,,,,100.0,50.0,100.0,100.0,50.0
Q10631691,1,204.0,204.0,1.0,1.0,1.0,1.0,0.0,0.0,0,0,1,0,0,,,,0.0,0.0,100.0,0.0,0.0
Q1063239,1,1462.0,1462.0,8.0,8.0,5.0,5.0,28.0,28.0,0,0,0,0,0,,,,0.0,0.0,0.0,0.0,0.0
Q1063457,1,55.0,55.0,1.0,1.0,0.0,0.0,4.0,4.0,0,1,1,0,0,,,,0.0,100.0,100.0,0.0,0.0
Q1063547,5,96.0,106.2,1.0,1.0,0.0,0.4,9.0,10.4,1,3,5,1,1,,,,20.0,60.0,100.0,20.0,20.0
Q106389302,23,392.0,976.43,2.0,8.78,1.0,1.87,9.0,33.48,5,11,7,4,3,,,,21.74,47.83,30.43,17.39,13.04
Q1064041,2,197.0,197.0,0.5,0.5,1.0,1.0,15.0,15.0,1,1,1,0,0,,,,50.0,50.0,50.0,0.0,0.0
Q106411346,4,147.0,251.25,0.5,0.5,0.5,0.5,10.0,13.0,2,2,3,1,1,,,,50.0,50.0,75.0,25.0,25.0
Q106429691,1,315.0,315.0,1.0,1.0,2.0,2.0,9.0,9.0,0,0,0,0,0,,,,0.0,0.0,0.0,0.0,0.0
Q106466398,1,399.0,399.0,9.0,9.0,0.0,0.0,17.0,17.0,0,1,0,0,0,,,,0.0,100.0,0.0,0.0,0.0
Q106466728,1,79.0,79.0,1.0,1.0,0.0,0.0,0.0,0.0,0,1,1,0,0,,,,0.0,100.0,100.0,0.0,0.0
Q106466760,3,156.0,206.67,1.0,1.33,0.0,0.0,7.0,10.0,0,3,2,0,0,,,,0.0,100.0,66.67,0.0,0.0
Q10648343,2,190.5,190.5,0.5,0.5,0.0,0.0,8.5,8.5,1,2,2,1,1,,,,50.0,100.0,100.0,50.0,50.0
Q1064905,1,532.0,532.0,1.0,1.0,4.0,4.0,44.0,44.0,0,0,0,0,0,,,,0.0,0.0,0.0,0.0,0.0
Q106491339,1,1231.0,1231.0,9.0,9.0,7.0,7.0,29.0,29.0,0,0,0,0,0,,,,0.0,0.0,0.0,0.0,0.0
Q10651067,1,3143.0,3143.0,5.0,5.0,4.0,4.0,236.0,236.0,0,0,0,0,0,,,,0.0,0.0,0.0,0.0,0.0
Q106512122,1,566.0,566.0,5.0,5.0,6.0,6.0,13.0,13.0,0,0,0,0,0,,,,0.0,0.0,0.0,0.0,0.0
Q106517174,82,290.0,300.13,0.0,0.06,0.0,0.09,36.0,42.54,77,75,28,28,28,,,,93.9,91.46,34.15,34.15,34.15
Q106537557,4,786.5,727.75,1.0,1.5,3.0,4.5,49.5,58.25,1,0,1,1,0,,,,25.0,0.0,25.0,25.0,0.0
Q106548003,1,104.0,104.0,1.0,1.0,0.0,0.0,5.0,5.0,0,1,1,0,0,,,,0.0,100.0,100.0,0.0,0.0
Q10655129,1,26.0,26.0,1.0,1.0,1.0,1.0,1.0,1.0,0,0,1,0,0,,,,0.0,0.0,100.0,0.0,0.0
Q1065579,2,139.5,139.5,1.5,1.5,0.5,0.5,5.0,5.0,0,1,2,0,0,,,,0.0,50.0,100.0,0.0,0.0
Q1065592,1,127.0,127.0,0.0,0.0,0.0,0.0,1.0,1.0,1,1,1,1,1,,,,100.0,100.0,100.0,100.0,100.0
Q106573263,1,4052.0,4052.0,54.0,54.0,5.0,5.0,168.0,168.0,0,0,0,0,0,,,,0.0,0.0,0.0,0.0,0.0
Q106589819,1,41.0,41.0,1.0,1.0,0.0,0.0,2.0,2.0,0,1,1,0,0,,,,0.0,100.0,100.0,0.0,0.0
Q106592862,2,2276.0,2276.0,1.5,1.5,0.5,0.5,123.0,123.0,0,1,0,0,0,,,,0.0,50.0,0.0,0.0,0.0
Q106594041,1,122.0,122.0,0.0,0.0,0.0,0.0,31.0,31.0,1,1,1,1,1,,,,100.0,100.0,100.0,100.0,100.0
Q106643740,3,273.0,1741.33,3.0,24.67,4.0,4.33,8.0,83.0,0,1,1,0,0,,,,0.0,33.33,33.33,0.0,0.0
Q106650967,1,82.0,82.0,1.0,1.0,0.0,0.0,7.0,7.0,0,1,1,0,0,,,,0.0,100.0,100.0,0.0,0.0
Q106651372,1,106.0,106.0,1.0,1.0,0.0,0.0,5.0,5.0,0,1,1,0,0,,,,0.0,100.0,100.0,0.0,0.0
Q106651430,1,107.0,107.0,1.0,1.0,0.0,0.0,3.0,3.0,0,1,1,0,0,,,,0.0,100.0,100.0,0.0,0.0
Q106652786,1,813.0,813.0,13.0,13.0,0.0,0.0,26.0,26.0,0,1,0,0,0,,,,0.0,100.0,0.0,0.0,0.0
Q1066538,3,378.0,438.33,1.0,0.67,1.0,0.67,15.0,10.33,1,1,0,0,0,,,,33.33,33.33,0.0,0.0,0.0
Q106658,43,303.0,316.0,0.0,0.0,0.0,0.0,48.0,51.93,43,43,8,8,8,,,,100.0,100.0,18.6,18.6,18.6
Q106664582,1,93.0,93.0,0.0,0.0,1.0,1.0,11.0,11.0,1,0,1,1,0,,,,100.0,0.0,100.0,100.0,0.0
Q106673346,1,1278.0,1278.0,41.0,41.0,0.0,0.0,20.0,20.0,0,1,0,0,0,,,,0.0,100.0,0.0,0.0,0.0
Q1066782,1,1386.0,1386.0,48.0,48.0,0.0,0.0,47.0,47.0,0,1,0,0,0,,,,0.0,100.0,0.0,0.0,0.0
Q1066984,12,544.0,796.5,2.0,4.0,1.5,2.08,23.5,31.5,2,3,1,0,0,,,,16.67,25.0,8.33,0.0,0.0
Q106719627,2,2458.5,2458.5,5.0,5.0,3.0,3.0,115.0,115.0,0,0,0,0,0,,,,0.0,0.0,0.0,0.0,0.0
Q106720965,9,113.0,366.44,1.0,1.44,0.0,0.78,8.0,13.22,0,6,7,0,0,,,,0.0,66.67,77.78,0.0,0.0
Q10673431,1,94.0,94.0,1.0,1.0,0.0,0.0,5.0,5.0,0,1,1,0,0,,,,0.0,100.0,100.0,0.0,0.0
Q106748215,1,38.0,38.0,1.0,1.0,1.0,1.0,6.0,6.0,0,0,1,0,0,,,,0.0,0.0,100.0,0.0,0.0
Q10675206,2,168.0,168.0,1.0,1.0,1.0,1.0,12.5,12.5,0,1,1,0,0,,,,0.0,50.0,50.0,0.0,0.0
Q106760956,2,453.5,453.5,1.0,1.0,1.0,1.0,21.5,21.5,0,0,0,0,0,,,,0.0,0.0,0.0,0.0,0.0
Q10683158,1,62.0,62.0,1.0,1.0,1.0,1.0,4.0,4.0,0,0,1,0,0,,,,0.0,0.0,100.0,0.0,0.0
Q106839123,1,133.0,133.0,0.0,0.0,1.0,1.0,10.0,10.0,1,0,1,1,0,,,,100.0,0.0,100.0,100.0,0.0
Q106839753,14,67.0,102.36,1.0,1.14,0.0,0.29,1.5,3.07,4,10,12,4,3,,,,28.57,71.43,85.71,28.57,21.43
Q106839917,2,206.0,206.0,1.0,1.0,0.5,0.5,10.0,10.0,1,1,1,1,1,,,,50.0,50.0,50.0,50.0,50.0
Q1068473,3,664.0,736.0,21.0,16.0,0.0,0.33,10.0,12.33,0,2,1,0,0,,,,0.0,66.67,33.33,0.0,0.0
Q1068623,1,161.0,161.0,1.0,1.0,2.0,2.0,5.0,5.0,0,0,1,0,0,,,,0.0,0.0,100.0,0.0,0.0
Q1068842,9,152.0,182.78,1.0,1.22,1.0,0.89,7.0,7.67,1,2,8,1,0,,,,11.11,22.22,88.89,11.11,0.0
Q10689397,10,210.0,272.8,1.0,3.1,0.0,0.1,9.0,22.5,1,9,6,0,0,,,,10.0,90.0,60.0,0.0,0.0
Q1069,5,137.0,160.0,1.0,1.0,0.0,0.2,6.0,9.6,1,4,4,1,0,,,,20.0,80.0,80.0,20.0,0.0
Q106905561,4,118.5,105.5,1.5,1.5,0.0,0.0,4.0,4.5,0,4,4,0,0,,,,0.0,100.0,100.0,0.0,0.0
Q1069725,1,44.0,44.0,1.0,1.0,0.0,0.0,4.0,4.0,0,1,1,0,0,,,,0.0,100.0,100.0,0.0,0.0
Q1069932,1,95.0,95.0,0.0,0.0,0.0,0.0,6.0,6.0,1,1,1,1,1,,,,100.0,100.0,100.0,100.0,100.0
Q107,1,1104.0,1104.0,1.0,1.0,3.0,3.0,41.0,41.0,0,0,0,0,0,,,,0.0,0.0,0.0,0.0,0.0
Q10701048,1,120.0,120.0,0.0,0.0,0.0,0.0,3.0,3.0,1,1,1,1,1,,,,100.0,100.0,100.0,100.0,100.0
Q1070421,1,123.0,123.0,1.0,1.0,0.0,0.0,2.0,2.0,0,1,1,0,0,,,,0.0,100.0,100.0,0.0,0.0
Q1070521,1,42.0,42.0,1.0,1.0,0.0,0.0,5.0,5.0,0,1,1,0,0,,,,0.0,100.0,100.0,0.0,0.0
Q10708051,1,233.0,233.0,0.0,0.0,0.0,0.0,13.0,13.0,1,1,1,1,1,,,,100.0,100.0,100.0,100.0,100.0
Q107085948,1,85.0,85.0,1.0,1.0,0.0,0.0,8.0,8.0,0,1,1,0,0,,,,0.0,100.0,100.0,0.0,0.0
Q1070990,10,337.0,564.0,1.0,1.1,0.0,1.1,9.5,15.0,4,6,2,0,0,,,,40.0,60.0,20.0,0.0,0.0
Q107099245,2,874.5,874.5,9.5,9.5,11.5,11.5,60.5,60.5,0,1,0,0,0,sport ministry,sport ministry,министерство спорта,0.0,50.0,0.0,0.0,0.0
Q10710183,1,133.0,133.0,1.0,1.0,0.0,0.0,3.0,3.0,0,1,1,0,0,,,,0.0,100.0,100.0,0.0,0.0
Q10711424,10,677.5,1143.7,1.0,1.6,0.0,0.3,39.5,50.4,3,7,0,0,0,,,,30.0,70.0,0.0,0.0,0.0
Q107120393,3,181.0,273.67,0.0,0.67,1.0,0.67,12.0,8.67,2,1,2,1,0,,,,66.67,33.33,66.67,33.33,0.0
Q107122793,1,302.0,302.0,1.0,1.0,1.0,1.0,7.0,7.0,0,0,0,0,0,,,,0.0,0.0,0.0,0.0,0.0
Q107124887,1,634.0,634.0,7.0,7.0,2.0,2.0,51.0,51.0,0,0,0,0,0,,,,0.0,0.0,0.0,0.0,0.0
Q107127303,1,499.0,499.0,1.0,1.0,0.0,0.0,53.0,53.0,0,1,0,0,0,,,,0.0,100.0,0.0,0.0,0.0
Q10713454,2,146.5,146.5,1.0,1.0,0.0,0.0,10.5,10.5,1,2,2,1,1,water source,water source,источник воды,50.0,100.0,100.0,50.0,50.0
Q1071447,1,233.0,233.0,7.0,7.0,2.0,2.0,10.0,10.0,0,0,1,0,0,,,,0.0,0.0,100.0,0.0,0.0
Q1071482,1,110.0,110.0,1.0,1.0,0.0,0.0,8.0,8.0,0,1,1,0,0,,,,0.0,100.0,100.0,0.0,0.0
Q107184001,1,46.0,46.0,1.0,1.0,1.0,1.0,2.0,2.0,0,0,1,0,0,,,,0.0,0.0,100.0,0.0,0.0
Q107194001,1,60.0,60.0,1.0,1.0,0.0,0.0,7.0,7.0,0,1,1,0,0,,,,0.0,100.0,100.0,0.0,0.0
Q107194349,1,256.0,256.0,0.0,0.0,1.0,1.0,5.0,5.0,1,0,0,0,0,,,,100.0,0.0,0.0,0.0,0.0
Q1072166,1,1021.0,1021.0,5.0,5.0,1.0,1.0,5.0,5.0,0,0,0,0,0,,,,0.0,0.0,0.0,0.0,0.0
Q107230986,1,103.0,103.0,1.0,1.0,0.0,0.0,4.0,4.0,0,1,1,0,0,,,,0.0,100.0,100.0,0.0,0.0
Q1072326,8,411.0,749.75,2.0,7.25,1.0,1.5,21.5,24.5,1,2,0,0,0,summit,Саммит,саммит,12.5,25.0,0.0,0.0,0.0
Q107244961,1,800.0,800.0,6.0,6.0,4.0,4.0,1.0,1.0,0,0,0,0,0,,,,0.0,0.0,0.0,0.0,0.0
Q107292093,1,161.0,161.0,1.0,1.0,1.0,1.0,5.0,5.0,0,0,1,0,0,,,,0.0,0.0,100.0,0.0,0.0
Q10729872,2,221.5,221.5,0.0,0.0,0.0,0.0,6.5,6.5,2,2,1,1,1,medical association,medical association,медицинская коллегия,100.0,100.0,50.0,50.0,50.0
Q10734,1,435.0,435.0,3.0,3.0,3.0,3.0,15.0,15.0,0,0,0,0,0,,,,0.0,0.0,0.0,0.0,0.0
Q1073535,2,314.5,314.5,0.5,0.5,1.0,1.0,8.0,8.0,1,0,0,0,0,,,,50.0,0.0,0.0,0.0,0.0
Q107356781,16,221.5,385.38,1.0,1.44,0.0,0.38,7.5,10.44,4,11,8,4,3,,,,25.0,68.75,50.0,25.0,18.75
Q107357104,36,162.5,329.33,1.0,2.39,1.0,0.89,8.0,14.47,11,14,21,7,2,type of dance,type of dance,тип танца,30.56,38.89,58.33,19.44,5.56
Q107359024,2,596.0,596.0,22.5,22.5,1.0,1.0,14.5,14.5,0,1,0,0,0,class of election,class of election,тип выборов,0.0,50.0,0.0,0.0,0.0
Q10737,1,290.0,290.0,3.0,3.0,2.0,2.0,14.0,14.0,0,0,0,0,0,,,,0.0,0.0,0.0,0.0,0.0
Q107390,10,270.0,623.7,0.0,1.3,0.0,17.0,4.0,25.3,7,7,2,1,1,,,,70.0,70.0,20.0,10.0,10.0
Q107394304,1,2067.0,2067.0,18.0,18.0,6.0,6.0,74.0,74.0,0,0,0,0,0,,,,0.0,0.0,0.0,0.0,0.0
Q1074,1,60.0,60.0,1.0,1.0,1.0,1.0,2.0,2.0,0,0,1,0,0,,,,0.0,0.0,100.0,0.0,0.0
Q1074076,1,80.0,80.0,1.0,1.0,1.0,1.0,9.0,9.0,0,0,1,0,0,,,,0.0,0.0,100.0,0.0,0.0
Q10742,15,359.0,725.4,1.0,1.0,1.0,2.0,15.0,37.93,7,5,0,0,0,,,,46.67,33.33,0.0,0.0,0.0
Q107425,4,97.0,549.0,1.0,1.0,0.5,0.75,10.0,32.0,0,2,3,0,0,,,,0.0,50.0,75.0,0.0,0.0
Q107441820,5,183.0,348.4,1.0,1.2,0.0,0.0,7.0,8.4,0,5,3,0,0,,,,0.0,100.0,60.0,0.0,0.0
Q107451867,1,291.0,291.0,0.0,0.0,0.0,0.0,1.0,1.0,1,1,0,0,0,,,,100.0,100.0,0.0,0.0,0.0
Q1074523,5,288.0,299.8,0.0,0.4,0.0,0.2,4.0,6.8,4,4,2,2,2,,,,80.0,80.0,40.0,40.0,40.0
Q107467117,4,205.5,197.0,1.0,1.25,0.0,0.5,10.0,12.0,0,3,3,0,0,,,,0.0,75.0,75.0,0.0,0.0
Q107471279,1,162.0,162.0,3.0,3.0,1.0,1.0,19.0,19.0,0,0,1,0,0,,,,0.0,0.0,100.0,0.0,0.0
Q107478770,5,103.0,103.8,1.0,1.2,0.0,0.0,3.0,3.8,0,5,5,0,0,,,,0.0,100.0,100.0,0.0,0.0
Q1074854,1,95.0,95.0,1.0,1.0,0.0,0.0,0.0,0.0,0,1,1,0,0,,,,0.0,100.0,100.0,0.0,0.0
Q107487333,28,143.5,155.29,1.0,1.32,0.0,0.25,8.5,10.11,2,21,24,2,2,,,,7.14,75.0,85.71,7.14,7.14
Q107494520,1,484.0,484.0,4.0,4.0,2.0,2.0,20.0,20.0,0,0,0,0,0,,,,0.0,0.0,0.0,0.0,0.0
Q1075,3,129.0,152.67,0.0,0.33,0.0,0.33,0.0,2.0,2,2,3,2,2,,,,66.67,66.67,100.0,66.67,66.67
Q1075106,2,462.5,462.5,2.0,2.0,1.5,1.5,17.5,17.5,1,1,1,1,1,,,,50.0,50.0,50.0,50.0,50.0
Q107539372,1,106.0,106.0,1.0,1.0,1.0,1.0,5.0,5.0,0,0,1,0,0,,,,0.0,0.0,100.0,0.0,0.0
Q1075404,1,1565.0,1565.0,6.0,6.0,3.0,3.0,26.0,26.0,0,0,0,0,0,,,,0.0,0.0,0.0,0.0,0.0
Q107540719,18,888.0,2028.17,0.0,9.5,0.0,3.56,119.0,243.17,13,14,0,0,0,,,,72.22,77.78,0.0,0.0,0.0
Q107551175,2,109.5,109.5,1.0,1.0,2.5,2.5,8.5,8.5,0,0,2,0,0,,,,0.0,0.0,100.0,0.0,0.0
Q107555073,1,173.0,173.0,1.0,1.0,5.0,5.0,0.0,0.0,0,0,1,0,0,,,,0.0,0.0,100.0,0.0,0.0
Q107565306,1,49.0,49.0,0.0,0.0,0.0,0.0,7.0,7.0,1,1,1,1,1,,,,100.0,100.0,100.0,100.0,100.0
Q107566885,4,267.5,267.75,0.0,0.0,1.0,1.0,3.0,3.0,4,0,0,0,0,,,,100.0,0.0,0.0,0.0,0.0
Q107617,1,164.0,164.0,1.0,1.0,1.0,1.0,9.0,9.0,0,0,1,0,0,,,,0.0,0.0,100.0,0.0,0.0
Q1076426,1,2429.0,2429.0,50.0,50.0,0.0,0.0,60.0,60.0,0,1,0,0,0,uxoricide,uxoricide,женоубийство,0.0,100.0,0.0,0.0,0.0
Q1076486,18,192.0,262.94,1.0,1.72,0.0,0.67,8.0,9.33,7,10,12,6,2,sports venue,спорт ғимараттары,спортивное сооружение,38.89,55.56,66.67,33.33,11.11
Q107655869,22,396.5,714.0,1.0,3.05,1.0,1.09,7.0,32.27,5,10,9,4,2,,,,22.73,45.45,40.91,18.18,9.09
Q1076579,1,52.0,52.0,1.0,1.0,0.0,0.0,2.0,2.0,0,1,1,0,0,,,,0.0,100.0,100.0,0.0,0.0
Q1076968,1,67.0,67.0,0.0,0.0,0.0,0.0,3.0,3.0,1,1,1,1,1,,,,100.0,100.0,100.0,100.0,100.0
Q107706,1,303.0,303.0,8.0,8.0,0.0,0.0,6.0,6.0,0,1,0,0,0,,,,0.0,100.0,0.0,0.0,0.0
Q1077064,1,365.0,365.0,1.0,1.0,0.0,0.0,8.0,8.0,0,1,0,0,0,,,,0.0,100.0,0.0,0.0,0.0
Q107715,6,155.0,230.5,1.0,1.67,0.0,0.17,5.5,8.33,0,5,4,0,0,,,,0.0,83.33,66.67,0.0,0.0
Q1077480,2,591.5,591.5,0.5,0.5,0.5,0.5,9.5,9.5,1,1,0,0,0,,,,50.0,50.0,0.0,0.0,0.0
Q1077784,1,2794.0,2794.0,0.0,0.0,0.0,0.0,44.0,44.0,1,1,0,0,0,,,,100.0,100.0,0.0,0.0,0.0
Q1078001,2,720.5,720.5,1.5,1.5,0.0,0.0,18.0,18.0,0,2,0,0,0,,,,0.0,100.0,0.0,0.0,0.0
Q1078597,1,126.0,126.0,0.0,0.0,1.0,1.0,7.0,7.0,1,0,1,1,0,,,,100.0,0.0,100.0,100.0,0.0
Q1078765,1,376.0,376.0,9.0,9.0,0.0,0.0,18.0,18.0,0,1,0,0,0,,,,0.0,100.0,0.0,0.0,0.0
Q1079023,33,376.0,533.27,0.0,0.36,0.0,0.24,34.0,55.39,28,27,7,7,7,championship,Чемпионат,чемпионат,84.85,81.82,21.21,21.21,21.21
Q1079196,2,224.0,224.0,0.5,0.5,0.0,0.0,2.0,2.0,1,2,1,0,0,,,,50.0,100.0,50.0,0.0,0.0
Q1079559,1,46.0,46.0,1.0,1.0,0.0,0.0,6.0,6.0,0,1,1,0,0,,,,0.0,100.0,100.0,0.0,0.0
Q107984415,1,91.0,91.0,2.0,2.0,0.0,0.0,1.0,1.0,0,1,1,0,0,,,,0.0,100.0,100.0,0.0,0.0
Q108028209,1,357.0,357.0,0.0,0.0,1.0,1.0,14.0,14.0,1,0,0,0,0,,,,100.0,0.0,0.0,0.0,0.0
Q108037652,3,133.0,201.33,0.0,0.33,1.0,0.67,14.0,12.33,2,1,2,2,1,,,,66.67,33.33,66.67,66.67,33.33
Q108060255,1,187.0,187.0,0.0,0.0,0.0,0.0,9.0,9.0,1,1,1,1,1,,,,100.0,100.0,100.0,100.0,100.0
Q108102018,1,2361.0,2361.0,0.0,0.0,0.0,0.0,1.0,1.0,1,1,0,0,0,,,,100.0,100.0,0.0,0.0,0.0
Q1081138,14,154.0,312.57,1.0,1.64,0.0,0.43,7.5,7.86,6,10,8,4,3,,,,42.86,71.43,57.14,28.57,21.43
Q108118070,2,588.5,588.5,0.0,0.0,0.0,0.0,68.5,68.5,2,2,0,0,0,,,,100.0,100.0,0.0,0.0,0.0
Q1081248,1,694.0,694.0,1.0,1.0,0.0,0.0,73.0,73.0,0,1,0,0,0,,,,0.0,100.0,0.0,0.0,0.0
Q108163,1,108.0,108.0,0.0,0.0,1.0,1.0,5.0,5.0,1,0,1,1,0,,,,100.0,0.0,100.0,100.0,0.0
Q108169568,1,227.0,227.0,1.0,1.0,0.0,0.0,3.0,3.0,0,1,1,0,0,,,,0.0,100.0,100.0,0.0,0.0
Q108178728,51,653.0,1041.76,2.0,5.82,0.0,1.98,16.0,36.49,9,27,1,1,1,,,,17.65,52.94,1.96,1.96,1.96
Q10822464,2,122.0,122.0,0.5,0.5,0.5,0.5,10.5,10.5,1,1,2,1,0,,,,50.0,50.0,100.0,50.0,0.0
Q108255949,1,443.0,443.0,8.0,8.0,0.0,0.0,16.0,16.0,0,1,0,0,0,,,,0.0,100.0,0.0,0.0,0.0
Q108256,4,216.5,288.75,1.0,1.5,0.0,0.25,11.5,13.5,0,3,2,0,0,,,,0.0,75.0,50.0,0.0,0.0
Q108273448,1,942.0,942.0,23.0,23.0,1.0,1.0,35.0,35.0,0,0,0,0,0,,,,0.0,0.0,0.0,0.0,0.0
Q108300140,14,175.0,261.43,1.0,1.0,1.0,1.0,8.5,9.79,6,4,9,5,2,,,,42.86,28.57,64.29,35.71,14.29
Q108306867,1,118.0,118.0,1.0,1.0,0.0,0.0,15.0,15.0,0,1,1,0,0,,,,0.0,100.0,100.0,0.0,0.0
Q108317211,4,114.0,161.5,1.0,0.75,0.0,0.0,2.5,6.5,1,4,3,1,1,,,,25.0,100.0,75.0,25.0,25.0
Q108320110,1,92.0,92.0,0.0,0.0,0.0,0.0,1.0,1.0,1,1,1,1,1,,,,100.0,100.0,100.0,100.0,100.0
Q108325,1,112.0,112.0,1.0,1.0,1.0,1.0,8.0,8.0,0,0,1,0,0,,,,0.0,0.0,100.0,0.0,0.0
Q10832530,1,866.0,866.0,1.0,1.0,0.0,0.0,36.0,36.0,0,1,0,0,0,,,,0.0,100.0,0.0,0.0,0.0
Q108329096,4,323.0,323.25,0.5,2.25,0.0,0.0,11.5,32.25,2,4,1,0,0,,,,50.0,100.0,25.0,0.0,0.0
Q10836209,1,267.0,267.0,1.0,1.0,0.0,0.0,11.0,11.0,0,1,0,0,0,,,,0.0,100.0,0.0,0.0,0.0
Q108368282,3,54.0,157.33,1.0,0.67,0.0,0.0,2.0,7.67,1,3,2,1,1,,,,33.33,100.0,66.67,33.33,33.33
Q108377574,4,221.0,228.25,2.0,2.25,0.0,0.0,11.5,11.25,0,4,3,0,0,,,,0.0,100.0,75.0,0.0,0.0
Q108382343,1,441.0,441.0,8.0,8.0,0.0,0.0,6.0,6.0,0,1,0,0,0,,,,0.0,100.0,0.0,0.0,0.0
Q1083901,1,187.0,187.0,2.0,2.0,1.0,1.0,15.0,15.0,0,0,1,0,0,,,,0.0,0.0,100.0,0.0,0.0
Q108395614,1,820.0,820.0,0.0,0.0,0.0,0.0,11.0,11.0,1,1,0,0,0,volleyball club,volleyball club,волейбольный клуб,100.0,100.0,0.0,0.0,0.0
Q108402786,1,173.0,173.0,1.0,1.0,0.0,0.0,2.0,2.0,0,1,1,0,0,,,,0.0,100.0,100.0,0.0,0.0
Q108403040,2,5824.0,5824.0,110.0,110.0,11.5,11.5,339.0,339.0,1,0,1,1,0,,,,50.0,0.0,50.0,50.0,0.0
Q10840672,1,148.0,148.0,0.0,0.0,1.0,1.0,15.0,15.0,1,0,1,1,0,,,,100.0,0.0,100.0,100.0,0.0
Q108415420,1,346.0,346.0,0.0,0.0,2.0,2.0,11.0,11.0,1,0,0,0,0,,,,100.0,0.0,0.0,0.0,0.0
Q10843872,17,78.0,112.82,1.0,1.12,0.0,0.35,6.0,6.47,1,12,15,0,0,,,,5.88,70.59,88.24,0.0,0.0
Q108465955,8,331.5,325.5,1.0,3.5,0.0,0.25,10.5,13.0,1,6,3,0,0,,,,12.5,75.0,37.5,0.0,0.0
Q108532376,1,350.0,350.0,2.0,2.0,1.0,1.0,24.0,24.0,0,0,0,0,0,,,,0.0,0.0,0.0,0.0,0.0
Q10855061,5,401.0,651.8,3.0,5.0,1.0,1.6,14.0,14.8,1,2,2,0,0,archaeological find,archaeological find,археологическая находка,20.0,40.0,40.0,0.0,0.0
Q108569710,63,238.0,239.38,0.0,0.0,0.0,0.05,2.0,2.06,63,60,63,63,60,,,,100.0,95.24,100.0,100.0,95.24
Q108569739,1,237.0,237.0,0.0,0.0,0.0,0.0,2.0,2.0,1,1,1,1,1,,,,100.0,100.0,100.0,100.0,100.0
Q108572660,1,54.0,54.0,1.0,1.0,1.0,1.0,6.0,6.0,0,0,1,0,0,,,,0.0,0.0,100.0,0.0,0.0
Q10858057,1,779.0,779.0,9.0,9.0,0.0,0.0,31.0,31.0,0,1,0,0,0,,,,0.0,100.0,0.0,0.0,0.0
Q108586636,13,251.0,633.31,1.0,0.92,1.0,1.46,9.0,29.62,5,2,6,2,1,,,,38.46,15.38,46.15,15.38,7.69
Q10863071,1,46.0,46.0,1.0,1.0,0.0,0.0,2.0,2.0,0,1,1,0,0,,,,0.0,100.0,100.0,0.0,0.0
Q10864048,26,561.5,874.92,2.0,4.54,0.0,1.92,12.5,27.92,7,14,3,2,2,,,,26.92,53.85,11.54,7.69,7.69
Q108657366,3,183.0,172.33,1.0,1.0,1.0,1.0,10.0,9.33,1,0,3,1,0,,,,33.33,0.0,100.0,33.33,0.0
Q108669279,1,1535.0,1535.0,42.0,42.0,140.0,140.0,149.0,149.0,0,0,0,0,0,,,,0.0,0.0,0.0,0.0,0.0
Q108674179,1,112.0,112.0,1.0,1.0,0.0,0.0,8.0,8.0,0,1,1,0,0,,,,0.0,100.0,100.0,0.0,0.0
Q1086783,9,75.0,366.11,1.0,1.11,1.0,2.22,3.0,8.56,1,0,7,0,0,,,,11.11,0.0,77.78,0.0,0.0
Q108680062,5,169.0,336.2,0.0,0.8,1.0,1.6,11.0,54.6,3,1,3,2,1,,,,60.0,20.0,60.0,40.0,20.0
Q108689,1,105.0,105.0,1.0,1.0,0.0,0.0,6.0,6.0,0,1,1,0,0,,,,0.0,100.0,100.0,0.0,0.0
Q108691705,4,76.5,204.25,0.0,0.0,0.0,0.0,2.5,22.5,4,4,3,3,3,,,,100.0,100.0,75.0,75.0,75.0
Q108704490,1,141.0,141.0,1.0,1.0,1.0,1.0,10.0,10.0,0,0,1,0,0,,,,0.0,0.0,100.0,0.0,0.0
Q10870555,4,204.5,749.25,1.0,1.0,0.0,0.25,7.5,85.0,1,3,3,1,1,,,,25.0,75.0,75.0,25.0,25.0
Q1087219,1,74.0,74.0,1.0,1.0,1.0,1.0,5.0,5.0,0,0,1,0,0,,,,0.0,0.0,100.0,0.0,0.0
Q10872500,1,34.0,34.0,1.0,1.0,0.0,0.0,2.0,2.0,0,1,1,0,0,,,,0.0,100.0,100.0,0.0,0.0
Q10874708,1,128.0,128.0,1.0,1.0,1.0,1.0,0.0,0.0,0,0,1,0,0,,,,0.0,0.0,100.0,0.0,0.0
Q108759237,2,102.0,102.0,1.0,1.0,1.5,1.5,5.5,5.5,1,0,2,1,0,,,,50.0,0.0,100.0,50.0,0.0
Q10876391,70,185.0,258.0,0.0,0.87,0.0,0.26,6.0,13.2,52,56,52,45,38,,,,74.29,80.0,74.29,64.29,54.29
Q10876480,1,990.0,990.0,10.0,10.0,1.0,1.0,63.0,63.0,0,0,0,0,0,,,,0.0,0.0,0.0,0.0,0.0
Q1087786,1,179.0,179.0,0.0,0.0,0.0,0.0,0.0,0.0,1,1,1,1,1,,,,100.0,100.0,100.0,100.0,100.0
Q10878543,2,171.5,171.5,0.5,0.5,1.0,1.0,6.0,6.0,1,1,1,0,0,,,,50.0,50.0,50.0,0.0,0.0
Q108788952,9,608.0,738.67,2.0,4.44,0.0,0.44,17.0,22.56,3,5,1,1,1,ethnic group by residency,ethnic group by residency,этническая группа на территории,33.33,55.56,11.11,11.11,11.11
Q10879990,1,2355.0,2355.0,2.0,2.0,0.0,0.0,24.0,24.0,0,1,0,0,0,,,,0.0,100.0,0.0,0.0,0.0
Q108809873,2,143.0,143.0,0.5,0.5,1.0,1.0,5.5,5.5,1,0,2,1,0,,,,50.0,0.0,100.0,50.0,0.0
Q108819314,1,590.0,590.0,3.0,3.0,0.0,0.0,11.0,11.0,0,1,0,0,0,,,,0.0,100.0,0.0,0.0,0.0
Q108822533,3,140.0,192.33,1.0,0.67,1.0,1.0,12.0,10.0,1,1,2,1,0,,,,33.33,33.33,66.67,33.33,0.0
Q10882833,1,432.0,432.0,0.0,0.0,0.0,0.0,4.0,4.0,1,1,0,0,0,,,,100.0,100.0,0.0,0.0,0.0
Q10883540,2,91.0,91.0,0.5,0.5,0.0,0.0,5.0,5.0,1,2,2,1,1,,,,50.0,100.0,100.0,50.0,50.0
Q1088391,1,1225.0,1225.0,6.0,6.0,0.0,0.0,97.0,97.0,0,1,0,0,0,,,,0.0,100.0,0.0,0.0,0.0
Q10884237,1,1627.0,1627.0,7.0,7.0,2.0,2.0,2.0,2.0,0,0,0,0,0,,,,0.0,0.0,0.0,0.0,0.0
Q1088552,4,469.5,434.0,4.5,7.25,0.5,0.5,11.0,11.0,0,2,1,0,0,Catholic church building,костел,костёл,0.0,50.0,25.0,0.0,0.0
Q108855835,1,338.0,338.0,1.0,1.0,1.0,1.0,5.0,5.0,0,0,0,0,0,,,,0.0,0.0,0.0,0.0,0.0
Q108872743,1,171.0,171.0,3.0,3.0,2.0,2.0,10.0,10.0,0,0,1,0,0,,,,0.0,0.0,100.0,0.0,0.0
Q108885127,1,617.0,617.0,2.0,2.0,4.0,4.0,26.0,26.0,0,0,0,0,0,,,,0.0,0.0,0.0,0.0,0.0
Q108910022,1,737.0,737.0,1.0,1.0,1.0,1.0,6.0,6.0,0,0,0,0,0,,,,0.0,0.0,0.0,0.0,0.0
Q108935461,4,159.5,174.25,0.0,0.5,2.0,1.75,8.5,8.25,3,0,3,3,0,,,,75.0,0.0,75.0,75.0,0.0
Q10894548,1,198.0,198.0,1.0,1.0,0.0,0.0,12.0,12.0,0,1,1,0,0,,,,0.0,100.0,100.0,0.0,0.0
Q1089515,1,1284.0,1284.0,5.0,5.0,3.0,3.0,106.0,106.0,0,0,0,0,0,,,,0.0,0.0,0.0,0.0,0.0
Q10915522,1,1645.0,1645.0,13.0,13.0,3.0,3.0,33.0,33.0,0,0,0,0,0,,,,0.0,0.0,0.0,0.0,0.0
Q10916116,2,520.0,520.0,3.5,3.5,0.0,0.0,11.5,11.5,0,2,1,0,0,,,,0.0,100.0,50.0,0.0,0.0
Q109217482,1,1658.0,1658.0,38.0,38.0,2.0,2.0,56.0,56.0,0,0,0,0,0,,,,0.0,0.0,0.0,0.0,0.0
Q10925959,1,280.0,280.0,1.0,1.0,1.0,1.0,7.0,7.0,0,0,0,0,0,,,,0.0,0.0,0.0,0.0,0.0
Q10926413,11,158.0,223.55,1.0,1.09,0.0,0.82,14.0,16.18,4,6,8,3,3,,,,36.36,54.55,72.73,27.27,27.27
Q10927834,1,384.0,384.0,1.0,1.0,0.0,0.0,3.0,3.0,0,1,0,0,0,,,,0.0,100.0,0.0,0.0,0.0
Q10928429,7,159.0,366.71,1.0,1.14,0.0,0.57,4.0,7.29,1,4,5,0,0,,,,14.29,57.14,71.43,0.0,0.0
Q109288756,1,181.0,181.0,0.0,0.0,1.0,1.0,4.0,4.0,1,0,1,1,0,,,,100.0,0.0,100.0,100.0,0.0
Q109288825,8,303.5,396.38,2.5,3.12,0.0,0.38,20.0,24.62,2,6,0,0,0,,,,25.0,75.0,0.0,0.0,0.0
Q10929058,7,478.0,668.71,2.0,7.43,2.0,1.71,4.0,7.71,3,3,2,2,2,,,,42.86,42.86,28.57,28.57,28.57
Q10931,18,610.0,850.94,1.0,2.61,1.0,1.28,19.5,34.89,7,8,5,2,1,,,,38.89,44.44,27.78,11.11,5.56
Q10932402,2,919.0,919.0,15.5,15.5,2.0,2.0,37.0,37.0,0,0,0,0,0,,,,0.0,0.0,0.0,0.0,0.0
Q109329953,6,853.0,1146.0,7.0,9.5,2.0,2.83,3.5,4.17,0,1,0,0,0,,,,0.0,16.67,0.0,0.0,0.0
Q1093434,1,791.0,791.0,4.0,4.0,1.0,1.0,47.0,47.0,0,0,0,0,0,,,,0.0,0.0,0.0,0.0,0.0
Q109344544,1,368.0,368.0,11.0,11.0,0.0,0.0,11.0,11.0,0,1,0,0,0,,,,0.0,100.0,0.0,0.0,0.0
Q1093829,4176,242.0,249.56,0.0,0.48,0.0,0.01,2.0,3.39,2361,4144,2340,2329,2325,,,,56.54,99.23,56.03,55.77,55.68
Q1093833,5,183.0,246.2,1.0,1.2,1.0,1.2,10.0,9.6,1,0,4,1,0,,,,20.0,0.0,80.0,20.0,0.0
Q109391,1,687.0,687.0,3.0,3.0,5.0,5.0,30.0,30.0,0,0,0,0,0,,,,0.0,0.0,0.0,0.0,0.0
Q10943,2,43.5,43.5,0.5,0.5,1.0,1.0,2.5,2.5,1,1,2,1,0,,,,50.0,50.0,100.0,50.0,0.0
Q1094397,1,422.0,422.0,2.0,2.0,0.0,0.0,3.0,3.0,0,1,0,0,0,,,,0.0,100.0,0.0,0.0,0.0
Q109473326,2,2238.5,2238.5,10.5,10.5,0.5,0.5,77.5,77.5,1,1,0,0,0,,,,50.0,50.0,0.0,0.0,0.0
Q109542218,1,125.0,125.0,0.0,0.0,1.0,1.0,0.0,0.0,1,0,1,1,0,,,,100.0,0.0,100.0,100.0,0.0
Q109542585,2,58.5,58.5,0.5,0.5,1.0,1.0,4.0,4.0,1,0,2,1,0,,,,50.0,0.0,100.0,50.0,0.0
Q109551317,1,256.0,256.0,1.0,1.0,0.0,0.0,1.0,1.0,0,1,0,0,0,,,,0.0,100.0,0.0,0.0,0.0
Q109551565,28,607.5,1029.64,1.0,1.89,0.0,0.96,14.5,27.18,5,15,6,1,1,,,,17.86,53.57,21.43,3.57,3.57
Q109587099,1,585.0,585.0,1.0,1.0,1.0,1.0,23.0,23.0,0,0,0,0,0,,,,0.0,0.0,0.0,0.0,0.0
Q10960555,1,44.0,44.0,1.0,1.0,0.0,0.0,2.0,2.0,0,1,1,0,0,,,,0.0,100.0,100.0,0.0,0.0
Q109607,11,283.0,586.0,0.0,4.27,1.0,1.45,12.0,24.91,6,4,4,2,1,,,,54.55,36.36,36.36,18.18,9.09
Q109613493,1,488.0,488.0,1.0,1.0,1.0,1.0,4.0,4.0,0,0,0,0,0,,,,0.0,0.0,0.0,0.0,0.0
Q109623729,116,567.5,616.55,1.0,1.08,1.0,0.77,53.0,55.72,33,42,1,0,0,association football club match,association football club match,футбольный матч клубных команд,28.45,36.21,0.86,0.0,0.0
Q109645860,1,2459.0,2459.0,3.0,3.0,12.0,12.0,57.0,57.0,0,0,0,0,0,,,,0.0,0.0,0.0,0.0,0.0
Q109645909,1,3770.0,3770.0,38.0,38.0,11.0,11.0,143.0,143.0,0,0,0,0,0,,,,0.0,0.0,0.0,0.0,0.0
Q109657442,1,834.0,834.0,1.0,1.0,0.0,0.0,92.0,92.0,0,1,0,0,0,,,,0.0,100.0,0.0,0.0,0.0
Q109657450,1,695.0,695.0,9.0,9.0,0.0,0.0,3.0,3.0,0,1,0,0,0,,,,0.0,100.0,0.0,0.0,0.0
Q109659781,1,41.0,41.0,1.0,1.0,0.0,0.0,2.0,2.0,0,1,1,0,0,,,,0.0,100.0,100.0,0.0,0.0
Q109682310,4,854.5,785.0,6.5,10.25,0.5,0.5,18.5,19.25,0,2,1,0,0,,,,0.0,50.0,25.0,0.0,0.0
Q109734237,1,1009.0,1009.0,3.0,3.0,4.0,4.0,25.0,25.0,0,0,0,0,0,,,,0.0,0.0,0.0,0.0,0.0
Q109781815,1,564.0,564.0,5.0,5.0,0.0,0.0,25.0,25.0,0,1,0,0,0,,,,0.0,100.0,0.0,0.0,0.0
Q1097949,10,493.0,927.9,0.5,1.8,0.5,1.0,23.5,40.6,5,5,5,4,3,literary language,әдеби тіл,литературный язык,50.0,50.0,50.0,40.0,30.0
Q109810464,2,198.0,198.0,1.5,1.5,0.5,0.5,24.5,24.5,0,1,2,0,0,,,,0.0,50.0,100.0,0.0,0.0
Q109852002,1,28.0,28.0,0.0,0.0,1.0,1.0,0.0,0.0,1,0,1,1,0,,,,100.0,0.0,100.0,100.0,0.0
Q109867403,1,61.0,61.0,1.0,1.0,0.0,0.0,4.0,4.0,0,1,1,0,0,,,,0.0,100.0,100.0,0.0,0.0
Q109909183,1,1142.0,1142.0,13.0,13.0,1.0,1.0,53.0,53.0,0,0,0,0,0,,,,0.0,0.0,0.0,0.0,0.0
Q109956737,1,142.0,142.0,1.0,1.0,1.0,1.0,4.0,4.0,0,0,1,0,0,,,,0.0,0.0,100.0,0.0,0.0
Q109957042,1,67.0,67.0,1.0,1.0,1.0,1.0,12.0,12.0,0,0,1,0,0,,,,0.0,0.0,100.0,0.0,0.0
Q11000047,2,459.5,459.5,10.5,10.5,0.5,0.5,21.5,21.5,0,1,0,0,0,,,,0.0,50.0,0.0,0.0,0.0
Q110013851,2,324.5,324.5,2.5,2.5,1.0,1.0,15.5,15.5,0,1,1,0,0,,,,0.0,50.0,50.0,0.0,0.0
Q110029326,1,1377.0,1377.0,24.0,24.0,2.0,2.0,20.0,20.0,0,0,0,0,0,,,,0.0,0.0,0.0,0.0,0.0
Q11004,1,58.0,58.0,1.0,1.0,0.0,0.0,3.0,3.0,0,1,1,0,0,,,,0.0,100.0,100.0,0.0,0.0
Q110055303,1,208.0,208.0,1.0,1.0,1.0,1.0,14.0,14.0,0,0,1,0,0,,,,0.0,0.0,100.0,0.0,0.0
Q110071194,4,289.5,361.5,0.5,0.5,0.0,0.0,6.0,9.25,2,4,0,0,0,,,,50.0,100.0,0.0,0.0,0.0
Q110071217,1,360.0,360.0,2.0,2.0,0.0,0.0,8.0,8.0,0,1,0,0,0,,,,0.0,100.0,0.0,0.0,0.0
Q110080207,1,1499.0,1499.0,18.0,18.0,9.0,9.0,81.0,81.0,0,0,0,0,0,,,,0.0,0.0,0.0,0.0,0.0
Q11012,1,601.0,601.0,4.0,4.0,0.0,0.0,7.0,7.0,0,1,0,0,0,,,,0.0,100.0,0.0,0.0,0.0
Q110158634,1,123.0,123.0,1.0,1.0,0.0,0.0,3.0,3.0,0,1,1,0,0,,,,0.0,100.0,100.0,0.0,0.0
Q11016,18,195.5,581.39,1.0,5.78,1.0,0.94,2.5,10.78,3,6,11,3,0,,,,16.67,33.33,61.11,16.67,0.0
Q11019,5,90.0,843.2,1.0,1.0,1.0,2.0,5.0,18.8,0,1,4,0,0,,,,0.0,20.0,80.0,0.0,0.0
Q110204143,1,245.0,245.0,1.0,1.0,0.0,0.0,6.0,6.0,0,1,1,0,0,,,,0.0,100.0,100.0,0.0,0.0
Q110220157,4,127.5,142.5,1.0,1.75,0.0,0.0,6.0,7.5,1,4,3,1,1,,,,25.0,100.0,75.0,25.0,25.0
Q110224587,1,90.0,90.0,1.0,1.0,0.0,0.0,0.0,0.0,0,1,1,0,0,,,,0.0,100.0,100.0,0.0,0.0
Q11025270,1,412.0,412.0,1.0,1.0,0.0,0.0,0.0,0.0,0,1,0,0,0,,,,0.0,100.0,0.0,0.0,0.0
Q110288240,9,2981.0,3158.44,95.0,97.33,1.0,1.33,224.0,238.0,1,4,0,0,0,,,,11.11,44.44,0.0,0.0,0.0
Q110291318,1,209.0,209.0,0.0,0.0,0.0,0.0,5.0,5.0,1,1,1,1,1,,,,100.0,100.0,100.0,100.0,100.0
Q110292529,3,241.0,242.67,0.0,0.0,0.0,0.0,2.0,2.0,3,3,3,3,3,,,,100.0,100.0,100.0,100.0,100.0
Q110295396,49,134.0,297.53,1.0,1.31,1.0,0.96,8.0,11.27,16,11,42,16,5,,,,32.65,22.45,85.71,32.65,10.2
Q110314665,5,91.0,390.4,1.0,6.0,0.0,0.6,4.0,8.6,0,4,3,0,0,,,,0.0,80.0,60.0,0.0,0.0
Q110315658,4,525.0,703.5,4.0,3.5,1.0,1.0,28.0,30.75,0,1,2,0,0,,,,0.0,25.0,50.0,0.0,0.0
Q110315866,1,2294.0,2294.0,35.0,35.0,2.0,2.0,107.0,107.0,0,0,0,0,0,,,,0.0,0.0,0.0,0.0,0.0
Q11032,88,130.5,209.35,1.0,1.77,0.0,0.19,6.0,9.99,24,73,64,17,16,newspaper,газет,газета,27.27,82.95,72.73,19.32,18.18
Q110320421,1,146.0,146.0,0.0,0.0,1.0,1.0,9.0,9.0,1,0,1,1,0,,,,100.0,0.0,100.0,100.0,0.0
Q11033,2,267.0,267.0,1.5,1.5,0.5,0.5,23.0,23.0,0,1,1,0,0,mass media,бұқаралық ақпарат құралы,средство массовой информации,0.0,50.0,50.0,0.0,0.0
Q1103699,3,456.0,328.33,0.0,0.33,0.0,0.33,73.0,56.0,2,2,1,1,0,,,,66.67,66.67,33.33,33.33,0.0
Q110372546,2,5265.5,5265.5,70.0,70.0,0.5,0.5,193.0,193.0,0,1,0,0,0,,,,0.0,50.0,0.0,0.0,0.0
Q110376455,3,297.0,757.67,1.0,8.33,0.0,0.33,18.0,40.67,1,2,1,1,1,,,,33.33,66.67,33.33,33.33,33.33
Q11038979,1,1203.0,1203.0,37.0,37.0,0.0,0.0,59.0,59.0,0,1,0,0,0,,,,0.0,100.0,0.0,0.0,0.0
Q110390579,5,275.0,357.4,1.0,0.6,2.0,1.6,14.0,11.6,2,1,2,0,0,,,,40.0,20.0,40.0,0.0,0.0
Q110401222,7,234.0,203.57,1.0,1.43,1.0,0.71,9.0,10.86,0,3,4,0,0,,,,0.0,42.86,57.14,0.0,0.0
Q110401282,10,223.5,495.6,1.0,3.4,0.0,1.4,5.5,26.1,2,6,5,1,1,,,,20.0,60.0,50.0,10.0,10.0
Q110402867,1,427.0,427.0,3.0,3.0,1.0,1.0,10.0,10.0,0,0,0,0,0,,,,0.0,0.0,0.0,0.0,0.0
Q110403031,2,589.0,589.0,2.5,2.5,0.5,0.5,17.5,17.5,0,1,1,0,0,,,,0.0,50.0,50.0,0.0,0.0
Q110407926,1,44.0,44.0,1.0,1.0,0.0,0.0,3.0,3.0,0,1,1,0,0,,,,0.0,100.0,100.0,0.0,0.0
Q110409252,1,144.0,144.0,0.0,0.0,1.0,1.0,13.0,13.0,1,0,1,1,0,,,,100.0,0.0,100.0,100.0,0.0
Q110418604,1,103.0,103.0,1.0,1.0,0.0,0.0,2.0,2.0,0,1,1,0,0,,,,0.0,100.0,100.0,0.0,0.0
Q11042,19,457.0,1113.32,1.0,2.63,1.0,2.37,18.0,46.79,5,6,5,1,0,,,,26.32,31.58,26.32,5.26,0.0
Q110430875,1,52.0,52.0,1.0,1.0,0.0,0.0,9.0,9.0,0,1,1,0,0,,,,0.0,100.0,100.0,0.0,0.0
Q110452794,3,641.0,677.33,2.0,2.0,0.0,1.33,23.0,24.0,0,2,1,0,0,,,,0.0,66.67,33.33,0.0,0.0
Q110533142,9,159.0,228.56,1.0,0.56,1.0,0.78,6.0,11.56,4,4,7,3,2,,,,44.44,44.44,77.78,33.33,22.22
Q110536225,1,237.0,237.0,5.0,5.0,2.0,2.0,7.0,7.0,0,0,1,0,0,,,,0.0,0.0,100.0,0.0,0.0
Q11054716,1,151.0,151.0,1.0,1.0,1.0,1.0,7.0,7.0,0,0,1,0,0,,,,0.0,0.0,100.0,0.0,0.0
Q110562117,2,147.0,147.0,0.5,0.5,0.0,0.0,11.0,11.0,1,2,2,1,1,,,,50.0,100.0,100.0,50.0,50.0
Q110571169,1,512.0,512.0,3.0,3.0,0.0,0.0,11.0,11.0,0,1,0,0,0,,,,0.0,100.0,0.0,0.0,0.0
Q11057861,2,496.0,496.0,0.0,0.0,4.0,4.0,12.0,12.0,2,0,0,0,0,,,,100.0,0.0,0.0,0.0,0.0
Q110653654,7,119.0,222.71,1.0,1.14,0.0,0.29,4.0,5.86,2,5,5,1,1,,,,28.57,71.43,71.43,14.29,14.29
Q110706912,6,879.5,768.17,3.5,6.0,1.0,1.17,31.5,25.67,2,1,1,1,0,Islamic organization,Islamic organization,исламская организация,33.33,16.67,16.67,16.67,0.0
Q110749524,1,49.0,49.0,1.0,1.0,0.0,0.0,3.0,3.0,0,1,1,0,0,,,,0.0,100.0,100.0,0.0,0.0
Q110762908,2,178.5,178.5,1.0,1.0,0.5,0.5,6.5,6.5,0,1,2,0,0,,,,0.0,50.0,100.0,0.0,0.0
Q110762942,1,90.0,90.0,1.0,1.0,0.0,0.0,2.0,2.0,0,1,1,0,0,,,,0.0,100.0,100.0,0.0,0.0
Q110763064,1,42.0,42.0,0.0,0.0,0.0,0.0,10.0,10.0,1,1,1,1,1,,,,100.0,100.0,100.0,100.0,100.0
Q1107656,4,173.0,243.75,0.5,0.5,2.0,3.5,8.5,8.5,2,0,3,1,0,,,,50.0,0.0,75.0,25.0,0.0
Q1107679,3,897.0,823.0,4.0,6.0,0.0,0.0,13.0,26.67,0,3,0,0,0,,,,0.0,100.0,0.0,0.0,0.0
Q11082563,1,184.0,184.0,2.0,2.0,1.0,1.0,13.0,13.0,0,0,1,0,0,,,,0.0,0.0,100.0,0.0,0.0
Q110879246,1,495.0,495.0,8.0,8.0,0.0,0.0,21.0,21.0,0,1,0,0,0,,,,0.0,100.0,0.0,0.0,0.0
Q110900120,1,449.0,449.0,1.0,1.0,3.0,3.0,5.0,5.0,0,0,0,0,0,,,,0.0,0.0,0.0,0.0,0.0
Q110914671,1,747.0,747.0,10.0,10.0,2.0,2.0,32.0,32.0,0,0,0,0,0,,,,0.0,0.0,0.0,0.0,0.0
Q110961029,1,105.0,105.0,0.0,0.0,1.0,1.0,8.0,8.0,1,0,1,1,0,,,,100.0,0.0,100.0,100.0,0.0
Q110978806,1,44.0,44.0,0.0,0.0,3.0,3.0,10.0,10.0,1,0,1,1,0,,,,100.0,0.0,100.0,100.0,0.0
Q110994345,1,387.0,387.0,2.0,2.0,1.0,1.0,14.0,14.0,0,0,0,0,0,,,,0.0,0.0,0.0,0.0,0.0
Q111018943,1,325.0,325.0,4.0,4.0,1.0,1.0,9.0,9.0,0,0,0,0,0,,,,0.0,0.0,0.0,0.0,0.0
Q111034471,7,996.0,1815.71,32.0,53.0,0.0,1.43,21.0,46.86,0,4,0,0,0,,,,0.0,57.14,0.0,0.0,0.0
Q11105360,1,3375.0,3375.0,13.0,13.0,4.0,4.0,98.0,98.0,0,0,0,0,0,,,,0.0,0.0,0.0,0.0,0.0
Q1110684,3,183.0,201.33,1.0,0.67,0.0,0.33,3.0,3.0,1,2,2,1,0,regulatory college,regulatory college,профессиональное объединение,33.33,66.67,66.67,33.33,0.0
Q1110794,22,111.5,201.18,1.0,1.05,0.0,0.32,5.0,12.64,3,17,18,1,1,,,,13.64,77.27,81.82,4.55,4.55
Q11114344,4,68.0,68.0,0.0,0.25,0.0,0.25,2.5,3.0,3,3,4,3,2,,,,75.0,75.0,100.0,75.0,50.0
Q111177881,3,273.0,235.0,1.0,0.67,0.0,0.67,8.0,9.67,1,2,1,0,0,,,,33.33,66.67,33.33,0.0,0.0
Q111212048,1,106.0,106.0,2.0,2.0,1.0,1.0,5.0,5.0,0,0,1,0,0,,,,0.0,0.0,100.0,0.0,0.0
Q11122,3,76.0,106.67,1.0,1.0,1.0,0.67,2.0,6.0,0,1,3,0,0,,,,0.0,33.33,100.0,0.0,0.0
Q111242702,1,1540.0,1540.0,14.0,14.0,5.0,5.0,23.0,23.0,0,0,0,0,0,,,,0.0,0.0,0.0,0.0,0.0
Q111252415,3,600.0,778.67,1.0,0.67,0.0,0.67,16.0,14.0,1,2,0,0,0,,,,33.33,66.67,0.0,0.0,0.0
Q111252729,1,590.0,590.0,0.0,0.0,1.0,1.0,21.0,21.0,1,0,0,0,0,,,,100.0,0.0,0.0,0.0,0.0
Q111337375,1,143.0,143.0,0.0,0.0,1.0,1.0,9.0,9.0,1,0,1,1,0,,,,100.0,0.0,100.0,100.0,0.0
Q111352,3,90.0,92.0,1.0,1.0,0.0,0.0,8.0,8.67,0,3,3,0,0,,,,0.0,100.0,100.0,0.0,0.0
Q111353943,1,361.0,361.0,0.0,0.0,0.0,0.0,4.0,4.0,1,1,0,0,0,,,,100.0,100.0,0.0,0.0,0.0
Q111360549,9,274.0,292.44,2.0,2.11,1.0,1.44,10.0,11.44,2,3,4,2,1,,,,22.22,33.33,44.44,22.22,11.11
Q1114461,42,343.0,499.93,1.0,2.52,0.0,0.36,11.0,13.07,14,30,10,3,2,,,,33.33,71.43,23.81,7.14,4.76
Q1114515,2,1439.0,1439.0,0.0,0.0,0.0,0.0,37.0,37.0,2,2,0,0,0,,,,100.0,100.0,0.0,0.0,0.0
Q11150157,3,62.0,59.67,1.0,0.67,0.0,0.33,3.0,3.0,1,2,3,1,1,,,,33.33,66.67,100.0,33.33,33.33
Q1115575,9,598.0,805.22,0.0,4.11,2.0,4.78,18.0,25.0,5,1,3,2,1,,,,55.56,11.11,33.33,22.22,11.11
Q111599259,1,69.0,69.0,1.0,1.0,1.0,1.0,6.0,6.0,0,0,1,0,0,,,,0.0,0.0,100.0,0.0,0.0
Q111609766,1,206.0,206.0,0.0,0.0,1.0,1.0,7.0,7.0,1,0,1,1,0,,,,100.0,0.0,100.0,100.0,0.0
Q11166728,3,429.0,374.0,1.0,0.67,2.0,1.33,5.0,5.67,1,1,1,0,0,television tower,теледидар мұнарасы,телебашня,33.33,33.33,33.33,0.0,0.0
Q111676757,1,884.0,884.0,1.0,1.0,2.0,2.0,26.0,26.0,0,0,0,0,0,,,,0.0,0.0,0.0,0.0,0.0
Q111722475,1,219.0,219.0,3.0,3.0,1.0,1.0,11.0,11.0,0,0,1,0,0,,,,0.0,0.0,100.0,0.0,0.0
Q111752858,2,128.5,128.5,1.0,1.0,0.5,0.5,2.0,2.0,0,1,2,0,0,,,,0.0,50.0,100.0,0.0,0.0
Q11177771,15,195.0,457.13,1.0,1.2,1.0,2.0,7.0,14.07,5,7,10,3,2,,,,33.33,46.67,66.67,20.0,13.33
Q111796709,2,154.5,154.5,0.5,0.5,0.5,0.5,1.0,1.0,1,1,1,0,0,,,,50.0,50.0,50.0,0.0,0.0
Q111796904,8,101.5,146.5,1.0,1.0,0.0,0.25,3.0,6.62,2,7,7,2,1,,,,25.0,87.5,87.5,25.0,12.5
Q111801819,1,233.0,233.0,0.0,0.0,1.0,1.0,0.0,0.0,1,0,1,1,0,,,,100.0,0.0,100.0,100.0,0.0
Q11183787,206,294.0,291.13,0.0,0.04,0.0,0.31,7.0,7.55,198,151,1,1,1,,,,96.12,73.3,0.49,0.49,0.49
Q11190,1,61.0,61.0,1.0,1.0,0.0,0.0,1.0,1.0,0,1,1,0,0,,,,0.0,100.0,100.0,0.0,0.0
Q111907301,1,206.0,206.0,0.0,0.0,2.0,2.0,5.0,5.0,1,0,1,1,0,,,,100.0,0.0,100.0,100.0,0.0
Q111914189,1,99.0,99.0,1.0,1.0,0.0,0.0,4.0,4.0,0,1,1,0,0,,,,0.0,100.0,100.0,0.0,0.0
Q111914880,2,220.5,220.5,1.0,1.0,1.0,1.0,9.5,9.5,1,0,1,1,0,,,,50.0,0.0,50.0,50.0,0.0
Q11197,2,87.0,87.0,1.0,1.0,1.5,1.5,7.0,7.0,0,0,2,0,0,,,,0.0,0.0,100.0,0.0,0.0
Q11197007,10,630.5,1018.2,8.5,8.1,1.0,2.2,20.5,23.0,1,3,2,1,0,ethnoreligious group,ethnoreligious group,этнорелигиозная группа,10.0,30.0,20.0,10.0,0.0
Q111972893,15,162.0,211.87,1.0,1.47,1.0,0.73,9.0,11.13,1,7,12,1,1,,,,6.67,46.67,80.0,6.67,6.67
Q11204,5,1094.0,952.0,15.0,12.2,1.0,1.0,35.0,34.6,0,2,1,0,0,legislature,Заң шығарушы билік,орган законодательной власти,0.0,40.0,20.0,0.0,0.0
Q112057532,9,298.0,434.67,1.0,1.78,2.0,1.78,10.0,27.22,1,2,4,1,0,,,,11.11,22.22,44.44,11.11,0.0
Q112074700,1,934.0,934.0,9.0,9.0,5.0,5.0,35.0,35.0,0,0,0,0,0,,,,0.0,0.0,0.0,0.0,0.0
Q112099,51,868.0,1072.16,6.0,6.88,0.0,1.16,45.0,59.2,2,29,0,0,0,,,,3.92,56.86,0.0,0.0,0.0
Q112110,1,163.0,163.0,1.0,1.0,0.0,0.0,15.0,15.0,0,1,1,0,0,,,,0.0,100.0,100.0,0.0,0.0
Q112128334,66,293.0,529.58,1.0,1.33,0.0,0.41,13.0,23.83,11,46,26,2,2,protected area of Kazakhstan of republican significance,protected area of Kazakhstan of republican significance,особо охраняемая природная территория республиканского значения Казахстана,16.67,69.7,39.39,3.03,3.03
Q112132522,2,372.5,372.5,1.0,1.0,2.0,2.0,10.0,10.0,1,0,1,0,0,,,,50.0,0.0,50.0,0.0,0.0
Q112132548,1,173.0,173.0,2.0,2.0,2.0,2.0,9.0,9.0,0,0,1,0,0,,,,0.0,0.0,100.0,0.0,0.0
Q112132573,1,189.0,189.0,0.0,0.0,1.0,1.0,2.0,2.0,1,0,1,1,0,,,,100.0,0.0,100.0,100.0,0.0
Q112144412,43,357.0,559.44,0.0,6.86,0.0,0.42,15.0,23.33,27,30,13,12,10,,,,62.79,69.77,30.23,27.91,23.26
Q112161269,1,122.0,122.0,0.0,0.0,1.0,1.0,7.0,7.0,1,0,1,1,0,,,,100.0,0.0,100.0,100.0,0.0
Q1121708,1,362.0,362.0,1.0,1.0,0.0,0.0,5.0,5.0,0,1,0,0,0,,,,0.0,100.0,0.0,0.0,0.0
Q112193867,537,194.0,343.44,1.0,2.58,0.0,0.55,4.0,8.25,114,318,322,48,39,,,,21.23,59.22,59.96,8.94,7.26
Q112225193,1,107.0,107.0,1.0,1.0,0.0,0.0,4.0,4.0,0,1,1,0,0,,,,0.0,100.0,100.0,0.0,0.0
Q112225557,1,154.0,154.0,0.0,0.0,0.0,0.0,6.0,6.0,1,1,1,1,1,,,,100.0,100.0,100.0,100.0,100.0
Q112234259,11,219.0,419.91,1.0,1.91,0.0,0.73,8.0,12.55,1,6,6,1,1,,,,9.09,54.55,54.55,9.09,9.09
Q11224256,1,2045.0,2045.0,2.0,2.0,6.0,6.0,71.0,71.0,0,0,0,0,0,,,,0.0,0.0,0.0,0.0,0.0
Q1122435,1,828.0,828.0,1.0,1.0,1.0,1.0,10.0,10.0,0,0,0,0,0,,,,0.0,0.0,0.0,0.0,0.0
Q112248470,3,209.0,306.67,2.0,1.67,1.0,1.0,16.0,27.0,0,1,2,0,0,,,,0.0,33.33,66.67,0.0,0.0
Q112251049,1,1882.0,1882.0,33.0,33.0,4.0,4.0,69.0,69.0,0,0,0,0,0,,,,0.0,0.0,0.0,0.0,0.0
Q1122556,1,600.0,600.0,3.0,3.0,0.0,0.0,29.0,29.0,0,1,0,0,0,,,,0.0,100.0,0.0,0.0,0.0
Q1122846,6,79.0,83.17,0.0,0.0,1.0,1.17,13.0,13.0,6,0,6,6,0,,,,100.0,0.0,100.0,100.0,0.0
Q1123245,31,35.0,42.74,1.0,1.03,0.0,0.0,1.0,1.58,0,31,31,0,0,,,,0.0,100.0,100.0,0.0,0.0
Q11238641,1,233.0,233.0,2.0,2.0,0.0,0.0,8.0,8.0,0,1,1,0,0,,,,0.0,100.0,100.0,0.0,0.0
Q112482569,1,179.0,179.0,1.0,1.0,0.0,0.0,6.0,6.0,0,1,1,0,0,,,,0.0,100.0,100.0,0.0,0.0
Q1125321,1,2711.0,2711.0,8.0,8.0,3.0,3.0,111.0,111.0,0,0,0,0,0,,,,0.0,0.0,0.0,0.0,0.0
Q112537478,6,222.0,291.33,1.0,2.17,0.5,0.5,9.0,8.5,2,3,4,2,0,,,,33.33,50.0,66.67,33.33,0.0
Q1126006,8,279.0,417.12,0.0,0.88,0.5,1.12,11.0,18.75,6,4,4,3,3,,,,75.0,50.0,50.0,37.5,37.5
Q1126018,1,233.0,233.0,1.0,1.0,0.0,0.0,5.0,5.0,0,1,1,0,0,,,,0.0,100.0,100.0,0.0,0.0
Q112613966,1,284.0,284.0,2.0,2.0,0.0,0.0,7.0,7.0,0,1,0,0,0,,,,0.0,100.0,0.0,0.0,0.0
Q112628506,1,92.0,92.0,1.0,1.0,1.0,1.0,5.0,5.0,0,0,1,0,0,,,,0.0,0.0,100.0,0.0,0.0
Q112635303,1,637.0,637.0,6.0,6.0,0.0,0.0,26.0,26.0,0,1,0,0,0,,,,0.0,100.0,0.0,0.0,0.0
Q112684326,1,512.0,512.0,1.0,1.0,3.0,3.0,12.0,12.0,0,0,0,0,0,,,,0.0,0.0,0.0,0.0,0.0
Q11269813,1,166.0,166.0,0.0,0.0,0.0,0.0,3.0,3.0,1,1,1,1,1,,,,100.0,100.0,100.0,100.0,100.0
Q1127126,11,573.0,694.55,1.0,2.27,1.0,9.09,35.0,47.64,4,3,2,1,1,,,,36.36,27.27,18.18,9.09,9.09
Q11271835,11,409.0,641.64,2.0,3.91,1.0,1.36,7.0,21.73,3,4,1,0,0,,,,27.27,36.36,9.09,0.0,0.0
Q112731293,1,225.0,225.0,1.0,1.0,1.0,1.0,19.0,19.0,0,0,1,0,0,,,,0.0,0.0,100.0,0.0,0.0
Q11276,118,255.5,259.74,0.0,0.02,0.0,0.01,16.0,16.53,117,117,5,5,5,,,,99.15,99.15,4.24,4.24,4.24
Q1127759,8,125.5,194.75,1.0,1.38,0.5,0.62,3.0,5.25,1,4,5,0,0,,,,12.5,50.0,62.5,0.0,0.0
Q11279677,3,574.0,531.67,0.0,0.67,1.0,1.0,42.0,36.0,2,0,0,0,0,,,,66.67,0.0,0.0,0.0,0.0
Q112807602,2,552.0,552.0,1.5,1.5,1.5,1.5,6.5,6.5,0,1,1,0,0,,,,0.0,50.0,50.0,0.0,0.0
Q11282,100,248.0,247.65,0.0,0.04,0.0,0.02,16.0,14.4,98,99,53,53,53,,,,98.0,99.0,53.0,53.0,53.0
Q112826905,320,134.5,251.71,1.0,1.25,1.0,0.78,6.0,10.28,37,118,234,30,20,,,,11.56,36.88,73.12,9.38,6.25
Q112827555,1,144.0,144.0,2.0,2.0,1.0,1.0,4.0,4.0,0,0,1,0,0,,,,0.0,0.0,100.0,0.0,0.0
Q1128340,4,301.0,738.5,1.0,1.25,0.0,1.75,11.5,18.0,0,3,1,0,0,,,,0.0,75.0,25.0,0.0,0.0
Q112841289,1,34.0,34.0,1.0,1.0,0.0,0.0,3.0,3.0,0,1,1,0,0,,,,0.0,100.0,100.0,0.0,0.0
Q1128637,3,218.0,379.0,2.0,2.0,1.0,1.0,9.0,11.0,1,1,2,1,0,,,,33.33,33.33,66.67,33.33,0.0
Q112865922,1,657.0,657.0,3.0,3.0,4.0,4.0,60.0,60.0,0,0,0,0,0,,,,0.0,0.0,0.0,0.0,0.0
Q112872396,12,174.0,286.0,1.0,1.33,1.0,0.75,8.5,15.0,2,5,7,0,0,,,,16.67,41.67,58.33,0.0,0.0
Q11292,3,376.0,332.33,0.0,0.33,1.0,0.67,5.0,4.0,2,1,1,1,0,,,,66.67,33.33,33.33,33.33,0.0
Q1129461,1,155.0,155.0,0.0,0.0,0.0,0.0,12.0,12.0,1,1,1,1,1,,,,100.0,100.0,100.0,100.0,100.0
Q1129474,5,206.0,305.2,1.0,1.0,0.0,0.4,11.0,12.0,1,3,3,0,0,cultural landscape,cultural landscape,культурный ландшафт,20.0,60.0,60.0,0.0,0.0
Q11294827,6,525.5,593.83,1.0,2.83,0.0,1.0,48.5,42.0,2,4,0,0,0,,,,33.33,66.67,0.0,0.0,0.0
Q1129645,1,37.0,37.0,1.0,1.0,0.0,0.0,8.0,8.0,0,1,1,0,0,,,,0.0,100.0,100.0,0.0,0.0
Q112965645,198,224.0,364.19,1.0,4.26,0.0,0.63,6.0,9.28,42,111,111,21,18,,,,21.21,56.06,56.06,10.61,9.09
Q113021760,1,4897.0,4897.0,1.0,1.0,1.0,1.0,12.0,12.0,0,0,0,0,0,,,,0.0,0.0,0.0,0.0,0.0
Q113022037,1,4897.0,4897.0,1.0,1.0,1.0,1.0,12.0,12.0,0,0,0,0,0,,,,0.0,0.0,0.0,0.0,0.0
Q113022117,1,4897.0,4897.0,1.0,1.0,1.0,1.0,12.0,12.0,0,0,0,0,0,,,,0.0,0.0,0.0,0.0,0.0
Q11303,21,428.0,463.33,1.0,2.48,0.0,0.29,9.0,10.1,10,17,1,0,0,skyscraper,Көктіреген,небоскрёб,47.62,80.95,4.76,0.0,0.0
Q1130322,1,592.0,592.0,0.0,0.0,1.0,1.0,3.0,3.0,1,0,0,0,0,,,,100.0,0.0,0.0,0.0,0.0
Q1130479,30,413.0,569.13,0.0,1.0,1.0,1.43,19.5,23.6,16,1,1,0,0,,,,53.33,3.33,3.33,0.0,0.0
Q113056217,11,142.0,232.18,1.0,1.36,1.0,0.55,6.0,8.82,1,5,9,1,1,,,,9.09,45.45,81.82,9.09,9.09
Q113057337,4,154.0,168.5,1.0,1.0,0.5,0.5,6.0,7.0,0,2,3,0,0,,,,0.0,50.0,75.0,0.0,0.0
Q1130645,6,624.5,1182.33,3.0,4.0,1.5,1.67,30.0,29.33,1,2,2,1,1,,,,16.67,33.33,33.33,16.67,16.67
Q113103481,11,212.0,387.82,0.0,3.18,1.0,3.36,10.0,30.73,6,0,7,4,0,,,,54.55,0.0,63.64,36.36,0.0
Q113123793,1,43.0,43.0,0.0,0.0,0.0,0.0,5.0,5.0,1,1,1,1,1,,,,100.0,100.0,100.0,100.0,100.0
Q1131296,2219,279.0,278.44,0.0,0.0,0.0,0.13,7.0,7.53,2219,1926,34,34,34,,,,100.0,86.8,1.53,1.53,1.53
Q113130789,4,251.0,253.5,1.0,1.5,0.5,0.5,6.0,16.25,0,2,2,0,0,,,,0.0,50.0,50.0,0.0,0.0
Q113130993,1,43.0,43.0,1.0,1.0,0.0,0.0,5.0,5.0,0,1,1,0,0,,,,0.0,100.0,100.0,0.0,0.0
Q113131065,2,349.5,349.5,4.5,4.5,1.5,1.5,11.5,11.5,1,0,1,1,0,,,,50.0,0.0,50.0,50.0,0.0
Q113131469,1,117.0,117.0,1.0,1.0,1.0,1.0,5.0,5.0,0,0,1,0,0,,,,0.0,0.0,100.0,0.0,0.0
Q11313190,1,278.0,278.0,0.0,0.0,1.0,1.0,9.0,9.0,1,0,0,0,0,,,,100.0,0.0,0.0,0.0,0.0
Q1131329,5,518.0,550.0,2.0,2.8,2.0,1.4,9.0,8.6,1,1,1,1,0,,,,20.0,20.0,20.0,20.0,0.0
Q113136497,2,427.5,427.5,2.0,2.0,0.0,0.0,16.5,16.5,0,2,0,0,0,,,,0.0,100.0,0.0,0.0,0.0
Q113136815,1,137.0,137.0,2.0,2.0,1.0,1.0,3.0,3.0,0,0,1,0,0,,,,0.0,0.0,100.0,0.0,0.0
Q113137439,1,103.0,103.0,1.0,1.0,1.0,1.0,8.0,8.0,0,0,1,0,0,,,,0.0,0.0,100.0,0.0,0.0
Q113143833,1,212.0,212.0,2.0,2.0,1.0,1.0,6.0,6.0,0,0,1,0,0,,,,0.0,0.0,100.0,0.0,0.0
Q113143855,1,212.0,212.0,2.0,2.0,1.0,1.0,6.0,6.0,0,0,1,0,0,,,,0.0,0.0,100.0,0.0,0.0
Q113144300,2,661.0,661.0,1.0,1.0,0.5,0.5,3.0,3.0,1,1,1,0,0,,,,50.0,50.0,50.0,0.0,0.0
Q113145171,322,124.0,354.61,1.0,3.87,0.0,0.73,6.0,11.95,71,162,227,53,23,,,,22.05,50.31,70.5,16.46,7.14
Q113147341,2,56.0,56.0,1.0,1.0,0.5,0.5,7.5,7.5,0,1,2,0,0,,,,0.0,50.0,100.0,0.0,0.0
Q113147985,4,185.0,304.5,0.0,0.25,1.0,1.0,3.5,7.25,3,0,2,1,0,,,,75.0,0.0,50.0,25.0,0.0
Q11315,2,145.0,145.0,0.0,0.0,1.5,1.5,1.0,1.0,2,0,2,2,0,shopping center,сауда орталығы,торговый центр,100.0,0.0,100.0,100.0,0.0
Q113164444,1,154.0,154.0,0.0,0.0,0.0,0.0,6.0,6.0,1,1,1,1,1,,,,100.0,100.0,100.0,100.0,100.0
Q1131951,1,481.0,481.0,0.0,0.0,0.0,0.0,0.0,0.0,1,1,0,0,0,,,,100.0,100.0,0.0,0.0,0.0
Q1132460,1,632.0,632.0,1.0,1.0,1.0,1.0,39.0,39.0,0,0,0,0,0,,,,0.0,0.0,0.0,0.0,0.0
Q113255208,1,241.0,241.0,2.0,2.0,1.0,1.0,11.0,11.0,0,0,1,0,0,,,,0.0,0.0,100.0,0.0,0.0
Q1132681,1,752.0,752.0,1.0,1.0,2.0,2.0,19.0,19.0,0,0,0,0,0,,,,0.0,0.0,0.0,0.0,0.0
Q1133563,1,817.0,817.0,2.0,2.0,3.0,3.0,0.0,0.0,0,0,0,0,0,,,,0.0,0.0,0.0,0.0,0.0
Q11338907,1,216.0,216.0,2.0,2.0,1.0,1.0,19.0,19.0,0,0,1,0,0,,,,0.0,0.0,100.0,0.0,0.0
Q1134237,1,1317.0,1317.0,17.0,17.0,0.0,0.0,12.0,12.0,0,1,0,0,0,,,,0.0,100.0,0.0,0.0,0.0
Q11344,118,371.5,500.1,1.0,1.61,1.0,1.2,12.0,19.9,50,9,22,10,4,,,,42.37,7.63,18.64,8.47,3.39
Q11345,3,66.0,136.33,1.0,2.33,0.0,0.33,4.0,7.33,0,2,2,0,0,,,,0.0,66.67,66.67,0.0,0.0
Q113455515,1,2484.0,2484.0,73.0,73.0,1.0,1.0,2.0,2.0,0,0,0,0,0,,,,0.0,0.0,0.0,0.0,0.0
Q1134686,177,277.0,277.38,0.0,0.01,0.0,0.05,3.0,3.11,176,168,1,1,1,,,,99.44,94.92,0.56,0.56,0.56
Q11348,7,206.0,536.71,1.0,1.86,0.0,0.43,6.0,6.57,2,5,4,1,1,,,,28.57,71.43,57.14,14.29,14.29
Q11349558,2,135.5,135.5,1.5,1.5,0.5,0.5,5.0,5.0,0,1,2,0,0,,,,0.0,50.0,100.0,0.0,0.0
Q113505412,1,54.0,54.0,1.0,1.0,1.0,1.0,6.0,6.0,0,0,1,0,0,,,,0.0,0.0,100.0,0.0,0.0
Q113517220,1,348.0,348.0,0.0,0.0,1.0,1.0,15.0,15.0,1,0,0,0,0,,,,100.0,0.0,0.0,0.0,0.0
Q113551581,2,83.5,83.5,0.5,0.5,0.5,0.5,5.5,5.5,1,1,2,1,0,,,,50.0,50.0,100.0,50.0,0.0
Q113551587,2,127.0,127.0,1.0,1.0,1.5,1.5,7.0,7.0,0,0,2,0,0,,,,0.0,0.0,100.0,0.0,0.0
Q113551758,1,73.0,73.0,1.0,1.0,0.0,0.0,3.0,3.0,0,1,1,0,0,,,,0.0,100.0,100.0,0.0,0.0
Q1135557,1,1088.0,1088.0,18.0,18.0,0.0,0.0,66.0,66.0,0,1,0,0,0,,,,0.0,100.0,0.0,0.0,0.0
Q1135567,1,146.0,146.0,1.0,1.0,0.0,0.0,7.0,7.0,0,1,1,0,0,,,,0.0,100.0,100.0,0.0,0.0
Q113560245,1,157.0,157.0,4.0,4.0,0.0,0.0,14.0,14.0,0,1,1,0,0,,,,0.0,100.0,100.0,0.0,0.0
Q113560339,1,389.0,389.0,4.0,4.0,0.0,0.0,4.0,4.0,0,1,0,0,0,,,,0.0,100.0,0.0,0.0,0.0
Q1135914,1,524.0,524.0,3.0,3.0,1.0,1.0,37.0,37.0,0,0,0,0,0,,,,0.0,0.0,0.0,0.0,0.0
Q113594218,1,121.0,121.0,0.0,0.0,0.0,0.0,11.0,11.0,1,1,1,1,1,,,,100.0,100.0,100.0,100.0,100.0
Q1136183,1,443.0,443.0,8.0,8.0,0.0,0.0,16.0,16.0,0,1,0,0,0,,,,0.0,100.0,0.0,0.0,0.0
Q113644093,1,81.0,81.0,1.0,1.0,0.0,0.0,4.0,4.0,0,1,1,0,0,,,,0.0,100.0,100.0,0.0,0.0
Q1136456,1,646.0,646.0,7.0,7.0,1.0,1.0,11.0,11.0,0,0,0,0,0,,,,0.0,0.0,0.0,0.0,0.0
Q113657383,3,131.0,637.0,1.0,1.33,1.0,0.67,29.0,72.33,0,1,2,0,0,,,,0.0,33.33,66.67,0.0,0.0
Q11368,1,3390.0,3390.0,22.0,22.0,2.0,2.0,55.0,55.0,0,0,0,0,0,,,,0.0,0.0,0.0,0.0,0.0
Q1136880,4,275.0,321.5,0.5,0.5,0.5,0.5,40.0,42.5,2,2,2,2,0,,,,50.0,50.0,50.0,50.0,0.0
Q113696181,1,213.0,213.0,0.0,0.0,2.0,2.0,10.0,10.0,1,0,1,1,0,,,,100.0,0.0,100.0,100.0,0.0
Q113709736,2,165.0,165.0,3.0,3.0,0.0,0.0,3.5,3.5,1,2,2,1,1,,,,50.0,100.0,100.0,50.0,50.0
Q11371,4,223.5,226.25,1.5,1.5,0.0,0.0,7.5,8.25,0,4,2,0,0,,,,0.0,100.0,50.0,0.0,0.0
Q1137109,8,264.0,984.25,2.5,9.75,0.5,1.75,15.5,39.12,3,4,3,2,1,,,,37.5,50.0,37.5,25.0,12.5
Q113711189,1,388.0,388.0,0.0,0.0,1.0,1.0,8.0,8.0,1,0,0,0,0,,,,100.0,0.0,0.0,0.0,0.0
Q1137468,1,68.0,68.0,1.0,1.0,0.0,0.0,3.0,3.0,0,1,1,0,0,,,,0.0,100.0,100.0,0.0,0.0
Q11376059,1,876.0,876.0,30.0,30.0,1.0,1.0,20.0,20.0,0,0,0,0,0,,,,0.0,0.0,0.0,0.0,0.0
Q11378315,1,37.0,37.0,1.0,1.0,1.0,1.0,4.0,4.0,0,0,1,0,0,,,,0.0,0.0,100.0,0.0,0.0
Q1137833,11,88.0,130.09,0.0,0.09,0.0,0.73,7.0,8.91,10,6,10,10,6,,,,90.91,54.55,90.91,90.91,54.55
Q11379,2,127.0,127.0,1.0,1.0,0.0,0.0,3.5,3.5,0,2,2,0,0,,,,0.0,100.0,100.0,0.0,0.0
Q113791292,2,735.0,735.0,2.0,2.0,0.5,0.5,35.0,35.0,1,1,0,0,0,,,,50.0,50.0,0.0,0.0,0.0
Q113813711,7,124.0,202.14,0.0,1.14,1.0,2.0,9.0,10.14,4,1,4,4,0,coin type,coin type,тип монеты,57.14,14.29,57.14,57.14,0.0
Q1138279,2,740.5,740.5,2.5,2.5,0.0,0.0,31.5,31.5,0,2,0,0,0,,,,0.0,100.0,0.0,0.0,0.0
Q11384,1,2045.0,2045.0,2.0,2.0,6.0,6.0,71.0,71.0,0,0,0,0,0,,,,0.0,0.0,0.0,0.0,0.0
Q1138494,1,253.0,253.0,0.0,0.0,1.0,1.0,3.0,3.0,1,0,0,0,0,,,,100.0,0.0,0.0,0.0,0.0
Q1138571,1,3362.0,3362.0,0.0,0.0,2.0,2.0,14.0,14.0,1,0,0,0,0,,,,100.0,0.0,0.0,0.0,0.0
Q11386,2,192.5,192.5,0.5,0.5,0.5,0.5,9.0,9.0,1,1,1,1,0,,,,50.0,50.0,50.0,50.0,0.0
Q11387,334,249.0,254.64,0.0,0.04,0.0,0.04,16.0,16.05,333,333,175,175,175,,,,99.7,99.7,52.4,52.4,52.4
Q1139327,1,1950.0,1950.0,56.0,56.0,0.0,0.0,68.0,68.0,0,1,0,0,0,,,,0.0,100.0,0.0,0.0,0.0
Q1139400,1,213.0,213.0,1.0,1.0,1.0,1.0,12.0,12.0,0,0,1,0,0,,,,0.0,0.0,100.0,0.0,0.0
Q113940039,1,927.0,927.0,34.0,34.0,0.0,0.0,35.0,35.0,0,1,0,0,0,,,,0.0,100.0,0.0,0.0,0.0
Q11394721,1,87.0,87.0,0.0,0.0,0.0,0.0,10.0,10.0,1,1,1,1,1,,,,100.0,100.0,100.0,100.0,100.0
Q11394918,1,177.0,177.0,2.0,2.0,0.0,0.0,5.0,5.0,0,1,1,0,0,,,,0.0,100.0,100.0,0.0,0.0
Q1139493,1,467.0,467.0,0.0,0.0,0.0,0.0,2.0,2.0,1,1,0,0,0,,,,100.0,100.0,0.0,0.0,0.0
Q11394958,1,4454.0,4454.0,92.0,92.0,15.0,15.0,189.0,189.0,0,0,0,0,0,,,,0.0,0.0,0.0,0.0,0.0
Q11395,1,118.0,118.0,0.0,0.0,1.0,1.0,5.0,5.0,1,0,1,1,0,,,,100.0,0.0,100.0,100.0,0.0
Q113952023,1,187.0,187.0,3.0,3.0,0.0,0.0,9.0,9.0,0,1,1,0,0,,,,0.0,100.0,100.0,0.0,0.0
Q11396118,1,1267.0,1267.0,1.0,1.0,2.0,2.0,104.0,104.0,0,0,0,0,0,,,,0.0,0.0,0.0,0.0,0.0
Q1139665,1,589.0,589.0,2.0,2.0,0.0,0.0,11.0,11.0,0,1,0,0,0,,,,0.0,100.0,0.0,0.0,0.0
Q11396960,15,236.0,370.8,1.0,1.93,0.0,0.53,10.0,13.4,6,9,8,5,4,,,,40.0,60.0,53.33,33.33,26.67
Q113976623,3,324.0,297.67,1.0,1.33,0.0,0.67,23.0,22.67,1,2,1,1,1,,,,33.33,66.67,33.33,33.33,33.33
Q11398,1,122.0,122.0,2.0,2.0,0.0,0.0,3.0,3.0,0,1,1,0,0,,,,0.0,100.0,100.0,0.0,0.0
Q11398090,1,169.0,169.0,1.0,1.0,1.0,1.0,4.0,4.0,0,0,1,0,0,,,,0.0,0.0,100.0,0.0,0.0
Q113988536,1,1261.0,1261.0,2.0,2.0,1.0,1.0,7.0,7.0,0,0,0,0,0,recurring religious event,recurring religious event,recurring religious event,0.0,0.0,0.0,0.0,0.0
Q113990168,1,437.0,437.0,4.0,4.0,0.0,0.0,59.0,59.0,0,1,0,0,0,,,,0.0,100.0,0.0,0.0,0.0
Q113990212,5,568.0,790.6,5.0,7.2,0.0,0.0,40.0,59.0,0,5,0,0,0,,,,0.0,100.0,0.0,0.0,0.0
Q11402,1,158.0,158.0,0.0,0.0,0.0,0.0,1.0,1.0,1,1,1,1,1,,,,100.0,100.0,100.0,100.0,100.0
Q1140229,1,809.0,809.0,2.0,2.0,2.0,2.0,121.0,121.0,0,0,0,0,0,,,,0.0,0.0,0.0,0.0,0.0
Q1140308,1,294.0,294.0,2.0,2.0,1.0,1.0,8.0,8.0,0,0,0,0,0,,,,0.0,0.0,0.0,0.0,0.0
Q1140332,2,310.0,310.0,2.5,2.5,0.5,0.5,18.5,18.5,0,1,1,0,0,,,,0.0,50.0,50.0,0.0,0.0
Q1140371,1,58.0,58.0,2.0,2.0,1.0,1.0,1.0,1.0,0,0,1,0,0,national identification number,national identification number,национальный идентификационный номер,0.0,0.0,100.0,0.0,0.0
Q114041309,2,1561.5,1561.5,31.0,31.0,4.0,4.0,24.5,24.5,0,0,0,0,0,,,,0.0,0.0,0.0,0.0,0.0
Q11406,1,31.0,31.0,0.0,0.0,0.0,0.0,0.0,0.0,1,1,1,1,1,,,,100.0,100.0,100.0,100.0,100.0
Q1140845,2,297.5,297.5,3.0,3.0,0.0,0.0,11.0,11.0,0,2,0,0,0,,,,0.0,100.0,0.0,0.0,0.0
Q11410,9,148.0,174.22,1.0,0.67,0.0,0.67,4.0,5.22,3,6,8,3,3,game,ойын,игра,33.33,66.67,88.89,33.33,33.33
Q1141323,1,4028.0,4028.0,22.0,22.0,6.0,6.0,215.0,215.0,0,0,0,0,0,,,,0.0,0.0,0.0,0.0,0.0
Q1141470,1,271.0,271.0,4.0,4.0,2.0,2.0,6.0,6.0,0,0,0,0,0,,,,0.0,0.0,0.0,0.0,0.0
Q11416,1,102.0,102.0,1.0,1.0,0.0,0.0,4.0,4.0,0,1,1,0,0,,,,0.0,100.0,100.0,0.0,0.0
Q11416914,4,297.5,292.25,1.0,1.25,1.0,1.25,10.0,10.5,0,0,1,0,0,,,,0.0,0.0,25.0,0.0,0.0
Q11418818,1,413.0,413.0,2.0,2.0,0.0,0.0,7.0,7.0,0,1,0,0,0,,,,0.0,100.0,0.0,0.0,0.0
Q1142192,1,131.0,131.0,3.0,3.0,1.0,1.0,3.0,3.0,0,0,1,0,0,,,,0.0,0.0,100.0,0.0,0.0
Q11422,1,123.0,123.0,1.0,1.0,1.0,1.0,5.0,5.0,0,0,1,0,0,,,,0.0,0.0,100.0,0.0,0.0
Q11422368,6,414.0,473.0,0.5,1.33,1.0,0.83,16.0,21.33,3,2,1,1,1,,,,50.0,33.33,16.67,16.67,16.67
Q11422536,34,412.0,535.29,0.0,2.24,0.0,0.59,32.5,40.26,20,19,11,8,6,,,,58.82,55.88,32.35,23.53,17.65
Q11422542,2,3314.5,3314.5,42.0,42.0,14.0,14.0,87.5,87.5,0,0,0,0,0,,,,0.0,0.0,0.0,0.0,0.0
Q11422631,3,930.0,649.67,0.0,4.0,0.0,1.67,15.0,17.67,2,2,1,1,1,,,,66.67,66.67,33.33,33.33,33.33
Q1142281,1,675.0,675.0,10.0,10.0,1.0,1.0,35.0,35.0,0,0,0,0,0,,,,0.0,0.0,0.0,0.0,0.0
Q11424,689,365.0,632.64,1.0,5.18,0.0,0.17,24.0,31.95,189,612,154,57,55,,,,27.43,88.82,22.35,8.27,7.98
Q11424100,6,98.5,258.67,1.0,1.67,0.5,0.67,4.5,5.33,0,3,5,0,0,,,,0.0,50.0,83.33,0.0,0.0
Q11426,2,518.5,518.5,0.5,0.5,1.0,1.0,24.5,24.5,1,0,0,0,0,,,,50.0,0.0,0.0,0.0,0.0
Q11427,1,62.0,62.0,0.0,0.0,0.0,0.0,6.0,6.0,1,1,1,1,1,,,,100.0,100.0,100.0,100.0,100.0
Q1142726,1,779.0,779.0,20.0,20.0,0.0,0.0,9.0,9.0,0,1,0,0,0,,,,0.0,100.0,0.0,0.0,0.0
Q11429744,1,1031.0,1031.0,33.0,33.0,1.0,1.0,48.0,48.0,0,0,0,0,0,,,,0.0,0.0,0.0,0.0,0.0
Q11430,3,132.0,124.0,1.0,0.67,1.0,1.33,5.0,5.0,1,0,3,1,0,,,,33.33,0.0,100.0,33.33,0.0
Q11430310,1,1401.0,1401.0,30.0,30.0,0.0,0.0,38.0,38.0,0,1,0,0,0,,,,0.0,100.0,0.0,0.0,0.0
Q11430323,1,137.0,137.0,2.0,2.0,0.0,0.0,6.0,6.0,0,1,1,0,0,,,,0.0,100.0,100.0,0.0,0.0
Q11430552,1,592.0,592.0,11.0,11.0,0.0,0.0,33.0,33.0,0,1,0,0,0,,,,0.0,100.0,0.0,0.0,0.0
Q1143070,1,81.0,81.0,0.0,0.0,1.0,1.0,7.0,7.0,1,0,1,1,0,,,,100.0,0.0,100.0,100.0,0.0
Q11432,6,358.5,564.33,2.0,3.17,1.0,1.17,18.0,25.33,2,1,0,0,0,,,,33.33,16.67,0.0,0.0,0.0
Q1143371,1,3265.0,3265.0,1.0,1.0,4.0,4.0,16.0,16.0,0,0,0,0,0,,,,0.0,0.0,0.0,0.0,0.0
Q11435,1,75.0,75.0,1.0,1.0,1.0,1.0,1.0,1.0,0,0,1,0,0,,,,0.0,0.0,100.0,0.0,0.0
Q11436,2,192.0,192.0,1.0,1.0,0.0,0.0,9.5,9.5,1,2,2,1,1,,,,50.0,100.0,100.0,50.0,50.0
Q1143635,3,284.0,1566.33,6.0,36.33,1.0,0.67,12.0,43.33,1,1,1,1,1,,,,33.33,33.33,33.33,33.33,33.33
Q114392939,2,526.5,526.5,1.0,1.0,4.5,4.5,37.0,37.0,0,0,0,0,0,,,,0.0,0.0,0.0,0.0,0.0
Q114401982,1,665.0,665.0,2.0,2.0,3.0,3.0,17.0,17.0,0,0,0,0,0,,,,0.0,0.0,0.0,0.0,0.0
Q114424400,1,327.0,327.0,3.0,3.0,0.0,0.0,12.0,12.0,0,1,0,0,0,,,,0.0,100.0,0.0,0.0,0.0
Q1144504,1,724.0,724.0,3.0,3.0,2.0,2.0,6.0,6.0,0,0,0,0,0,,,,0.0,0.0,0.0,0.0,0.0
Q1144560,1,117.0,117.0,1.0,1.0,1.0,1.0,1.0,1.0,0,0,1,0,0,,,,0.0,0.0,100.0,0.0,0.0
Q11446,1,497.0,497.0,1.0,1.0,2.0,2.0,31.0,31.0,0,0,0,0,0,,,,0.0,0.0,0.0,0.0,0.0
Q114466,1,943.0,943.0,0.0,0.0,0.0,0.0,8.0,8.0,1,1,0,0,0,,,,100.0,100.0,0.0,0.0,0.0
Q1144882,1,2893.0,2893.0,24.0,24.0,1.0,1.0,23.0,23.0,0,0,0,0,0,,,,0.0,0.0,0.0,0.0,0.0
Q11448906,11,365.0,923.91,4.0,13.91,1.0,10.91,22.0,57.27,1,2,4,1,0,science award,science award,научная награда,9.09,18.18,36.36,9.09,0.0
Q1144899,1,147.0,147.0,1.0,1.0,1.0,1.0,4.0,4.0,0,0,1,0,0,,,,0.0,0.0,100.0,0.0,0.0
Q114496982,3,502.0,861.67,3.0,8.33,0.0,1.67,22.0,20.67,0,2,0,0,0,,,,0.0,66.67,0.0,0.0,0.0
Q1145012,5,142.0,122.4,0.0,0.0,1.0,0.6,13.0,11.4,5,2,5,5,2,,,,100.0,40.0,100.0,100.0,40.0
Q1145276,1,229.0,229.0,4.0,4.0,1.0,1.0,7.0,7.0,0,0,1,0,0,,,,0.0,0.0,100.0,0.0,0.0
Q11453,3,115.0,545.0,1.0,3.0,0.0,0.33,3.0,3.0,0,2,2,0,0,,,,0.0,66.67,66.67,0.0,0.0
Q1145523,1,152.0,152.0,0.0,0.0,1.0,1.0,0.0,0.0,1,0,1,1,0,,,,100.0,0.0,100.0,100.0,0.0
Q114570820,1,199.0,199.0,2.0,2.0,1.0,1.0,8.0,8.0,0,0,1,0,0,,,,0.0,0.0,100.0,0.0,0.0
Q11460,4,157.0,167.25,0.5,1.0,1.5,2.0,8.0,8.25,2,1,3,1,0,clothing,киім,одежда,50.0,25.0,75.0,25.0,0.0
Q1146001,1,242.0,242.0,0.0,0.0,1.0,1.0,4.0,4.0,1,0,1,1,0,,,,100.0,0.0,100.0,100.0,0.0
Q1146011,1,210.0,210.0,3.0,3.0,1.0,1.0,11.0,11.0,0,0,1,0,0,,,,0.0,0.0,100.0,0.0,0.0
Q114608872,5,444.0,577.6,0.0,1.0,0.0,0.6,14.0,23.8,3,3,2,2,1,,,,60.0,60.0,40.0,40.0,20.0
Q114609228,120,481.0,921.41,0.0,1.61,3.0,4.18,35.0,77.12,86,55,9,5,5,recurring sporting event edition,recurring sporting event edition,версия повторяющегося спортивного события,71.67,45.83,7.5,4.17,4.17
Q11461,2,103.5,103.5,0.5,0.5,0.0,0.0,0.0,0.0,1,2,2,1,1,,,,50.0,100.0,100.0,50.0,50.0
Q114617315,1,805.0,805.0,20.0,20.0,0.0,0.0,31.0,31.0,0,1,0,0,0,,,,0.0,100.0,0.0,0.0,0.0
Q114703463,1,898.0,898.0,15.0,15.0,0.0,0.0,33.0,33.0,0,1,0,0,0,,,,0.0,100.0,0.0,0.0,0.0
Q11471,1,350.0,350.0,1.0,1.0,1.0,1.0,12.0,12.0,0,0,0,0,0,,,,0.0,0.0,0.0,0.0,0.0
Q1147171,3,357.0,353.67,5.0,4.0,2.0,2.67,2.0,2.33,0,0,0,0,0,,,,0.0,0.0,0.0,0.0,0.0
Q11472,1,36.0,36.0,1.0,1.0,0.0,0.0,0.0,0.0,0,1,1,0,0,,,,0.0,100.0,100.0,0.0,0.0
Q1147226,1,2414.0,2414.0,50.0,50.0,1.0,1.0,84.0,84.0,0,0,0,0,0,,,,0.0,0.0,0.0,0.0,0.0
Q1147274,1,1462.0,1462.0,8.0,8.0,5.0,5.0,28.0,28.0,0,0,0,0,0,,,,0.0,0.0,0.0,0.0,0.0
Q1147395,8,83.0,544.38,1.0,1.12,1.0,2.12,5.5,24.75,3,3,6,2,0,,,,37.5,37.5,75.0,25.0,0.0
Q11474,1,85.0,85.0,2.0,2.0,2.0,2.0,3.0,3.0,0,0,1,0,0,,,,0.0,0.0,100.0,0.0,0.0
Q1147660,2,105.5,105.5,1.0,1.0,0.0,0.0,0.0,0.0,0,2,2,0,0,,,,0.0,100.0,100.0,0.0,0.0
Q114782406,1,96.0,96.0,1.0,1.0,3.0,3.0,5.0,5.0,0,0,1,0,0,,,,0.0,0.0,100.0,0.0,0.0
Q1147867,1,358.0,358.0,12.0,12.0,1.0,1.0,8.0,8.0,0,0,0,0,0,,,,0.0,0.0,0.0,0.0,0.0
Q1148018,1,168.0,168.0,0.0,0.0,1.0,1.0,1.0,1.0,1,0,1,1,0,,,,100.0,0.0,100.0,100.0,0.0
Q11482498,1,398.0,398.0,1.0,1.0,1.0,1.0,5.0,5.0,0,0,0,0,0,,,,0.0,0.0,0.0,0.0,0.0
Q114834437,1,882.0,882.0,26.0,26.0,4.0,4.0,18.0,18.0,0,0,0,0,0,,,,0.0,0.0,0.0,0.0,0.0
Q11483816,11,381.0,475.18,1.0,1.82,1.0,0.55,12.0,35.82,5,5,4,2,0,,,,45.45,45.45,36.36,18.18,0.0
Q1148747,2,102.0,102.0,0.5,0.5,0.5,0.5,12.5,12.5,1,1,2,1,0,,,,50.0,50.0,100.0,50.0,0.0
Q11487880,1,102.0,102.0,1.0,1.0,0.0,0.0,2.0,2.0,0,1,1,0,0,,,,0.0,100.0,100.0,0.0,0.0
Q11488158,9,72.0,155.11,1.0,1.78,0.0,0.22,6.0,7.33,1,7,7,1,1,,,,11.11,77.78,77.78,11.11,11.11
Q1148887,5,338.0,462.2,0.0,0.4,2.0,2.0,4.0,8.0,3,0,1,1,0,,,,60.0,0.0,20.0,20.0,0.0
Q114901705,1,1804.0,1804.0,38.0,38.0,1.0,1.0,69.0,69.0,0,0,0,0,0,,,,0.0,0.0,0.0,0.0,0.0
Q1149061,2,481.5,481.5,7.5,7.5,0.5,0.5,30.5,30.5,1,1,1,1,1,language area,language area,языковое пространство,50.0,50.0,50.0,50.0,50.0
Q11490636,1,198.0,198.0,2.0,2.0,0.0,0.0,11.0,11.0,0,1,1,0,0,,,,0.0,100.0,100.0,0.0,0.0
Q11492827,1,553.0,553.0,0.0,0.0,0.0,0.0,10.0,10.0,1,1,0,0,0,,,,100.0,100.0,0.0,0.0,0.0
Q1149305,1,118.0,118.0,1.0,1.0,0.0,0.0,15.0,15.0,0,1,1,0,0,,,,0.0,100.0,100.0,0.0,0.0
Q114948502,2,608.5,608.5,2.5,2.5,1.0,1.0,26.5,26.5,0,1,0,0,0,,,,0.0,50.0,0.0,0.0,0.0
Q114953,1,742.0,742.0,1.0,1.0,0.0,0.0,1.0,1.0,0,1,0,0,0,,,,0.0,100.0,0.0,0.0,0.0
Q114962596,23,281.0,882.48,2.0,4.48,0.0,1.74,14.0,39.52,4,12,9,3,1,,,,17.39,52.17,39.13,13.04,4.35
Q1149626,4,107.0,330.75,0.0,0.25,0.5,0.5,9.5,10.25,3,2,3,3,1,,,,75.0,50.0,75.0,75.0,25.0
Q11499141,1,44.0,44.0,1.0,1.0,0.0,0.0,2.0,2.0,0,1,1,0,0,,,,0.0,100.0,100.0,0.0,0.0
Q11499334,4,140.0,176.0,1.0,1.0,0.0,0.0,4.5,6.25,0,4,3,0,0,,,,0.0,100.0,75.0,0.0,0.0
Q11499915,1,190.0,190.0,0.0,0.0,0.0,0.0,19.0,19.0,1,1,1,1,1,,,,100.0,100.0,100.0,100.0,100.0
Q1150070,1,40.0,40.0,1.0,1.0,0.0,0.0,2.0,2.0,0,1,1,0,0,,,,0.0,100.0,100.0,0.0,0.0
Q115089,1,196.0,196.0,0.0,0.0,1.0,1.0,0.0,0.0,1,0,1,1,0,,,,100.0,0.0,100.0,100.0,0.0
Q1151067,4,137.0,135.75,0.0,0.25,0.0,0.5,1.0,1.75,3,3,4,3,2,,,,75.0,75.0,100.0,75.0,50.0
Q1151284,143,256.0,251.41,0.0,0.0,0.0,0.0,16.0,14.35,143,143,58,58,58,,,,100.0,100.0,40.56,40.56,40.56
Q115135140,2,2423.0,2423.0,3.0,3.0,20.5,20.5,138.0,138.0,0,1,0,0,0,futsal competition,futsal competition,соревнование по футзалу,0.0,50.0,0.0,0.0,0.0
Q115140070,1,237.0,237.0,0.0,0.0,0.0,0.0,2.0,2.0,1,1,1,1,1,,,,100.0,100.0,100.0,100.0,100.0
Q1151405,1,458.0,458.0,0.0,0.0,1.0,1.0,11.0,11.0,1,0,0,0,0,,,,100.0,0.0,0.0,0.0,0.0
Q11514315,57,704.0,1189.6,1.0,4.65,1.0,3.3,29.0,53.95,20,22,14,5,3,,,,35.09,38.6,24.56,8.77,5.26
Q1151934,1,42.0,42.0,1.0,1.0,0.0,0.0,2.0,2.0,0,1,1,0,0,,,,0.0,100.0,100.0,0.0,0.0
Q11519377,1,91.0,91.0,1.0,1.0,0.0,0.0,6.0,6.0,0,1,1,0,0,,,,0.0,100.0,100.0,0.0,0.0
Q115211517,23,93.0,129.17,1.0,1.26,0.0,0.17,4.0,5.26,2,20,22,1,0,,,,8.7,86.96,95.65,4.35,0.0
Q115240484,1,736.0,736.0,2.0,2.0,0.0,0.0,25.0,25.0,0,1,0,0,0,,,,0.0,100.0,0.0,0.0,0.0
Q1153014,1,57.0,57.0,1.0,1.0,1.0,1.0,6.0,6.0,0,0,1,0,0,,,,0.0,0.0,100.0,0.0,0.0
Q115305900,7,962.0,965.29,17.0,23.0,0.0,0.29,24.0,26.29,0,5,0,0,0,,,,0.0,71.43,0.0,0.0,0.0
Q1153191,7,438.0,336.86,1.0,1.86,0.0,0.14,23.0,28.71,2,6,3,2,1,online newspaper,online newspaper,интернет-издание,28.57,85.71,42.86,28.57,14.29
Q115326462,2,618.5,618.5,1.5,1.5,0.0,0.0,12.0,12.0,0,2,1,0,0,,,,0.0,100.0,50.0,0.0,0.0
Q115328490,3,2507.0,2861.33,10.0,12.67,2.0,1.67,120.0,394.33,0,1,0,0,0,,,,0.0,33.33,0.0,0.0,0.0
Q115328854,1,665.0,665.0,0.0,0.0,0.0,0.0,30.0,30.0,1,1,0,0,0,,,,100.0,100.0,0.0,0.0,0.0
Q115328930,1,418.0,418.0,1.0,1.0,1.0,1.0,11.0,11.0,0,0,0,0,0,,,,0.0,0.0,0.0,0.0,0.0
Q11533936,2,1779.5,1779.5,40.5,40.5,1.0,1.0,76.0,76.0,0,1,0,0,0,,,,0.0,50.0,0.0,0.0,0.0
Q1153408,1,349.0,349.0,0.0,0.0,0.0,0.0,4.0,4.0,1,1,0,0,0,,,,100.0,100.0,0.0,0.0,0.0
Q1153429,2,108.0,108.0,1.5,1.5,2.0,2.0,9.0,9.0,0,0,2,0,0,,,,0.0,0.0,100.0,0.0,0.0
Q115346835,2,214.0,214.0,1.5,1.5,1.0,1.0,13.5,13.5,0,0,1,0,0,temperate steppe,temperate steppe,temperate steppe,0.0,0.0,50.0,0.0,0.0
Q115368,1,265.0,265.0,2.0,2.0,1.0,1.0,16.0,16.0,0,0,0,0,0,,,,0.0,0.0,0.0,0.0,0.0
Q115368202,2,69.0,69.0,1.0,1.0,0.0,0.0,1.5,1.5,0,2,2,0,0,,,,0.0,100.0,100.0,0.0,0.0
Q1153690,1,295.0,295.0,3.0,3.0,1.0,1.0,12.0,12.0,0,0,0,0,0,,,,0.0,0.0,0.0,0.0,0.0
Q115410539,1,84.0,84.0,0.0,0.0,2.0,2.0,3.0,3.0,1,0,1,1,0,,,,100.0,0.0,100.0,100.0,0.0
Q11541386,1,163.0,163.0,0.0,0.0,1.0,1.0,3.0,3.0,1,0,1,1,0,,,,100.0,0.0,100.0,100.0,0.0
Q115427560,1,441.0,441.0,3.0,3.0,1.0,1.0,16.0,16.0,0,0,0,0,0,,,,0.0,0.0,0.0,0.0,0.0
Q115449479,1,253.0,253.0,0.0,0.0,0.0,0.0,2.0,2.0,1,1,0,0,0,,,,100.0,100.0,0.0,0.0,0.0
Q115456878,3,860.0,660.0,4.0,3.0,1.0,0.67,19.0,23.67,1,1,1,0,0,,,,33.33,33.33,33.33,0.0,0.0
Q11546969,1,64.0,64.0,0.0,0.0,0.0,0.0,0.0,0.0,1,1,1,1,1,,,,100.0,100.0,100.0,100.0,100.0
Q115470079,1,2511.0,2511.0,79.0,79.0,1.0,1.0,80.0,80.0,0,0,0,0,0,,,,0.0,0.0,0.0,0.0,0.0
Q1154710,89,249.0,284.16,1.0,1.2,1.0,0.64,11.0,13.37,33,42,45,20,10,association football venue,association football venue,футбольный стадион,37.08,47.19,50.56,22.47,11.24
Q115471117,1,245.0,245.0,5.0,5.0,0.0,0.0,16.0,16.0,0,1,1,0,0,,,,0.0,100.0,100.0,0.0,0.0
Q11549661,1,72.0,72.0,1.0,1.0,1.0,1.0,3.0,3.0,0,0,1,0,0,,,,0.0,0.0,100.0,0.0,0.0
Q115517227,1,805.0,805.0,20.0,20.0,0.0,0.0,31.0,31.0,0,1,0,0,0,,,,0.0,100.0,0.0,0.0,0.0
Q115518,150,254.0,249.64,0.0,0.0,0.0,0.0,13.5,13.37,150,150,65,65,65,,,,100.0,100.0,43.33,43.33,43.33
Q1155404,3,154.0,438.33,1.0,2.0,1.0,24.33,0.0,11.67,0,1,2,0,0,,,,0.0,33.33,66.67,0.0,0.0
Q11556633,2,197.0,197.0,2.0,2.0,1.0,1.0,15.0,15.0,0,0,1,0,0,,,,0.0,0.0,50.0,0.0,0.0
Q115583846,1,75.0,75.0,1.0,1.0,0.0,0.0,0.0,0.0,0,1,1,0,0,,,,0.0,100.0,100.0,0.0,0.0
Q11559088,1,136.0,136.0,1.0,1.0,1.0,1.0,14.0,14.0,0,0,1,0,0,,,,0.0,0.0,100.0,0.0,0.0
Q115606891,2,167.0,167.0,1.0,1.0,1.0,1.0,1.5,1.5,0,1,2,0,0,,,,0.0,50.0,100.0,0.0,0.0
Q1156073,4,481.0,465.5,0.0,0.0,0.5,0.75,52.5,49.0,4,2,0,0,0,,,,100.0,50.0,0.0,0.0,0.0
Q115616667,3,85.0,186.0,1.0,0.67,0.0,0.33,4.0,5.33,1,2,2,0,0,,,,33.33,66.67,66.67,0.0,0.0
Q11564376,3,974.0,1061.33,1.0,0.67,1.0,1.0,71.0,66.67,1,1,0,0,0,,,,33.33,33.33,0.0,0.0,0.0
Q1156659,1,950.0,950.0,10.0,10.0,0.0,0.0,7.0,7.0,0,1,0,0,0,,,,0.0,100.0,0.0,0.0,0.0
Q11566792,1,158.0,158.0,0.0,0.0,0.0,0.0,9.0,9.0,1,1,1,1,1,,,,100.0,100.0,100.0,100.0,100.0
Q1156686,2,100.0,100.0,0.5,0.5,0.5,0.5,3.5,3.5,1,1,2,1,1,,,,50.0,50.0,100.0,50.0,50.0
Q1156739,1,234.0,234.0,1.0,1.0,0.0,0.0,9.0,9.0,0,1,1,0,0,,,,0.0,100.0,100.0,0.0,0.0
Q1156831,4,183.0,302.75,1.0,0.75,0.0,0.25,16.5,33.0,1,3,3,0,0,,,,25.0,75.0,75.0,0.0,0.0
Q1156854,6,162.0,910.83,1.0,3.83,0.0,0.17,7.5,16.83,0,5,4,0,0,,,,0.0,83.33,66.67,0.0,0.0
Q1156875,1,81.0,81.0,1.0,1.0,1.0,1.0,2.0,2.0,0,0,1,0,0,,,,0.0,0.0,100.0,0.0,0.0
Q1157107,1,99.0,99.0,0.0,0.0,2.0,2.0,3.0,3.0,1,0,1,1,0,,,,100.0,0.0,100.0,100.0,0.0
Q11571545,1,896.0,896.0,0.0,0.0,2.0,2.0,9.0,9.0,1,0,0,0,0,,,,100.0,0.0,0.0,0.0,0.0
Q115722011,1,126.0,126.0,3.0,3.0,0.0,0.0,4.0,4.0,0,1,1,0,0,,,,0.0,100.0,100.0,0.0,0.0
Q115740682,79,275.0,273.27,0.0,0.0,0.0,0.0,3.0,3.0,79,79,0,0,0,,,,100.0,100.0,0.0,0.0,0.0
Q115758881,1,96.0,96.0,2.0,2.0,1.0,1.0,2.0,2.0,0,0,1,0,0,,,,0.0,0.0,100.0,0.0,0.0
Q115820013,1,362.0,362.0,0.0,0.0,0.0,0.0,13.0,13.0,1,1,0,0,0,,,,100.0,100.0,0.0,0.0,0.0
Q115839789,2,107.0,107.0,1.0,1.0,0.0,0.0,3.0,3.0,0,2,2,0,0,basketball club,basketball club,баскетбольный клуб,0.0,100.0,100.0,0.0,0.0
Q115857096,1,399.0,399.0,0.0,0.0,0.0,0.0,17.0,17.0,1,1,0,0,0,aspect of history in a geographic region,aspect of history in a geographic region,исторический аспект в географическом регионе,100.0,100.0,0.0,0.0,0.0
Q115859699,4,192.5,358.0,1.5,1.5,0.0,0.25,11.5,23.25,1,3,2,1,1,,,,25.0,75.0,50.0,25.0,25.0
Q115859704,3,43.0,430.33,0.0,0.67,2.0,1.33,6.0,18.33,2,1,2,2,1,,,,66.67,33.33,66.67,66.67,33.33
Q11588709,1,896.0,896.0,0.0,0.0,2.0,2.0,9.0,9.0,1,0,0,0,0,,,,100.0,0.0,0.0,0.0,0.0
Q115915867,3,2536.0,2676.33,3.0,2.67,18.0,15.67,383.0,374.0,0,0,0,0,0,,,,0.0,0.0,0.0,0.0,0.0
Q115927938,1,72.0,72.0,1.0,1.0,1.0,1.0,4.0,4.0,0,0,1,0,0,,,,0.0,0.0,100.0,0.0,0.0
Q115949945,6,603.0,756.83,2.5,3.0,1.0,2.33,21.0,21.0,1,0,1,0,0,,,,16.67,0.0,16.67,0.0,0.0
Q116,1,23.0,23.0,1.0,1.0,0.0,0.0,6.0,6.0,0,1,1,0,0,,,,0.0,100.0,100.0,0.0,0.0
Q116048824,1,577.0,577.0,8.0,8.0,0.0,0.0,11.0,11.0,0,1,0,0,0,,,,0.0,100.0,0.0,0.0,0.0
Q116052725,1,684.0,684.0,5.0,5.0,1.0,1.0,37.0,37.0,0,0,0,0,0,,,,0.0,0.0,0.0,0.0,0.0
Q116053282,1,65.0,65.0,0.0,0.0,1.0,1.0,3.0,3.0,1,0,1,1,0,,,,100.0,0.0,100.0,100.0,0.0
Q1160573,17,155.0,193.35,1.0,0.94,0.0,0.76,7.0,8.0,4,9,15,3,2,,,,23.53,52.94,88.24,17.65,11.76
Q11606,2,254.5,254.5,0.5,0.5,0.5,0.5,47.0,47.0,1,1,1,1,0,,,,50.0,50.0,50.0,50.0,0.0
Q11606300,3,357.0,353.67,5.0,4.0,2.0,2.67,2.0,2.33,0,0,0,0,0,,,,0.0,0.0,0.0,0.0,0.0
Q1160695,1,648.0,648.0,4.0,4.0,5.0,5.0,17.0,17.0,0,0,0,0,0,,,,0.0,0.0,0.0,0.0,0.0
Q11610935,1,798.0,798.0,14.0,14.0,1.0,1.0,8.0,8.0,0,0,0,0,0,,,,0.0,0.0,0.0,0.0,0.0
Q1161185,8,199.0,298.38,0.5,0.88,0.5,0.62,2.5,4.25,4,4,5,3,2,,,,50.0,50.0,62.5,37.5,25.0
Q116188668,1,375.0,375.0,8.0,8.0,0.0,0.0,14.0,14.0,0,1,0,0,0,,,,0.0,100.0,0.0,0.0,0.0
Q11620651,1,1213.0,1213.0,31.0,31.0,2.0,2.0,32.0,32.0,0,0,0,0,0,,,,0.0,0.0,0.0,0.0,0.0
Q1162172,1,1585.0,1585.0,1.0,1.0,2.0,2.0,22.0,22.0,0,0,0,0,0,,,,0.0,0.0,0.0,0.0,0.0
Q1162817,1,216.0,216.0,1.0,1.0,2.0,2.0,14.0,14.0,0,0,1,0,0,,,,0.0,0.0,100.0,0.0,0.0
Q116291701,2,697.0,697.0,3.0,3.0,2.5,2.5,31.0,31.0,0,0,0,0,0,,,,0.0,0.0,0.0,0.0,0.0
Q11630531,1,248.0,248.0,0.0,0.0,0.0,0.0,2.0,2.0,1,1,1,1,1,,,,100.0,100.0,100.0,100.0,100.0
Q11634820,1,605.0,605.0,0.0,0.0,2.0,2.0,13.0,13.0,1,0,0,0,0,,,,100.0,0.0,0.0,0.0,0.0
Q116374627,29,712.0,1283.0,1.0,2.55,2.0,3.24,14.0,46.55,8,1,1,0,0,,,,27.59,3.45,3.45,0.0,0.0
Q11639,1,63.0,63.0,1.0,1.0,0.0,0.0,1.0,1.0,0,1,1,0,0,,,,0.0,100.0,100.0,0.0,0.0
Q11639620,2,410.0,410.0,1.5,1.5,10.0,10.0,47.5,47.5,0,1,1,0,0,,,,0.0,50.0,50.0,0.0,0.0
Q11639848,1,543.0,543.0,3.0,3.0,0.0,0.0,6.0,6.0,0,1,0,0,0,,,,0.0,100.0,0.0,0.0,0.0
Q11640129,3,116.0,193.0,0.0,0.67,1.0,0.67,6.0,7.67,2,1,2,2,1,,,,66.67,33.33,66.67,66.67,33.33
Q11644432,1,42.0,42.0,1.0,1.0,0.0,0.0,3.0,3.0,0,1,1,0,0,,,,0.0,100.0,100.0,0.0,0.0
Q116457956,5976,300.0,301.6,1.0,0.84,0.0,0.09,6.0,6.65,947,5418,0,0,0,,,,15.85,90.66,0.0,0.0,0.0
Q116460050,14,116.0,280.93,1.5,2.79,0.0,0.43,7.5,9.71,1,11,11,1,1,,,,7.14,78.57,78.57,7.14,7.14
Q116474095,7,113.0,124.57,1.0,1.43,1.0,0.71,7.0,8.0,1,2,7,1,0,,,,14.29,28.57,100.0,14.29,0.0
Q116476516,20,313.5,475.65,1.0,0.9,0.0,0.5,9.0,11.3,9,13,9,4,3,,,,45.0,65.0,45.0,20.0,15.0
Q116479606,1,102.0,102.0,0.0,0.0,1.0,1.0,9.0,9.0,1,0,1,1,0,,,,100.0,0.0,100.0,100.0,0.0
Q116479765,1,112.0,112.0,0.0,0.0,1.0,1.0,2.0,2.0,1,0,1,1,0,,,,100.0,0.0,100.0,100.0,0.0
Q116481801,5,130.0,170.4,1.0,1.4,0.0,0.0,4.0,9.2,1,5,3,0,0,,,,20.0,100.0,60.0,0.0,0.0
Q116505632,31,139.0,371.23,1.0,1.52,0.0,0.81,7.0,10.9,5,20,18,3,0,,,,16.13,64.52,58.06,9.68,0.0
Q11653,5,83.0,87.4,1.0,0.8,0.0,0.2,6.0,4.2,1,4,5,1,1,,,,20.0,80.0,100.0,20.0,20.0
Q1165822,2,200.5,200.5,2.0,2.0,0.5,0.5,6.5,6.5,0,1,1,0,0,,,,0.0,50.0,50.0,0.0,0.0
Q1165838,2,370.0,370.0,0.5,0.5,0.5,0.5,40.5,40.5,1,1,1,1,0,,,,50.0,50.0,50.0,50.0,0.0
Q1165944,2,111.5,111.5,1.0,1.0,0.5,0.5,8.0,8.0,0,1,2,0,0,,,,0.0,50.0,100.0,0.0,0.0
Q11659512,2,161.5,161.5,1.5,1.5,0.5,0.5,6.0,6.0,0,1,2,0,0,,,,0.0,50.0,100.0,0.0,0.0
Q116597750,1,763.0,763.0,0.0,0.0,0.0,0.0,68.0,68.0,1,1,0,0,0,association football derby,association football derby,дерби (футбол),100.0,100.0,0.0,0.0,0.0
Q116621859,52,309.0,308.87,1.0,0.83,1.0,0.52,8.0,7.19,9,25,0,0,0,,,,17.31,48.08,0.0,0.0,0.0
Q116634,1,898.0,898.0,15.0,15.0,0.0,0.0,33.0,33.0,0,1,0,0,0,,,,0.0,100.0,0.0,0.0,0.0
Q1166625,4,391.0,373.25,2.0,2.0,1.0,1.5,13.5,11.5,0,1,1,0,0,,,,0.0,25.0,25.0,0.0,0.0
Q11666901,3,215.0,844.67,1.0,1.0,0.0,0.67,9.0,9.67,1,2,2,1,1,,,,33.33,66.67,66.67,33.33,33.33
Q11668217,2,179.5,179.5,0.5,0.5,1.5,1.5,7.5,7.5,1,0,2,1,0,,,,50.0,0.0,100.0,50.0,0.0
Q116732893,1,1136.0,1136.0,3.0,3.0,1.0,1.0,15.0,15.0,0,0,0,0,0,,,,0.0,0.0,0.0,0.0,0.0
Q1167393,7,162.0,170.86,1.0,1.43,0.0,0.14,6.0,6.43,0,6,6,0,0,,,,0.0,85.71,85.71,0.0,0.0
Q116741026,2,281.0,281.0,0.5,0.5,1.0,1.0,33.5,33.5,1,0,1,0,0,,,,50.0,0.0,50.0,0.0,0.0
Q116742203,7,119.0,136.86,1.0,1.14,1.0,0.57,3.0,5.71,0,3,6,0,0,,,,0.0,42.86,85.71,0.0,0.0
Q116748678,6,106.0,168.17,1.0,1.17,0.0,0.17,3.5,3.67,0,5,5,0,0,,,,0.0,83.33,83.33,0.0,0.0
Q116777014,4,946.0,998.75,24.5,25.0,0.0,0.25,29.5,31.75,0,3,0,0,0,,,,0.0,75.0,0.0,0.0,0.0
Q116780996,1,326.0,326.0,3.0,3.0,1.0,1.0,3.0,3.0,0,0,0,0,0,,,,0.0,0.0,0.0,0.0,0.0
Q116795925,2,777.5,777.5,4.5,4.5,1.5,1.5,10.5,10.5,0,0,0,0,0,,,,0.0,0.0,0.0,0.0,0.0
Q116796557,2,145.5,145.5,1.5,1.5,0.0,0.0,9.0,9.0,0,2,2,0,0,,,,0.0,100.0,100.0,0.0,0.0
Q116861721,4,485.5,441.0,1.5,1.5,2.0,2.25,7.5,10.0,0,1,1,0,0,,,,0.0,25.0,25.0,0.0,0.0
Q116869372,1,182.0,182.0,2.0,2.0,2.0,2.0,4.0,4.0,0,0,1,0,0,,,,0.0,0.0,100.0,0.0,0.0
Q11687019,7,439.0,517.14,1.0,1.29,1.0,1.29,22.0,31.43,2,2,0,0,0,,,,28.57,28.57,0.0,0.0,0.0
Q11688446,7,138.0,195.29,1.0,3.0,1.0,1.14,7.0,8.43,3,0,5,2,0,,,,42.86,0.0,71.43,28.57,0.0
Q11691,7,318.0,1317.0,1.0,13.86,1.0,1.43,16.0,30.43,1,2,3,1,1,stock exchange,Қор биржасы,фондовая биржа,14.29,28.57,42.86,14.29,14.29
Q116961403,3,685.0,694.67,15.0,17.67,0.0,0.0,15.0,22.0,0,3,0,0,0,,,,0.0,100.0,0.0,0.0,0.0
Q116961643,1,136.0,136.0,0.0,0.0,0.0,0.0,7.0,7.0,1,1,1,1,1,,,,100.0,100.0,100.0,100.0,100.0
Q11696608,5,119.0,125.2,1.0,0.8,0.0,0.4,6.0,11.6,1,3,5,1,0,,,,20.0,60.0,100.0,20.0,0.0
Q116978815,1,136.0,136.0,1.0,1.0,2.0,2.0,5.0,5.0,0,0,1,0,0,,,,0.0,0.0,100.0,0.0,0.0
Q116979266,2,1119.5,1119.5,8.0,8.0,0.0,0.0,31.0,31.0,1,2,1,1,1,,,,50.0,100.0,50.0,50.0,50.0
Q117023459,3,295.0,342.67,1.0,2.33,2.0,1.33,10.0,19.0,0,1,1,0,0,,,,0.0,33.33,33.33,0.0,0.0
Q11702690,2,177.0,177.0,0.5,0.5,0.5,0.5,21.0,21.0,1,1,1,1,1,,,,50.0,50.0,50.0,50.0,50.0
Q11707,1,59.0,59.0,1.0,1.0,0.0,0.0,2.0,2.0,0,1,1,0,0,restaurant,мейрамхана,ресторан,0.0,100.0,100.0,0.0,0.0
Q117085740,1,290.0,290.0,5.0,5.0,0.0,0.0,3.0,3.0,0,1,0,0,0,,,,0.0,100.0,0.0,0.0,0.0
Q117086260,1,72.0,72.0,1.0,1.0,0.0,0.0,2.0,2.0,0,1,1,0,0,national field hockey team,national field hockey team,сборная по хоккею на траве,0.0,100.0,100.0,0.0,0.0
Q117089018,1,456.0,456.0,1.0,1.0,0.0,0.0,19.0,19.0,0,1,0,0,0,,,,0.0,100.0,0.0,0.0,0.0
Q117185304,1,3918.0,3918.0,1.0,1.0,3.0,3.0,8.0,8.0,0,0,0,0,0,,,,0.0,0.0,0.0,0.0,0.0
Q117209127,1,348.0,348.0,11.0,11.0,0.0,0.0,21.0,21.0,0,1,0,0,0,,,,0.0,100.0,0.0,0.0,0.0
Q117209621,1,599.0,599.0,8.0,8.0,0.0,0.0,13.0,13.0,0,1,0,0,0,,,,0.0,100.0,0.0,0.0,0.0
Q117214267,1,1049.0,1049.0,10.0,10.0,0.0,0.0,17.0,17.0,0,1,0,0,0,,,,0.0,100.0,0.0,0.0,0.0
Q1172284,2,670.0,670.0,15.0,15.0,1.5,1.5,24.5,24.5,0,1,1,0,0,,,,0.0,50.0,50.0,0.0,0.0
Q1172354,2,285.0,285.0,2.0,2.0,0.5,0.5,12.0,12.0,1,1,0,0,0,,,,50.0,50.0,0.0,0.0,0.0
Q1172367,1,317.0,317.0,4.0,4.0,0.0,0.0,7.0,7.0,0,1,0,0,0,,,,0.0,100.0,0.0,0.0,0.0
Q117246174,3,1397.0,1278.33,41.0,31.67,1.0,0.67,34.0,34.0,0,1,0,0,0,,,,0.0,33.33,0.0,0.0,0.0
Q1172480,1,73.0,73.0,1.0,1.0,1.0,1.0,1.0,1.0,0,0,1,0,0,,,,0.0,0.0,100.0,0.0,0.0
Q1172540,1,81.0,81.0,1.0,1.0,0.0,0.0,0.0,0.0,0,1,1,0,0,,,,0.0,100.0,100.0,0.0,0.0
Q11727006,1,216.0,216.0,1.0,1.0,2.0,2.0,14.0,14.0,0,0,1,0,0,,,,0.0,0.0,100.0,0.0,0.0
Q117313237,1,39.0,39.0,1.0,1.0,0.0,0.0,3.0,3.0,0,1,1,0,0,,,,0.0,100.0,100.0,0.0,0.0
Q11732217,49,299.0,302.06,1.0,0.94,0.0,0.02,6.0,6.06,3,48,0,0,0,,,,6.12,97.96,0.0,0.0,0.0
Q117349473,2,778.5,778.5,24.5,24.5,0.0,0.0,29.5,29.5,0,2,0,0,0,,,,0.0,100.0,0.0,0.0,0.0
Q117349475,1,2177.0,2177.0,6.0,6.0,0.0,0.0,20.0,20.0,0,1,0,0,0,,,,0.0,100.0,0.0,0.0,0.0
Q117356127,1,2023.0,2023.0,7.0,7.0,1.0,1.0,7.0,7.0,0,0,0,0,0,,,,0.0,0.0,0.0,0.0,0.0
Q117409271,1,289.0,289.0,3.0,3.0,3.0,3.0,18.0,18.0,0,0,0,0,0,,,,0.0,0.0,0.0,0.0,0.0
Q11741560,1,233.0,233.0,1.0,1.0,1.0,1.0,3.0,3.0,0,0,1,0,0,,,,0.0,0.0,100.0,0.0,0.0
Q11742076,2,356.5,356.5,1.5,1.5,1.0,1.0,24.5,24.5,1,0,1,1,0,,,,50.0,0.0,50.0,50.0,0.0
Q117430963,1,2524.0,2524.0,4.0,4.0,0.0,0.0,11.0,11.0,0,1,0,0,0,,,,0.0,100.0,0.0,0.0,0.0
Q117430967,1,5615.0,5615.0,35.0,35.0,15.0,15.0,37.0,37.0,0,0,0,0,0,,,,0.0,0.0,0.0,0.0,0.0
Q11743865,2,134.5,134.5,0.0,0.0,0.0,0.0,9.5,9.5,2,2,2,2,2,,,,100.0,100.0,100.0,100.0,100.0
Q11744698,1,208.0,208.0,2.0,2.0,0.0,0.0,5.0,5.0,0,1,1,0,0,,,,0.0,100.0,100.0,0.0,0.0
Q117467246,29,318.0,682.41,1.0,3.1,0.0,0.31,10.0,19.83,13,23,8,2,2,,,,44.83,79.31,27.59,6.9,6.9
Q117473207,1,302.0,302.0,1.0,1.0,0.0,0.0,1.0,1.0,0,1,0,0,0,,,,0.0,100.0,0.0,0.0,0.0
Q1174791,1,69.0,69.0,1.0,1.0,0.0,0.0,5.0,5.0,0,1,1,0,0,,,,0.0,100.0,100.0,0.0,0.0
Q11753232,1,2120.0,2120.0,49.0,49.0,8.0,8.0,34.0,34.0,0,0,0,0,0,,,,0.0,0.0,0.0,0.0,0.0
Q117536249,1,201.0,201.0,2.0,2.0,1.0,1.0,0.0,0.0,0,0,1,0,0,,,,0.0,0.0,100.0,0.0,0.0
Q1175512,3,311.0,256.0,0.0,0.0,0.0,0.0,6.0,5.67,3,3,1,1,1,,,,100.0,100.0,33.33,33.33,33.33
Q1175522,5,328.0,286.4,0.0,0.0,0.0,0.0,6.0,6.4,5,5,1,1,1,,,,100.0,100.0,20.0,20.0,20.0
Q11755880,1,249.0,249.0,1.0,1.0,0.0,0.0,11.0,11.0,0,1,1,0,0,,,,0.0,100.0,100.0,0.0,0.0
Q11765,1,119.0,119.0,2.0,2.0,0.0,0.0,9.0,9.0,0,1,1,0,0,,,,0.0,100.0,100.0,0.0,0.0
Q11771944,1,97.0,97.0,1.0,1.0,0.0,0.0,2.0,2.0,0,1,1,0,0,,,,0.0,100.0,100.0,0.0,0.0
Q11774149,1,463.0,463.0,1.0,1.0,5.0,5.0,13.0,13.0,0,0,0,0,0,,,,0.0,0.0,0.0,0.0,0.0
Q11777618,5,414.0,797.8,1.0,1.2,1.0,1.6,11.0,25.4,2,0,0,0,0,,,,40.0,0.0,0.0,0.0,0.0
Q11780435,2,142.5,142.5,0.5,0.5,0.0,0.0,19.5,19.5,1,2,2,1,1,,,,50.0,100.0,100.0,50.0,50.0
Q117819338,1,820.0,820.0,0.0,0.0,0.0,0.0,11.0,11.0,1,1,0,0,0,women's volleyball club,women's volleyball club,женский волейбольный клуб,100.0,100.0,0.0,0.0,0.0
Q11783626,11,1920.0,2280.64,1.0,1.09,4.0,6.45,217.0,222.09,5,3,0,0,0,athletics meeting,athletics meeting,соревнование по лёгкой атлетике,45.45,27.27,0.0,0.0,0.0
Q11784935,2,345.5,345.5,1.5,1.5,1.5,1.5,3.0,3.0,1,0,0,0,0,,,,50.0,0.0,0.0,0.0,0.0
Q117850,8,86.0,111.0,1.0,1.25,0.0,0.38,4.5,7.75,1,6,7,1,1,,,,12.5,75.0,87.5,12.5,12.5
Q11790198,1,453.0,453.0,1.0,1.0,1.0,1.0,25.0,25.0,0,0,0,0,0,,,,0.0,0.0,0.0,0.0,0.0
Q11790203,32,266.0,394.59,1.0,1.16,0.0,0.75,14.5,20.03,9,17,15,4,3,,,,28.12,53.12,46.88,12.5,9.38
Q11790686,1,173.0,173.0,0.0,0.0,0.0,0.0,4.0,4.0,1,1,1,1,1,,,,100.0,100.0,100.0,100.0,100.0
Q1179466,6,662.5,747.17,1.5,3.83,0.0,0.33,43.5,51.83,2,4,0,0,0,,,,33.33,66.67,0.0,0.0,0.0
Q11796413,3,387.0,432.67,2.0,2.67,1.0,0.67,10.0,24.0,0,1,1,0,0,decoration,decoration,знак отличия,0.0,33.33,33.33,0.0,0.0
Q117987,1,96.0,96.0,1.0,1.0,0.0,0.0,6.0,6.0,0,1,1,0,0,,,,0.0,100.0,100.0,0.0,0.0
Q11802343,3,622.0,970.0,3.0,3.33,5.0,4.0,35.0,34.0,1,0,1,1,0,,,,33.33,0.0,33.33,33.33,0.0
Q1180262,14,300.0,336.21,0.0,1.36,0.0,0.36,7.5,8.36,8,10,0,0,0,,,,57.14,71.43,0.0,0.0,0.0
Q11812394,25,654.0,707.0,2.0,3.36,0.0,0.44,18.0,20.64,0,18,3,0,0,theatre company,theatre company,театральная организация,0.0,72.0,12.0,0.0,0.0
Q118140435,8,337.0,786.25,5.5,10.12,0.0,1.38,17.5,38.5,1,7,4,1,1,,,,12.5,87.5,50.0,12.5,12.5
Q1181413,2,489.0,489.0,1.0,1.0,1.0,1.0,5.5,5.5,0,0,0,0,0,,,,0.0,0.0,0.0,0.0,0.0
Q11815167,22,714.5,848.77,6.0,5.82,0.0,0.45,44.5,47.73,0,15,0,0,0,,,,0.0,68.18,0.0,0.0,0.0
Q11818508,1,73.0,73.0,1.0,1.0,0.0,0.0,5.0,5.0,0,1,1,0,0,,,,0.0,100.0,100.0,0.0,0.0
Q118188609,2,597.0,597.0,0.0,0.0,0.0,0.0,55.0,55.0,2,2,0,0,0,beach soccer competition,beach soccer competition,соревнование по пляжному футболу,100.0,100.0,0.0,0.0,0.0
Q11820611,1,581.0,581.0,2.0,2.0,0.0,0.0,37.0,37.0,0,1,0,0,0,,,,0.0,100.0,0.0,0.0,0.0
Q11822917,3,581.0,482.0,4.0,3.33,1.0,1.33,8.0,13.67,0,1,1,0,0,,,,0.0,33.33,33.33,0.0,0.0
Q11826511,1,206.0,206.0,1.0,1.0,0.0,0.0,18.0,18.0,0,1,1,0,0,,,,0.0,100.0,100.0,0.0,0.0
Q11828004,10,1379.0,1866.3,9.5,10.9,2.5,4.2,63.0,76.2,2,2,0,0,0,,,,20.0,20.0,0.0,0.0,0.0
Q118340725,3,1436.0,1436.0,14.0,16.33,0.0,2.0,76.0,69.0,0,2,0,0,0,,,,0.0,66.67,0.0,0.0,0.0
Q1183543,23,62.0,122.13,1.0,1.22,0.0,0.35,3.0,4.39,1,16,21,1,1,,,,4.35,69.57,91.3,4.35,4.35
Q11836899,1,173.0,173.0,0.0,0.0,0.0,0.0,4.0,4.0,1,1,1,1,1,,,,100.0,100.0,100.0,100.0,100.0
Q11838743,1,42.0,42.0,1.0,1.0,2.0,2.0,7.0,7.0,0,0,1,0,0,,,,0.0,0.0,100.0,0.0,0.0
Q1184244,1,29.0,29.0,1.0,1.0,1.0,1.0,0.0,0.0,0,0,1,0,0,,,,0.0,0.0,100.0,0.0,0.0
Q118455743,1,367.0,367.0,0.0,0.0,1.0,1.0,12.0,12.0,1,0,0,0,0,,,,100.0,0.0,0.0,0.0,0.0
Q118496986,1,465.0,465.0,0.0,0.0,0.0,0.0,69.0,69.0,1,1,0,0,0,,,,100.0,100.0,0.0,0.0,0.0
Q118498024,1,902.0,902.0,0.0,0.0,0.0,0.0,120.0,120.0,1,1,0,0,0,,,,100.0,100.0,0.0,0.0,0.0
Q118498250,1,141.0,141.0,2.0,2.0,0.0,0.0,2.0,2.0,0,1,1,0,0,,,,0.0,100.0,100.0,0.0,0.0
Q1185241,1,489.0,489.0,0.0,0.0,0.0,0.0,7.0,7.0,1,1,0,0,0,,,,100.0,100.0,0.0,0.0,0.0
Q1185694,1,57.0,57.0,1.0,1.0,0.0,0.0,2.0,2.0,0,1,1,0,0,,,,0.0,100.0,100.0,0.0,0.0
Q1185865,1,2086.0,2086.0,39.0,39.0,0.0,0.0,107.0,107.0,0,1,0,0,0,,,,0.0,100.0,0.0,0.0,0.0
Q118612017,4,701.0,675.5,5.0,7.0,1.5,1.25,24.0,26.0,2,1,1,1,0,,,,50.0,25.0,25.0,25.0,0.0
Q11862829,452,285.5,591.33,1.0,2.71,0.0,1.06,12.0,25.99,57,237,203,33,25,,,,12.61,52.43,44.91,7.3,5.53
Q1186399,1,427.0,427.0,6.0,6.0,0.0,0.0,27.0,27.0,0,1,0,0,0,,,,0.0,100.0,0.0,0.0,0.0
Q1186723,1,2794.0,2794.0,0.0,0.0,0.0,0.0,44.0,44.0,1,1,0,0,0,,,,100.0,100.0,0.0,0.0,0.0
Q1187145,1,443.0,443.0,12.0,12.0,0.0,0.0,16.0,16.0,0,1,0,0,0,,,,0.0,100.0,0.0,0.0,0.0
Q11871901,5,585.0,563.0,2.0,2.0,1.0,1.0,53.0,52.8,0,1,2,0,0,,,,0.0,20.0,40.0,0.0,0.0
Q118733512,2,348.5,348.5,0.5,0.5,1.5,1.5,9.0,9.0,1,0,1,0,0,,,,50.0,0.0,50.0,0.0,0.0
Q118733587,13,258.0,382.15,2.0,2.15,1.0,1.85,12.0,14.62,1,1,6,0,0,,,,7.69,7.69,46.15,0.0,0.0
Q11876497,2,729.5,729.5,8.0,8.0,0.0,0.0,10.0,10.0,0,2,0,0,0,,,,0.0,100.0,0.0,0.0,0.0
Q1187704,1,138.0,138.0,1.0,1.0,1.0,1.0,4.0,4.0,0,0,1,0,0,,,,0.0,0.0,100.0,0.0,0.0
Q1187811,68,299.5,409.13,0.0,1.24,0.5,0.81,6.0,13.04,38,34,10,9,8,,,,55.88,50.0,14.71,13.24,11.76
Q11879590,2,249.5,249.5,2.0,2.0,0.0,0.0,9.0,9.0,1,2,1,0,0,,,,50.0,100.0,50.0,0.0,0.0
Q11881845,4,468.0,616.5,3.0,8.75,1.5,2.0,17.0,22.5,0,0,1,0,0,,,,0.0,0.0,25.0,0.0,0.0
Q1188648,1,557.0,557.0,3.0,3.0,1.0,1.0,20.0,20.0,0,0,0,0,0,,,,0.0,0.0,0.0,0.0,0.0
Q1188663,5,293.0,1810.4,5.0,28.2,2.0,4.0,13.0,85.6,0,0,1,0,0,,,,0.0,0.0,20.0,0.0,0.0
Q1188693,2,304.0,304.0,1.0,1.0,1.0,1.0,13.0,13.0,1,0,1,1,0,,,,50.0,0.0,50.0,50.0,0.0
Q118872183,2,65.5,65.5,1.0,1.0,0.5,0.5,15.0,15.0,0,1,2,0,0,,,,0.0,50.0,100.0,0.0,0.0
Q118896406,1,284.0,284.0,0.0,0.0,1.0,1.0,6.0,6.0,1,0,0,0,0,,,,100.0,0.0,0.0,0.0,0.0
Q1189816,4,106.0,714.25,1.0,1.5,0.0,0.25,10.0,27.75,1,3,3,1,1,,,,25.0,75.0,75.0,25.0,25.0
Q1190554,21,237.0,332.0,1.0,4.38,0.0,0.29,9.0,14.24,3,17,11,1,1,occurrence,occurrence,событие,14.29,80.95,52.38,4.76,4.76
Q1191065,1,513.0,513.0,2.0,2.0,1.0,1.0,34.0,34.0,0,0,0,0,0,,,,0.0,0.0,0.0,0.0,0.0
Q1191127,1,1179.0,1179.0,1.0,1.0,2.0,2.0,16.0,16.0,0,0,0,0,0,,,,0.0,0.0,0.0,0.0,0.0
Q1191255,1,1530.0,1530.0,1.0,1.0,3.0,3.0,111.0,111.0,0,0,0,0,0,,,,0.0,0.0,0.0,0.0,0.0
Q119143679,3,242.0,261.67,2.0,2.33,0.0,0.33,13.0,14.0,0,2,2,0,0,,,,0.0,66.67,66.67,0.0,0.0
Q11914866,4,71.5,73.0,0.0,0.0,0.5,0.75,22.5,18.25,4,2,4,4,2,,,,100.0,50.0,100.0,100.0,50.0
Q11914869,1,65.0,65.0,0.0,0.0,1.0,1.0,18.0,18.0,1,0,1,1,0,,,,100.0,0.0,100.0,100.0,0.0
Q1191702,7,243.0,481.71,1.0,1.86,2.0,1.86,9.0,19.0,1,1,4,1,0,,,,14.29,14.29,57.14,14.29,0.0
Q119173073,1,387.0,387.0,0.0,0.0,1.0,1.0,13.0,13.0,1,0,0,0,0,,,,100.0,0.0,0.0,0.0,0.0
Q1191925,1,65.0,65.0,1.0,1.0,0.0,0.0,2.0,2.0,0,1,1,0,0,,,,0.0,100.0,100.0,0.0,0.0
Q1192063,14,162.0,235.79,1.0,2.0,0.0,0.14,7.5,11.07,2,13,9,2,2,,,,14.29,92.86,64.29,14.29,14.29
Q11920938,2,435.0,435.0,1.5,1.5,0.0,0.0,11.5,11.5,0,2,0,0,0,,,,0.0,100.0,0.0,0.0,0.0
Q1192114,1,52.0,52.0,1.0,1.0,0.0,0.0,1.0,1.0,0,1,1,0,0,,,,0.0,100.0,100.0,0.0,0.0
Q119228985,1,122.0,122.0,0.0,0.0,1.0,1.0,7.0,7.0,1,0,1,1,0,,,,100.0,0.0,100.0,100.0,0.0
Q119253,5,142.0,148.0,1.0,1.0,0.0,0.0,3.0,4.0,1,5,4,1,1,,,,20.0,100.0,80.0,20.0,20.0
Q1192543,2,335.5,335.5,0.5,0.5,0.5,0.5,8.5,8.5,1,1,1,1,1,,,,50.0,50.0,50.0,50.0,50.0
Q119268920,1,240.0,240.0,3.0,3.0,2.0,2.0,6.0,6.0,0,0,1,0,0,,,,0.0,0.0,100.0,0.0,0.0
Q1193236,1,409.0,409.0,7.0,7.0,0.0,0.0,17.0,17.0,0,1,0,0,0,news media,news media,новостные СМИ,0.0,100.0,0.0,0.0,0.0
Q1193246,1,189.0,189.0,0.0,0.0,1.0,1.0,10.0,10.0,1,0,1,1,0,,,,100.0,0.0,100.0,100.0,0.0
Q119328980,1,941.0,941.0,4.0,4.0,0.0,0.0,20.0,20.0,0,1,0,0,0,,,,0.0,100.0,0.0,0.0,0.0
Q1194040,2,167.0,167.0,1.0,1.0,0.5,0.5,4.5,4.5,1,1,2,1,0,,,,50.0,50.0,100.0,50.0,0.0
Q1194093,13,343.0,756.15,1.0,5.46,1.0,1.23,18.0,33.62,4,5,6,2,1,,,,30.77,38.46,46.15,15.38,7.69
Q1194674,1,1478.0,1478.0,21.0,21.0,1.0,1.0,21.0,21.0,0,0,0,0,0,,,,0.0,0.0,0.0,0.0,0.0
Q1194894,1,211.0,211.0,2.0,2.0,0.0,0.0,4.0,4.0,0,1,1,0,0,,,,0.0,100.0,100.0,0.0,0.0
Q1194951,1,305.0,305.0,0.0,0.0,0.0,0.0,8.0,8.0,1,1,0,0,0,national sports team,national sports team,сборная,100.0,100.0,0.0,0.0,0.0
Q1194970,2,354.5,354.5,3.0,3.0,0.5,0.5,14.0,14.0,1,1,0,0,0,,,,50.0,50.0,0.0,0.0,0.0
Q119520394,4,430.5,386.75,2.5,2.5,1.0,1.0,10.5,17.25,0,1,2,0,0,,,,0.0,25.0,50.0,0.0,0.0
Q11959954,1,57.0,57.0,0.0,0.0,0.0,0.0,3.0,3.0,1,1,1,1,1,,,,100.0,100.0,100.0,100.0,100.0
Q1196371,1,113.0,113.0,1.0,1.0,0.0,0.0,9.0,9.0,0,1,1,0,0,,,,0.0,100.0,100.0,0.0,0.0
Q1196827,1,132.0,132.0,1.0,1.0,0.0,0.0,5.0,5.0,0,1,1,0,0,,,,0.0,100.0,100.0,0.0,0.0
Q1197685,22,239.0,339.82,1.5,3.95,0.0,0.27,11.5,18.0,5,17,11,2,2,public holiday,public holiday,государственный праздник,22.73,77.27,50.0,9.09,9.09
Q11976924,6,103.5,150.83,1.0,2.33,0.0,0.33,4.0,7.83,0,4,5,0,0,,,,0.0,66.67,83.33,0.0,0.0
Q119820518,3,553.0,490.0,1.0,1.33,3.0,3.0,24.0,26.33,0,0,0,0,0,,,,0.0,0.0,0.0,0.0,0.0
Q11985577,1,181.0,181.0,1.0,1.0,0.0,0.0,16.0,16.0,0,1,1,0,0,,,,0.0,100.0,100.0,0.0,0.0
Q119890273,1,176.0,176.0,1.0,1.0,0.0,0.0,4.0,4.0,0,1,1,0,0,,,,0.0,100.0,100.0,0.0,0.0
Q119892838,26,92.0,140.35,1.0,1.54,1.0,0.65,8.0,8.88,0,11,23,0,0,,,,0.0,42.31,88.46,0.0,0.0
Q119896085,17,105.0,162.65,1.0,1.65,1.0,0.94,4.0,8.59,5,6,12,4,1,,,,29.41,35.29,70.59,23.53,5.88
Q1199125,1,694.0,694.0,1.0,1.0,0.0,0.0,73.0,73.0,0,1,0,0,0,,,,0.0,100.0,0.0,0.0,0.0
Q11999303,2,330.0,330.0,1.0,1.0,0.0,0.0,4.5,4.5,0,2,1,0,0,,,,0.0,100.0,50.0,0.0,0.0
Q1200186,1,162.0,162.0,0.0,0.0,1.0,1.0,9.0,9.0,1,0,1,1,0,,,,100.0,0.0,100.0,100.0,0.0
Q1200524,1,129.0,129.0,2.0,2.0,1.0,1.0,6.0,6.0,0,0,1,0,0,,,,0.0,0.0,100.0,0.0,0.0
Q1200532,1,240.0,240.0,0.0,0.0,0.0,0.0,0.0,0.0,1,1,1,1,1,,,,100.0,100.0,100.0,100.0,100.0
Q12006758,1,43.0,43.0,1.0,1.0,0.0,0.0,4.0,4.0,0,1,1,0,0,,,,0.0,100.0,100.0,0.0,0.0
Q1200957,34,390.0,751.35,1.5,4.29,1.0,2.53,8.0,18.74,15,11,6,5,4,,,,44.12,32.35,17.65,14.71,11.76
Q1200992,1,257.0,257.0,2.0,2.0,0.0,0.0,16.0,16.0,0,1,0,0,0,,,,0.0,100.0,0.0,0.0,0.0
Q120121699,2,1298.5,1298.5,3.5,3.5,3.5,3.5,72.5,72.5,0,0,1,0,0,,,,0.0,0.0,50.0,0.0,0.0
Q12014176,5,789.0,898.8,3.0,3.2,0.0,0.2,59.0,54.2,1,4,0,0,0,,,,20.0,80.0,0.0,0.0,0.0
Q12015335,12,224.0,422.92,1.0,1.33,1.0,0.75,12.5,25.33,5,5,8,5,2,,,,41.67,41.67,66.67,41.67,16.67
Q1201815,2,74.0,74.0,1.0,1.0,0.5,0.5,2.5,2.5,0,1,2,0,0,,,,0.0,50.0,100.0,0.0,0.0
Q12018175,1,86.0,86.0,1.0,1.0,1.0,1.0,18.0,18.0,0,0,1,0,0,,,,0.0,0.0,100.0,0.0,0.0
Q12019965,2,657.5,657.5,1.0,1.0,0.0,0.0,14.5,14.5,1,2,0,0,0,,,,50.0,100.0,0.0,0.0,0.0
Q12020884,3,439.0,692.33,0.0,3.33,1.0,1.0,16.0,36.33,2,1,0,0,0,,,,66.67,33.33,0.0,0.0,0.0
Q1202123,1,265.0,265.0,0.0,0.0,2.0,2.0,7.0,7.0,1,0,0,0,0,,,,100.0,0.0,0.0,0.0,0.0
Q12021235,2,261.0,261.0,1.0,1.0,0.0,0.0,21.0,21.0,0,2,1,0,0,,,гребень,0.0,100.0,50.0,0.0,0.0
Q120312205,1,928.0,928.0,0.0,0.0,1.0,1.0,2.0,2.0,1,0,0,0,0,,,,100.0,0.0,0.0,0.0,0.0
Q12031379,6,560.0,811.5,3.0,8.83,2.5,2.83,23.0,27.83,0,0,1,0,0,,,,0.0,0.0,16.67,0.0,0.0
Q12034612,2,365.0,365.0,0.5,0.5,0.0,0.0,4.5,4.5,1,2,1,0,0,,,,50.0,100.0,50.0,0.0,0.0
Q12036470,9,44.0,76.78,1.0,1.0,0.0,0.11,5.0,8.56,2,8,9,2,2,,,,22.22,88.89,100.0,22.22,22.22
Q120367839,1,2012.0,2012.0,1.0,1.0,1.0,1.0,48.0,48.0,0,0,0,0,0,,,,0.0,0.0,0.0,0.0,0.0
Q120400477,2,1102.5,1102.5,1.0,1.0,2.5,2.5,58.5,58.5,0,0,0,0,0,,,,0.0,0.0,0.0,0.0,0.0
Q12042110,11,130.0,185.64,1.0,1.27,1.0,1.09,9.0,8.36,2,3,9,2,2,,,,18.18,27.27,81.82,18.18,18.18
Q12042581,1,55.0,55.0,1.0,1.0,0.0,0.0,1.0,1.0,0,1,1,0,0,,,,0.0,100.0,100.0,0.0,0.0
Q12043740,1,95.0,95.0,0.0,0.0,0.0,0.0,3.0,3.0,1,1,1,1,1,,,,100.0,100.0,100.0,100.0,100.0
Q120442195,1,129.0,129.0,1.0,1.0,0.0,0.0,3.0,3.0,0,1,1,0,0,,,,0.0,100.0,100.0,0.0,0.0
Q12045584,2,382.5,382.5,3.0,3.0,0.0,0.0,17.5,17.5,0,2,0,0,0,,,,0.0,100.0,0.0,0.0,0.0
Q12045585,14,157.0,185.14,1.0,1.0,0.5,0.5,8.0,10.0,3,7,12,2,0,,,,21.43,50.0,85.71,14.29,0.0
Q12046080,2,232.0,232.0,0.0,0.0,0.0,0.0,18.0,18.0,2,2,2,2,2,,,,100.0,100.0,100.0,100.0,100.0
Q12046615,21,162.0,318.95,1.0,1.29,1.0,1.86,10.0,21.33,5,4,11,4,1,,,,23.81,19.05,52.38,19.05,4.76
Q12047512,1,66.0,66.0,1.0,1.0,0.0,0.0,2.0,2.0,0,1,1,0,0,,,,0.0,100.0,100.0,0.0,0.0
Q12047515,1,239.0,239.0,0.0,0.0,0.0,0.0,6.0,6.0,1,1,1,1,1,,,,100.0,100.0,100.0,100.0,100.0
Q12051052,1,88.0,88.0,1.0,1.0,2.0,2.0,2.0,2.0,0,0,1,0,0,,,,0.0,0.0,100.0,0.0,0.0
Q12051214,1,193.0,193.0,1.0,1.0,1.0,1.0,8.0,8.0,0,0,1,0,0,,,,0.0,0.0,100.0,0.0,0.0
Q12054099,1,223.0,223.0,1.0,1.0,1.0,1.0,0.0,0.0,0,0,1,0,0,,,,0.0,0.0,100.0,0.0,0.0
Q12055124,1,121.0,121.0,1.0,1.0,1.0,1.0,1.0,1.0,0,0,1,0,0,,,,0.0,0.0,100.0,0.0,0.0
Q120560,5,363.0,850.2,1.0,4.0,1.0,3.0,18.0,27.2,1,2,2,0,0,,,,20.0,40.0,40.0,0.0,0.0
Q12056846,1,272.0,272.0,0.0,0.0,0.0,0.0,14.0,14.0,1,1,0,0,0,,,,100.0,100.0,0.0,0.0,0.0
Q12057459,2,414.5,414.5,2.0,2.0,10.5,10.5,44.5,44.5,1,1,1,1,1,writers union,writers union,союз писателей,50.0,50.0,50.0,50.0,50.0
Q12059057,1,309.0,309.0,1.0,1.0,0.0,0.0,8.0,8.0,0,1,0,0,0,,,,0.0,100.0,0.0,0.0,0.0
Q1207371,1,417.0,417.0,0.0,0.0,1.0,1.0,2.0,2.0,1,0,0,0,0,,,,100.0,0.0,0.0,0.0,0.0
Q1207505,22,135.5,254.14,1.0,2.05,0.0,0.23,6.0,8.32,7,18,16,6,4,,,,31.82,81.82,72.73,27.27,18.18
Q12075102,1,88.0,88.0,1.0,1.0,0.0,0.0,4.0,4.0,0,1,1,0,0,,,,0.0,100.0,100.0,0.0,0.0
Q12075477,7,410.0,576.86,1.0,6.43,2.0,2.57,24.0,31.29,2,1,3,1,1,Islam of an area,Islam of an area,ислам на территории,28.57,14.29,42.86,14.29,14.29
Q12079191,12,188.5,186.33,1.0,1.25,0.0,0.0,9.0,11.67,0,12,11,0,0,artesian basin,Артезиан алабы,артезианский бассейн,0.0,100.0,91.67,0.0,0.0
Q1208380,4,347.5,438.5,3.5,3.5,0.0,0.25,11.0,11.25,1,3,1,1,0,dialect group,диалектілер тобы,группа диалектов языка,25.0,75.0,25.0,25.0,0.0
Q120870093,3,410.0,1833.33,5.0,5.33,3.0,6.0,9.0,107.0,0,1,0,0,0,,,,0.0,33.33,0.0,0.0,0.0
Q1208802,4,361.5,415.0,0.5,0.5,0.5,0.5,10.0,9.0,2,2,0,0,0,,,,50.0,50.0,0.0,0.0,0.0
Q12089225,182,174.0,231.2,2.0,2.18,0.0,0.58,11.0,12.96,17,94,107,17,8,,,,9.34,51.65,58.79,9.34,4.4
Q1208989,1,115.0,115.0,1.0,1.0,1.0,1.0,8.0,8.0,0,0,1,0,0,,,,0.0,0.0,100.0,0.0,0.0
Q12093880,1,140.0,140.0,2.0,2.0,0.0,0.0,7.0,7.0,0,1,1,0,0,,,,0.0,100.0,100.0,0.0,0.0
Q120964921,2,155.0,155.0,1.0,1.0,1.0,1.0,3.5,3.5,0,0,2,0,0,,,,0.0,0.0,100.0,0.0,0.0
Q120970651,1,2618.0,2618.0,20.0,20.0,7.0,7.0,33.0,33.0,0,0,0,0,0,,,,0.0,0.0,0.0,0.0,0.0
Q12098825,1,2682.0,2682.0,3.0,3.0,0.0,0.0,25.0,25.0,0,1,0,0,0,,,,0.0,100.0,0.0,0.0,0.0
Q120999346,2,129.5,129.5,0.5,0.5,0.0,0.0,3.0,3.0,1,2,2,1,1,,,,50.0,100.0,100.0,50.0,50.0
Q12100393,1,163.0,163.0,1.0,1.0,0.0,0.0,4.0,4.0,0,1,1,0,0,,,,0.0,100.0,100.0,0.0,0.0
Q12100493,1,1878.0,1878.0,5.0,5.0,6.0,6.0,24.0,24.0,0,0,0,0,0,,,,0.0,0.0,0.0,0.0,0.0
Q12102963,1,543.0,543.0,0.0,0.0,7.0,7.0,0.0,0.0,1,0,0,0,0,,,,100.0,0.0,0.0,0.0,0.0
Q1210300,2,1169.0,1169.0,5.0,5.0,4.5,4.5,66.0,66.0,0,0,0,0,0,,,,0.0,0.0,0.0,0.0,0.0
Q1210334,6,119.5,267.17,1.5,2.17,1.0,1.0,9.0,8.0,1,1,4,1,1,,,,16.67,16.67,66.67,16.67,16.67
Q12104030,1,174.0,174.0,1.0,1.0,0.0,0.0,4.0,4.0,0,1,1,0,0,,,,0.0,100.0,100.0,0.0,0.0
Q12104174,2,368.5,368.5,3.5,3.5,1.0,1.0,10.0,10.0,1,1,1,1,1,,,,50.0,50.0,50.0,50.0,50.0
Q12104567,2,168.0,168.0,1.0,1.0,0.5,0.5,6.5,6.5,0,1,2,0,0,,,,0.0,50.0,100.0,0.0,0.0
Q12106034,1,173.0,173.0,1.0,1.0,5.0,5.0,0.0,0.0,0,0,1,0,0,,,,0.0,0.0,100.0,0.0,0.0
Q1210950,4,244.5,222.75,1.5,1.5,0.0,0.0,10.0,9.0,2,4,2,2,2,,,,50.0,100.0,50.0,50.0,50.0
Q12110334,1,368.0,368.0,1.0,1.0,0.0,0.0,18.0,18.0,0,1,0,0,0,,,,0.0,100.0,0.0,0.0,0.0
Q121117,1,308.0,308.0,4.0,4.0,1.0,1.0,7.0,7.0,0,0,0,0,0,,,,0.0,0.0,0.0,0.0,0.0
Q121132955,4,453.5,440.25,1.5,1.5,1.0,0.75,15.0,14.75,0,1,1,0,0,,,,0.0,25.0,25.0,0.0,0.0
Q121144069,1,199.0,199.0,0.0,0.0,0.0,0.0,18.0,18.0,1,1,1,1,1,,,,100.0,100.0,100.0,100.0,100.0
Q121144515,1,91.0,91.0,0.0,0.0,0.0,0.0,4.0,4.0,1,1,1,1,1,,,,100.0,100.0,100.0,100.0,100.0
Q12117,1,594.0,594.0,1.0,1.0,4.0,4.0,58.0,58.0,0,0,0,0,0,,,,0.0,0.0,0.0,0.0,0.0
Q121182,3,161.0,130.33,1.0,1.33,1.0,0.67,3.0,4.67,0,1,3,0,0,information system,Ақпарат жүйесі,информационная система,0.0,33.33,100.0,0.0,0.0
Q1211967,3,104.0,92.67,1.0,0.67,0.0,0.0,0.0,1.33,1,3,3,1,1,,,,33.33,100.0,100.0,33.33,33.33
Q12119802,4,217.0,218.5,1.0,1.25,0.0,0.0,14.5,13.0,0,4,2,0,0,,,,0.0,100.0,50.0,0.0,0.0
Q12123628,1,231.0,231.0,1.0,1.0,0.0,0.0,11.0,11.0,0,1,1,0,0,,,,0.0,100.0,100.0,0.0,0.0
Q121252873,1,91.0,91.0,1.0,1.0,0.0,0.0,0.0,0.0,0,1,1,0,0,,,,0.0,100.0,100.0,0.0,0.0
Q121289744,1,497.0,497.0,1.0,1.0,2.0,2.0,31.0,31.0,0,0,0,0,0,,,,0.0,0.0,0.0,0.0,0.0
Q12131,4,684.0,794.75,0.0,0.25,0.0,1.0,21.0,24.0,3,3,1,1,1,,,,75.0,75.0,25.0,25.0,25.0
Q121314485,1,949.0,949.0,2.0,2.0,2.0,2.0,93.0,93.0,0,0,0,0,0,,,,0.0,0.0,0.0,0.0,0.0
Q12131624,87,722.0,956.43,6.0,7.98,0.0,1.95,27.0,25.85,13,72,12,10,9,,,,14.94,82.76,13.79,11.49,10.34
Q12131640,13,674.0,683.77,6.0,6.08,0.0,0.0,31.0,30.62,0,13,0,0,0,,,,0.0,100.0,0.0,0.0,0.0
Q12132,4,312.0,350.75,1.0,0.75,1.0,1.25,27.0,24.75,1,1,2,0,0,,,,25.0,25.0,50.0,0.0,0.0
Q12132769,2,582.5,582.5,1.0,1.0,0.0,0.0,12.0,12.0,0,2,0,0,0,oil and gas field,oil and gas field,нефтегазовое месторождение,0.0,100.0,0.0,0.0,0.0
Q12132780,1,382.0,382.0,1.0,1.0,0.0,0.0,59.0,59.0,0,1,0,0,0,oil and gas bearing province,oil and gas bearing province,нефтегазоносная провинция,0.0,100.0,0.0,0.0,0.0
Q12132787,1,179.0,179.0,1.0,1.0,3.0,3.0,28.0,28.0,0,0,1,0,0,,,,0.0,0.0,100.0,0.0,0.0
Q121344523,3,1062.0,1072.33,2.0,1.67,0.0,0.33,29.0,60.0,0,2,0,0,0,,,,0.0,66.67,0.0,0.0,0.0
Q12134855,1,77.0,77.0,1.0,1.0,0.0,0.0,6.0,6.0,0,1,1,0,0,,,,0.0,100.0,100.0,0.0,0.0
Q12134916,8,2439.5,2563.12,15.5,18.88,9.0,11.0,29.0,40.0,0,0,0,0,0,,,,0.0,0.0,0.0,0.0,0.0
Q12135,6,116.0,186.17,1.0,1.83,0.0,0.33,3.5,4.0,1,4,5,1,1,,,,16.67,66.67,83.33,16.67,16.67
Q121359,1,260.0,260.0,2.0,2.0,1.0,1.0,8.0,8.0,0,0,0,0,0,,,,0.0,0.0,0.0,0.0,0.0
Q12136,23,99.0,891.17,1.0,20.26,1.0,1.43,5.0,23.52,4,11,14,3,3,,,,17.39,47.83,60.87,13.04,13.04
Q121366249,1,489.0,489.0,5.0,5.0,0.0,0.0,9.0,9.0,0,1,0,0,0,,,,0.0,100.0,0.0,0.0,0.0
Q12137573,2,95.0,95.0,0.5,0.5,0.0,0.0,0.0,0.0,1,2,2,1,1,Paleolithic site,Paleolithic site,палеолитическая стоянка,50.0,100.0,100.0,50.0,50.0
Q121378177,1,12208.0,12208.0,2.0,2.0,0.0,0.0,777.0,777.0,0,1,0,0,0,,,,0.0,100.0,0.0,0.0,0.0
Q12138960,2,40.5,40.5,0.0,0.0,0.0,0.0,3.0,3.0,2,2,2,2,2,,,,100.0,100.0,100.0,100.0,100.0
Q12139612,10,402.5,544.7,0.0,7.7,0.0,2.4,44.5,56.7,7,6,5,4,1,list,тізім,список,70.0,60.0,50.0,40.0,10.0
Q12140,12,126.5,252.58,1.0,3.0,0.5,0.58,4.0,6.75,2,6,10,1,0,medication,Дәрі-дәрмек,лекарственное средство,16.67,50.0,83.33,8.33,0.0
Q121402594,1,463.0,463.0,0.0,0.0,0.0,0.0,8.0,8.0,1,1,0,0,0,,,,100.0,100.0,0.0,0.0,0.0
Q12143,1,48.0,48.0,1.0,1.0,0.0,0.0,3.0,3.0,0,1,1,0,0,,,,0.0,100.0,100.0,0.0,0.0
Q121436297,2,1673.0,1673.0,0.0,0.0,1.5,1.5,101.0,101.0,2,1,0,0,0,,,,100.0,50.0,0.0,0.0,0.0
Q121459946,1,350.0,350.0,0.0,0.0,4.0,4.0,6.0,6.0,1,0,0,0,0,,,,100.0,0.0,0.0,0.0,0.0
Q121484015,1,1918.0,1918.0,9.0,9.0,2.0,2.0,0.0,0.0,0,0,0,0,0,,,,0.0,0.0,0.0,0.0,0.0
Q12149173,5,165.0,172.2,1.0,1.0,0.0,0.2,20.0,21.4,0,4,5,0,0,ore district,ore district,рудный район,0.0,80.0,100.0,0.0,0.0
Q121493639,3,97.0,102.33,1.0,0.67,1.0,0.67,1.0,1.67,1,1,3,1,1,,,,33.33,33.33,100.0,33.33,33.33
Q1214953,1,312.0,312.0,0.0,0.0,0.0,0.0,8.0,8.0,1,1,0,0,0,,,,100.0,100.0,0.0,0.0,0.0
Q121548413,3,1798.0,3010.0,0.0,15.0,0.0,0.0,53.0,94.0,2,3,0,0,0,,,,66.67,100.0,0.0,0.0,0.0
Q1215981,6,68.0,72.17,0.0,0.0,2.0,4.0,17.5,19.5,6,2,6,6,2,,,,100.0,33.33,100.0,100.0,33.33
Q12160242,1,119.0,119.0,1.0,1.0,0.0,0.0,6.0,6.0,0,1,1,0,0,art society,art society,творческий союз,0.0,100.0,100.0,0.0,0.0
Q12160552,2,1324.5,1324.5,10.5,10.5,1.5,1.5,22.5,22.5,0,0,0,0,0,,,,0.0,0.0,0.0,0.0,0.0
Q12166442,27,530.0,459.81,1.0,1.15,0.0,0.44,46.0,40.0,6,17,7,2,2,,,,22.22,62.96,25.93,7.41,7.41
Q12168123,1,38.0,38.0,1.0,1.0,0.0,0.0,3.0,3.0,0,1,1,0,0,,,,0.0,100.0,100.0,0.0,0.0
Q12174444,2,117.0,117.0,1.0,1.0,0.0,0.0,12.0,12.0,0,2,2,0,0,sink,ойыс,впадина,0.0,100.0,100.0,0.0,0.0
Q121750,2,1345.5,1345.5,18.5,18.5,2.5,2.5,44.0,44.0,0,0,0,0,0,,,,0.0,0.0,0.0,0.0,0.0
Q121775287,1,286.0,286.0,1.0,1.0,2.0,2.0,13.0,13.0,0,0,0,0,0,,,,0.0,0.0,0.0,0.0,0.0
Q12182551,1,745.0,745.0,2.0,2.0,2.0,2.0,37.0,37.0,0,0,0,0,0,,,,0.0,0.0,0.0,0.0,0.0
Q1218293,1,74.0,74.0,2.0,2.0,1.0,1.0,5.0,5.0,0,0,1,0,0,,,,0.0,0.0,100.0,0.0,0.0
Q12184,3,9634.0,8445.0,263.0,237.33,2.0,6.67,45.0,97.0,0,0,0,0,0,pandemic,індет,пандемия,0.0,0.0,0.0,0.0,0.0
Q12189625,38,160.5,318.89,1.0,1.95,0.0,0.39,7.0,12.08,5,28,25,4,2,,,,13.16,73.68,65.79,10.53,5.26
Q121916,1,129.0,129.0,0.0,0.0,2.0,2.0,5.0,5.0,1,0,1,1,0,,,,100.0,0.0,100.0,100.0,0.0
Q12192008,1,401.0,401.0,2.0,2.0,0.0,0.0,8.0,8.0,0,1,0,0,0,,,,0.0,100.0,0.0,0.0,0.0
Q1219394,3,445.0,616.0,8.0,9.0,1.0,1.0,11.0,17.33,0,1,1,0,0,,,,0.0,33.33,33.33,0.0,0.0
Q121960184,1,863.0,863.0,2.0,2.0,1.0,1.0,20.0,20.0,0,0,0,0,0,,,,0.0,0.0,0.0,0.0,0.0
Q122095388,2,501.5,501.5,1.0,1.0,0.0,0.0,8.5,8.5,1,2,1,0,0,,,,50.0,100.0,50.0,0.0,0.0
Q1221033,1,44.0,44.0,1.0,1.0,0.0,0.0,2.0,2.0,0,1,1,0,0,,,,0.0,100.0,100.0,0.0,0.0
Q1221126,1,74.0,74.0,0.0,0.0,0.0,0.0,0.0,0.0,1,1,1,1,1,,,,100.0,100.0,100.0,100.0,100.0
Q1221156,16,1121.0,1334.88,2.0,3.06,1.0,1.81,111.5,108.81,2,6,0,0,0,,,,12.5,37.5,0.0,0.0,0.0
Q1221280,2,245.0,245.0,1.5,1.5,0.0,0.0,9.5,9.5,1,2,1,1,1,,,,50.0,100.0,50.0,50.0,50.0
Q122213544,1,47.0,47.0,1.0,1.0,0.0,0.0,2.0,2.0,0,1,1,0,0,,,,0.0,100.0,100.0,0.0,0.0
Q1223230,1,480.0,480.0,5.0,5.0,3.0,3.0,7.0,7.0,0,0,0,0,0,,,,0.0,0.0,0.0,0.0,0.0
Q122329178,2,831.5,831.5,11.0,11.0,0.0,0.0,14.5,14.5,0,2,0,0,0,economic forum,economic forum,экономический форум,0.0,100.0,0.0,0.0,0.0
Q1224999,1,1478.0,1478.0,21.0,21.0,1.0,1.0,21.0,21.0,0,0,0,0,0,,,,0.0,0.0,0.0,0.0,0.0
Q12254339,8,65.0,66.38,0.0,0.0,0.0,0.25,10.5,12.12,8,6,8,8,6,,,,100.0,75.0,100.0,100.0,75.0
Q122578,1,107.0,107.0,1.0,1.0,0.0,0.0,3.0,3.0,0,1,1,0,0,,,,0.0,100.0,100.0,0.0,0.0
Q12266391,4,3845.0,3831.75,21.5,20.0,5.0,7.75,124.5,139.5,0,0,0,0,0,city of republican significance,Республикалық маңызы бар қала,город республиканского значения,0.0,0.0,0.0,0.0,0.0
Q1227095,6,58.0,60.33,0.0,0.0,1.0,0.83,12.0,12.0,6,2,6,6,2,,,,100.0,33.33,100.0,100.0,33.33
Q122754124,6,201.5,229.0,1.5,1.33,0.5,1.17,4.5,14.0,2,3,4,1,1,,,,33.33,50.0,66.67,16.67,16.67
Q122759350,6,931.5,1304.5,6.5,14.33,0.5,2.17,21.5,46.17,2,3,2,2,1,,,,33.33,50.0,33.33,33.33,16.67
Q12280,10,387.0,321.7,4.0,4.5,0.0,0.5,6.0,9.4,1,6,4,1,0,bridge,көпір,мост,10.0,60.0,40.0,10.0,0.0
Q122801967,1,64.0,64.0,0.0,0.0,0.0,0.0,3.0,3.0,1,1,1,1,1,,,,100.0,100.0,100.0,100.0,100.0
Q1228250,1,67.0,67.0,1.0,1.0,0.0,0.0,9.0,9.0,0,1,1,0,0,,,,0.0,100.0,100.0,0.0,0.0
Q12284,28,314.0,290.14,3.0,2.14,0.0,0.07,13.0,11.57,0,27,8,0,0,canal,канал,канал,0.0,96.43,28.57,0.0,0.0
Q122853628,3,143.0,146.0,1.0,0.67,1.0,1.33,7.0,10.33,1,0,3,1,0,,,,33.33,0.0,100.0,33.33,0.0
Q1228967,1,1338.0,1338.0,17.0,17.0,0.0,0.0,16.0,16.0,0,1,0,0,0,,,,0.0,100.0,0.0,0.0,0.0
Q122897604,1,46.0,46.0,0.0,0.0,1.0,1.0,8.0,8.0,1,0,1,1,0,,,,100.0,0.0,100.0,100.0,0.0
Q122901167,2,222.0,222.0,6.0,6.0,0.0,0.0,13.5,13.5,0,2,1,0,0,,,,0.0,100.0,50.0,0.0,0.0
Q1229071,3,47.0,74.33,1.0,0.67,1.0,0.67,3.0,3.67,1,1,3,1,0,,,,33.33,33.33,100.0,33.33,0.0
Q12292478,2,265.0,265.0,0.0,0.0,1.0,1.0,7.5,7.5,2,0,1,1,0,,,,100.0,0.0,50.0,50.0,0.0
Q122940278,1,787.0,787.0,6.0,6.0,1.0,1.0,131.0,131.0,0,0,0,0,0,,,,0.0,0.0,0.0,0.0,0.0
Q122949469,1,284.0,284.0,0.0,0.0,1.0,1.0,2.0,2.0,1,0,0,0,0,,,,100.0,0.0,0.0,0.0,0.0
Q122966107,1,80.0,80.0,2.0,2.0,1.0,1.0,0.0,0.0,0,0,1,0,0,,,,0.0,0.0,100.0,0.0,0.0
Q122966226,1,80.0,80.0,2.0,2.0,1.0,1.0,0.0,0.0,0,0,1,0,0,,,,0.0,0.0,100.0,0.0,0.0
Q122973425,1,924.0,924.0,10.0,10.0,4.0,4.0,20.0,20.0,0,0,0,0,0,,,,0.0,0.0,0.0,0.0,0.0
Q122978453,1,257.0,257.0,0.0,0.0,1.0,1.0,0.0,0.0,1,0,0,0,0,,,,100.0,0.0,0.0,0.0,0.0
Q123035442,12,155.5,214.75,2.0,1.92,1.0,0.92,7.0,10.0,0,4,8,0,0,,,,0.0,33.33,66.67,0.0,0.0
Q12308941,4,74.0,67.0,0.0,0.0,0.0,0.0,1.5,2.25,4,4,4,4,4,male given name,ер адамның жеке есімі,мужское личное имя,100.0,100.0,100.0,100.0,100.0
Q123099254,2,188.5,188.5,0.5,0.5,1.5,1.5,1.5,1.5,1,1,1,0,0,,,,50.0,50.0,50.0,0.0,0.0
Q123126551,1,577.0,577.0,8.0,8.0,0.0,0.0,11.0,11.0,0,1,0,0,0,,,,0.0,100.0,0.0,0.0,0.0
Q123129246,9,144.0,214.22,1.0,0.89,0.0,0.56,6.0,6.67,3,5,8,3,2,,,,33.33,55.56,88.89,33.33,22.22
Q12314,1,44.0,44.0,1.0,1.0,0.0,0.0,3.0,3.0,0,1,1,0,0,,,,0.0,100.0,100.0,0.0,0.0
Q1231558,1,274.0,274.0,1.0,1.0,0.0,0.0,9.0,9.0,0,1,0,0,0,,,,0.0,100.0,0.0,0.0,0.0
Q1231595,1,1353.0,1353.0,2.0,2.0,3.0,3.0,46.0,46.0,0,0,0,0,0,,,,0.0,0.0,0.0,0.0,0.0
Q1231896,8,167.0,183.5,2.0,2.0,1.0,1.12,7.5,8.62,1,2,7,1,0,,,,12.5,25.0,87.5,12.5,0.0
Q12320386,1,167.0,167.0,1.0,1.0,0.0,0.0,9.0,9.0,0,1,1,0,0,,,,0.0,100.0,100.0,0.0,0.0
Q12323,5,286.0,393.4,2.0,2.8,0.0,0.6,7.0,7.0,0,3,2,0,0,dam,бөгет,плотина,0.0,60.0,40.0,0.0,0.0
Q123230954,1,146.0,146.0,2.0,2.0,0.0,0.0,4.0,4.0,0,1,1,0,0,,,,0.0,100.0,100.0,0.0,0.0
Q123237961,1,4657.0,4657.0,39.0,39.0,0.0,0.0,135.0,135.0,0,1,0,0,0,abortion by country,abortion by country,аборты на территории,0.0,100.0,0.0,0.0,0.0
Q1232414,1,284.0,284.0,0.0,0.0,0.0,0.0,8.0,8.0,1,1,0,0,0,,,,100.0,100.0,0.0,0.0,0.0
Q123300,1,138.0,138.0,1.0,1.0,1.0,1.0,4.0,4.0,0,0,1,0,0,,,,0.0,0.0,100.0,0.0,0.0
Q12331437,1,65.0,65.0,0.0,0.0,1.0,1.0,4.0,4.0,1,0,1,1,0,,,,100.0,0.0,100.0,100.0,0.0
Q12332021,3,800.0,570.67,5.0,7.33,0.0,1.67,29.0,33.67,0,2,1,0,0,politics by country,politics by country,политика по странам,0.0,66.67,33.33,0.0,0.0
Q123330346,1,634.0,634.0,7.0,7.0,2.0,2.0,51.0,51.0,0,0,0,0,0,,,,0.0,0.0,0.0,0.0,0.0
Q123330451,1,66.0,66.0,0.0,0.0,0.0,0.0,15.0,15.0,1,1,1,1,1,,,,100.0,100.0,100.0,100.0,100.0
Q12334344,3,1001.0,1121.33,2.0,2.67,1.0,1.0,25.0,33.33,1,1,0,0,0,,,,33.33,33.33,0.0,0.0,0.0
Q123345464,10,350.5,879.2,1.0,10.5,0.0,1.0,4.5,16.1,1,7,4,0,0,,,,10.0,70.0,40.0,0.0,0.0
Q123370638,4,222.0,277.5,1.0,1.75,0.0,0.25,3.0,3.75,0,3,2,0,0,,,,0.0,75.0,50.0,0.0,0.0
Q12340140,3,209.0,179.67,0.0,0.33,0.0,0.0,14.0,17.67,2,3,3,2,2,,,,66.67,100.0,100.0,66.67,66.67
Q123407493,3,171.0,262.0,0.0,0.67,0.0,0.33,6.0,11.0,2,2,2,2,2,,,,66.67,66.67,66.67,66.67,66.67
Q123421186,1,319.0,319.0,1.0,1.0,0.0,0.0,13.0,13.0,0,1,0,0,0,,,,0.0,100.0,0.0,0.0,0.0
Q1234255,1,521.0,521.0,3.0,3.0,3.0,3.0,8.0,8.0,0,0,0,0,0,,,,0.0,0.0,0.0,0.0,0.0
Q12343431,1,148.0,148.0,1.0,1.0,0.0,0.0,10.0,10.0,0,1,1,0,0,,,,0.0,100.0,100.0,0.0,0.0
Q123440126,1,396.0,396.0,1.0,1.0,1.0,1.0,9.0,9.0,0,0,0,0,0,,,,0.0,0.0,0.0,0.0,0.0
Q123458523,2,3343.0,3343.0,50.0,50.0,13.5,13.5,99.0,99.0,0,0,0,0,0,,,,0.0,0.0,0.0,0.0,0.0
Q123466540,1,314.0,314.0,0.0,0.0,0.0,0.0,23.0,23.0,1,1,0,0,0,,,,100.0,100.0,0.0,0.0,0.0
Q123480,39,1747.0,2099.46,8.0,13.92,1.0,3.62,67.0,102.67,0,11,0,0,0,landlocked country,Мұхитқа шыға алмайтын елдер,не имеющие выхода к морю государства,0.0,28.21,0.0,0.0,0.0
Q12350930,31,309.0,308.35,1.0,0.68,0.0,0.32,6.0,6.97,10,21,0,0,0,,,,32.26,67.74,0.0,0.0,0.0
Q12353044,1,387.0,387.0,0.0,0.0,1.0,1.0,11.0,11.0,1,0,0,0,0,oil refinery,oil refinery,нефтеперерабатывающий завод,100.0,0.0,0.0,0.0,0.0
Q123531451,2,512.0,512.0,3.5,3.5,1.0,1.0,11.5,11.5,1,0,0,0,0,,,,50.0,0.0,0.0,0.0,0.0
Q1235532,1,162.0,162.0,0.0,0.0,0.0,0.0,12.0,12.0,1,1,1,1,1,,,,100.0,100.0,100.0,100.0,100.0
Q12355361,2,74.5,74.5,1.0,1.0,0.5,0.5,3.5,3.5,0,1,2,0,0,,,,0.0,50.0,100.0,0.0,0.0
Q12357832,37,468.0,575.92,2.0,2.14,0.0,0.27,17.0,32.84,13,30,8,5,4,second-level administrative division,second-level administrative division,административная единица второго уровня,35.14,81.08,21.62,13.51,10.81
Q12357920,14,150.0,238.21,1.0,1.57,0.0,0.0,6.0,13.07,1,14,10,0,0,third-level administrative division,third-level administrative division,административная единица третьего уровня,7.14,100.0,71.43,0.0,0.0
Q123588392,17,188.0,377.18,1.0,1.35,1.0,0.94,5.0,14.06,2,8,10,2,1,,,,11.76,47.06,58.82,11.76,5.88
Q12359532,1,74.0,74.0,0.0,0.0,0.0,0.0,4.0,4.0,1,1,1,1,1,,,,100.0,100.0,100.0,100.0,100.0
Q123602198,1,383.0,383.0,3.0,3.0,1.0,1.0,6.0,6.0,0,0,0,0,0,,,,0.0,0.0,0.0,0.0,0.0
Q123615496,2,256.5,256.5,3.5,3.5,1.5,1.5,23.5,23.5,1,0,1,1,0,,,,50.0,0.0,50.0,50.0,0.0
Q12367307,1,9634.0,9634.0,263.0,263.0,2.0,2.0,45.0,45.0,0,0,0,0,0,complex emergency,complex emergency,комплексная катастрофа,0.0,0.0,0.0,0.0,0.0
Q123680441,165,264.0,264.95,0.0,0.0,0.0,0.01,7.0,7.01,165,164,0,0,0,,,,100.0,99.39,0.0,0.0,0.0
Q123705,106,272.0,267.61,0.0,0.46,1.0,0.73,6.0,6.19,65,51,11,6,4,neighborhood,neighborhood,нейборхуд,61.32,48.11,10.38,5.66,3.77
Q123724352,70,495.5,1029.5,1.0,0.81,0.0,0.01,81.0,135.47,32,69,0,0,0,,,,45.71,98.57,0.0,0.0,0.0
Q12372870,3,178.0,230.0,0.0,0.0,1.0,1.0,4.0,3.67,3,0,2,2,0,,,,100.0,0.0,66.67,66.67,0.0
Q123754112,141,264.0,274.45,0.0,0.01,0.0,0.33,7.0,7.43,140,99,1,1,1,,,,99.29,70.21,0.71,0.71,0.71
Q12377751,1,550.0,550.0,0.0,0.0,0.0,0.0,16.0,16.0,1,1,0,0,0,,,,100.0,100.0,0.0,0.0,0.0
Q12379553,2,488.5,488.5,1.5,1.5,38.5,38.5,63.5,63.5,0,0,1,0,0,,,,0.0,0.0,50.0,0.0,0.0
Q123856943,3,1628.0,1302.33,0.0,15.0,0.0,0.0,151.0,157.0,2,3,0,0,0,,,,66.67,100.0,0.0,0.0,0.0
Q123862811,10,742.5,791.9,0.0,0.0,0.0,0.0,84.0,91.1,10,10,0,0,0,,,,100.0,100.0,0.0,0.0,0.0
Q1238731,1,390.0,390.0,5.0,5.0,0.0,0.0,17.0,17.0,0,1,0,0,0,,,,0.0,100.0,0.0,0.0,0.0
Q123923525,1,153.0,153.0,1.0,1.0,0.0,0.0,2.0,2.0,0,1,1,0,0,,,,0.0,100.0,100.0,0.0,0.0
Q1239328,4,370.5,356.5,1.5,1.75,1.0,1.25,24.0,21.75,1,0,1,1,0,,,,25.0,0.0,25.0,25.0,0.0
Q123980018,2,2764.0,2764.0,37.0,37.0,0.5,0.5,92.5,92.5,0,1,0,0,0,,,,0.0,50.0,0.0,0.0,0.0
Q123991,6,308.5,528.5,1.5,3.5,0.5,1.17,15.0,16.5,1,3,2,1,1,steppe,Дала,степь,16.67,50.0,33.33,16.67,16.67
Q124027012,1,119.0,119.0,0.0,0.0,0.0,0.0,11.0,11.0,1,1,1,1,1,,,,100.0,100.0,100.0,100.0,100.0
Q124042044,1,502.0,502.0,12.0,12.0,1.0,1.0,22.0,22.0,0,0,0,0,0,,,,0.0,0.0,0.0,0.0,0.0
Q124054676,3,105.0,176.0,1.0,16.0,3.0,2.33,4.0,3.67,0,1,2,0,0,,,,0.0,33.33,66.67,0.0,0.0
Q124056256,2,190.5,190.5,0.5,0.5,2.0,2.0,4.5,4.5,1,0,2,1,0,,,,50.0,0.0,100.0,50.0,0.0
Q124056273,4,205.5,244.25,0.0,0.25,3.0,2.75,12.0,12.0,3,0,3,2,0,,,,75.0,0.0,75.0,50.0,0.0
Q124058,1,365.0,365.0,1.0,1.0,0.0,0.0,8.0,8.0,0,1,0,0,0,,,,0.0,100.0,0.0,0.0,0.0
Q124078422,98,115.5,215.63,1.0,1.14,1.0,1.06,4.0,8.2,6,36,80,5,1,,,,6.12,36.73,81.63,5.1,1.02
Q1241288,1,2430.0,2430.0,6.0,6.0,28.0,28.0,152.0,152.0,0,0,0,0,0,economic affairs ministry,economic affairs ministry,министерство экономики,0.0,0.0,0.0,0.0,0.0
Q124134398,1,127.0,127.0,0.0,0.0,0.0,0.0,16.0,16.0,1,1,1,1,1,,,,100.0,100.0,100.0,100.0,100.0
Q1241356,1,3706.0,3706.0,1.0,1.0,0.0,0.0,492.0,492.0,0,1,0,0,0,,,,0.0,100.0,0.0,0.0,0.0
Q12413618,7,1086.0,1105.86,2.0,3.71,6.0,7.0,23.0,23.14,2,0,0,0,0,international border,Мемлекеттік шекара,межгосударственная граница,28.57,0.0,0.0,0.0,0.0
Q1241568,1,538.0,538.0,2.0,2.0,1.0,1.0,25.0,25.0,0,0,0,0,0,,,,0.0,0.0,0.0,0.0,0.0
Q124157082,1,239.0,239.0,0.0,0.0,0.0,0.0,2.0,2.0,1,1,1,1,1,,,,100.0,100.0,100.0,100.0,100.0
Q124157233,1,1046.0,1046.0,0.0,0.0,3.0,3.0,53.0,53.0,1,0,0,0,0,,,,100.0,0.0,0.0,0.0,0.0
Q124196,1,472.0,472.0,5.0,5.0,0.0,0.0,4.0,4.0,0,1,0,0,0,,,,0.0,100.0,0.0,0.0,0.0
Q124215831,1,841.0,841.0,8.0,8.0,6.0,6.0,46.0,46.0,0,0,0,0,0,,,,0.0,0.0,0.0,0.0,0.0
Q124313007,1,564.0,564.0,5.0,5.0,1.0,1.0,40.0,40.0,0,0,0,0,0,,,,0.0,0.0,0.0,0.0,0.0
Q124315169,9,222.0,306.89,1.0,1.0,2.0,2.11,10.0,9.11,3,0,5,2,0,,,,33.33,0.0,55.56,22.22,0.0
Q124326543,2,587.0,587.0,1.5,1.5,1.0,1.0,14.0,14.0,0,1,1,0,0,,,,0.0,50.0,50.0,0.0,0.0
Q1243306,2,94.5,94.5,0.5,0.5,0.5,0.5,6.0,6.0,1,1,2,1,1,,,,50.0,50.0,100.0,50.0,50.0
Q124343324,5,594.0,1110.8,4.0,15.4,1.0,1.0,53.0,45.6,2,2,1,1,0,,,,40.0,40.0,20.0,20.0,0.0
Q12443800,12,146.0,308.5,1.0,0.92,0.5,2.25,6.5,13.17,4,6,7,2,1,,,,33.33,50.0,58.33,16.67,8.33
Q1244442,1,674.0,674.0,2.0,2.0,3.0,3.0,37.0,37.0,0,0,0,0,0,,,,0.0,0.0,0.0,0.0,0.0
Q124490,1,170.0,170.0,1.0,1.0,1.0,1.0,7.0,7.0,0,0,1,0,0,,,,0.0,0.0,100.0,0.0,0.0
Q1244922,4,255.0,321.0,1.5,2.0,1.0,1.5,7.5,8.25,1,0,1,1,0,embankment dam,Жербөгет,насыпная плотина,25.0,0.0,25.0,25.0,0.0
Q1245089,1,129.0,129.0,1.0,1.0,0.0,0.0,4.0,4.0,0,1,1,0,0,promontory,promontory,возвышение,0.0,100.0,100.0,0.0,0.0
Q12453,2,221.5,221.5,0.0,0.0,0.0,0.0,1.0,1.0,2,2,1,1,1,,,,100.0,100.0,50.0,50.0,50.0
Q124556620,1,309.0,309.0,4.0,4.0,0.0,0.0,7.0,7.0,0,1,0,0,0,type of legal entity in Kazakhstan,type of legal entity in Kazakhstan,type of legal entity in Kazakhstan,0.0,100.0,0.0,0.0,0.0
Q124587498,1,1046.0,1046.0,7.0,7.0,0.0,0.0,96.0,96.0,0,1,0,0,0,,,,0.0,100.0,0.0,0.0,0.0
Q1246061,1,202.0,202.0,0.0,0.0,0.0,0.0,14.0,14.0,1,1,1,1,1,,,,100.0,100.0,100.0,100.0,100.0
Q124608594,1,214.0,214.0,1.0,1.0,1.0,1.0,4.0,4.0,0,0,1,0,0,,,,0.0,0.0,100.0,0.0,0.0
Q124629760,3,337.0,437.33,5.0,6.67,0.0,0.0,6.0,8.33,1,3,0,0,0,,,,33.33,100.0,0.0,0.0,0.0
Q1247086,1,4572.0,4572.0,2.0,2.0,16.0,16.0,217.0,217.0,0,0,0,0,0,,,,0.0,0.0,0.0,0.0,0.0
Q124709316,2,118.5,118.5,1.5,1.5,0.5,0.5,5.0,5.0,0,1,2,0,0,,,,0.0,50.0,100.0,0.0,0.0
Q124710051,1,367.0,367.0,6.0,6.0,0.0,0.0,13.0,13.0,0,1,0,0,0,,,,0.0,100.0,0.0,0.0,0.0
Q124711104,1,159.0,159.0,2.0,2.0,0.0,0.0,2.0,2.0,0,1,1,0,0,,,,0.0,100.0,100.0,0.0,0.0
Q124714,15,143.0,148.8,1.0,1.2,0.0,0.07,10.0,11.53,1,14,14,1,1,spring,бұлақтар,родник,6.67,93.33,93.33,6.67,6.67
Q124734,58,251.0,707.69,1.0,7.64,0.0,0.79,10.0,25.47,7,40,29,6,4,rebellion,Көтеріліс,восстание,12.07,68.97,50.0,10.34,6.9
Q124757,4,1079.5,1380.25,27.5,36.5,0.0,0.25,20.0,24.25,0,3,1,0,0,,,,0.0,75.0,25.0,0.0,0.0
Q1247867,1,359.0,359.0,1.0,1.0,0.0,0.0,8.0,8.0,0,1,0,0,0,,,,0.0,100.0,0.0,0.0,0.0
Q1248258,1,330.0,330.0,0.0,0.0,0.0,0.0,7.0,7.0,1,1,0,0,0,,,,100.0,100.0,0.0,0.0,0.0
Q12483,1,146.0,146.0,1.0,1.0,0.0,0.0,7.0,7.0,0,1,1,0,0,,,,0.0,100.0,100.0,0.0,0.0
Q124830411,3,189.0,311.33,0.0,0.67,2.0,1.67,9.0,7.33,2,0,2,1,0,,,,66.67,0.0,66.67,33.33,0.0
Q124838920,1,674.0,674.0,1.0,1.0,2.0,2.0,11.0,11.0,0,0,0,0,0,,,,0.0,0.0,0.0,0.0,0.0
Q124867660,4,215.0,286.0,2.0,1.75,1.0,1.25,14.5,14.75,1,1,3,1,0,,,,25.0,25.0,75.0,25.0,0.0
Q12487395,1,211.0,211.0,1.0,1.0,0.0,0.0,5.0,5.0,0,1,1,0,0,,,,0.0,100.0,100.0,0.0,0.0
Q1248784,51,398.0,611.0,3.0,5.43,0.0,0.76,15.0,36.39,7,41,10,3,3,airport,әуежай,аэропорт,13.73,80.39,19.61,5.88,5.88
Q12492106,4,135.0,177.25,2.5,2.5,1.0,1.25,10.5,11.75,0,0,3,0,0,,,,0.0,0.0,75.0,0.0,0.0
Q12493,1,222.0,222.0,0.0,0.0,2.0,2.0,3.0,3.0,1,0,1,1,0,,,,100.0,0.0,100.0,100.0,0.0
Q124936,1,367.0,367.0,0.0,0.0,0.0,0.0,10.0,10.0,1,1,0,0,0,,,,100.0,100.0,0.0,0.0,0.0
Q124964,1,847.0,847.0,11.0,11.0,0.0,0.0,31.0,31.0,0,1,0,0,0,,,,0.0,100.0,0.0,0.0,0.0
Q124996351,4,342.0,336.0,1.0,1.75,0.5,1.0,2.5,12.25,0,2,2,0,0,,,,0.0,50.0,50.0,0.0,0.0
Q125005976,15,92.0,231.93,1.0,0.8,1.0,0.93,4.0,4.13,5,3,12,4,1,,,,33.33,20.0,80.0,26.67,6.67
Q125012496,2,60.5,60.5,1.0,1.0,0.0,0.0,3.0,3.0,0,2,2,0,0,,,,0.0,100.0,100.0,0.0,0.0
Q12502038,1,423.0,423.0,2.0,2.0,0.0,0.0,28.0,28.0,0,1,0,0,0,,,,0.0,100.0,0.0,0.0,0.0
Q12503,1,304.0,304.0,0.0,0.0,1.0,1.0,27.0,27.0,1,0,0,0,0,,,,100.0,0.0,0.0,0.0,0.0
Q1250323,1,155.0,155.0,1.0,1.0,1.0,1.0,9.0,9.0,0,0,1,0,0,,,,0.0,0.0,100.0,0.0,0.0
Q125037998,1,79.0,79.0,1.0,1.0,0.0,0.0,4.0,4.0,0,1,1,0,0,,,,0.0,100.0,100.0,0.0,0.0
Q12504525,1,104.0,104.0,0.0,0.0,0.0,0.0,4.0,4.0,1,1,1,1,1,,,,100.0,100.0,100.0,100.0,100.0
Q1250464,6,356.5,1287.33,0.0,3.17,2.0,2.5,25.5,58.33,4,2,3,3,2,,,,66.67,33.33,50.0,50.0,33.33
Q125052658,2,81.0,81.0,1.5,1.5,0.5,0.5,1.0,1.0,0,1,2,0,0,,,,0.0,50.0,100.0,0.0,0.0
Q12507,1,68.0,68.0,0.0,0.0,1.0,1.0,4.0,4.0,1,0,1,1,0,,,,100.0,0.0,100.0,100.0,0.0
Q1250916,1,248.0,248.0,0.0,0.0,1.0,1.0,6.0,6.0,1,0,1,1,0,,,,100.0,0.0,100.0,100.0,0.0
Q125092269,10,211.0,294.3,1.0,1.0,0.0,0.9,4.5,20.7,3,6,7,2,0,,,,30.0,60.0,70.0,20.0,0.0
Q125130106,1,216.0,216.0,2.0,2.0,1.0,1.0,19.0,19.0,0,0,1,0,0,,,,0.0,0.0,100.0,0.0,0.0
Q1251417,1,335.0,335.0,3.0,3.0,0.0,0.0,29.0,29.0,0,1,0,0,0,,,,0.0,100.0,0.0,0.0,0.0
Q125143602,1,118.0,118.0,0.0,0.0,0.0,0.0,0.0,0.0,1,1,1,1,1,,,,100.0,100.0,100.0,100.0,100.0
Q125161275,4,643.0,646.25,2.0,2.0,0.5,0.5,5.5,8.5,1,2,0,0,0,,,,25.0,50.0,0.0,0.0,0.0
Q12518,8,380.0,449.0,2.0,2.12,1.0,1.25,8.5,10.75,2,2,4,1,0,tower,Мұнара,башня,25.0,25.0,50.0,12.5,0.0
Q125191,1,455.0,455.0,10.0,10.0,0.0,0.0,3.0,3.0,0,1,0,0,0,,,,0.0,100.0,0.0,0.0,0.0
Q12525525,1,108.0,108.0,1.0,1.0,0.0,0.0,4.0,4.0,0,1,1,0,0,,,,0.0,100.0,100.0,0.0,0.0
Q12525553,1,453.0,453.0,4.0,4.0,0.0,0.0,18.0,18.0,0,1,0,0,0,,,,0.0,100.0,0.0,0.0,0.0
Q125258812,1,400.0,400.0,2.0,2.0,1.0,1.0,6.0,6.0,0,0,0,0,0,,,,0.0,0.0,0.0,0.0,0.0
Q125258836,8,170.5,239.75,1.0,1.0,0.5,1.88,8.0,7.5,3,4,5,2,2,,,,37.5,50.0,62.5,25.0,25.0
Q125265855,2,752.5,752.5,3.0,3.0,1.5,1.5,32.5,32.5,0,1,0,0,0,,,,0.0,50.0,0.0,0.0,0.0
Q1252971,5,221.0,251.6,3.0,4.6,0.0,0.6,17.0,15.4,1,3,4,1,0,,,,20.0,60.0,80.0,20.0,0.0
Q125360958,1,843.0,843.0,3.0,3.0,1.0,1.0,41.0,41.0,0,0,0,0,0,,,,0.0,0.0,0.0,0.0,0.0
Q125361038,1,1139.0,1139.0,41.0,41.0,2.0,2.0,20.0,20.0,0,0,0,0,0,,,,0.0,0.0,0.0,0.0,0.0
Q12538706,1,430.0,430.0,2.0,2.0,1.0,1.0,1.0,1.0,0,0,0,0,0,,,,0.0,0.0,0.0,0.0,0.0
Q125388025,1,399.0,399.0,2.0,2.0,0.0,0.0,6.0,6.0,0,1,0,0,0,,,,0.0,100.0,0.0,0.0,0.0
Q12540664,1,1018.0,1018.0,4.0,4.0,0.0,0.0,23.0,23.0,0,1,0,0,0,media distributor,Дистрибутор,дистрибьютор,0.0,100.0,0.0,0.0,0.0
Q12541085,1,87.0,87.0,0.0,0.0,0.0,0.0,5.0,5.0,1,1,1,1,1,,,,100.0,100.0,100.0,100.0,100.0
Q1254365,1,41.0,41.0,1.0,1.0,0.0,0.0,5.0,5.0,0,1,1,0,0,,,,0.0,100.0,100.0,0.0,0.0
Q1254596,1,52.0,52.0,1.0,1.0,0.0,0.0,0.0,0.0,0,1,1,0,0,,,,0.0,100.0,100.0,0.0,0.0
Q125470455,2,989.5,989.5,5.0,5.0,3.0,3.0,19.0,19.0,0,0,0,0,0,,,,0.0,0.0,0.0,0.0,0.0
Q1254773,6,149.5,247.17,0.5,0.83,1.0,1.5,3.5,6.83,3,0,4,1,0,,,,50.0,0.0,66.67,16.67,0.0
Q1254874,11,262.0,262.0,1.0,2.18,0.0,0.36,9.0,11.64,1,8,5,1,1,television network,television network,телевизионная сеть,9.09,72.73,45.45,9.09,9.09
Q1254933,19,253.0,318.16,1.0,2.05,1.0,1.26,16.0,16.79,4,5,9,4,3,,,,21.05,26.32,47.37,21.05,15.79
Q125501827,2,351.5,351.5,2.5,2.5,3.0,3.0,10.0,10.0,0,0,1,0,0,,,,0.0,0.0,50.0,0.0,0.0
Q1255045,4,260.5,260.25,0.0,0.0,0.0,0.0,15.0,14.25,4,4,1,1,1,,,,100.0,100.0,25.0,25.0,25.0
Q125505344,1,111.0,111.0,1.0,1.0,0.0,0.0,4.0,4.0,0,1,1,0,0,,,,0.0,100.0,100.0,0.0,0.0
Q125517960,9,114.0,246.56,1.0,1.67,1.0,1.22,5.0,8.11,0,2,7,0,0,,,,0.0,22.22,77.78,0.0,0.0
Q125537838,1,1180.0,1180.0,29.0,29.0,3.0,3.0,29.0,29.0,0,0,0,0,0,,,,0.0,0.0,0.0,0.0,0.0
Q125542526,11,165.0,337.73,1.0,1.45,1.0,1.27,8.0,12.45,3,3,6,3,1,,,,27.27,27.27,54.55,27.27,9.09
Q1255441,1,129.0,129.0,1.0,1.0,0.0,0.0,3.0,3.0,0,1,1,0,0,,,,0.0,100.0,100.0,0.0,0.0
Q125569386,2,177.5,177.5,0.0,0.0,0.0,0.0,3.5,3.5,2,2,1,1,1,university branch,university branch,филиал университета,100.0,100.0,50.0,50.0,50.0
Q125577386,2,579.0,579.0,3.5,3.5,0.5,0.5,10.0,10.0,0,1,0,0,0,foreign intelligence service,foreign intelligence service,Служба внешней разведки,0.0,50.0,0.0,0.0,0.0
Q1255828,2,86.5,86.5,1.0,1.0,0.0,0.0,8.0,8.0,0,2,2,0,0,,,,0.0,100.0,100.0,0.0,0.0
Q12558574,5,102.0,118.8,2.0,1.8,0.0,0.0,6.0,6.8,0,5,5,0,0,,,,0.0,100.0,100.0,0.0,0.0
Q125684839,1,413.0,413.0,2.0,2.0,0.0,0.0,7.0,7.0,0,1,0,0,0,,,,0.0,100.0,0.0,0.0,0.0
Q12570,9,130.0,145.56,1.0,0.89,1.0,1.0,5.0,7.22,2,1,7,1,0,suspension bridge,Аспалы көпір,висячий мост,22.22,11.11,77.78,11.11,0.0
Q12579633,10,175.0,804.6,0.5,0.6,1.0,2.0,3.0,16.7,5,3,6,3,2,,,,50.0,30.0,60.0,30.0,20.0
Q1258086,1,95.0,95.0,1.0,1.0,1.0,1.0,2.0,2.0,0,0,1,0,0,,,,0.0,0.0,100.0,0.0,0.0
Q125824188,7,571.0,668.29,2.0,2.86,2.0,3.0,37.0,35.43,0,0,3,0,0,,,,0.0,0.0,42.86,0.0,0.0
Q125866682,1,395.0,395.0,11.0,11.0,2.0,2.0,15.0,15.0,0,0,0,0,0,,,,0.0,0.0,0.0,0.0,0.0
Q125879540,1,315.0,315.0,1.0,1.0,2.0,2.0,9.0,9.0,0,0,0,0,0,,,,0.0,0.0,0.0,0.0,0.0
Q1259123,1,41.0,41.0,1.0,1.0,0.0,0.0,0.0,0.0,0,1,1,0,0,,,,0.0,100.0,100.0,0.0,0.0
Q12592379,1,110.0,110.0,1.0,1.0,0.0,0.0,5.0,5.0,0,1,1,0,0,,,,0.0,100.0,100.0,0.0,0.0
Q125941113,6,159.5,158.67,0.0,0.17,1.5,1.5,11.5,10.0,5,1,5,5,0,,,,83.33,16.67,83.33,83.33,0.0
Q125942822,1,187.0,187.0,1.0,1.0,1.0,1.0,13.0,13.0,0,0,1,0,0,,,,0.0,0.0,100.0,0.0,0.0
Q1259759,10,340.0,1393.3,1.0,17.3,0.0,1.1,28.5,43.3,3,9,2,1,1,,,,30.0,90.0,20.0,10.0,10.0
Q125984341,2,137.0,137.0,0.5,0.5,0.0,0.0,5.5,5.5,1,2,2,1,1,,,,50.0,100.0,100.0,50.0,50.0
Q126004026,1,315.0,315.0,1.0,1.0,2.0,2.0,9.0,9.0,0,0,0,0,0,,,,0.0,0.0,0.0,0.0,0.0
Q126034916,1,123.0,123.0,0.0,0.0,0.0,0.0,4.0,4.0,1,1,1,1,1,,,,100.0,100.0,100.0,100.0,100.0
Q1260524,5,136.0,149.0,1.0,1.2,1.0,0.6,9.0,7.0,1,2,4,0,0,,,,20.0,40.0,80.0,0.0,0.0
Q126059692,1,2067.0,2067.0,18.0,18.0,6.0,6.0,74.0,74.0,0,0,0,0,0,,,,0.0,0.0,0.0,0.0,0.0
Q12607437,1,625.0,625.0,7.0,7.0,1.0,1.0,30.0,30.0,0,0,0,0,0,,,,0.0,0.0,0.0,0.0,0.0
Q1261096,1,349.0,349.0,0.0,0.0,3.0,3.0,7.0,7.0,1,0,0,0,0,,,,100.0,0.0,0.0,0.0,0.0
Q126125231,2,298.5,298.5,1.5,1.5,0.0,0.0,9.5,9.5,0,2,0,0,0,,,,0.0,100.0,0.0,0.0,0.0
Q1262090,4,114.5,129.5,1.0,1.25,0.0,0.0,5.5,5.0,0,4,4,0,0,oil pipeline,oil pipeline,нефтепровод,0.0,100.0,100.0,0.0,0.0
Q1262438,3,94.0,770.0,1.0,8.33,2.0,1.67,5.0,43.0,0,0,2,0,0,,,,0.0,0.0,66.67,0.0,0.0
Q1262712,1,389.0,389.0,9.0,9.0,0.0,0.0,9.0,9.0,0,1,0,0,0,gas pipeline,Газжүргізгіш,газопровод,0.0,100.0,0.0,0.0,0.0
Q1262732,1,336.0,336.0,0.0,0.0,1.0,1.0,7.0,7.0,1,0,0,0,0,,,,100.0,0.0,0.0,0.0,0.0
Q126286955,3,75.0,72.67,1.0,1.0,1.0,1.0,3.0,2.67,0,1,3,0,0,,,,0.0,33.33,100.0,0.0,0.0
Q126288065,1,2243.0,2243.0,1.0,1.0,7.0,7.0,49.0,49.0,0,0,0,0,0,,,,0.0,0.0,0.0,0.0,0.0
Q126368951,1,50.0,50.0,1.0,1.0,1.0,1.0,3.0,3.0,0,0,1,0,0,,,,0.0,0.0,100.0,0.0,0.0
Q126393583,1,438.0,438.0,0.0,0.0,1.0,1.0,91.0,91.0,1,0,0,0,0,,,,100.0,0.0,0.0,0.0,0.0
Q126398920,1,1606.0,1606.0,0.0,0.0,2.0,2.0,22.0,22.0,1,0,0,0,0,,,,100.0,0.0,0.0,0.0,0.0
Q126414694,3,165.0,165.0,1.0,1.0,1.0,1.0,3.0,3.0,0,0,3,0,0,,,,0.0,0.0,100.0,0.0,0.0
Q1265232,1,36.0,36.0,0.0,0.0,0.0,0.0,3.0,3.0,1,1,1,1,1,,,,100.0,100.0,100.0,100.0,100.0
Q1265353,1,500.0,500.0,3.0,3.0,1.0,1.0,11.0,11.0,0,0,0,0,0,,,,0.0,0.0,0.0,0.0,0.0
Q1266031,4,141.0,149.25,1.0,1.25,0.0,0.0,12.0,11.75,0,4,4,0,0,,,,0.0,100.0,100.0,0.0,0.0
Q126678382,1,84.0,84.0,1.0,1.0,0.0,0.0,11.0,11.0,0,1,1,0,0,,,,0.0,100.0,100.0,0.0,0.0
Q1266818,3,160.0,257.33,0.0,0.33,0.0,0.0,14.0,12.0,2,3,2,2,2,,,,66.67,100.0,66.67,66.67,66.67
Q1266890,1,452.0,452.0,2.0,2.0,2.0,2.0,32.0,32.0,0,0,0,0,0,,,,0.0,0.0,0.0,0.0,0.0
Q126723190,4,363.5,294.25,3.0,2.75,0.5,0.5,8.0,14.25,1,2,1,0,0,,,,25.0,50.0,25.0,0.0,0.0
Q126734856,1,158.0,158.0,2.0,2.0,0.0,0.0,8.0,8.0,0,1,1,0,0,,,,0.0,100.0,100.0,0.0,0.0
Q126734908,1,62.0,62.0,1.0,1.0,0.0,0.0,3.0,3.0,0,1,1,0,0,,,,0.0,100.0,100.0,0.0,0.0
Q126752821,2,72.0,72.0,1.0,1.0,0.0,0.0,3.5,3.5,0,2,2,0,0,,,,0.0,100.0,100.0,0.0,0.0
Q1267632,1,902.0,902.0,8.0,8.0,1.0,1.0,48.0,48.0,0,0,0,0,0,,,,0.0,0.0,0.0,0.0,0.0
Q1267889,1,287.0,287.0,1.0,1.0,0.0,0.0,34.0,34.0,0,1,0,0,0,,,,0.0,100.0,0.0,0.0,0.0
Q12684,1,80.0,80.0,1.0,1.0,0.0,0.0,0.0,0.0,0,1,1,0,0,,,,0.0,100.0,100.0,0.0,0.0
Q126863580,1,98.0,98.0,0.0,0.0,1.0,1.0,7.0,7.0,1,0,1,1,0,,,,100.0,0.0,100.0,100.0,0.0
Q126870833,1,45.0,45.0,0.0,0.0,0.0,0.0,2.0,2.0,1,1,1,1,1,,,,100.0,100.0,100.0,100.0,100.0
Q126888404,1,264.0,264.0,2.0,2.0,0.0,0.0,8.0,8.0,0,1,0,0,0,,,,0.0,100.0,0.0,0.0,0.0
Q126895767,1,87.0,87.0,1.0,1.0,0.0,0.0,1.0,1.0,0,1,1,0,0,,,,0.0,100.0,100.0,0.0,0.0
Q126895805,1,72.0,72.0,0.0,0.0,0.0,0.0,4.0,4.0,1,1,1,1,1,,,,100.0,100.0,100.0,100.0,100.0
Q126899076,1,66.0,66.0,2.0,2.0,1.0,1.0,4.0,4.0,0,0,1,0,0,,,,0.0,0.0,100.0,0.0,0.0
Q126899121,1,66.0,66.0,2.0,2.0,1.0,1.0,4.0,4.0,0,0,1,0,0,,,,0.0,0.0,100.0,0.0,0.0
Q126900030,1,66.0,66.0,2.0,2.0,1.0,1.0,4.0,4.0,0,0,1,0,0,,,,0.0,0.0,100.0,0.0,0.0
Q126902527,1,142.0,142.0,1.0,1.0,0.0,0.0,4.0,4.0,0,1,1,0,0,,,,0.0,100.0,100.0,0.0,0.0
Q126911365,1,27.0,27.0,1.0,1.0,0.0,0.0,4.0,4.0,0,1,1,0,0,,,,0.0,100.0,100.0,0.0,0.0
Q126912101,2,42.0,42.0,1.0,1.0,0.0,0.0,2.5,2.5,0,2,2,0,0,,,,0.0,100.0,100.0,0.0,0.0
Q126912225,1,42.0,42.0,1.0,1.0,0.0,0.0,3.0,3.0,0,1,1,0,0,,,,0.0,100.0,100.0,0.0,0.0
Q126912694,1,51.0,51.0,1.0,1.0,0.0,0.0,1.0,1.0,0,1,1,0,0,,,,0.0,100.0,100.0,0.0,0.0
Q126917082,1,112.0,112.0,2.0,2.0,1.0,1.0,7.0,7.0,0,0,1,0,0,,,,0.0,0.0,100.0,0.0,0.0
Q126928085,1,142.0,142.0,1.0,1.0,0.0,0.0,4.0,4.0,0,1,1,0,0,,,,0.0,100.0,100.0,0.0,0.0
Q126928158,1,142.0,142.0,1.0,1.0,0.0,0.0,4.0,4.0,0,1,1,0,0,,,,0.0,100.0,100.0,0.0,0.0
Q126928167,1,142.0,142.0,1.0,1.0,0.0,0.0,4.0,4.0,0,1,1,0,0,,,,0.0,100.0,100.0,0.0,0.0
Q1269299,13,243.0,303.31,2.0,3.77,0.0,0.23,10.0,12.69,2,10,7,0,0,type of business entity,type of business entity,тип юридического лица,15.38,76.92,53.85,0.0,0.0
Q126955170,3,63.0,65.67,1.0,0.67,0.0,0.0,1.0,1.33,1,3,3,1,1,,,,33.33,100.0,100.0,33.33,33.33
Q126974866,1,52.0,52.0,1.0,1.0,0.0,0.0,4.0,4.0,0,1,1,0,0,,,,0.0,100.0,100.0,0.0,0.0
Q1269749,5,309.0,303.8,1.0,0.6,0.0,0.2,6.0,6.8,2,4,0,0,0,,,,40.0,80.0,0.0,0.0,0.0
Q1269827,1,145.0,145.0,1.0,1.0,0.0,0.0,8.0,8.0,0,1,1,0,0,,,,0.0,100.0,100.0,0.0,0.0
Q127038678,1,42.0,42.0,1.0,1.0,1.0,1.0,1.0,1.0,0,0,1,0,0,,,,0.0,0.0,100.0,0.0,0.0
Q12708896,22,647.5,743.36,1.0,1.95,1.0,0.77,56.0,57.55,2,7,0,0,0,,,,9.09,31.82,0.0,0.0,0.0
Q1272194,2,197.5,197.5,1.0,1.0,0.5,0.5,5.0,5.0,0,1,1,0,0,,,,0.0,50.0,50.0,0.0,0.0
Q12725,1,243.0,243.0,1.0,1.0,1.0,1.0,14.0,14.0,0,0,1,0,0,,,,0.0,0.0,100.0,0.0,0.0
Q1273203,1,742.0,742.0,4.0,4.0,0.0,0.0,34.0,34.0,0,1,0,0,0,,,,0.0,100.0,0.0,0.0,0.0
Q127334927,1,5190.0,5190.0,30.0,30.0,2.0,2.0,279.0,279.0,0,0,0,0,0,,,,0.0,0.0,0.0,0.0,0.0
Q12737077,135,117.0,254.08,1.0,1.65,0.0,0.54,5.0,10.04,31,79,93,23,15,occupation,қызмет түрі,род занятий,22.96,58.52,68.89,17.04,11.11
Q127388602,2,263.0,263.0,0.0,0.0,0.0,0.0,4.0,4.0,2,2,0,0,0,,,,100.0,100.0,0.0,0.0,0.0
Q12739,1,640.0,640.0,14.0,14.0,0.0,0.0,29.0,29.0,0,1,0,0,0,,,,0.0,100.0,0.0,0.0,0.0
Q127421212,4,232.0,273.25,1.5,2.0,0.0,0.0,4.5,5.25,0,4,2,0,0,,,,0.0,100.0,50.0,0.0,0.0
Q127499753,1,406.0,406.0,0.0,0.0,1.0,1.0,38.0,38.0,1,0,0,0,0,,,,100.0,0.0,0.0,0.0,0.0
Q12752409,1,555.0,555.0,15.0,15.0,2.0,2.0,17.0,17.0,0,0,0,0,0,,,,0.0,0.0,0.0,0.0,0.0
Q12757,1,62.0,62.0,1.0,1.0,0.0,0.0,4.0,4.0,0,1,1,0,0,,,,0.0,100.0,100.0,0.0,0.0
Q12758989,1,73.0,73.0,1.0,1.0,0.0,0.0,4.0,4.0,0,1,1,0,0,,,,0.0,100.0,100.0,0.0,0.0
Q12759805,6,1426.5,2979.33,8.0,9.0,0.5,4.17,117.0,149.0,0,3,0,0,0,,,,0.0,50.0,0.0,0.0,0.0
Q127604715,1,177.0,177.0,0.0,0.0,1.0,1.0,0.0,0.0,1,0,1,1,0,,,,100.0,0.0,100.0,100.0,0.0
Q127606978,2,62.5,62.5,1.0,1.0,0.0,0.0,2.0,2.0,0,2,2,0,0,,,,0.0,100.0,100.0,0.0,0.0
Q12765851,5,219.0,194.0,2.0,4.0,0.0,0.0,8.0,7.8,0,5,3,0,0,,,,0.0,100.0,60.0,0.0,0.0
Q12765852,20,173.0,236.25,1.0,1.45,1.0,0.75,5.5,10.45,3,9,13,3,2,,,,15.0,45.0,65.0,15.0,10.0
Q12765855,1,759.0,759.0,11.0,11.0,3.0,3.0,18.0,18.0,0,0,0,0,0,,,,0.0,0.0,0.0,0.0,0.0
Q12765911,1,99.0,99.0,0.0,0.0,0.0,0.0,5.0,5.0,1,1,1,1,1,folkloristic group,folkloristic group,folkloristic group,100.0,100.0,100.0,100.0,100.0
Q127689807,1,1241.0,1241.0,1.0,1.0,0.0,0.0,13.0,13.0,0,1,0,0,0,,,,0.0,100.0,0.0,0.0,0.0
Q127693126,11,2433.0,3599.0,8.0,28.45,2.0,5.73,96.0,177.64,0,1,0,0,0,,,,0.0,9.09,0.0,0.0,0.0
Q12769393,1,620.0,620.0,0.0,0.0,2.0,2.0,0.0,0.0,1,0,0,0,0,,,,100.0,0.0,0.0,0.0,0.0
Q1277161,1,97.0,97.0,1.0,1.0,0.0,0.0,7.0,7.0,0,1,1,0,0,,,,0.0,100.0,100.0,0.0,0.0
Q12772052,7,524.0,517.29,1.0,1.14,1.0,0.57,37.0,38.57,3,3,1,0,0,,,,42.86,42.86,14.29,0.0,0.0
Q12772819,1,532.0,532.0,0.0,0.0,1.0,1.0,69.0,69.0,1,0,0,0,0,,,,100.0,0.0,0.0,0.0,0.0
Q12775371,2,208.0,208.0,0.5,0.5,0.5,0.5,18.0,18.0,1,1,1,1,1,,,,50.0,50.0,50.0,50.0,50.0
Q12782082,1,267.0,267.0,6.0,6.0,0.0,0.0,26.0,26.0,0,1,0,0,0,,,,0.0,100.0,0.0,0.0,0.0
Q12786121,1,85.0,85.0,1.0,1.0,0.0,0.0,4.0,4.0,0,1,1,0,0,,,,0.0,100.0,100.0,0.0,0.0
Q12786684,3,456.0,423.33,0.0,0.33,0.0,0.0,73.0,53.33,2,3,0,0,0,,,,66.67,100.0,0.0,0.0,0.0
Q12791,1,1218.0,1218.0,1.0,1.0,4.0,4.0,24.0,24.0,0,0,0,0,0,,,,0.0,0.0,0.0,0.0,0.0
Q12797,1,445.0,445.0,2.0,2.0,0.0,0.0,15.0,15.0,0,1,0,0,0,,,,0.0,100.0,0.0,0.0,0.0
Q12799318,2,498.5,498.5,0.0,0.0,0.0,0.0,10.5,10.5,2,2,0,0,0,,,,100.0,100.0,0.0,0.0,0.0
Q12806886,1,308.0,308.0,0.0,0.0,1.0,1.0,6.0,6.0,1,0,0,0,0,tea culture of an area,tea culture of an area,чайная культура территории,100.0,0.0,0.0,0.0,0.0
Q12812139,62,107.0,173.94,1.0,1.06,0.0,0.11,5.0,6.34,8,55,54,7,7,,,,12.9,88.71,87.1,11.29,11.29
Q12813115,34,125.0,183.44,1.0,0.71,0.0,0.18,5.0,6.85,12,28,22,10,9,,,,35.29,82.35,64.71,29.41,26.47
Q1281564,1,106.0,106.0,1.0,1.0,1.0,1.0,13.0,13.0,0,0,1,0,0,,,,0.0,0.0,100.0,0.0,0.0
Q12819913,1,183.0,183.0,1.0,1.0,0.0,0.0,7.0,7.0,0,1,1,0,0,,,,0.0,100.0,100.0,0.0,0.0
Q12820205,1,144.0,144.0,0.0,0.0,0.0,0.0,2.0,2.0,1,1,1,1,1,,,,100.0,100.0,100.0,100.0,100.0
Q128210929,1,31.0,31.0,0.0,0.0,0.0,0.0,0.0,0.0,1,1,1,1,1,,,,100.0,100.0,100.0,100.0,100.0
Q128212499,1,78.0,78.0,1.0,1.0,0.0,0.0,1.0,1.0,0,1,1,0,0,,,,0.0,100.0,100.0,0.0,0.0
Q128212830,1,26.0,26.0,1.0,1.0,0.0,0.0,3.0,3.0,0,1,1,0,0,,,,0.0,100.0,100.0,0.0,0.0
Q12822299,1,41.0,41.0,1.0,1.0,0.0,0.0,5.0,5.0,0,1,1,0,0,,,,0.0,100.0,100.0,0.0,0.0
Q128234,5,63.0,128.4,1.0,1.2,0.0,0.0,5.0,4.6,0,5,4,0,0,,,,0.0,100.0,80.0,0.0,0.0
Q128261677,1,135.0,135.0,1.0,1.0,0.0,0.0,10.0,10.0,0,1,1,0,0,,,,0.0,100.0,100.0,0.0,0.0
Q12826616,1,2142.0,2142.0,5.0,5.0,75.0,75.0,51.0,51.0,0,0,0,0,0,,,,0.0,0.0,0.0,0.0,0.0
Q12829,8,110.0,120.12,0.0,0.0,0.0,0.25,21.0,24.12,8,6,8,8,6,,,,100.0,75.0,100.0,100.0,75.0
Q12829851,1,1391.0,1391.0,30.0,30.0,3.0,3.0,39.0,39.0,0,0,0,0,0,,,,0.0,0.0,0.0,0.0,0.0
Q12832168,8,399.0,672.75,1.0,3.38,1.5,4.0,9.0,50.88,3,0,4,2,0,,,,37.5,0.0,50.0,25.0,0.0
Q12833777,1,172.0,172.0,0.0,0.0,1.0,1.0,6.0,6.0,1,0,1,1,0,Christianity of an area,Christianity of an area,христианство на территории,100.0,0.0,100.0,100.0,0.0
Q1284344,31,267.0,294.48,0.0,0.45,0.0,0.32,16.0,15.97,30,30,2,2,2,,,,96.77,96.77,6.45,6.45,6.45
Q128558762,1,421.0,421.0,1.0,1.0,2.0,2.0,14.0,14.0,0,0,0,0,0,,,,0.0,0.0,0.0,0.0,0.0
Q12857432,5,704.0,690.0,0.0,0.8,2.0,1.4,45.0,71.2,3,1,1,0,0,,,,60.0,20.0,20.0,0.0,0.0
Q12859788,1,1023.0,1023.0,2.0,2.0,3.0,3.0,18.0,18.0,0,0,0,0,0,,,,0.0,0.0,0.0,0.0,0.0
Q12861328,1,571.0,571.0,1.0,1.0,1.0,1.0,35.0,35.0,0,0,0,0,0,,,,0.0,0.0,0.0,0.0,0.0
Q128650030,2,625.0,625.0,1.5,1.5,1.5,1.5,11.5,11.5,0,0,0,0,0,,,,0.0,0.0,0.0,0.0,0.0
Q1286517,1,98.0,98.0,0.0,0.0,0.0,0.0,37.0,37.0,1,1,1,1,1,,,,100.0,100.0,100.0,100.0,100.0
Q12870,2,152.5,152.5,3.0,3.0,0.5,0.5,1.5,1.5,0,1,2,0,0,,,,0.0,50.0,100.0,0.0,0.0
Q12885585,4,333.0,309.75,4.0,3.5,0.0,0.25,9.0,7.5,1,3,1,1,1,,,,25.0,75.0,25.0,25.0,25.0
Q1288568,167,370.0,534.79,1.0,2.63,0.0,0.86,15.0,24.92,52,104,57,31,17,modern language,modern language,живой язык,31.14,62.28,34.13,18.56,10.18
Q128889633,7,112.0,160.71,1.0,1.14,1.0,1.0,1.0,7.0,1,3,5,1,0,,,,14.29,42.86,71.43,14.29,0.0
Q12890393,1,144.0,144.0,1.0,1.0,1.0,1.0,8.0,8.0,0,0,1,0,0,,,,0.0,0.0,100.0,0.0,0.0
Q1289426,11,357.0,509.09,1.0,0.91,0.0,0.27,16.0,12.18,3,9,2,2,2,,,,27.27,81.82,18.18,18.18,18.18
Q12897867,1,308.0,308.0,1.0,1.0,2.0,2.0,20.0,20.0,0,0,0,0,0,,,,0.0,0.0,0.0,0.0,0.0
Q129060826,1,295.0,295.0,1.0,1.0,0.0,0.0,21.0,21.0,0,1,0,0,0,,,,0.0,100.0,0.0,0.0,0.0
Q12909644,73,172.0,308.1,1.0,1.93,0.0,0.66,7.0,13.68,7,43,45,6,6,political ideology,саяси идеология,политическая идеология,9.59,58.9,61.64,8.22,8.22
Q12910132,2,1686.5,1686.5,21.5,21.5,2.0,2.0,21.5,21.5,0,0,0,0,0,,,,0.0,0.0,0.0,0.0,0.0
Q129133491,5,528.0,572.0,2.0,2.2,2.0,1.8,20.0,25.2,1,1,2,1,1,,,,20.0,20.0,40.0,20.0,20.0
Q12916,3,200.0,387.0,2.0,1.33,1.0,0.67,14.0,13.0,1,1,2,1,1,,,,33.33,33.33,66.67,33.33,33.33
Q1292119,16,450.5,796.19,1.0,6.88,1.0,1.38,8.5,46.75,7,4,4,1,0,,,,43.75,25.0,25.0,6.25,0.0
Q1292279,1,109.0,109.0,1.0,1.0,1.0,1.0,10.0,10.0,0,0,1,0,0,political border,Мемлекеттік шекара,политическая граница,0.0,0.0,100.0,0.0,0.0
Q129238,1,1416.0,1416.0,42.0,42.0,0.0,0.0,43.0,43.0,0,1,0,0,0,,,,0.0,100.0,0.0,0.0,0.0
Q129264,1,253.0,253.0,1.0,1.0,2.0,2.0,8.0,8.0,0,0,0,0,0,,,,0.0,0.0,0.0,0.0,0.0
Q129267212,2,316.5,316.5,2.5,2.5,0.5,0.5,7.5,7.5,0,1,0,0,0,,,,0.0,50.0,0.0,0.0,0.0
Q129268952,9,686.0,1524.67,4.0,7.78,0.0,3.44,27.0,68.89,0,5,0,0,0,,,,0.0,55.56,0.0,0.0,0.0
Q129270,1,121.0,121.0,1.0,1.0,1.0,1.0,10.0,10.0,0,0,1,0,0,,,,0.0,0.0,100.0,0.0,0.0
Q129319205,3,413.0,466.0,2.0,1.33,0.0,0.33,8.0,23.33,1,2,0,0,0,,,,33.33,66.67,0.0,0.0,0.0
Q129319315,2,584.0,584.0,1.5,1.5,0.5,0.5,31.5,31.5,0,1,0,0,0,,,,0.0,50.0,0.0,0.0,0.0
Q1293220,34,103.0,285.56,1.0,0.88,1.0,0.65,4.5,8.32,9,16,26,6,3,,,,26.47,47.06,76.47,17.65,8.82
Q12933353,1,4783.0,4783.0,1.0,1.0,13.0,13.0,120.0,120.0,0,0,0,0,0,Buddhism of an area,Buddhism of an area,буддизм на территории,0.0,0.0,0.0,0.0,0.0
Q129337,1,74.0,74.0,1.0,1.0,1.0,1.0,5.0,5.0,0,0,1,0,0,,,,0.0,0.0,100.0,0.0,0.0
Q129341528,1,134.0,134.0,0.0,0.0,0.0,0.0,7.0,7.0,1,1,1,1,1,,,,100.0,100.0,100.0,100.0,100.0
Q12949943,1,67.0,67.0,0.0,0.0,0.0,0.0,6.0,6.0,1,1,1,1,1,,,,100.0,100.0,100.0,100.0,100.0
Q129510955,10,307.0,511.4,1.0,2.6,0.0,0.4,20.5,23.6,2,7,4,1,0,,,,20.0,70.0,40.0,10.0,0.0
Q1295240,3,188.0,174.0,2.0,1.33,1.0,0.67,7.0,5.67,1,1,3,1,0,,,,33.33,33.33,100.0,33.33,0.0
Q129558,22,84.0,85.86,0.0,0.27,0.0,0.55,5.0,5.77,16,12,22,16,9,,,,72.73,54.55,100.0,72.73,40.91
Q1296040,2,541.0,541.0,5.5,5.5,0.0,0.0,2.0,2.0,0,2,0,0,0,,,,0.0,100.0,0.0,0.0,0.0
Q129675946,17,444.0,495.35,3.0,2.94,0.0,0.47,11.0,11.06,0,14,2,0,0,,,,0.0,82.35,11.76,0.0,0.0
Q129676344,7,336.0,363.43,1.0,1.0,0.0,0.29,6.0,6.86,3,6,2,1,1,,,,42.86,85.71,28.57,14.29,14.29
Q129676813,6,89.5,313.17,1.0,1.0,1.0,0.83,5.0,10.0,1,2,4,0,0,,,,16.67,33.33,66.67,0.0,0.0
Q1296819,1,85.0,85.0,0.0,0.0,3.0,3.0,6.0,6.0,1,0,1,1,0,,,,100.0,0.0,100.0,100.0,0.0
Q12969754,2,223.0,223.0,2.0,2.0,1.0,1.0,8.5,8.5,0,0,1,0,0,,,,0.0,0.0,50.0,0.0,0.0
Q129725870,38,1610.5,2302.37,6.0,16.63,1.0,4.16,38.0,59.76,0,15,0,0,0,,,,0.0,39.47,0.0,0.0,0.0
Q12973014,5,192.0,485.4,0.0,0.8,1.0,0.8,16.0,23.6,3,2,3,3,1,sports team,sports team,спортивная команда,60.0,40.0,60.0,60.0,20.0
Q129730229,35,207.0,242.69,1.0,1.4,0.0,0.03,11.0,14.43,0,34,24,0,0,,,,0.0,97.14,68.57,0.0,0.0
Q129768629,2,979.0,979.0,17.0,17.0,0.5,0.5,26.5,26.5,0,1,0,0,0,,,,0.0,50.0,0.0,0.0,0.0
Q129791543,5,411.0,410.8,2.0,2.8,0.0,0.4,9.0,9.8,0,3,1,0,0,,,,0.0,60.0,20.0,0.0,0.0
Q1298668,3,296.0,314.0,2.0,7.0,1.0,0.67,1.0,4.67,1,1,1,0,0,,,,33.33,33.33,33.33,0.0,0.0
Q129882775,43,149.0,161.14,1.0,1.26,0.0,0.0,6.0,7.63,0,43,41,0,0,,,,0.0,100.0,95.35,0.0,0.0
Q129882905,75,148.0,152.85,1.0,1.37,0.0,0.0,6.0,7.23,0,75,74,0,0,town administration of Kazakhstan,Кенттік әкімшілік,поселковая администрация в Казахстане,0.0,100.0,98.67,0.0,0.0
Q1299240,1,107.0,107.0,0.0,0.0,1.0,1.0,2.0,2.0,1,0,1,1,0,,,,100.0,0.0,100.0,100.0,0.0
Q129981458,1,1230.0,1230.0,39.0,39.0,3.0,3.0,29.0,29.0,0,0,0,0,0,,,,0.0,0.0,0.0,0.0,0.0
Q1299906,1,123.0,123.0,1.0,1.0,1.0,1.0,38.0,38.0,0,0,1,0,0,,,,0.0,0.0,100.0,0.0,0.0
Q130003,8,328.5,336.38,0.0,0.62,0.5,0.75,6.5,7.75,5,4,0,0,0,ski resort,ski resort,горнолыжный курорт,62.5,50.0,0.0,0.0,0.0
Q13002315,11,153.0,868.55,1.0,2.45,1.0,0.82,5.0,33.91,1,4,7,1,1,,,,9.09,36.36,63.64,9.09,9.09
Q130077803,6,380.0,725.5,2.0,2.17,0.5,1.83,39.0,34.17,0,3,2,0,0,,,,0.0,50.0,33.33,0.0,0.0
Q130108094,48,491.0,593.0,3.0,3.85,0.0,0.6,15.0,17.15,0,37,0,0,0,,,,0.0,77.08,0.0,0.0,0.0
Q130109687,12,108.0,152.58,1.0,1.25,0.0,0.08,6.0,7.42,1,11,11,0,0,,,,8.33,91.67,91.67,0.0,0.0
Q1301371,5,126.0,613.2,1.0,2.6,0.0,1.2,10.0,18.8,0,4,3,0,0,,,,0.0,80.0,60.0,0.0,0.0
Q130192067,1,307.0,307.0,5.0,5.0,0.0,0.0,28.0,28.0,0,1,0,0,0,,,,0.0,100.0,0.0,0.0,0.0
Q130212458,6868,277.0,293.63,2.0,2.1,0.0,0.04,6.0,7.11,72,6736,1027,68,68,village of Kazakhstan,Қазақстан ауылы,село в Казахстане,1.05,98.08,14.95,0.99,0.99
Q130243840,1,132.0,132.0,2.0,2.0,1.0,1.0,7.0,7.0,0,0,1,0,0,,,,0.0,0.0,100.0,0.0,0.0
Q1302471,6,50.5,44.67,1.0,1.0,0.0,0.33,2.5,2.5,0,4,6,0,0,,,,0.0,66.67,100.0,0.0,0.0
Q13025342,3,207.0,225.0,0.0,1.0,2.0,2.67,1.0,1.67,2,1,2,2,1,,,,66.67,33.33,66.67,66.67,33.33
Q130286945,6,106.5,315.0,1.0,1.17,0.0,0.17,4.5,6.17,0,5,5,0,0,,,,0.0,83.33,83.33,0.0,0.0
Q130287077,1,69.0,69.0,1.0,1.0,1.0,1.0,4.0,4.0,0,0,1,0,0,,,,0.0,0.0,100.0,0.0,0.0
Q130287298,1,178.0,178.0,0.0,0.0,0.0,0.0,3.0,3.0,1,1,1,1,1,,,,100.0,100.0,100.0,100.0,100.0
Q130303173,6,435.5,598.0,1.0,2.17,0.5,0.5,20.0,19.17,1,3,1,0,0,,,,16.67,50.0,16.67,0.0,0.0
Q1303037,1,267.0,267.0,0.0,0.0,0.0,0.0,16.0,16.0,1,1,0,0,0,,,,100.0,100.0,0.0,0.0,0.0
Q130304502,1,44.0,44.0,1.0,1.0,0.0,0.0,6.0,6.0,0,1,1,0,0,,,,0.0,100.0,100.0,0.0,0.0
Q1303061,1,395.0,395.0,5.0,5.0,1.0,1.0,4.0,4.0,0,0,0,0,0,,,,0.0,0.0,0.0,0.0,0.0
Q130316581,1,413.0,413.0,0.0,0.0,0.0,0.0,107.0,107.0,1,1,0,0,0,,,,100.0,100.0,0.0,0.0,0.0
Q130324710,9,182.0,229.67,1.0,1.22,0.0,0.44,5.0,11.89,1,7,6,0,0,,,,11.11,77.78,66.67,0.0,0.0
Q130326199,1,254.0,254.0,0.0,0.0,2.0,2.0,10.0,10.0,1,0,0,0,0,,,,100.0,0.0,0.0,0.0,0.0
Q130335918,1,97.0,97.0,0.0,0.0,1.0,1.0,6.0,6.0,1,0,1,1,0,,,,100.0,0.0,100.0,100.0,0.0
Q13033698,1,207.0,207.0,2.0,2.0,4.0,4.0,5.0,5.0,0,0,1,0,0,,,,0.0,0.0,100.0,0.0,0.0
Q130367871,1,67.0,67.0,0.0,0.0,1.0,1.0,2.0,2.0,1,0,1,1,0,,,,100.0,0.0,100.0,100.0,0.0
Q130371093,2,1441.5,1441.5,41.5,41.5,1.0,1.0,107.5,107.5,0,0,0,0,0,,,,0.0,0.0,0.0,0.0,0.0
Q1303814,1,104.0,104.0,1.0,1.0,0.0,0.0,0.0,0.0,0,1,1,0,0,,,,0.0,100.0,100.0,0.0,0.0
Q130386800,1,242.0,242.0,0.0,0.0,1.0,1.0,10.0,10.0,1,0,1,1,0,,,,100.0,0.0,100.0,100.0,0.0
Q130389104,1,298.0,298.0,0.0,0.0,2.0,2.0,8.0,8.0,1,0,0,0,0,,,,100.0,0.0,0.0,0.0,0.0
Q130459448,1,159.0,159.0,0.0,0.0,1.0,1.0,2.0,2.0,1,0,1,1,0,,,,100.0,0.0,100.0,100.0,0.0
Q130479961,1,426.0,426.0,3.0,3.0,3.0,3.0,26.0,26.0,0,0,0,0,0,,,,0.0,0.0,0.0,0.0,0.0
Q130487634,4,85.0,156.5,1.0,2.75,0.0,0.0,1.5,1.75,1,4,3,1,1,,,,25.0,100.0,75.0,25.0,25.0
Q1305740,1,766.0,766.0,2.0,2.0,0.0,0.0,43.0,43.0,0,1,0,0,0,,,,0.0,100.0,0.0,0.0,0.0
Q130583203,1,66.0,66.0,1.0,1.0,0.0,0.0,2.0,2.0,0,1,1,0,0,,,,0.0,100.0,100.0,0.0,0.0
Q130583773,17,92.0,321.71,1.0,2.88,0.0,0.35,6.0,8.71,1,13,12,1,1,,,,5.88,76.47,70.59,5.88,5.88
Q130609847,1,65.0,65.0,1.0,1.0,0.0,0.0,1.0,1.0,0,1,1,0,0,,,,0.0,100.0,100.0,0.0,0.0
Q13065566,1,300.0,300.0,2.0,2.0,0.0,0.0,7.0,7.0,0,1,0,0,0,,,,0.0,100.0,0.0,0.0,0.0
Q1306755,10,369.5,831.9,2.0,7.5,1.0,0.9,6.0,20.3,3,4,1,1,0,,,,30.0,40.0,10.0,10.0,0.0
Q130699387,2,111.5,111.5,0.5,0.5,0.0,0.0,1.5,1.5,1,2,2,1,1,,,,50.0,100.0,100.0,50.0,50.0
Q130705900,6,157.0,139.17,1.0,1.17,0.0,0.33,3.5,4.0,0,4,6,0,0,,,,0.0,66.67,100.0,0.0,0.0
Q130710082,1,50.0,50.0,0.0,0.0,0.0,0.0,1.0,1.0,1,1,1,1,1,,,,100.0,100.0,100.0,100.0,100.0
Q1307214,43,230.0,470.72,1.0,2.81,0.0,0.79,12.0,25.19,11,24,24,5,1,,,,25.58,55.81,55.81,11.63,2.33
Q130721666,1,646.0,646.0,0.0,0.0,0.0,0.0,26.0,26.0,1,1,0,0,0,,,,100.0,100.0,0.0,0.0,0.0
Q1307276,1,264.0,264.0,0.0,0.0,1.0,1.0,3.0,3.0,1,0,0,0,0,,,,100.0,0.0,0.0,0.0,0.0
Q1307337,1,75.0,75.0,1.0,1.0,0.0,0.0,3.0,3.0,0,1,1,0,0,,,,0.0,100.0,100.0,0.0,0.0
Q130735522,3,491.0,536.33,4.0,4.0,0.0,0.0,26.0,34.33,0,3,0,0,0,,,,0.0,100.0,0.0,0.0,0.0
Q13073773,1,1546.0,1546.0,0.0,0.0,2.0,2.0,68.0,68.0,1,0,0,0,0,Catholic Church of an area,Catholic Church of an area,католицизм на территории,100.0,0.0,0.0,0.0,0.0
Q130748394,1,597.0,597.0,3.0,3.0,1.0,1.0,16.0,16.0,0,0,0,0,0,,,,0.0,0.0,0.0,0.0,0.0
Q130753312,11,206.0,384.73,1.0,2.36,0.0,0.45,7.0,13.64,1,8,8,1,1,,,,9.09,72.73,72.73,9.09,9.09
Q1307779,3,317.0,312.67,1.0,0.67,0.0,0.0,6.0,6.0,1,3,0,0,0,,,,33.33,100.0,0.0,0.0,0.0
Q130788,2,996.0,996.0,2.5,2.5,2.0,2.0,52.0,52.0,1,0,0,0,0,,,,50.0,0.0,0.0,0.0,0.0
Q130901,3,140.0,137.67,1.0,1.0,1.0,1.67,5.0,4.67,1,1,3,1,0,,,,33.33,33.33,100.0,33.33,0.0
Q1309121,2,886.5,886.5,7.0,7.0,1.0,1.0,39.5,39.5,0,1,0,0,0,,,,0.0,50.0,0.0,0.0,0.0
Q130989,1,102.0,102.0,0.0,0.0,0.0,0.0,3.0,3.0,1,1,1,1,1,,,,100.0,100.0,100.0,100.0,100.0
Q130993199,1,79.0,79.0,1.0,1.0,0.0,0.0,0.0,0.0,0,1,1,0,0,,,,0.0,100.0,100.0,0.0,0.0
Q130998,1,51.0,51.0,1.0,1.0,0.0,0.0,0.0,0.0,0,1,1,0,0,,,,0.0,100.0,100.0,0.0,0.0
Q1310214,4,121.0,123.25,0.0,0.5,2.0,1.75,4.5,3.75,3,0,4,3,0,,,,75.0,0.0,100.0,75.0,0.0
Q1310239,4,61.5,62.0,1.0,0.75,0.0,0.25,4.0,5.25,1,3,4,1,1,,,,25.0,75.0,100.0,25.0,25.0
Q131030,1,129.0,129.0,1.0,1.0,0.0,0.0,6.0,6.0,0,1,1,0,0,,,,0.0,100.0,100.0,0.0,0.0
Q1310653,1,575.0,575.0,0.0,0.0,1.0,1.0,15.0,15.0,1,0,0,0,0,,,,100.0,0.0,0.0,0.0,0.0
Q131093,4,532.5,631.5,0.0,0.5,1.0,1.0,7.5,13.25,3,1,1,1,0,,,,75.0,25.0,25.0,25.0,0.0
Q131130,1,155.0,155.0,1.0,1.0,1.0,1.0,12.0,12.0,0,0,1,0,0,,,,0.0,0.0,100.0,0.0,0.0
Q131140192,1,700.0,700.0,0.0,0.0,0.0,0.0,10.0,10.0,1,1,0,0,0,,,,100.0,100.0,0.0,0.0,0.0
Q131179447,1,66.0,66.0,1.0,1.0,0.0,0.0,4.0,4.0,0,1,1,0,0,,,,0.0,100.0,100.0,0.0,0.0
Q13118105,2,413.5,413.5,2.5,2.5,1.0,1.0,17.0,17.0,0,0,0,0,0,,,,0.0,0.0,0.0,0.0,0.0
Q131212,3,217.0,435.67,1.0,2.67,1.0,1.0,44.0,35.67,1,1,2,1,0,,,,33.33,33.33,66.67,33.33,0.0
Q1312529,1,161.0,161.0,2.0,2.0,1.0,1.0,0.0,0.0,0,0,1,0,0,,,,0.0,0.0,100.0,0.0,0.0
Q131265,1,1230.0,1230.0,39.0,39.0,3.0,3.0,29.0,29.0,0,0,0,0,0,,,,0.0,0.0,0.0,0.0,0.0
Q131299,20,250.0,236.25,2.0,2.8,0.0,0.0,26.5,24.95,0,20,10,0,0,,,,0.0,100.0,50.0,0.0,0.0
Q131301016,1,42.0,42.0,1.0,1.0,0.0,0.0,3.0,3.0,0,1,1,0,0,,,,0.0,100.0,100.0,0.0,0.0
Q131301051,1,91.0,91.0,1.0,1.0,0.0,0.0,4.0,4.0,0,1,1,0,0,,,,0.0,100.0,100.0,0.0,0.0
Q1313096,3,1032.0,1075.67,7.0,5.33,8.0,8.0,92.0,77.67,0,1,0,0,0,ministry of science,ministry of science,министерство науки и технологии,0.0,33.33,0.0,0.0,0.0
Q131324128,3,87.0,80.67,0.0,0.0,0.0,0.0,3.0,3.33,3,3,3,3,3,water polo club,water polo club,ватерпольный клуб,100.0,100.0,100.0,100.0,100.0
Q131338872,1,298.0,298.0,1.0,1.0,0.0,0.0,5.0,5.0,0,1,0,0,0,,,,0.0,100.0,0.0,0.0,0.0
Q131339603,3,105.0,172.67,1.0,1.67,1.0,0.67,4.0,21.67,0,1,2,0,0,,,,0.0,33.33,66.67,0.0,0.0
Q13136,8,291.5,359.12,1.5,1.88,0.5,0.62,15.0,16.62,0,4,4,0,0,,,,0.0,50.0,50.0,0.0,0.0
Q131362181,5,145.0,170.2,1.0,1.6,0.0,0.4,5.0,4.4,0,3,4,0,0,,,,0.0,60.0,80.0,0.0,0.0
Q13137940,7,189.0,751.57,1.0,4.29,2.0,2.71,8.0,19.14,2,0,4,2,0,,,,28.57,0.0,57.14,28.57,0.0
Q131401,4,1144.5,3830.0,12.5,58.75,3.5,5.0,48.5,133.0,0,0,1,0,0,,,,0.0,0.0,25.0,0.0,0.0
Q131415018,1,314.0,314.0,0.0,0.0,2.0,2.0,9.0,9.0,1,0,0,0,0,,,,100.0,0.0,0.0,0.0,0.0
Q131419,1,85.0,85.0,1.0,1.0,0.0,0.0,5.0,5.0,0,1,1,0,0,,,,0.0,100.0,100.0,0.0,0.0
Q131427665,1,488.0,488.0,0.0,0.0,0.0,0.0,26.0,26.0,1,1,0,0,0,,,,100.0,100.0,0.0,0.0,0.0
Q1314278,1,65.0,65.0,1.0,1.0,0.0,0.0,1.0,1.0,0,1,1,0,0,,,,0.0,100.0,100.0,0.0,0.0
Q131436,7,249.0,487.14,1.0,1.29,1.0,1.71,4.0,15.29,2,1,4,1,0,,,,28.57,14.29,57.14,14.29,0.0
Q131459694,39,481.0,473.74,0.0,1.72,0.0,0.08,26.0,29.51,27,36,8,6,6,association football season,association football season,розыгрыш футбольного турнира,69.23,92.31,20.51,15.38,15.38
Q131463097,3,242.0,242.33,0.0,0.0,0.0,0.0,2.0,2.0,3,3,3,3,3,,,,100.0,100.0,100.0,100.0,100.0
Q131540088,1,4454.0,4454.0,92.0,92.0,15.0,15.0,189.0,189.0,0,0,0,0,0,,,,0.0,0.0,0.0,0.0,0.0
Q131541832,1,184.0,184.0,1.0,1.0,1.0,1.0,5.0,5.0,0,0,1,0,0,,,,0.0,0.0,100.0,0.0,0.0
Q131559,1,43.0,43.0,1.0,1.0,1.0,1.0,3.0,3.0,0,0,1,0,0,,,,0.0,0.0,100.0,0.0,0.0
Q131565179,12,222.0,417.17,1.0,2.5,1.0,1.08,10.0,19.17,4,5,7,4,3,,,,33.33,41.67,58.33,33.33,25.0
Q131569,48,201.5,333.21,1.0,1.19,0.0,0.54,11.0,14.4,18,29,29,8,6,treaty,Халықаралық келiсiмдер,международный договор,37.5,60.42,60.42,16.67,12.5
Q1315911,1,138.0,138.0,2.0,2.0,0.0,0.0,17.0,17.0,0,1,1,0,0,,,,0.0,100.0,100.0,0.0,0.0
Q131610589,2,82.0,82.0,1.0,1.0,0.5,0.5,6.5,6.5,0,1,2,0,0,,,,0.0,50.0,100.0,0.0,0.0
Q131618150,14,241.0,240.64,0.0,0.0,0.0,0.0,2.0,2.0,14,14,14,14,14,,,,100.0,100.0,100.0,100.0,100.0
Q131621892,1,795.0,795.0,1.0,1.0,2.0,2.0,28.0,28.0,0,0,0,0,0,,,,0.0,0.0,0.0,0.0,0.0
Q131639541,1,204.0,204.0,0.0,0.0,0.0,0.0,8.0,8.0,1,1,1,1,1,,,,100.0,100.0,100.0,100.0,100.0
Q131647,36,489.0,555.0,0.0,0.83,2.0,2.56,8.5,9.47,22,1,5,2,0,medal,медаль,медаль,61.11,2.78,13.89,5.56,0.0
Q131651830,1,2240.0,2240.0,23.0,23.0,0.0,0.0,86.0,86.0,0,1,0,0,0,,,,0.0,100.0,0.0,0.0,0.0
Q131668,1,2834.0,2834.0,45.0,45.0,2.0,2.0,162.0,162.0,0,0,0,0,0,,,,0.0,0.0,0.0,0.0,0.0
Q131669,3,937.0,934.33,1.0,16.0,2.0,1.33,20.0,25.33,1,1,0,0,0,,,,33.33,33.33,0.0,0.0,0.0
Q131679239,2,58.0,58.0,0.5,0.5,0.5,0.5,6.0,6.0,1,1,2,1,0,,,,50.0,50.0,100.0,50.0,0.0
Q131681,92,164.5,210.92,1.0,1.46,0.0,0.11,6.0,7.29,6,85,76,6,2,reservoir,су қоймасы,водохранилище,6.52,92.39,82.61,6.52,2.17
Q131700004,3,480.0,650.67,1.0,1.67,1.0,1.33,32.0,31.67,1,1,0,0,0,,,,33.33,33.33,0.0,0.0,0.0
Q131731,2,232.5,232.5,5.0,5.0,2.5,2.5,13.5,13.5,0,0,1,0,0,,,,0.0,0.0,50.0,0.0,0.0
Q131733833,3,134.0,117.0,2.0,1.33,1.0,1.0,8.0,6.67,1,0,3,1,0,,,,33.33,0.0,100.0,33.33,0.0
Q131743524,2,532.5,532.5,1.5,1.5,1.5,1.5,7.0,7.0,0,1,1,0,0,,,,0.0,50.0,50.0,0.0,0.0
Q131744452,2,84.0,84.0,1.0,1.0,0.0,0.0,8.5,8.5,0,2,2,0,0,,,,0.0,100.0,100.0,0.0,0.0
Q131745961,1,276.0,276.0,0.0,0.0,0.0,0.0,12.0,12.0,1,1,0,0,0,,,,100.0,100.0,0.0,0.0,0.0
Q131747020,1,633.0,633.0,4.0,4.0,1.0,1.0,13.0,13.0,0,0,0,0,0,,,,0.0,0.0,0.0,0.0,0.0
Q131748586,2,412.0,412.0,1.5,1.5,1.0,1.0,17.0,17.0,0,1,0,0,0,,,,0.0,50.0,0.0,0.0,0.0
Q131784011,1,351.0,351.0,17.0,17.0,1.0,1.0,14.0,14.0,0,0,0,0,0,,,,0.0,0.0,0.0,0.0,0.0
Q131784846,4,224.5,280.5,1.0,1.5,0.0,0.0,7.0,6.75,1,4,2,0,0,,,,25.0,100.0,50.0,0.0,0.0
Q131790,2,221.5,221.5,2.5,2.5,1.0,1.0,11.5,11.5,0,0,1,0,0,,,,0.0,0.0,50.0,0.0,0.0
Q1318370,1,77.0,77.0,1.0,1.0,0.0,0.0,8.0,8.0,0,1,1,0,0,,,,0.0,100.0,100.0,0.0,0.0
Q131841,1,429.0,429.0,1.0,1.0,2.0,2.0,5.0,5.0,0,0,0,0,0,,,,0.0,0.0,0.0,0.0,0.0
Q1318413,1,347.0,347.0,0.0,0.0,0.0,0.0,0.0,0.0,1,1,0,0,0,,,,100.0,100.0,0.0,0.0,0.0
Q131908101,1,514.0,514.0,0.0,0.0,2.0,2.0,9.0,9.0,1,0,0,0,0,,,,100.0,0.0,0.0,0.0,0.0
Q131929187,1,453.0,453.0,1.0,1.0,0.0,0.0,23.0,23.0,0,1,0,0,0,,,,0.0,100.0,0.0,0.0,0.0
Q131934975,1,140.0,140.0,0.0,0.0,8.0,8.0,5.0,5.0,1,0,1,1,0,,,,100.0,0.0,100.0,100.0,0.0
Q131935021,1,198.0,198.0,3.0,3.0,0.0,0.0,10.0,10.0,0,1,1,0,0,,,,0.0,100.0,100.0,0.0,0.0
Q131936230,1,462.0,462.0,11.0,11.0,0.0,0.0,14.0,14.0,0,1,0,0,0,,,,0.0,100.0,0.0,0.0,0.0
Q1319599,2,955.5,955.5,3.5,3.5,1.5,1.5,44.5,44.5,0,0,0,0,0,,,,0.0,0.0,0.0,0.0,0.0
Q131960212,1,95.0,95.0,1.0,1.0,0.0,0.0,0.0,0.0,0,1,1,0,0,,,,0.0,100.0,100.0,0.0,0.0
Q13196193,13,75.0,165.38,1.0,0.92,0.0,0.38,5.0,4.92,1,8,11,1,1,,,,7.69,61.54,84.62,7.69,7.69
Q131981876,1,3008.0,3008.0,26.0,26.0,4.0,4.0,105.0,105.0,0,0,0,0,0,,,,0.0,0.0,0.0,0.0,0.0
Q131986827,3,212.0,297.67,0.0,0.67,1.0,1.67,13.0,13.67,2,0,2,2,0,,,,66.67,0.0,66.67,66.67,0.0
Q1320047,4,241.0,238.0,0.5,0.75,0.0,0.25,8.0,14.75,2,3,2,1,1,,,,50.0,75.0,50.0,25.0,25.0
Q1320719,1,436.0,436.0,0.0,0.0,0.0,0.0,21.0,21.0,1,1,0,0,0,,,,100.0,100.0,0.0,0.0,0.0
Q132127653,1,229.0,229.0,0.0,0.0,0.0,0.0,5.0,5.0,1,1,1,1,1,,,,100.0,100.0,100.0,100.0,100.0
Q132137,1,455.0,455.0,10.0,10.0,0.0,0.0,3.0,3.0,0,1,0,0,0,,,,0.0,100.0,0.0,0.0,0.0
Q132172722,14,243.5,243.36,0.0,0.0,0.0,0.0,2.0,2.0,14,14,14,14,14,,,,100.0,100.0,100.0,100.0,100.0
Q13217644,51,274.0,267.24,0.0,0.08,0.0,0.2,7.0,9.57,47,41,7,3,3,,,,92.16,80.39,13.73,5.88,5.88
Q13218357,6,249.5,725.67,1.0,5.0,0.5,2.0,6.0,40.83,1,3,3,1,1,,,,16.67,50.0,50.0,16.67,16.67
Q13218382,1,1677.0,1677.0,40.0,40.0,0.0,0.0,11.0,11.0,0,1,0,0,0,,,,0.0,100.0,0.0,0.0,0.0
Q13218391,10,418.5,659.5,1.0,3.5,0.5,1.4,15.5,32.8,2,5,3,1,1,,,,20.0,50.0,30.0,10.0,10.0
Q132185404,3,258.0,270.0,0.0,0.0,1.0,0.67,5.0,6.33,3,1,0,0,0,,,,100.0,33.33,0.0,0.0,0.0
Q13218690,12,230.5,232.58,0.0,0.0,0.0,0.0,5.0,5.58,12,12,6,6,6,,,,100.0,100.0,50.0,50.0,50.0
Q132192592,1,428.0,428.0,7.0,7.0,3.0,3.0,20.0,20.0,0,0,0,0,0,,,,0.0,0.0,0.0,0.0,0.0
Q1321926,1,605.0,605.0,0.0,0.0,2.0,2.0,13.0,13.0,1,0,0,0,0,,,,100.0,0.0,0.0,0.0,0.0
Q13219666,1,910.0,910.0,0.0,0.0,2.0,2.0,41.0,41.0,1,0,0,0,0,,,,100.0,0.0,0.0,0.0,0.0
Q1322005,11,119.0,244.64,1.0,2.45,1.0,0.91,6.0,13.0,2,4,8,1,1,,,,18.18,36.36,72.73,9.09,9.09
Q1322134,13,158.0,202.92,1.0,1.0,0.0,0.69,7.0,9.54,5,8,11,5,2,gulf,gulf,залив,38.46,61.54,84.62,38.46,15.38
Q1322198,7,325.0,467.14,1.0,1.29,0.0,0.57,22.0,23.29,3,4,3,2,1,,,,42.86,57.14,42.86,28.57,14.29
Q132241,6,177.5,162.0,1.0,1.0,1.0,1.0,6.5,7.33,1,2,5,0,0,festival,festival,фестиваль,16.67,33.33,83.33,0.0,0.0
Q13226383,11,440.0,689.73,2.0,5.82,1.0,1.36,8.0,21.82,1,5,3,0,0,facility,facility,площадка,9.09,45.45,27.27,0.0,0.0
Q13226541,2,1073.5,1073.5,11.0,11.0,1.5,1.5,34.0,34.0,0,1,0,0,0,,,,0.0,50.0,0.0,0.0,0.0
Q1322856,1,68.0,68.0,0.0,0.0,0.0,0.0,1.0,1.0,1,1,1,1,1,,,,100.0,100.0,100.0,100.0,100.0
Q1323212,2,3452.5,3452.5,72.0,72.0,1.5,1.5,94.0,94.0,0,0,0,0,0,,,,0.0,0.0,0.0,0.0,0.0
Q132347976,1,63.0,63.0,1.0,1.0,0.0,0.0,4.0,4.0,0,1,1,0,0,,,,0.0,100.0,100.0,0.0,0.0
Q1323528,1,225.0,225.0,3.0,3.0,0.0,0.0,9.0,9.0,0,1,1,0,0,,,,0.0,100.0,100.0,0.0,0.0
Q1323572,1,3683.0,3683.0,0.0,0.0,3.0,3.0,8.0,8.0,1,0,0,0,0,,,,100.0,0.0,0.0,0.0,0.0
Q132364,9,394.0,394.44,1.0,2.0,1.0,1.22,8.0,7.33,3,4,3,0,0,,,,33.33,44.44,33.33,0.0,0.0
Q1323642,5,3219.0,3532.8,10.0,18.2,3.0,6.8,120.0,181.0,0,0,0,0,0,,,,0.0,0.0,0.0,0.0,0.0
Q1324355,2,298.5,298.5,0.5,0.5,0.5,0.5,10.0,10.0,1,1,1,0,0,,,,50.0,50.0,50.0,0.0,0.0
Q132510,1,163.0,163.0,0.0,0.0,1.0,1.0,11.0,11.0,1,0,1,1,0,,,,100.0,0.0,100.0,100.0,0.0
Q1325302,4,189.0,246.5,1.0,3.0,1.5,1.5,7.5,6.5,1,1,3,1,0,,,,25.0,25.0,75.0,25.0,0.0
Q13257647,2,681.0,681.0,2.0,2.0,2.0,2.0,11.5,11.5,1,0,0,0,0,,,,50.0,0.0,0.0,0.0,0.0
Q13266,1,138.0,138.0,1.0,1.0,0.0,0.0,12.0,12.0,0,1,1,0,0,,,,0.0,100.0,100.0,0.0,0.0
Q132680629,3,237.0,225.33,0.0,0.0,0.0,0.33,2.0,2.0,3,2,2,2,1,,,,100.0,66.67,66.67,66.67,33.33
Q1326966,10,235.5,296.5,1.0,1.3,0.0,0.7,9.5,11.9,2,6,6,2,1,,,,20.0,60.0,60.0,20.0,10.0
Q132708853,1,76.0,76.0,0.0,0.0,0.0,0.0,6.0,6.0,1,1,1,1,1,,,,100.0,100.0,100.0,100.0,100.0
Q1327300,1,444.0,444.0,3.0,3.0,0.0,0.0,11.0,11.0,0,1,0,0,0,,,,0.0,100.0,0.0,0.0,0.0
Q1327465,1,457.0,457.0,5.0,5.0,0.0,0.0,2.0,2.0,0,1,0,0,0,,,,0.0,100.0,0.0,0.0,0.0
Q132753319,1,173.0,173.0,0.0,0.0,0.0,0.0,4.0,4.0,1,1,1,1,1,,,,100.0,100.0,100.0,100.0,100.0
Q132775089,1,114.0,114.0,1.0,1.0,1.0,1.0,7.0,7.0,0,0,1,0,0,,,,0.0,0.0,100.0,0.0,0.0
Q132775244,1,80.0,80.0,2.0,2.0,1.0,1.0,8.0,8.0,0,0,1,0,0,,,,0.0,0.0,100.0,0.0,0.0
Q132775289,1,103.0,103.0,1.0,1.0,1.0,1.0,9.0,9.0,0,0,1,0,0,,,,0.0,0.0,100.0,0.0,0.0
Q132776456,2,2467.0,2467.0,37.5,37.5,2.0,2.0,82.5,82.5,1,0,0,0,0,,,,50.0,0.0,0.0,0.0,0.0
Q132798322,5,183.0,158.0,1.0,1.4,0.0,0.0,5.0,5.2,0,5,4,0,0,,,,0.0,100.0,80.0,0.0,0.0
Q132821,1,644.0,644.0,17.0,17.0,1.0,1.0,9.0,9.0,0,0,0,0,0,,,,0.0,0.0,0.0,0.0,0.0
Q132834,18,162.5,259.33,1.0,1.28,0.0,0.44,9.0,7.44,7,12,13,7,7,madrasa,Медресе,медресе,38.89,66.67,72.22,38.89,38.89
Q1328899,9,224.0,253.11,1.0,1.0,0.0,0.44,16.0,22.11,4,6,6,3,2,,,,44.44,66.67,66.67,33.33,22.22
Q1329623,2,356.0,356.0,2.0,2.0,0.0,0.0,28.5,28.5,1,2,0,0,0,cultural center,cultural center,культурный центр,50.0,100.0,0.0,0.0,0.0
Q132967635,1,870.0,870.0,7.0,7.0,0.0,0.0,21.0,21.0,0,1,0,0,0,,,,0.0,100.0,0.0,0.0,0.0
Q133004,1,443.0,443.0,0.0,0.0,0.0,0.0,13.0,13.0,1,1,0,0,0,diaspora,Диаспора,диаспора,100.0,100.0,0.0,0.0,0.0
Q1330251,3,409.0,331.0,5.0,4.0,0.0,0.0,5.0,70.0,1,3,1,1,1,,,,33.33,100.0,33.33,33.33,33.33
Q1330336,4,520.5,540.25,1.5,3.0,1.0,1.0,21.0,26.25,1,1,0,0,0,,,,25.0,25.0,0.0,0.0,0.0
Q133056,20,182.0,193.6,1.0,1.1,0.0,0.05,6.0,6.4,1,19,19,0,0,mountain pass,асу,перевал,5.0,95.0,95.0,0.0,0.0
Q133067,1,422.0,422.0,10.0,10.0,1.0,1.0,15.0,15.0,0,0,0,0,0,,,,0.0,0.0,0.0,0.0,0.0
Q1330974,5,163.0,303.2,0.0,0.4,1.0,1.2,1.0,2.6,3,1,4,2,1,,,,60.0,20.0,80.0,40.0,20.0
Q1331380,1,376.0,376.0,9.0,9.0,0.0,0.0,18.0,18.0,0,1,0,0,0,,,,0.0,100.0,0.0,0.0,0.0
Q133156,5,290.0,406.2,2.0,2.4,0.0,0.2,49.0,35.8,2,4,2,2,2,,,,40.0,80.0,40.0,40.0,40.0
Q133163,4,268.5,321.5,1.0,1.25,0.5,0.5,10.5,11.25,0,2,2,0,0,,,,0.0,50.0,50.0,0.0,0.0
Q133177856,2,372.0,372.0,0.5,0.5,0.5,0.5,16.0,16.0,1,1,1,0,0,,,,50.0,50.0,50.0,0.0,0.0
Q1331793,8,299.5,388.12,3.0,4.25,0.0,0.12,8.5,10.38,1,7,3,1,1,media company,media company,медиакомпания,12.5,87.5,37.5,12.5,12.5
Q133182,4,393.0,382.75,0.0,0.5,0.5,0.75,15.0,16.75,3,2,1,1,0,,,,75.0,50.0,25.0,25.0,0.0
Q133212,1,50.0,50.0,2.0,2.0,1.0,1.0,3.0,3.0,0,0,1,0,0,,,,0.0,0.0,100.0,0.0,0.0
Q1332219,1,472.0,472.0,8.0,8.0,0.0,0.0,5.0,5.0,0,1,0,0,0,,,,0.0,100.0,0.0,0.0,0.0
Q133250,2,391.0,391.0,0.0,0.0,0.5,0.5,26.0,26.0,2,1,1,1,0,,,,100.0,50.0,50.0,50.0,0.0
Q133272445,1,5674.0,5674.0,121.0,121.0,82.0,82.0,354.0,354.0,0,0,0,0,0,,,,0.0,0.0,0.0,0.0,0.0
Q133284163,3,963.0,871.0,15.0,17.33,0.0,0.33,15.0,22.33,0,2,0,0,0,,,,0.0,66.67,0.0,0.0,0.0
Q133311,66,323.0,509.36,1.5,2.7,0.0,0.79,14.5,29.06,18,34,27,14,9,tribe,тайпа,племя,27.27,51.52,40.91,21.21,13.64
Q1333366,1,2435.0,2435.0,10.0,10.0,2.0,2.0,130.0,130.0,0,0,0,0,0,,,,0.0,0.0,0.0,0.0,0.0
Q133346,7,1086.0,1105.86,2.0,3.71,6.0,7.0,23.0,23.14,2,0,0,0,0,border,Мемлекеттік шекара,граница географическая,28.57,0.0,0.0,0.0,0.0
Q1334052,1,827.0,827.0,4.0,4.0,0.0,0.0,21.0,21.0,0,1,0,0,0,,,,0.0,100.0,0.0,0.0,0.0
Q133442,16,849.0,869.12,3.0,3.81,1.0,1.38,17.5,26.38,3,6,2,1,1,,,,18.75,37.5,12.5,6.25,6.25
Q133444874,2,372.5,372.5,1.0,1.0,1.0,1.0,10.0,10.0,1,1,1,0,0,,,,50.0,50.0,50.0,0.0,0.0
Q133449656,3,416.0,311.33,2.0,1.67,0.0,0.33,6.0,8.67,0,2,1,0,0,,,,0.0,66.67,33.33,0.0,0.0
Q1334738,1,673.0,673.0,3.0,3.0,2.0,2.0,61.0,61.0,0,0,0,0,0,,,,0.0,0.0,0.0,0.0,0.0
Q133492,1,1059.0,1059.0,1.0,1.0,0.0,0.0,5.0,5.0,0,1,0,0,0,,,,0.0,100.0,0.0,0.0,0.0
Q1335003,1,242.0,242.0,0.0,0.0,0.0,0.0,12.0,12.0,1,1,1,1,1,,,,100.0,100.0,100.0,100.0,100.0
Q1335818,2,1699.5,1699.5,6.5,6.5,5.5,5.5,85.5,85.5,0,0,0,0,0,,,,0.0,0.0,0.0,0.0,0.0
Q133585,1,326.0,326.0,3.0,3.0,1.0,1.0,3.0,3.0,0,0,0,0,0,,,,0.0,0.0,0.0,0.0,0.0
Q1336099,3,196.0,209.67,0.0,0.33,0.0,0.33,23.0,20.33,2,2,2,2,2,,,,66.67,66.67,66.67,66.67,66.67
Q13365548,1,86.0,86.0,1.0,1.0,0.0,0.0,0.0,0.0,0,1,1,0,0,,,,0.0,100.0,100.0,0.0,0.0
Q13366104,8,117.0,172.88,0.0,0.5,1.0,0.75,12.5,21.38,5,2,5,4,0,,,,62.5,25.0,62.5,50.0,0.0
Q13366129,6,293.5,307.33,0.0,0.17,0.0,0.33,7.5,26.83,5,4,3,3,1,,,,83.33,66.67,50.0,50.0,16.67
Q133699310,1,88.0,88.0,1.0,1.0,0.0,0.0,4.0,4.0,0,1,1,0,0,,,,0.0,100.0,100.0,0.0,0.0
Q133797182,1,376.0,376.0,7.0,7.0,0.0,0.0,3.0,3.0,0,1,0,0,0,,,,0.0,100.0,0.0,0.0,0.0
Q133798571,2,640.5,640.5,2.0,2.0,0.0,0.0,25.0,25.0,0,2,0,0,0,,,,0.0,100.0,0.0,0.0,0.0
Q13380226,1,379.0,379.0,3.0,3.0,3.0,3.0,4.0,4.0,0,0,0,0,0,,,,0.0,0.0,0.0,0.0,0.0
Q133808165,2,513.0,513.0,6.5,6.5,1.5,1.5,10.0,10.0,0,0,0,0,0,,,,0.0,0.0,0.0,0.0,0.0
Q133829011,1,52.0,52.0,1.0,1.0,0.0,0.0,4.0,4.0,0,1,1,0,0,,,,0.0,100.0,100.0,0.0,0.0
Q133841517,1,2066.0,2066.0,22.0,22.0,9.0,9.0,109.0,109.0,0,0,0,0,0,,,,0.0,0.0,0.0,0.0,0.0
Q133846807,2,267.5,267.5,1.0,1.0,1.0,1.0,18.0,18.0,0,1,1,0,0,,,,0.0,50.0,50.0,0.0,0.0
Q133857185,1,927.0,927.0,34.0,34.0,0.0,0.0,35.0,35.0,0,1,0,0,0,,,,0.0,100.0,0.0,0.0,0.0
Q1338798,1,796.0,796.0,21.0,21.0,2.0,2.0,17.0,17.0,0,0,0,0,0,,,,0.0,0.0,0.0,0.0,0.0
Q1339195,4,267.0,259.75,3.0,3.0,2.0,2.0,7.5,7.75,0,0,2,0,0,,,,0.0,0.0,50.0,0.0,0.0
Q13393265,12,102.5,138.33,0.0,0.33,0.0,0.0,2.5,3.92,8,12,11,7,7,basketball team,basketball team,баскетбольная команда,66.67,100.0,91.67,58.33,58.33
Q133997300,223,309.0,307.78,1.0,0.87,0.0,0.04,6.0,6.0,30,214,0,0,0,,,,13.45,95.96,0.0,0.0,0.0
Q133997481,536,298.0,299.8,1.0,0.96,0.0,0.04,6.0,6.0,19,516,0,0,0,,,,3.54,96.27,0.0,0.0,0.0
Q134016100,1,382.0,382.0,0.0,0.0,1.0,1.0,1.0,1.0,1,0,0,0,0,,,,100.0,0.0,0.0,0.0,0.0
Q13402009,1,310.0,310.0,0.0,0.0,1.0,1.0,6.0,6.0,1,0,0,0,0,,,,100.0,0.0,0.0,0.0,0.0
Q13402959,1,74.0,74.0,1.0,1.0,1.0,1.0,5.0,5.0,0,0,1,0,0,,,,0.0,0.0,100.0,0.0,0.0
Q1340449,2,407.5,407.5,5.0,5.0,0.0,0.0,18.5,18.5,0,2,0,0,0,,,,0.0,100.0,0.0,0.0,0.0
Q13405593,2,172.5,172.5,0.5,0.5,1.5,1.5,4.5,4.5,1,0,2,1,0,,,,50.0,0.0,100.0,50.0,0.0
Q13406463,776,875.0,2362.45,0.0,8.11,1.0,10.43,62.0,190.55,424,384,107,81,55,Wikimedia list article,Wikimedia list article,статья-список в проекте Викимедиа,54.64,49.48,13.79,10.44,7.09
Q13406554,77,395.0,587.58,0.0,1.17,0.0,1.74,29.0,39.78,62,64,16,14,12,sports competition,sports competition,спортивное соревнование,80.52,83.12,20.78,18.18,15.58
Q13406660,2,722.0,722.0,8.0,8.0,0.5,0.5,23.5,23.5,1,1,0,0,0,civil rights movement,civil rights movement,движение за гражданские права,50.0,50.0,0.0,0.0,0.0
Q13408093,1,129.0,129.0,1.0,1.0,1.0,1.0,8.0,8.0,0,0,1,0,0,,,,0.0,0.0,100.0,0.0,0.0
Q1340856,1,67.0,67.0,1.0,1.0,0.0,0.0,4.0,4.0,0,1,1,0,0,,,,0.0,100.0,100.0,0.0,0.0
Q13410438,1,417.0,417.0,1.0,1.0,0.0,0.0,14.0,14.0,0,1,0,0,0,,,,0.0,100.0,0.0,0.0,0.0
Q13410464,2,151.0,151.0,0.0,0.0,0.0,0.0,13.5,13.5,2,2,2,2,2,,,,100.0,100.0,100.0,100.0,100.0
Q1341478,3,640.0,478.67,7.0,7.0,0.0,0.0,28.0,19.0,1,3,1,1,1,,,,33.33,100.0,33.33,33.33,33.33
Q13414953,10,374.0,525.9,1.0,2.0,0.5,0.5,9.0,17.2,4,5,4,2,2,,,,40.0,50.0,40.0,20.0,20.0
Q13415366,1,397.0,397.0,1.0,1.0,1.0,1.0,22.0,22.0,0,0,0,0,0,,,,0.0,0.0,0.0,0.0,0.0
Q13415368,8,469.0,497.62,1.0,1.0,0.5,0.62,27.0,31.62,2,4,0,0,0,,,,25.0,50.0,0.0,0.0,0.0
Q13415370,1,545.0,545.0,1.0,1.0,0.0,0.0,27.0,27.0,0,1,0,0,0,,,,0.0,100.0,0.0,0.0,0.0
Q134161,3,481.0,584.0,1.0,2.0,1.0,2.67,13.0,19.0,0,0,1,0,0,joint-stock company,Акционерлік қоғам,акционерное общество,0.0,0.0,33.33,0.0,0.0
Q13416557,3,708.0,1259.0,6.0,14.0,0.0,5.0,15.0,15.0,1,2,0,0,0,,,,33.33,66.67,0.0,0.0,0.0
Q13417114,21,537.0,806.33,1.0,1.9,0.0,1.52,29.0,37.05,10,11,3,0,0,,,,47.62,52.38,14.29,0.0,0.0
Q13417250,6,494.0,549.17,2.5,2.67,0.0,1.33,4.5,5.0,1,4,0,0,0,,,,16.67,66.67,0.0,0.0,0.0
Q1341811,1,260.0,260.0,0.0,0.0,0.0,0.0,16.0,16.0,1,1,0,0,0,,,,100.0,100.0,0.0,0.0,0.0
Q13418847,2,1017.5,1017.5,5.0,5.0,2.5,2.5,36.5,36.5,1,0,0,0,0,,,,50.0,0.0,0.0,0.0,0.0
Q134194,1,408.0,408.0,0.0,0.0,2.0,2.0,5.0,5.0,1,0,0,0,0,,,,100.0,0.0,0.0,0.0,0.0
Q134219,4,114.5,131.75,2.0,2.0,1.0,1.25,10.0,13.0,0,1,4,0,0,,,,0.0,25.0,100.0,0.0,0.0
Q13426043,2,391.5,391.5,2.5,2.5,3.5,3.5,21.0,21.0,1,1,1,1,1,,,,50.0,50.0,50.0,50.0,50.0
Q134261520,1,40.0,40.0,1.0,1.0,1.0,1.0,0.0,0.0,0,0,1,0,0,,,,0.0,0.0,100.0,0.0,0.0
Q134264207,2,403.5,403.5,4.5,4.5,3.5,3.5,28.0,28.0,0,0,0,0,0,,,,0.0,0.0,0.0,0.0,0.0
Q134267259,1,243.0,243.0,0.0,0.0,4.0,4.0,5.0,5.0,1,0,1,1,0,,,,100.0,0.0,100.0,100.0,0.0
Q13427116,5,141.0,312.6,0.0,0.4,1.0,0.8,4.0,14.4,3,2,4,3,2,,,,60.0,40.0,80.0,60.0,40.0
Q13427130,1,104.0,104.0,0.0,0.0,1.0,1.0,1.0,1.0,1,0,1,1,0,,,,100.0,0.0,100.0,100.0,0.0
Q1343205,3,350.0,429.0,5.0,7.33,0.0,0.33,40.0,32.33,1,2,1,1,0,,,,33.33,66.67,33.33,33.33,0.0
Q13433827,1,111.0,111.0,1.0,1.0,1.0,1.0,7.0,7.0,0,0,1,0,0,,,,0.0,0.0,100.0,0.0,0.0
Q134396192,3,232.0,335.33,1.0,1.33,2.0,1.67,16.0,20.33,0,1,2,0,0,,,,0.0,33.33,66.67,0.0,0.0
Q13440398,1,1338.0,1338.0,24.0,24.0,5.0,5.0,17.0,17.0,0,0,0,0,0,,,,0.0,0.0,0.0,0.0,0.0
Q134445478,1,1128.0,1128.0,7.0,7.0,0.0,0.0,17.0,17.0,0,1,0,0,0,,,,0.0,100.0,0.0,0.0,0.0
Q134447,2,678.5,678.5,6.5,6.5,0.0,0.0,13.0,13.0,0,2,0,0,0,nuclear power plant,Атом электр стансасы,атомная электростанция,0.0,100.0,0.0,0.0,0.0
Q134466357,1,297.0,297.0,3.0,3.0,1.0,1.0,15.0,15.0,0,0,0,0,0,,,,0.0,0.0,0.0,0.0,0.0
Q134469332,1,260.0,260.0,4.0,4.0,0.0,0.0,2.0,2.0,0,1,0,0,0,,,,0.0,100.0,0.0,0.0,0.0
Q1344695,6,778.5,730.5,1.0,1.5,1.0,0.83,10.0,14.83,2,2,1,0,0,,,,33.33,33.33,16.67,0.0,0.0
Q1344851,2,347.5,347.5,4.5,4.5,0.0,0.0,13.5,13.5,0,2,1,0,0,,,,0.0,100.0,50.0,0.0,0.0
Q134485872,1,1189.0,1189.0,1.0,1.0,0.0,0.0,388.0,388.0,0,1,0,0,0,,,,0.0,100.0,0.0,0.0,0.0
Q1344887,2,805.5,805.5,16.5,16.5,0.5,0.5,45.5,45.5,0,1,0,0,0,,,,0.0,50.0,0.0,0.0,0.0
Q1344897,1,658.0,658.0,4.0,4.0,1.0,1.0,9.0,9.0,0,0,0,0,0,,,,0.0,0.0,0.0,0.0,0.0
Q1344963,27,629.0,1241.93,0.0,1.59,0.0,7.19,61.0,90.0,24,15,1,1,1,,,,88.89,55.56,3.7,3.7,3.7
Q134496690,6,185.5,198.33,1.5,1.5,1.0,1.0,9.0,14.67,0,2,3,0,0,,,,0.0,33.33,50.0,0.0,0.0
Q134499786,2,71.0,71.0,1.0,1.0,0.0,0.0,4.5,4.5,0,2,2,0,0,,,,0.0,100.0,100.0,0.0,0.0
Q1345054,1,134.0,134.0,2.0,2.0,1.0,1.0,6.0,6.0,0,0,1,0,0,,,,0.0,0.0,100.0,0.0,0.0
Q1345055,6,851.0,783.33,1.0,1.33,0.5,0.5,75.0,79.0,2,3,0,0,0,,,,33.33,50.0,0.0,0.0,0.0
Q134514235,5,301.0,302.4,0.0,0.0,0.0,0.4,9.0,8.2,5,3,0,0,0,,,,100.0,60.0,0.0,0.0,0.0
Q1345234,127,87.0,94.28,0.0,0.0,0.0,0.62,15.0,20.96,127,91,126,126,90,,,,100.0,71.65,99.21,99.21,70.87
Q13455560,1,46.0,46.0,0.0,0.0,0.0,0.0,2.0,2.0,1,1,1,1,1,,,,100.0,100.0,100.0,100.0,100.0
Q134556,26,303.5,600.81,3.0,11.08,0.0,0.12,18.5,28.04,3,24,9,2,2,,,,11.54,92.31,34.62,7.69,7.69
Q13455770,1,46.0,46.0,0.0,0.0,0.0,0.0,2.0,2.0,1,1,1,1,1,,,,100.0,100.0,100.0,100.0,100.0
Q1345691,9,189.0,313.56,1.0,0.67,0.0,0.67,14.0,19.44,3,7,5,1,1,international financial institution,international financial institution,международная финансовая организация,33.33,77.78,55.56,11.11,11.11
Q1345712,1,763.0,763.0,2.0,2.0,0.0,0.0,14.0,14.0,0,1,0,0,0,development strategy,development strategy,стратегия развития,0.0,100.0,0.0,0.0,0.0
Q134577111,1,278.0,278.0,0.0,0.0,0.0,0.0,1.0,1.0,1,1,0,0,0,,,,100.0,100.0,0.0,0.0,0.0
Q134587884,5,274.0,308.2,1.0,1.4,1.0,0.8,7.0,8.2,2,2,1,0,0,,,,40.0,40.0,20.0,0.0,0.0
Q134599141,8,327.5,386.12,1.5,1.5,0.0,0.12,4.5,19.38,2,7,4,1,1,,,,25.0,87.5,50.0,12.5,12.5
Q134601860,1,465.0,465.0,3.0,3.0,0.0,0.0,28.0,28.0,0,1,0,0,0,,,,0.0,100.0,0.0,0.0,0.0
Q1346149,1,316.0,316.0,2.0,2.0,0.0,0.0,8.0,8.0,0,1,0,0,0,,,,0.0,100.0,0.0,0.0,0.0
Q1346215,1,701.0,701.0,0.0,0.0,2.0,2.0,6.0,6.0,1,0,0,0,0,,,,100.0,0.0,0.0,0.0,0.0
Q134626,207,307.0,312.35,1.0,0.7,0.0,0.49,6.0,7.05,68,123,0,0,0,,,,32.85,59.42,0.0,0.0,0.0
Q134721293,1,289.0,289.0,0.0,0.0,0.0,0.0,9.0,9.0,1,1,0,0,0,,,,100.0,100.0,0.0,0.0,0.0
Q1347298,5,486.0,438.4,0.0,0.2,0.0,0.0,5.0,5.4,4,5,2,1,1,,,,80.0,100.0,40.0,20.0,20.0
Q13473501,2,3226.5,3226.5,56.0,56.0,1.5,1.5,115.5,115.5,0,0,0,0,0,,,,0.0,0.0,0.0,0.0,0.0
Q1347367,6,160.5,241.0,1.0,1.5,0.0,0.0,4.0,5.0,1,6,4,0,0,,,,16.67,100.0,66.67,0.0,0.0
Q13479982,3,394.0,452.0,1.0,3.67,0.0,0.33,3.0,5.67,0,2,0,0,0,,,,0.0,66.67,0.0,0.0,0.0
Q1348073,2,408.5,408.5,1.0,1.0,0.5,0.5,1.5,1.5,1,1,1,1,0,,,,50.0,50.0,50.0,50.0,0.0
Q134830,12,50.5,50.0,1.0,0.67,0.0,0.08,4.5,4.08,4,11,12,4,3,,,,33.33,91.67,100.0,33.33,25.0
Q1348385,1,2962.0,2962.0,0.0,0.0,0.0,0.0,62.0,62.0,1,1,0,0,0,,,,100.0,100.0,0.0,0.0,0.0
Q1348589,2,140.5,140.5,2.5,2.5,1.0,1.0,6.0,6.0,0,0,2,0,0,,,,0.0,0.0,100.0,0.0,0.0
Q1349255,6,274.0,314.17,1.0,1.17,0.0,0.17,11.0,12.0,2,5,3,2,2,natural gas field,Газ кені,месторождение природного газа,33.33,83.33,50.0,33.33,33.33
Q134972145,4,185.5,216.75,1.5,1.75,1.0,1.5,4.0,4.0,1,1,3,0,0,,,,25.0,25.0,75.0,0.0,0.0
Q134995,1,39.0,39.0,1.0,1.0,0.0,0.0,0.0,0.0,0,1,1,0,0,,,,0.0,100.0,100.0,0.0,0.0
Q134995802,6,266.5,405.83,0.0,1.67,0.0,0.33,8.5,13.33,4,4,3,2,1,,,,66.67,66.67,50.0,33.33,16.67
Q135010,2,644.5,644.5,20.5,20.5,1.0,1.0,18.5,18.5,0,0,0,0,0,,,,0.0,0.0,0.0,0.0,0.0
Q1350181,1,3716.0,3716.0,0.0,0.0,7.0,7.0,275.0,275.0,1,0,0,0,0,,,,100.0,0.0,0.0,0.0,0.0
Q135097346,1,347.0,347.0,0.0,0.0,0.0,0.0,0.0,0.0,1,1,0,0,0,,,,100.0,100.0,0.0,0.0,0.0
Q135106502,2,283.0,283.0,0.0,0.0,1.5,1.5,28.5,28.5,2,1,1,1,1,,,,100.0,50.0,50.0,50.0,50.0
Q135106507,1,125.0,125.0,1.0,1.0,0.0,0.0,0.0,0.0,0,1,1,0,0,,,,0.0,100.0,100.0,0.0,0.0
Q135106813,2,408.5,408.5,2.0,2.0,0.5,0.5,28.5,28.5,0,1,0,0,0,,,,0.0,50.0,0.0,0.0,0.0
Q1351282,2,1266.0,1266.0,10.0,10.0,0.5,0.5,31.0,31.0,0,1,0,0,0,,,,0.0,50.0,0.0,0.0,0.0
Q1351672,2,292.0,292.0,1.0,1.0,0.0,0.0,6.0,6.0,0,2,0,0,0,,,,0.0,100.0,0.0,0.0,0.0
Q135207825,1,151.0,151.0,1.0,1.0,0.0,0.0,6.0,6.0,0,1,1,0,0,international oil company,international oil company,international oil company,0.0,100.0,100.0,0.0,0.0
Q1352230,5,493.0,535.4,1.0,2.6,0.0,0.6,19.0,20.0,1,4,1,0,0,,,,20.0,80.0,20.0,0.0,0.0
Q135236637,1,1092.0,1092.0,0.0,0.0,23.0,23.0,189.0,189.0,1,0,0,0,0,,,,100.0,0.0,0.0,0.0,0.0
Q135236643,1,682.0,682.0,0.0,0.0,0.0,0.0,5.0,5.0,1,1,0,0,0,,,,100.0,100.0,0.0,0.0,0.0
Q135236664,1,2727.0,2727.0,0.0,0.0,8.0,8.0,19.0,19.0,1,0,0,0,0,,,,100.0,0.0,0.0,0.0,0.0
Q135236669,1,2271.0,2271.0,2.0,2.0,1.0,1.0,260.0,260.0,0,0,0,0,0,,,,0.0,0.0,0.0,0.0,0.0
Q135236673,1,319.0,319.0,0.0,0.0,2.0,2.0,52.0,52.0,1,0,0,0,0,,,,100.0,0.0,0.0,0.0,0.0
Q135236682,1,774.0,774.0,11.0,11.0,1.0,1.0,39.0,39.0,0,0,0,0,0,,,,0.0,0.0,0.0,0.0,0.0
Q135236697,1,315.0,315.0,1.0,1.0,1.0,1.0,29.0,29.0,0,0,0,0,0,,,,0.0,0.0,0.0,0.0,0.0
Q135239856,3,531.0,480.33,0.0,0.0,0.0,16.0,34.0,37.67,3,2,0,0,0,,,,100.0,66.67,0.0,0.0,0.0
Q135264011,1,147.0,147.0,0.0,0.0,1.0,1.0,22.0,22.0,1,0,1,1,0,,,,100.0,0.0,100.0,100.0,0.0
Q135265559,3,174.0,169.33,2.0,1.67,0.0,0.0,7.0,6.67,0,3,3,0,0,,,,0.0,100.0,100.0,0.0,0.0
Q135267624,1,4897.0,4897.0,1.0,1.0,1.0,1.0,12.0,12.0,0,0,0,0,0,,,,0.0,0.0,0.0,0.0,0.0
Q135268492,1,220.0,220.0,2.0,2.0,3.0,3.0,19.0,19.0,0,0,1,0,0,,,,0.0,0.0,100.0,0.0,0.0
Q1353106,1,896.0,896.0,4.0,4.0,1.0,1.0,73.0,73.0,0,0,0,0,0,,,,0.0,0.0,0.0,0.0,0.0
Q13537604,1,77.0,77.0,1.0,1.0,1.0,1.0,9.0,9.0,0,0,1,0,0,,,,0.0,0.0,100.0,0.0,0.0
Q13538158,1,115.0,115.0,0.0,0.0,0.0,0.0,3.0,3.0,1,1,1,1,1,,,,100.0,100.0,100.0,100.0,100.0
Q13539802,184,297.0,307.62,0.0,0.25,1.0,0.57,7.0,7.98,173,83,9,3,3,,,,94.02,45.11,4.89,1.63,1.63
Q1354045,1,88.0,88.0,0.0,0.0,1.0,1.0,30.0,30.0,1,0,1,1,0,,,,100.0,0.0,100.0,100.0,0.0
Q135408445,241,387.0,527.81,0.0,0.59,0.0,0.33,28.0,38.0,138,213,37,21,21,men's national association football team,men's national association football team,мужская сборная по футболу,57.26,88.38,15.35,8.71,8.71
Q135409346,2,939.5,939.5,0.5,0.5,1.5,1.5,117.0,117.0,1,1,1,1,1,men's national ice hockey team,men's national ice hockey team,men's national ice hockey team,50.0,50.0,50.0,50.0,50.0
Q135412187,6,243.5,542.17,1.0,1.83,0.5,0.83,10.5,10.5,0,3,3,0,0,,,,0.0,50.0,50.0,0.0,0.0
Q135641761,4,959.0,963.75,0.0,0.0,0.0,0.25,22.0,33.75,4,3,0,0,0,,,,100.0,75.0,0.0,0.0,0.0
Q135642887,1,200.0,200.0,0.0,0.0,4.0,4.0,7.0,7.0,1,0,1,1,0,,,,100.0,0.0,100.0,100.0,0.0
Q135726667,1,114.0,114.0,2.0,2.0,0.0,0.0,4.0,4.0,0,1,1,0,0,,,,0.0,100.0,100.0,0.0,0.0
Q135728374,1,836.0,836.0,1.0,1.0,3.0,3.0,64.0,64.0,0,0,0,0,0,men's national bandy team,men's national bandy team,men's national bandy team,0.0,0.0,0.0,0.0,0.0
Q135728463,3,171.0,195.0,0.0,0.0,0.0,0.33,2.0,11.0,3,2,2,2,1,men's national basketball team,men's national basketball team,men's national basketball team,100.0,66.67,66.67,66.67,33.33
Q13573188,1,1123.0,1123.0,1.0,1.0,2.0,2.0,39.0,39.0,0,0,0,0,0,,,,0.0,0.0,0.0,0.0,0.0
Q135740745,1,3645.0,3645.0,0.0,0.0,159.0,159.0,445.0,445.0,1,0,0,0,0,,,,100.0,0.0,0.0,0.0,0.0
Q135741070,7,1048.0,1767.71,1.0,2.71,4.0,18.14,145.0,149.71,2,0,0,0,0,,,,28.57,0.0,0.0,0.0,0.0
Q135746936,2,302.5,302.5,1.0,1.0,0.0,0.0,6.0,6.0,0,2,0,0,0,,,,0.0,100.0,0.0,0.0,0.0
Q135746948,3,301.0,306.33,1.0,1.0,0.0,0.0,6.0,6.0,0,3,0,0,0,,,,0.0,100.0,0.0,0.0,0.0
Q135747756,1,783.0,783.0,0.0,0.0,0.0,0.0,70.0,70.0,1,1,0,0,0,men's national water polo team,men's national water polo team,men's national water polo team,100.0,100.0,0.0,0.0,0.0
Q135757271,1,361.0,361.0,0.0,0.0,0.0,0.0,20.0,20.0,1,1,0,0,0,,,,100.0,100.0,0.0,0.0,0.0
Q1357601,1,121.0,121.0,1.0,1.0,2.0,2.0,4.0,4.0,0,0,1,0,0,,,,0.0,0.0,100.0,0.0,0.0
Q13578154,7,201.0,197.29,1.0,1.57,0.0,0.43,9.0,12.57,0,4,5,0,0,,,,0.0,57.14,71.43,0.0,0.0
Q1357964,9,377.0,461.56,0.0,0.44,1.0,1.11,12.0,13.11,6,3,2,1,0,,,,66.67,33.33,22.22,11.11,0.0
Q13580678,9,215.0,351.44,0.0,0.11,0.0,0.78,7.0,13.44,8,7,5,4,3,,,,88.89,77.78,55.56,44.44,33.33
Q13582682,1,212.0,212.0,1.0,1.0,1.0,1.0,7.0,7.0,0,0,1,0,0,,,,0.0,0.0,100.0,0.0,0.0
Q135841149,3,165.0,782.0,1.0,1.33,1.0,2.33,9.0,24.67,1,1,2,1,0,,,,33.33,33.33,66.67,33.33,0.0
Q135841150,1,103.0,103.0,1.0,1.0,1.0,1.0,3.0,3.0,0,0,1,0,0,,,,0.0,0.0,100.0,0.0,0.0
Q13587273,1,646.0,646.0,7.0,7.0,1.0,1.0,11.0,11.0,0,0,0,0,0,,,,0.0,0.0,0.0,0.0,0.0
Q13587321,1,239.0,239.0,2.0,2.0,2.0,2.0,7.0,7.0,0,0,1,0,0,,,,0.0,0.0,100.0,0.0,0.0
Q135892289,15,399.0,452.27,2.0,1.8,0.0,0.2,16.0,19.53,2,12,4,0,0,,,,13.33,80.0,26.67,0.0,0.0
Q135899982,2,151.5,151.5,1.5,1.5,1.0,1.0,10.5,10.5,0,0,2,0,0,,,,0.0,0.0,100.0,0.0,0.0
Q135929641,6,156.5,183.0,1.0,1.5,0.0,0.0,13.5,12.5,0,6,4,0,0,,,,0.0,100.0,66.67,0.0,0.0
Q135929693,1,133.0,133.0,0.0,0.0,1.0,1.0,6.0,6.0,1,0,1,1,0,,,,100.0,0.0,100.0,100.0,0.0
Q135929846,1,169.0,169.0,3.0,3.0,0.0,0.0,8.0,8.0,0,1,1,0,0,,,,0.0,100.0,100.0,0.0,0.0
Q13593818,3,464.0,822.0,0.0,6.0,1.0,0.67,13.0,50.67,2,1,0,0,0,,,,66.67,33.33,0.0,0.0,0.0
Q13593966,2,1806.5,1806.5,0.0,0.0,0.5,0.5,50.0,50.0,2,1,1,1,1,,,,100.0,50.0,50.0,50.0,50.0
Q135976384,31,481.0,1238.26,0.0,5.32,12.0,20.0,35.0,59.35,16,10,5,2,2,,,,51.61,32.26,16.13,6.45,6.45
Q135997513,1,56.0,56.0,0.0,0.0,0.0,0.0,1.0,1.0,1,1,1,1,1,,,,100.0,100.0,100.0,100.0,100.0
Q1361144,1,279.0,279.0,0.0,0.0,0.0,0.0,0.0,0.0,1,1,0,0,0,,,,100.0,100.0,0.0,0.0,0.0
Q1361229,6,749.0,2440.67,3.5,9.17,1.0,6.5,54.0,107.5,2,1,1,1,0,,,,33.33,16.67,16.67,16.67,0.0
Q1361400,44,313.5,311.8,3.0,3.0,0.0,0.0,11.0,11.7,0,44,0,0,0,,,,0.0,100.0,0.0,0.0,0.0
Q1361787,1,73.0,73.0,1.0,1.0,0.0,0.0,0.0,0.0,0,1,1,0,0,,,,0.0,100.0,100.0,0.0,0.0
Q136192512,1,126.0,126.0,0.0,0.0,1.0,1.0,0.0,0.0,1,0,1,1,0,,,,100.0,0.0,100.0,100.0,0.0
Q136192523,1,789.0,789.0,3.0,3.0,6.0,6.0,23.0,23.0,0,0,0,0,0,,,,0.0,0.0,0.0,0.0,0.0
Q136214069,1,77.0,77.0,2.0,2.0,0.0,0.0,7.0,7.0,0,1,1,0,0,,,,0.0,100.0,100.0,0.0,0.0
Q1362543,2,172.0,172.0,2.0,2.0,1.0,1.0,5.5,5.5,0,0,2,0,0,,,,0.0,0.0,100.0,0.0,0.0
Q136281265,1,592.0,592.0,11.0,11.0,0.0,0.0,4.0,4.0,0,1,0,0,0,,,,0.0,100.0,0.0,0.0,0.0
Q1362894,1,127.0,127.0,0.0,0.0,1.0,1.0,3.0,3.0,1,0,1,1,0,,,,100.0,0.0,100.0,100.0,0.0
Q136312010,2,246.0,246.0,1.0,1.0,1.0,1.0,7.5,7.5,0,0,1,0,0,,,,0.0,0.0,50.0,0.0,0.0
Q13631330,1,131.0,131.0,5.0,5.0,1.0,1.0,1.0,1.0,0,0,1,0,0,,,,0.0,0.0,100.0,0.0,0.0
Q13632,127,252.0,251.09,0.0,0.02,0.0,0.02,16.0,15.62,125,126,39,39,39,,,,98.43,99.21,30.71,30.71,30.71
Q136329308,1,222.0,222.0,3.0,3.0,1.0,1.0,14.0,14.0,0,0,1,0,0,,,,0.0,0.0,100.0,0.0,0.0
Q136343650,1,157.0,157.0,0.0,0.0,0.0,0.0,20.0,20.0,1,1,1,1,1,,,,100.0,100.0,100.0,100.0,100.0
Q13634374,1,1398.0,1398.0,20.0,20.0,4.0,4.0,57.0,57.0,0,0,0,0,0,,,,0.0,0.0,0.0,0.0,0.0
Q136361597,1,4234.0,4234.0,16.0,16.0,7.0,7.0,291.0,291.0,0,0,0,0,0,,,,0.0,0.0,0.0,0.0,0.0
Q1363686,1,3266.0,3266.0,1.0,1.0,0.0,0.0,7.0,7.0,0,1,0,0,0,,,,0.0,100.0,0.0,0.0,0.0
Q136375263,1,121.0,121.0,0.0,0.0,0.0,0.0,2.0,2.0,1,1,1,1,1,,,,100.0,100.0,100.0,100.0,100.0
Q1363781,1,47.0,47.0,0.0,0.0,0.0,0.0,3.0,3.0,1,1,1,1,1,,,,100.0,100.0,100.0,100.0,100.0
Q1363963,2,113.5,113.5,0.5,0.5,0.0,0.0,4.0,4.0,1,2,2,1,1,,,,50.0,100.0,100.0,50.0,50.0
Q13641190,1,514.0,514.0,8.0,8.0,1.0,1.0,8.0,8.0,0,0,0,0,0,,,,0.0,0.0,0.0,0.0,0.0
Q1364157,9,171.0,266.56,2.0,1.78,0.0,0.22,4.0,11.33,1,7,8,1,1,philharmonic society,филармония,филармония,11.11,77.78,88.89,11.11,11.11
Q1364192,1,308.0,308.0,4.0,4.0,1.0,1.0,7.0,7.0,0,0,0,0,0,,,,0.0,0.0,0.0,0.0,0.0
Q13642845,1,61.0,61.0,1.0,1.0,0.0,0.0,2.0,2.0,0,1,1,0,0,,,,0.0,100.0,100.0,0.0,0.0
Q1364302,2,1736.0,1736.0,14.0,14.0,10.5,10.5,45.0,45.0,0,1,1,0,0,ministry of agriculture,ministry of agriculture,министерство сельского хозяйства,0.0,50.0,50.0,0.0,0.0
Q1364324,1,531.0,531.0,0.0,0.0,0.0,0.0,7.0,7.0,1,1,0,0,0,,,,100.0,100.0,0.0,0.0,0.0
Q136442231,1,2144.0,2144.0,0.0,0.0,1.0,1.0,16.0,16.0,1,0,0,0,0,,,,100.0,0.0,0.0,0.0,0.0
Q1364527,1,68.0,68.0,1.0,1.0,0.0,0.0,0.0,0.0,0,1,1,0,0,,,,0.0,100.0,100.0,0.0,0.0
Q1364556,2,2276.0,2276.0,1.5,1.5,0.5,0.5,123.0,123.0,0,1,0,0,0,,,,0.0,50.0,0.0,0.0,0.0
Q136461164,1,194.0,194.0,1.0,1.0,2.0,2.0,13.0,13.0,0,0,1,0,0,,,,0.0,0.0,100.0,0.0,0.0
Q13649246,1,129.0,129.0,3.0,3.0,0.0,0.0,14.0,14.0,0,1,1,0,0,,,,0.0,100.0,100.0,0.0,0.0
Q136499164,1,307.0,307.0,8.0,8.0,0.0,0.0,6.0,6.0,0,1,0,0,0,,,,0.0,100.0,0.0,0.0,0.0
Q1365054,1,427.0,427.0,0.0,0.0,2.0,2.0,14.0,14.0,1,0,0,0,0,,,,100.0,0.0,0.0,0.0,0.0
Q1365560,1,145.0,145.0,1.0,1.0,0.0,0.0,7.0,7.0,0,1,1,0,0,,,,0.0,100.0,100.0,0.0,0.0
Q136558811,2,182.5,182.5,1.5,1.5,1.0,1.0,17.0,17.0,0,0,1,0,0,,,,0.0,0.0,50.0,0.0,0.0
Q1365703,1,2414.0,2414.0,50.0,50.0,1.0,1.0,84.0,84.0,0,0,0,0,0,,,,0.0,0.0,0.0,0.0,0.0
Q1365704,1,96.0,96.0,0.0,0.0,1.0,1.0,1.0,1.0,1,0,1,1,0,,,,100.0,0.0,100.0,100.0,0.0
Q1365924,2,69.5,69.5,0.5,0.5,0.0,0.0,3.0,3.0,1,2,2,1,1,mineral spring,Минералды бұлақтар,минеральный источник,50.0,100.0,100.0,50.0,50.0
Q1366302,1,95.0,95.0,1.0,1.0,0.0,0.0,5.0,5.0,0,1,1,0,0,,,,0.0,100.0,100.0,0.0,0.0
Q136649,1,262.0,262.0,7.0,7.0,0.0,0.0,17.0,17.0,0,1,0,0,0,,,,0.0,100.0,0.0,0.0,0.0
Q136649946,4,105.5,110.5,1.5,1.75,0.0,0.0,4.0,5.25,0,4,4,0,0,,,,0.0,100.0,100.0,0.0,0.0
Q136653105,15,493.0,618.8,1.0,1.2,1.0,0.73,11.0,19.67,2,5,5,0,0,,,,13.33,33.33,33.33,0.0,0.0
Q1366722,55,558.0,575.15,1.0,1.24,1.0,0.64,50.0,48.36,6,23,3,1,1,final,Финал,финал,10.91,41.82,5.45,1.82,1.82
Q136673531,1,223.0,223.0,1.0,1.0,1.0,1.0,0.0,0.0,0,0,1,0,0,,,,0.0,0.0,100.0,0.0,0.0
Q136677251,1,285.0,285.0,0.0,0.0,1.0,1.0,3.0,3.0,1,0,0,0,0,,,,100.0,0.0,0.0,0.0,0.0
Q136721469,2,102.0,102.0,1.0,1.0,0.0,0.0,5.5,5.5,0,2,2,0,0,,,,0.0,100.0,100.0,0.0,0.0
Q136721998,2,440.5,440.5,0.0,0.0,0.0,0.0,15.0,15.0,2,2,0,0,0,,,,100.0,100.0,0.0,0.0,0.0
Q1367330,2,286.0,286.0,1.0,1.0,1.0,1.0,1.5,1.5,1,0,1,0,0,,,,50.0,0.0,50.0,0.0,0.0
Q136747953,1,1989.0,1989.0,1.0,1.0,1.0,1.0,462.0,462.0,0,0,0,0,0,,,,0.0,0.0,0.0,0.0,0.0
Q136750414,1,106.0,106.0,1.0,1.0,2.0,2.0,6.0,6.0,0,0,1,0,0,,,,0.0,0.0,100.0,0.0,0.0
Q1367590,2,707.5,707.5,2.5,2.5,0.5,0.5,12.5,12.5,0,1,0,0,0,,,,0.0,50.0,0.0,0.0,0.0
Q1367629,1,212.0,212.0,0.0,0.0,0.0,0.0,3.0,3.0,1,1,1,1,1,,,,100.0,100.0,100.0,100.0,100.0
Q136769237,1,597.0,597.0,2.0,2.0,2.0,2.0,45.0,45.0,0,0,0,0,0,,,,0.0,0.0,0.0,0.0,0.0
Q136770063,3,118.0,146.67,1.0,1.0,1.0,1.0,5.0,10.33,0,1,3,0,0,,,,0.0,33.33,100.0,0.0,0.0
Q136772238,4,351.5,809.5,0.5,1.25,3.0,2.75,52.5,48.75,2,1,2,1,1,,,,50.0,25.0,50.0,25.0,25.0
Q1367821,2,190.5,190.5,0.0,0.0,0.0,0.0,5.5,5.5,2,2,2,2,2,,,,100.0,100.0,100.0,100.0,100.0
Q136787658,1,1240.0,1240.0,30.0,30.0,3.0,3.0,59.0,59.0,0,0,0,0,0,,,,0.0,0.0,0.0,0.0,0.0
Q1368,1,220.0,220.0,0.0,0.0,0.0,0.0,8.0,8.0,1,1,1,1,1,,,,100.0,100.0,100.0,100.0,100.0
Q136819118,3,2536.0,2676.33,3.0,2.67,18.0,15.67,383.0,374.0,0,0,0,0,0,,,,0.0,0.0,0.0,0.0,0.0
Q1368262,1,459.0,459.0,1.0,1.0,0.0,0.0,14.0,14.0,0,1,0,0,0,National Paralympic Committee,National Paralympic Committee,Национальный паралимпийский комитет,0.0,100.0,0.0,0.0,0.0
Q136868,1,339.0,339.0,0.0,0.0,0.0,0.0,6.0,6.0,1,1,0,0,0,,,,100.0,100.0,0.0,0.0,0.0
Q1368848,7,88.0,150.0,1.0,0.86,0.0,0.0,3.0,6.14,2,7,6,2,2,,,,28.57,100.0,85.71,28.57,28.57
Q1368898,2,348.5,348.5,1.5,1.5,2.5,2.5,6.0,6.0,1,0,0,0,0,,,,50.0,0.0,0.0,0.0,0.0
Q1368970,1,687.0,687.0,3.0,3.0,5.0,5.0,30.0,30.0,0,0,0,0,0,,,,0.0,0.0,0.0,0.0,0.0
Q136908428,5,747.0,852.2,1.0,2.0,1.0,1.6,19.0,22.4,0,0,2,0,0,,,,0.0,0.0,40.0,0.0,0.0
Q136926369,3,114.0,567.0,1.0,8.33,1.0,2.33,9.0,24.0,1,0,2,1,0,,,,33.33,0.0,66.67,33.33,0.0
Q136937248,2,579.0,579.0,6.0,6.0,0.5,0.5,5.0,5.0,0,1,0,0,0,,,,0.0,50.0,0.0,0.0,0.0
Q137018865,9,222.0,331.78,1.0,1.78,1.0,2.56,10.0,17.44,2,2,5,1,0,,,,22.22,22.22,55.56,11.11,0.0
Q137022846,3,1018.0,860.67,2.0,3.0,0.0,3.0,61.0,147.33,0,2,1,0,0,,,,0.0,66.67,33.33,0.0,0.0
Q137042134,1,96.0,96.0,2.0,2.0,0.0,0.0,0.0,0.0,0,1,1,0,0,,,,0.0,100.0,100.0,0.0,0.0
Q1370598,5,433.0,381.4,1.0,2.4,1.0,1.4,7.0,7.6,0,2,2,0,0,structure of worship,structure of worship,культовое сооружение,0.0,40.0,40.0,0.0,0.0
Q1370617,3,218.0,178.0,1.0,1.67,0.0,0.33,3.0,3.67,0,2,3,0,0,,,,0.0,66.67,100.0,0.0,0.0
Q1370727,1,116.0,116.0,0.0,0.0,0.0,0.0,4.0,4.0,1,1,1,1,1,,,,100.0,100.0,100.0,100.0,100.0
Q1371037,8,474.0,1057.0,2.5,5.25,1.5,2.5,16.0,54.0,3,2,0,0,0,,,,37.5,25.0,0.0,0.0,0.0
Q137124092,2,176.0,176.0,1.5,1.5,1.0,1.0,19.0,19.0,0,1,1,0,0,,,,0.0,50.0,50.0,0.0,0.0
Q137126043,1,216.0,216.0,5.0,5.0,1.0,1.0,5.0,5.0,0,0,1,0,0,,,,0.0,0.0,100.0,0.0,0.0
Q1371279,2,2608.0,2608.0,1.0,1.0,1.5,1.5,22.5,22.5,1,1,0,0,0,,,,50.0,50.0,0.0,0.0,0.0
Q1371288,3,321.0,567.33,2.0,3.0,1.0,0.67,11.0,11.33,1,1,1,1,1,,,,33.33,33.33,33.33,33.33,33.33
Q1371427,1,490.0,490.0,8.0,8.0,0.0,0.0,22.0,22.0,0,1,0,0,0,,,,0.0,100.0,0.0,0.0,0.0
Q1371470,1,166.0,166.0,0.0,0.0,0.0,0.0,19.0,19.0,1,1,1,1,1,,,,100.0,100.0,100.0,100.0,100.0
Q1371562,7,48.0,53.86,0.0,0.43,0.0,0.14,4.0,3.86,4,6,7,4,3,,,,57.14,85.71,100.0,57.14,42.86
Q1371819,7,555.0,761.71,1.0,11.14,1.0,1.14,25.0,35.71,1,2,1,0,0,,,,14.29,28.57,14.29,0.0,0.0
Q137183855,2,550.0,550.0,0.5,0.5,0.5,0.5,32.0,32.0,1,1,1,1,1,,,,50.0,50.0,50.0,50.0,50.0
Q1371849,1,924.0,924.0,0.0,0.0,1.0,1.0,67.0,67.0,1,0,0,0,0,,,,100.0,0.0,0.0,0.0,0.0
Q137185571,2,1832.5,1832.5,10.5,10.5,3.5,3.5,29.5,29.5,0,1,0,0,0,,,,0.0,50.0,0.0,0.0,0.0
Q137186904,4,488.0,464.25,1.5,2.0,1.0,1.0,54.5,46.0,0,1,1,0,0,transcontinental region,transcontinental region,трансконтинентальный регион,0.0,25.0,25.0,0.0,0.0
Q137188246,1,109.0,109.0,1.0,1.0,1.0,1.0,3.0,3.0,0,0,1,0,0,,,,0.0,0.0,100.0,0.0,0.0
Q137189000,5,230.0,255.6,1.0,1.4,0.0,0.2,15.0,11.4,0,4,3,0,0,,,,0.0,80.0,60.0,0.0,0.0
Q137189275,3,607.0,1097.33,3.0,2.67,0.0,0.0,11.0,20.67,0,3,0,0,0,,,,0.0,100.0,0.0,0.0,0.0
Q1372205,1,268.0,268.0,0.0,0.0,2.0,2.0,6.0,6.0,1,0,0,0,0,,,,100.0,0.0,0.0,0.0,0.0
Q1372231,1,315.0,315.0,1.0,1.0,2.0,2.0,9.0,9.0,0,0,0,0,0,,,,0.0,0.0,0.0,0.0,0.0
Q137274086,2,201.0,201.0,1.5,1.5,0.0,0.0,19.5,19.5,0,2,2,0,0,,,,0.0,100.0,100.0,0.0,0.0
Q137290726,4,739.0,921.5,2.5,2.25,0.0,0.5,57.0,65.25,1,3,0,0,0,,,,25.0,75.0,0.0,0.0,0.0
Q1373429,1,105.0,105.0,0.0,0.0,0.0,0.0,7.0,7.0,1,1,1,1,1,,,,100.0,100.0,100.0,100.0,100.0
Q137362751,1,118.0,118.0,1.0,1.0,0.0,0.0,4.0,4.0,0,1,1,0,0,,,,0.0,100.0,100.0,0.0,0.0
Q137388390,1,185.0,185.0,1.0,1.0,0.0,0.0,1.0,1.0,0,1,1,0,0,,,,0.0,100.0,100.0,0.0,0.0
Q137393561,4,316.0,293.25,1.0,0.75,1.0,1.5,24.0,26.5,1,1,1,0,0,,,,25.0,25.0,25.0,0.0,0.0
Q137396449,2,1892.5,1892.5,11.5,11.5,10.5,10.5,55.5,55.5,0,0,0,0,0,,,,0.0,0.0,0.0,0.0,0.0
Q137399545,1,411.0,411.0,1.0,1.0,1.0,1.0,19.0,19.0,0,0,0,0,0,,,,0.0,0.0,0.0,0.0,0.0
Q13741,9,401.0,450.78,1.0,2.67,1.0,1.0,16.0,21.0,3,2,2,2,1,,,,33.33,22.22,22.22,22.22,11.11
Q137424753,8,6726.5,6084.88,0.0,0.0,0.0,0.0,374.0,301.25,8,8,0,0,0,,,,100.0,100.0,0.0,0.0,0.0
Q137424905,7,150.0,215.0,1.0,1.43,1.0,1.29,13.0,11.14,1,1,5,1,0,,,,14.29,14.29,71.43,14.29,0.0
Q137425179,1,324.0,324.0,3.0,3.0,1.0,1.0,1.0,1.0,0,0,0,0,0,,,,0.0,0.0,0.0,0.0,0.0
Q137426749,2,65.0,65.0,1.0,1.0,0.0,0.0,4.0,4.0,0,2,2,0,0,,,,0.0,100.0,100.0,0.0,0.0
Q137430548,1,584.0,584.0,2.0,2.0,1.0,1.0,0.0,0.0,0,0,0,0,0,,,,0.0,0.0,0.0,0.0,0.0
Q1374354,1,85.0,85.0,1.0,1.0,0.0,0.0,8.0,8.0,0,1,1,0,0,,,,0.0,100.0,100.0,0.0,0.0
Q13743995,1,62.0,62.0,1.0,1.0,0.0,0.0,5.0,5.0,0,1,1,0,0,,,,0.0,100.0,100.0,0.0,0.0
Q137442476,1,163.0,163.0,2.0,2.0,0.0,0.0,10.0,10.0,0,1,1,0,0,,,,0.0,100.0,100.0,0.0,0.0
Q137515271,1,119.0,119.0,1.0,1.0,0.0,0.0,11.0,11.0,0,1,1,0,0,,,,0.0,100.0,100.0,0.0,0.0
Q137527772,4,452.0,465.0,1.5,1.5,0.5,1.5,19.0,27.75,1,2,2,1,0,,,,25.0,50.0,50.0,25.0,0.0
Q137535,1,135.0,135.0,0.0,0.0,1.0,1.0,3.0,3.0,1,0,1,1,0,,,,100.0,0.0,100.0,100.0,0.0
Q1375427,11,578.0,640.55,0.0,0.09,0.0,0.36,62.0,61.73,10,9,0,0,0,,,,90.91,81.82,0.0,0.0,0.0
Q137552198,1,147.0,147.0,1.0,1.0,0.0,0.0,0.0,0.0,0,1,1,0,0,,,,0.0,100.0,100.0,0.0,0.0
Q137554961,2,230.5,230.5,0.5,0.5,0.0,0.0,0.0,0.0,1,2,1,0,0,,,,50.0,100.0,50.0,0.0,0.0
Q1375749,7,319.0,323.43,1.0,0.86,1.0,1.29,7.0,9.14,1,1,0,0,0,,,,14.29,14.29,0.0,0.0,0.0
Q137581967,2,44.5,44.5,1.0,1.0,0.0,0.0,1.5,1.5,0,2,2,0,0,,,,0.0,100.0,100.0,0.0,0.0
Q137582043,19,244.0,330.16,1.0,2.26,0.0,0.89,13.0,18.16,2,10,11,2,1,,,,10.53,52.63,57.89,10.53,5.26
Q137584967,2,91.0,91.0,0.5,0.5,0.0,0.0,5.0,5.0,1,2,2,1,1,,,,50.0,100.0,100.0,50.0,50.0
Q137592217,25,277.0,456.32,1.0,1.44,0.0,1.76,9.0,18.24,4,21,7,0,0,,,,16.0,84.0,28.0,0.0,0.0
Q137593615,1,88.0,88.0,1.0,1.0,0.0,0.0,4.0,4.0,0,1,1,0,0,,,,0.0,100.0,100.0,0.0,0.0
Q137640468,2,297.5,297.5,0.0,0.0,0.0,0.0,8.5,8.5,2,2,0,0,0,,,,100.0,100.0,0.0,0.0,0.0
Q137690958,3,432.0,410.33,2.0,3.0,0.0,0.33,9.0,9.0,1,2,0,0,0,,,,33.33,66.67,0.0,0.0,0.0
Q137710529,1,180.0,180.0,2.0,2.0,1.0,1.0,8.0,8.0,0,0,1,0,0,,,,0.0,0.0,100.0,0.0,0.0
Q137735383,1,513.0,513.0,1.0,1.0,1.0,1.0,20.0,20.0,0,0,0,0,0,,,,0.0,0.0,0.0,0.0,0.0
Q137735409,2,187.5,187.5,0.5,0.5,0.5,0.5,7.0,7.0,1,1,2,1,1,,,,50.0,50.0,100.0,50.0,50.0
Q137774087,1,207.0,207.0,2.0,2.0,1.0,1.0,17.0,17.0,0,0,1,0,0,,,,0.0,0.0,100.0,0.0,0.0
Q137784709,2,355.5,355.5,0.0,0.0,1.5,1.5,30.0,30.0,2,1,1,1,1,,,,100.0,50.0,50.0,50.0,50.0
Q137793756,1,149.0,149.0,1.0,1.0,4.0,4.0,26.0,26.0,0,0,1,0,0,,,,0.0,0.0,100.0,0.0,0.0
Q137794598,23,1455.0,1642.7,10.0,11.26,19.0,20.17,89.0,92.91,0,1,0,0,0,ministry of Kazakhstan,ministry of Kazakhstan,ministry of Kazakhstan,0.0,4.35,0.0,0.0,0.0
Q137796968,5,48.0,60.4,1.0,0.8,0.0,0.4,4.0,4.0,1,3,5,1,0,,,,20.0,60.0,100.0,20.0,0.0
Q1378139,1,855.0,855.0,3.0,3.0,2.0,2.0,22.0,22.0,0,0,0,0,0,,,,0.0,0.0,0.0,0.0,0.0
Q137832194,1,52.0,52.0,1.0,1.0,0.0,0.0,0.0,0.0,0,1,1,0,0,,,,0.0,100.0,100.0,0.0,0.0
Q137834770,1,366.0,366.0,4.0,4.0,0.0,0.0,19.0,19.0,0,1,0,0,0,,,,0.0,100.0,0.0,0.0,0.0
Q137863866,2,185.0,185.0,1.5,1.5,2.0,2.0,7.0,7.0,0,0,2,0,0,,,,0.0,0.0,100.0,0.0,0.0
Q1378975,5,109.0,168.6,0.0,0.6,0.0,0.2,7.0,7.0,3,4,4,3,2,,,,60.0,80.0,80.0,60.0,40.0
Q137901945,1,427.0,427.0,4.0,4.0,0.0,0.0,45.0,45.0,0,1,0,0,0,,,,0.0,100.0,0.0,0.0,0.0
Q137909242,1,1816.0,1816.0,2.0,2.0,0.0,0.0,180.0,180.0,0,1,0,0,0,,,,0.0,100.0,0.0,0.0,0.0
Q137909331,1,644.0,644.0,17.0,17.0,1.0,1.0,9.0,9.0,0,0,0,0,0,,,,0.0,0.0,0.0,0.0,0.0
Q1379243,1,68.0,68.0,1.0,1.0,1.0,1.0,5.0,5.0,0,0,1,0,0,,,,0.0,0.0,100.0,0.0,0.0
Q138010797,1,589.0,589.0,7.0,7.0,11.0,11.0,12.0,12.0,0,0,0,0,0,,,,0.0,0.0,0.0,0.0,0.0
Q138012087,3,72.0,410.33,1.0,1.0,0.0,0.0,3.0,22.67,0,3,2,0,0,,,,0.0,100.0,66.67,0.0,0.0
Q138024519,1,256.0,256.0,2.0,2.0,0.0,0.0,17.0,17.0,0,1,0,0,0,,,,0.0,100.0,0.0,0.0,0.0
Q138028979,4,503.5,624.5,0.0,0.25,0.0,0.0,7.0,7.0,3,4,2,1,1,,,,75.0,100.0,50.0,25.0,25.0
Q138029040,4,222.5,199.5,0.0,0.25,0.0,0.0,7.5,7.5,3,4,4,3,3,,,,75.0,100.0,100.0,75.0,75.0
Q138030791,1,236.0,236.0,1.0,1.0,1.0,1.0,6.0,6.0,0,0,1,0,0,,,,0.0,0.0,100.0,0.0,0.0
Q138061574,3,790.0,736.33,4.0,5.33,0.0,0.33,32.0,29.67,0,2,0,0,0,,,,0.0,66.67,0.0,0.0,0.0
Q138079699,1,152.0,152.0,0.0,0.0,2.0,2.0,16.0,16.0,1,0,1,1,0,,,,100.0,0.0,100.0,100.0,0.0
Q1381119,1,55.0,55.0,1.0,1.0,0.0,0.0,1.0,1.0,0,1,1,0,0,,,,0.0,100.0,100.0,0.0,0.0
Q1381282,1,694.0,694.0,1.0,1.0,0.0,0.0,20.0,20.0,0,1,0,0,0,,,,0.0,100.0,0.0,0.0,0.0
Q138164278,1,414.0,414.0,1.0,1.0,1.0,1.0,24.0,24.0,0,0,0,0,0,,,,0.0,0.0,0.0,0.0,0.0
Q1381899,2,380.0,380.0,1.5,1.5,0.0,0.0,16.0,16.0,1,2,0,0,0,,,,50.0,100.0,0.0,0.0,0.0
Q138218372,1,195.0,195.0,0.0,0.0,1.0,1.0,9.0,9.0,1,0,1,1,0,,,,100.0,0.0,100.0,100.0,0.0
Q13823786,1,694.0,694.0,1.0,1.0,0.0,0.0,73.0,73.0,0,1,0,0,0,,,,0.0,100.0,0.0,0.0,0.0
Q13825533,1,694.0,694.0,1.0,1.0,0.0,0.0,73.0,73.0,0,1,0,0,0,,,,0.0,100.0,0.0,0.0,0.0
Q138303935,3,126.0,128.33,1.0,1.33,0.0,0.0,2.0,3.0,0,3,3,0,0,,,,0.0,100.0,100.0,0.0,0.0
Q138307163,1,56.0,56.0,1.0,1.0,0.0,0.0,3.0,3.0,0,1,1,0,0,,,,0.0,100.0,100.0,0.0,0.0
Q138348066,2,512.5,512.5,1.5,1.5,1.5,1.5,6.5,6.5,1,1,1,1,1,,,,50.0,50.0,50.0,50.0,50.0
Q138348131,1,320.0,320.0,2.0,2.0,0.0,0.0,5.0,5.0,0,1,0,0,0,,,,0.0,100.0,0.0,0.0,0.0
Q1383557,2,190.0,190.0,0.5,0.5,0.0,0.0,4.5,4.5,1,2,1,1,1,,,,50.0,100.0,50.0,50.0,50.0
Q138425664,1,241.0,241.0,2.0,2.0,0.0,0.0,3.0,3.0,0,1,1,0,0,,,,0.0,100.0,100.0,0.0,0.0
Q1384471,1,243.0,243.0,0.0,0.0,1.0,1.0,18.0,18.0,1,0,1,1,0,,,,100.0,0.0,100.0,100.0,0.0
Q1384674,1,114.0,114.0,1.0,1.0,1.0,1.0,7.0,7.0,0,0,1,0,0,,,,0.0,0.0,100.0,0.0,0.0
Q138509364,5,299.0,320.8,0.0,0.0,0.0,0.0,48.0,53.4,5,5,0,0,0,,,,100.0,100.0,0.0,0.0,0.0
Q1385519,1,129.0,129.0,0.0,0.0,0.0,0.0,2.0,2.0,1,1,1,1,1,,,,100.0,100.0,100.0,100.0,100.0
Q138571365,2,70.0,70.0,0.5,0.5,1.0,1.0,2.5,2.5,1,0,2,1,0,,,,50.0,0.0,100.0,50.0,0.0
Q138579261,1,3522.0,3522.0,0.0,0.0,0.0,0.0,5.0,5.0,1,1,0,0,0,,,,100.0,100.0,0.0,0.0,0.0
Q138580578,1,135.0,135.0,1.0,1.0,0.0,0.0,10.0,10.0,0,1,1,0,0,,,,0.0,100.0,100.0,0.0,0.0
Q138587933,1,642.0,642.0,1.0,1.0,2.0,2.0,56.0,56.0,0,0,0,0,0,,,,0.0,0.0,0.0,0.0,0.0
Q138589449,4,1675.5,2233.5,5.5,25.25,0.5,1.0,39.0,76.0,0,2,0,0,0,,,,0.0,50.0,0.0,0.0,0.0
Q138596068,6,248.0,650.17,2.0,2.0,0.0,0.0,15.5,15.17,0,6,3,0,0,,,,0.0,100.0,50.0,0.0,0.0
Q138632685,2,269.0,269.0,2.0,2.0,0.5,0.5,17.5,17.5,0,1,0,0,0,,,,0.0,50.0,0.0,0.0,0.0
Q138638548,1,106.0,106.0,0.0,0.0,0.0,0.0,3.0,3.0,1,1,1,1,1,,,,100.0,100.0,100.0,100.0,100.0
Q138642081,4,299.0,300.5,2.5,3.75,0.0,0.0,10.0,8.5,0,4,1,0,0,,,,0.0,100.0,25.0,0.0,0.0
Q138665581,3,149.0,253.33,1.0,1.0,2.0,1.33,7.0,7.0,0,1,2,0,0,,,,0.0,33.33,66.67,0.0,0.0
Q138685553,2,234.0,234.0,1.5,1.5,0.0,0.0,15.0,15.0,1,2,2,1,1,,,,50.0,100.0,100.0,50.0,50.0
Q1387388,3,267.0,247.67,1.0,1.33,1.0,1.33,9.0,7.67,1,0,1,0,0,,,,33.33,0.0,33.33,0.0,0.0
Q138749587,1,267.0,267.0,1.0,1.0,4.0,4.0,10.0,10.0,0,0,0,0,0,,,,0.0,0.0,0.0,0.0,0.0
Q1387659,33,183.0,462.24,1.0,2.24,0.0,0.45,6.0,12.15,7,21,22,6,4,,,,21.21,63.64,66.67,18.18,12.12
Q138775,1,884.0,884.0,3.0,3.0,1.0,1.0,25.0,25.0,0,0,0,0,0,border guard,Шекара әскерлері,пограничные войска,0.0,0.0,0.0,0.0,0.0
Q13878858,2,101.5,101.5,1.5,1.5,0.0,0.0,5.5,5.5,0,2,2,0,0,,,,0.0,100.0,100.0,0.0,0.0
Q138792243,1,90.0,90.0,1.0,1.0,0.0,0.0,1.0,1.0,0,1,1,0,0,,,,0.0,100.0,100.0,0.0,0.0
Q138796,3,91.0,357.67,1.0,1.67,1.0,1.0,3.0,12.33,0,1,2,0,0,,,,0.0,33.33,66.67,0.0,0.0
Q138800422,1,218.0,218.0,0.0,0.0,2.0,2.0,7.0,7.0,1,0,1,1,0,,,,100.0,0.0,100.0,100.0,0.0
Q138822611,2,70.5,70.5,1.0,1.0,0.0,0.0,2.5,2.5,0,2,2,0,0,,,,0.0,100.0,100.0,0.0,0.0
Q138829103,1,125.0,125.0,0.0,0.0,1.0,1.0,6.0,6.0,1,0,1,1,0,,,,100.0,0.0,100.0,100.0,0.0
Q1388421,1,795.0,795.0,1.0,1.0,2.0,2.0,28.0,28.0,0,0,0,0,0,,,,0.0,0.0,0.0,0.0,0.0
Q138846055,2,540.0,540.0,1.0,1.0,1.0,1.0,27.0,27.0,0,1,1,0,0,,,,0.0,50.0,50.0,0.0,0.0
Q13890,175,201.0,207.5,0.0,0.12,0.0,0.03,11.0,12.21,172,171,171,170,169,,,,98.29,97.71,97.71,97.14,96.57
Q1389311,1,406.0,406.0,7.0,7.0,1.0,1.0,41.0,41.0,0,0,0,0,0,,,,0.0,0.0,0.0,0.0,0.0
Q1389604,1,2052.0,2052.0,16.0,16.0,0.0,0.0,35.0,35.0,0,1,0,0,0,,,,0.0,100.0,0.0,0.0,0.0
Q139019126,1,156.0,156.0,1.0,1.0,0.0,0.0,5.0,5.0,0,1,1,0,0,,,,0.0,100.0,100.0,0.0,0.0
Q139032317,1,168.0,168.0,0.0,0.0,1.0,1.0,1.0,1.0,1,0,1,1,0,,,,100.0,0.0,100.0,100.0,0.0
Q139060,1,1337.0,1337.0,20.0,20.0,0.0,0.0,41.0,41.0,0,1,0,0,0,,,,0.0,100.0,0.0,0.0,0.0
Q1390955,2,260.5,260.5,0.0,0.0,0.0,0.0,16.0,16.0,2,2,0,0,0,,,,100.0,100.0,0.0,0.0,0.0
Q1391494,1,584.0,584.0,2.0,2.0,1.0,1.0,0.0,0.0,0,0,0,0,0,,,,0.0,0.0,0.0,0.0,0.0
Q1391517,2,296.0,296.0,0.5,0.5,0.5,0.5,22.0,22.0,1,1,1,1,1,,,,50.0,50.0,50.0,50.0,50.0
Q1391582,1,185.0,185.0,1.0,1.0,1.0,1.0,2.0,2.0,0,0,1,0,0,,,,0.0,0.0,100.0,0.0,0.0
Q139243747,2,467.0,467.0,2.0,2.0,1.5,1.5,19.0,19.0,0,1,0,0,0,,,,0.0,50.0,0.0,0.0,0.0
Q1392538,1,58.0,58.0,1.0,1.0,0.0,0.0,5.0,5.0,0,1,1,0,0,,,,0.0,100.0,100.0,0.0,0.0
Q1392581,7,284.0,470.0,0.0,3.29,0.0,0.29,6.0,9.43,4,5,2,1,1,,,,57.14,71.43,28.57,14.29,14.29
Q139312011,3,564.0,432.0,7.0,5.0,2.0,1.33,27.0,25.0,0,1,1,0,0,,,,0.0,33.33,33.33,0.0,0.0
Q139338152,2,221.0,221.0,1.5,1.5,0.5,0.5,15.0,15.0,0,1,1,0,0,,,,0.0,50.0,50.0,0.0,0.0
Q1393724,4,122.0,352.75,1.0,7.0,0.0,0.25,9.5,17.25,1,3,3,1,0,,,,25.0,75.0,75.0,25.0,0.0
Q139444619,2,1677.0,1677.0,11.0,11.0,11.5,11.5,168.0,168.0,0,0,0,0,0,,,,0.0,0.0,0.0,0.0,0.0
Q1394771,1,247.0,247.0,2.0,2.0,1.0,1.0,8.0,8.0,0,0,1,0,0,,,,0.0,0.0,100.0,0.0,0.0
Q139498272,1,119.0,119.0,1.0,1.0,0.0,0.0,2.0,2.0,0,1,1,0,0,,,,0.0,100.0,100.0,0.0,0.0
Q1395219,1,1508.0,1508.0,17.0,17.0,2.0,2.0,48.0,48.0,0,0,0,0,0,,,,0.0,0.0,0.0,0.0,0.0
Q139528213,1,131.0,131.0,1.0,1.0,1.0,1.0,14.0,14.0,0,0,1,0,0,,,,0.0,0.0,100.0,0.0,0.0
Q139545757,1,163.0,163.0,1.0,1.0,0.0,0.0,14.0,14.0,0,1,1,0,0,,,,0.0,100.0,100.0,0.0,0.0
Q139549641,1,80.0,80.0,1.0,1.0,0.0,0.0,1.0,1.0,0,1,1,0,0,,,,0.0,100.0,100.0,0.0,0.0
Q139550381,6,315.0,461.5,1.0,1.17,1.0,1.33,8.5,16.33,2,0,3,2,0,,,,33.33,0.0,50.0,33.33,0.0
Q139554506,1,38.0,38.0,1.0,1.0,2.0,2.0,1.0,1.0,0,0,1,0,0,,,,0.0,0.0,100.0,0.0,0.0
Q139564588,1,1492.0,1492.0,29.0,29.0,1.0,1.0,42.0,42.0,0,0,0,0,0,,,,0.0,0.0,0.0,0.0,0.0
Q139565694,1,35.0,35.0,0.0,0.0,0.0,0.0,2.0,2.0,1,1,1,1,1,,,,100.0,100.0,100.0,100.0,100.0
Q139570347,1,110.0,110.0,2.0,2.0,1.0,1.0,5.0,5.0,0,0,1,0,0,,,,0.0,0.0,100.0,0.0,0.0
Q139580058,1,5926.0,5926.0,4.0,4.0,4.0,4.0,411.0,411.0,0,0,0,0,0,,,,0.0,0.0,0.0,0.0,0.0
Q139591396,1,792.0,792.0,3.0,3.0,3.0,3.0,24.0,24.0,0,0,0,0,0,,,,0.0,0.0,0.0,0.0,0.0
Q139595919,9,259.0,317.0,0.0,0.0,0.0,0.33,3.0,3.33,9,6,3,3,1,,,,100.0,66.67,33.33,33.33,11.11
Q139595932,1,156.0,156.0,1.0,1.0,1.0,1.0,9.0,9.0,0,0,1,0,0,,,,0.0,0.0,100.0,0.0,0.0
Q139662882,1,5674.0,5674.0,121.0,121.0,82.0,82.0,354.0,354.0,0,0,0,0,0,,,,0.0,0.0,0.0,0.0,0.0
Q139800429,1,882.0,882.0,0.0,0.0,2.0,2.0,84.0,84.0,1,0,0,0,0,,,,100.0,0.0,0.0,0.0,0.0
Q139813758,1,157.0,157.0,4.0,4.0,0.0,0.0,14.0,14.0,0,1,1,0,0,,,,0.0,100.0,100.0,0.0,0.0
Q139821015,1,266.0,266.0,3.0,3.0,0.0,0.0,12.0,12.0,0,1,0,0,0,,,,0.0,100.0,0.0,0.0,0.0
Q139821786,4,339.5,376.0,1.0,0.75,0.5,0.5,15.5,20.25,1,2,2,1,1,,,,25.0,50.0,50.0,25.0,25.0
Q1398821,1,39.0,39.0,0.0,0.0,0.0,0.0,2.0,2.0,1,1,1,1,1,,,,100.0,100.0,100.0,100.0,100.0
Q139885513,1,375.0,375.0,1.0,1.0,0.0,0.0,0.0,0.0,0,1,0,0,0,,,,0.0,100.0,0.0,0.0,0.0
Q139903024,7,239.0,239.29,0.0,0.0,0.0,0.0,2.0,2.0,7,7,7,7,7,,,,100.0,100.0,100.0,100.0,100.0
Q139961091,11,241.0,284.55,0.0,0.0,0.0,0.0,2.0,2.0,11,11,10,10,10,,,,100.0,100.0,90.91,90.91,90.91
Q1400264,3,280.0,492.33,6.0,4.0,0.0,0.33,19.0,23.0,1,2,1,0,0,,,,33.33,66.67,33.33,0.0,0.0
Q140044897,1,239.0,239.0,0.0,0.0,0.0,0.0,2.0,2.0,1,1,1,1,1,,,,100.0,100.0,100.0,100.0,100.0
Q140044899,3,244.0,247.67,0.0,0.0,0.0,0.0,2.0,2.0,3,3,2,2,2,,,,100.0,100.0,66.67,66.67,66.67
Q140044940,2,245.0,245.0,0.0,0.0,0.0,0.0,2.0,2.0,2,2,2,2,2,,,,100.0,100.0,100.0,100.0,100.0
Q140130334,1,134.0,134.0,1.0,1.0,0.0,0.0,4.0,4.0,0,1,1,0,0,,,,0.0,100.0,100.0,0.0,0.0
Q1401304,9,388.0,550.0,1.0,1.44,0.0,0.22,4.0,16.33,3,7,4,1,1,,,,33.33,77.78,44.44,11.11,11.11
Q1401585,27,306.0,380.11,1.0,0.89,0.0,0.63,7.0,12.52,10,16,0,0,0,,,,37.04,59.26,0.0,0.0,0.0
Q140172580,5,357.0,670.4,1.0,2.4,1.0,1.8,4.0,8.6,2,2,2,1,1,,,,40.0,40.0,40.0,20.0,20.0
Q1402443,1,96.0,96.0,1.0,1.0,3.0,3.0,5.0,5.0,0,0,1,0,0,border train station,border train station,приграничная железнодорожная станция,0.0,0.0,100.0,0.0,0.0
Q1402592,37,229.0,268.38,1.0,0.81,0.0,0.49,9.0,16.38,18,25,24,10,7,island group,island group,группа островов,48.65,67.57,64.86,27.03,18.92
Q140311475,1,120.0,120.0,2.0,2.0,1.0,1.0,4.0,4.0,0,0,1,0,0,,,,0.0,0.0,100.0,0.0,0.0
Q140329636,1,1367.0,1367.0,11.0,11.0,3.0,3.0,20.0,20.0,0,0,0,0,0,,,,0.0,0.0,0.0,0.0,0.0
Q1403377,1,471.0,471.0,0.0,0.0,19.0,19.0,34.0,34.0,1,0,0,0,0,,,,100.0,0.0,0.0,0.0,0.0
Q1403502,2,378.0,378.0,0.5,0.5,0.5,0.5,40.5,40.5,1,1,1,1,0,,,,50.0,50.0,50.0,50.0,0.0
Q140353512,1,1195.0,1195.0,0.0,0.0,0.0,0.0,6.0,6.0,1,1,0,0,0,,,,100.0,100.0,0.0,0.0,0.0
Q140354053,1,119.0,119.0,0.0,0.0,0.0,0.0,11.0,11.0,1,1,1,1,1,,,,100.0,100.0,100.0,100.0,100.0
Q140354262,3,357.0,1001.0,1.0,0.67,0.0,0.33,31.0,34.67,1,2,1,0,0,,,,33.33,66.67,33.33,0.0,0.0
Q140358161,1,87.0,87.0,1.0,1.0,1.0,1.0,5.0,5.0,0,0,1,0,0,,,,0.0,0.0,100.0,0.0,0.0
Q140362944,3,2225.0,2525.0,0.0,0.33,34.0,27.33,16.0,30.33,2,1,0,0,0,,,награды в географическом регионе,66.67,33.33,0.0,0.0,0.0
Q140401875,6,305.5,300.5,0.0,0.33,0.0,0.17,6.0,6.67,4,5,0,0,0,,,,66.67,83.33,0.0,0.0,0.0
Q140421694,3,328.0,305.0,2.0,1.67,0.0,0.33,28.0,20.0,1,2,1,0,0,,,,33.33,66.67,33.33,0.0,0.0
Q140424281,7,448.0,328.86,1.0,1.86,1.0,1.14,8.0,9.29,2,3,3,2,2,,,,28.57,42.86,42.86,28.57,28.57
Q140424465,10,301.5,571.9,2.0,3.0,1.5,2.4,9.5,14.5,0,3,5,0,0,,,,0.0,30.0,50.0,0.0,0.0
Q140427225,26,196.0,262.27,1.0,1.0,0.0,0.35,5.0,8.62,5,19,18,5,5,,,,19.23,73.08,69.23,19.23,19.23
Q140437324,1,103.0,103.0,1.0,1.0,0.0,0.0,6.0,6.0,0,1,1,0,0,,,,0.0,100.0,100.0,0.0,0.0
Q140439690,1,828.0,828.0,0.0,0.0,0.0,0.0,7.0,7.0,1,1,0,0,0,,,,100.0,100.0,0.0,0.0,0.0
Q140444712,2,36.5,36.5,0.5,0.5,1.0,1.0,1.5,1.5,1,0,2,1,0,,,,50.0,0.0,100.0,50.0,0.0
Q140478661,5,192.0,216.8,2.0,1.8,1.0,1.2,7.0,12.8,1,1,4,1,0,,,,20.0,20.0,80.0,20.0,0.0
Q140589112,3,264.0,267.33,0.0,0.67,2.0,2.0,5.0,4.67,2,0,0,0,0,,,,66.67,0.0,0.0,0.0,0.0
Q140595023,1,1470.0,1470.0,7.0,7.0,3.0,3.0,50.0,50.0,0,0,0,0,0,,,,0.0,0.0,0.0,0.0,0.0
Q1406161,13,240.0,536.54,1.0,3.08,1.0,1.08,8.0,13.15,2,5,7,1,0,,,,15.38,38.46,53.85,7.69,0.0
Q140639121,1,197.0,197.0,1.0,1.0,0.0,0.0,0.0,0.0,0,1,1,0,0,,,,0.0,100.0,100.0,0.0,0.0
Q140639962,1,908.0,908.0,1.0,1.0,3.0,3.0,34.0,34.0,0,0,0,0,0,,,,0.0,0.0,0.0,0.0,0.0
Q140640277,5,207.0,290.8,2.0,2.2,1.0,1.2,3.0,9.8,1,2,3,1,1,,,,20.0,40.0,60.0,20.0,20.0
Q140642100,2,124.5,124.5,1.0,1.0,1.5,1.5,3.0,3.0,0,0,2,0,0,,,,0.0,0.0,100.0,0.0,0.0
Q140646522,2,365.0,365.0,3.5,3.5,2.0,2.0,28.5,28.5,0,0,0,0,0,,,,0.0,0.0,0.0,0.0,0.0
Q1406988,1,467.0,467.0,3.0,3.0,0.0,0.0,5.0,5.0,0,1,0,0,0,,,,0.0,100.0,0.0,0.0,0.0
Q1407225,3,747.0,813.33,3.0,3.33,1.0,0.67,8.0,27.33,0,1,1,0,0,television award,television award,награда в области телевидения,0.0,33.33,33.33,0.0,0.0
Q14073567,2,433.0,433.0,1.0,1.0,0.5,0.5,22.0,22.0,1,1,0,0,0,,,,50.0,50.0,0.0,0.0,0.0
Q140744,3,589.0,517.33,0.0,0.33,0.0,0.33,3.0,7.33,2,2,1,1,1,,,,66.67,66.67,33.33,33.33,33.33
Q140756933,1,2587.0,2587.0,27.0,27.0,6.0,6.0,31.0,31.0,0,0,0,0,0,,,,0.0,0.0,0.0,0.0,0.0
Q140774,2,1082.5,1082.5,9.5,9.5,30.0,30.0,8.0,8.0,1,0,1,1,0,,,,50.0,0.0,50.0,50.0,0.0
Q140785204,1,43.0,43.0,1.0,1.0,0.0,0.0,0.0,0.0,0,1,1,0,0,,,,0.0,100.0,100.0,0.0,0.0
Q140812117,4,163.5,217.5,1.0,1.0,1.0,1.0,4.0,4.0,1,0,3,0,0,,,,25.0,0.0,75.0,0.0,0.0
Q1408286,2,101.0,101.0,0.5,0.5,0.5,0.5,3.0,3.0,1,1,2,1,0,,,,50.0,50.0,100.0,50.0,0.0
Q1408288,12,62.5,131.75,1.0,1.42,1.0,0.67,4.0,4.75,1,4,11,1,0,,,,8.33,33.33,91.67,8.33,0.0
Q14083,3,1385.0,1453.67,4.0,3.33,10.0,14.0,87.0,70.67,0,0,0,0,0,,,,0.0,0.0,0.0,0.0,0.0
Q1408475,1,215.0,215.0,1.0,1.0,1.0,1.0,7.0,7.0,0,0,1,0,0,,,,0.0,0.0,100.0,0.0,0.0
Q140892892,8,1960.0,2879.38,12.5,16.88,4.5,6.38,114.0,127.62,0,2,0,0,0,country sometimes considered transcontinental,country sometimes considered transcontinental,"возможно, трансконтинентальная страна",0.0,25.0,0.0,0.0,0.0
Q14092,1,98.0,98.0,0.0,0.0,1.0,1.0,5.0,5.0,1,0,1,1,0,,,,100.0,0.0,100.0,100.0,0.0
Q140937730,2,564.0,564.0,0.5,0.5,2.0,2.0,19.0,19.0,1,1,1,0,0,,,,50.0,50.0,50.0,0.0,0.0
Q140937749,1,1079.0,1079.0,4.0,4.0,12.0,12.0,85.0,85.0,0,0,0,0,0,,,,0.0,0.0,0.0,0.0,0.0
Q1409761,1,624.0,624.0,4.0,4.0,4.0,4.0,18.0,18.0,0,0,0,0,0,,,,0.0,0.0,0.0,0.0,0.0
Q141106235,1,216.0,216.0,2.0,2.0,1.0,1.0,19.0,19.0,0,0,1,0,0,,,,0.0,0.0,100.0,0.0,0.0
Q1411242,3,272.0,271.67,2.0,2.33,0.0,0.0,5.0,4.33,0,3,1,0,0,,,,0.0,100.0,33.33,0.0,0.0
Q141145821,26,2215.5,2300.5,33.5,41.62,2.5,2.69,69.0,76.15,1,8,1,0,0,,,,3.85,30.77,3.85,0.0,0.0
Q14116,1,404.0,404.0,8.0,8.0,0.0,0.0,11.0,11.0,0,1,0,0,0,,,,0.0,100.0,0.0,0.0,0.0
Q1412205,1,154.0,154.0,1.0,1.0,0.0,0.0,5.0,5.0,0,1,1,0,0,armory,armory,Цейхгауз,0.0,100.0,100.0,0.0,0.0
Q1412901,1,2277.0,2277.0,0.0,0.0,3.0,3.0,64.0,64.0,1,0,0,0,0,,,,100.0,0.0,0.0,0.0,0.0
Q1413045,2,1778.0,1778.0,53.0,53.0,1.5,1.5,65.5,65.5,0,1,0,0,0,,,,0.0,50.0,0.0,0.0,0.0
Q1413083,1,124.0,124.0,1.0,1.0,0.0,0.0,1.0,1.0,0,1,1,0,0,,,,0.0,100.0,100.0,0.0,0.0
Q1413287,3,109.0,270.67,2.0,2.0,0.0,0.67,3.0,3.0,0,2,2,0,0,,,,0.0,66.67,66.67,0.0,0.0
Q14136353,2,931.5,931.5,6.5,6.5,2.0,2.0,36.0,36.0,0,1,0,0,0,,,,0.0,50.0,0.0,0.0,0.0
Q1413677,2,1681.5,1681.5,10.0,10.0,18.0,18.0,60.5,60.5,0,1,0,0,0,justice ministry,Әділет министрлігі,министерство юстиции,0.0,50.0,0.0,0.0,0.0
Q1414135,1,171.0,171.0,0.0,0.0,0.0,0.0,1.0,1.0,1,1,1,1,1,,,,100.0,100.0,100.0,100.0,100.0
Q1414426,2,358.0,358.0,5.0,5.0,0.0,0.0,21.5,21.5,0,2,0,0,0,,,,0.0,100.0,0.0,0.0,0.0
Q1414472,1,176.0,176.0,1.0,1.0,0.0,0.0,4.0,4.0,0,1,1,0,0,,,,0.0,100.0,100.0,0.0,0.0
Q1414729,2,431.5,431.5,0.5,0.5,1.0,1.0,5.0,5.0,1,1,1,0,0,,,,50.0,50.0,50.0,0.0,0.0
Q1414991,6,114.5,120.0,1.0,0.83,1.0,1.17,7.5,7.17,1,1,6,1,0,,,,16.67,16.67,100.0,16.67,0.0
Q1415628,1,5271.0,5271.0,94.0,94.0,8.0,8.0,47.0,47.0,0,0,0,0,0,,,,0.0,0.0,0.0,0.0,0.0
Q1416320,1,571.0,571.0,6.0,6.0,2.0,2.0,24.0,24.0,0,0,0,0,0,,,,0.0,0.0,0.0,0.0,0.0
Q1416617,1,1289.0,1289.0,0.0,0.0,1.0,1.0,7.0,7.0,1,0,0,0,0,,,,100.0,0.0,0.0,0.0,0.0
Q141683,1,111.0,111.0,1.0,1.0,0.0,0.0,2.0,2.0,0,1,1,0,0,,,,0.0,100.0,100.0,0.0,0.0
Q1417344,1,260.0,260.0,4.0,4.0,0.0,0.0,12.0,12.0,0,1,0,0,0,,,,0.0,100.0,0.0,0.0,0.0
Q1418057,1,79.0,79.0,0.0,0.0,0.0,0.0,7.0,7.0,1,1,1,1,1,,,,100.0,100.0,100.0,100.0,100.0
Q1418640,3,301.0,372.0,1.0,1.0,0.0,0.67,8.0,14.0,0,2,0,0,0,,,,0.0,66.67,0.0,0.0,0.0
Q14192199,1,368.0,368.0,1.0,1.0,0.0,0.0,22.0,22.0,0,1,0,0,0,,,,0.0,100.0,0.0,0.0,0.0
Q142031,1,318.0,318.0,4.0,4.0,1.0,1.0,3.0,3.0,0,0,0,0,0,,,,0.0,0.0,0.0,0.0,0.0
Q14212,1,194.0,194.0,1.0,1.0,0.0,0.0,14.0,14.0,0,1,1,0,0,,,,0.0,100.0,100.0,0.0,0.0
Q1422929,4,465.5,527.0,1.5,3.25,0.0,0.5,35.0,34.75,0,3,0,0,0,,,,0.0,75.0,0.0,0.0,0.0
Q1426613,1,254.0,254.0,0.0,0.0,1.0,1.0,4.0,4.0,1,0,0,0,0,,,,100.0,0.0,0.0,0.0,0.0
Q1426795,1,145.0,145.0,0.0,0.0,3.0,3.0,16.0,16.0,1,0,1,1,0,,,,100.0,0.0,100.0,100.0,0.0
Q1427085,2,154.5,154.5,0.5,0.5,0.0,0.0,12.0,12.0,1,2,2,1,1,,,,50.0,100.0,100.0,50.0,50.0
Q14276458,4,138.0,209.0,1.5,2.25,1.0,1.25,7.5,7.75,0,1,3,0,0,,,,0.0,25.0,75.0,0.0,0.0
Q1427844,3,65.0,70.0,1.0,1.0,1.0,0.67,6.0,6.33,0,1,3,0,0,,,,0.0,33.33,100.0,0.0,0.0
Q1428239,1,201.0,201.0,4.0,4.0,0.0,0.0,7.0,7.0,0,1,1,0,0,,,,0.0,100.0,100.0,0.0,0.0
Q1428660,4,199.5,478.75,2.5,3.25,1.0,1.5,12.0,19.0,0,0,3,0,0,,,,0.0,0.0,75.0,0.0,0.0
Q1429218,2,192.5,192.5,2.0,2.0,2.0,2.0,10.5,10.5,0,1,2,0,0,,,,0.0,50.0,100.0,0.0,0.0
Q14292916,4,246.0,240.25,0.5,0.5,1.0,1.0,3.5,6.75,2,1,2,2,0,,,,50.0,25.0,50.0,50.0,0.0
Q14296,1,267.0,267.0,0.0,0.0,1.0,1.0,53.0,53.0,1,0,0,0,0,,,,100.0,0.0,0.0,0.0,0.0
Q1430192,1,150.0,150.0,1.0,1.0,0.0,0.0,18.0,18.0,0,1,1,0,0,,,,0.0,100.0,100.0,0.0,0.0
Q143210,1,40.0,40.0,1.0,1.0,0.0,0.0,2.0,2.0,0,1,1,0,0,,,,0.0,100.0,100.0,0.0,0.0
Q1432253,15,302.0,303.6,1.0,0.67,1.0,0.53,6.0,6.8,5,7,0,0,0,,,,33.33,46.67,0.0,0.0,0.0
Q1434112,1,40.0,40.0,1.0,1.0,0.0,0.0,3.0,3.0,0,1,1,0,0,,,,0.0,100.0,100.0,0.0,0.0
Q1434274,4,439.0,415.5,1.5,1.5,0.0,0.25,8.0,8.0,0,3,1,0,0,agronym,agronym,урочище,0.0,75.0,25.0,0.0,0.0
Q14350,10,344.5,510.0,2.0,2.0,0.0,0.3,19.5,25.5,2,9,4,1,1,radio station,radio station,вещательная радиостанция,20.0,90.0,40.0,10.0,10.0
Q1435365,1,60.0,60.0,1.0,1.0,0.0,0.0,2.0,2.0,0,1,1,0,0,,,,0.0,100.0,100.0,0.0,0.0
Q1435947,1,111.0,111.0,2.0,2.0,0.0,0.0,7.0,7.0,0,1,1,0,0,,,,0.0,100.0,100.0,0.0,0.0
Q1435994,1,390.0,390.0,9.0,9.0,0.0,0.0,12.0,12.0,0,1,0,0,0,,,,0.0,100.0,0.0,0.0,0.0
Q1436715,1,1097.0,1097.0,2.0,2.0,3.0,3.0,82.0,82.0,0,0,0,0,0,,,,0.0,0.0,0.0,0.0,0.0
Q1437361,11,160.0,259.09,1.0,1.36,1.0,0.73,9.0,12.55,3,3,8,2,1,,,,27.27,27.27,72.73,18.18,9.09
Q1437459,18,236.0,317.78,1.0,0.83,0.0,0.78,12.0,19.11,4,11,11,2,1,non-geologically related mountain range,non-geologically related mountain range,горы,22.22,61.11,61.11,11.11,5.56
Q1438040,2,189.0,189.0,1.0,1.0,1.5,1.5,13.5,13.5,0,0,1,0,0,,,,0.0,0.0,50.0,0.0,0.0
Q1438414,1,283.0,283.0,0.0,0.0,0.0,0.0,25.0,25.0,1,1,0,0,0,,,,100.0,100.0,0.0,0.0,0.0
Q14390192,2,378.0,378.0,0.5,0.5,0.5,0.5,40.5,40.5,1,1,1,1,0,,,,50.0,50.0,50.0,50.0,0.0
Q14390354,2,520.5,520.5,0.5,0.5,0.0,0.0,36.5,36.5,1,2,0,0,0,,,,50.0,100.0,0.0,0.0,0.0
Q14390508,1,694.0,694.0,1.0,1.0,0.0,0.0,73.0,73.0,0,1,0,0,0,,,,0.0,100.0,0.0,0.0,0.0
Q14390666,1,694.0,694.0,1.0,1.0,0.0,0.0,73.0,73.0,0,1,0,0,0,,,,0.0,100.0,0.0,0.0,0.0
Q143912,1,373.0,373.0,0.0,0.0,0.0,0.0,16.0,16.0,1,1,0,0,0,,,,100.0,100.0,0.0,0.0,0.0
Q1439691,5,74.0,79.2,1.0,0.8,0.0,0.4,4.0,4.2,1,4,5,1,1,,,,20.0,80.0,100.0,20.0,20.0
Q144,3,139.0,312.67,0.0,1.0,1.0,1.33,24.0,23.33,2,1,2,2,1,,,,66.67,33.33,66.67,66.67,33.33
Q144019,1,277.0,277.0,0.0,0.0,2.0,2.0,33.0,33.0,1,0,0,0,0,,,,100.0,0.0,0.0,0.0,0.0
Q1440300,5,589.0,653.8,1.0,1.6,1.0,1.6,16.0,20.2,0,2,1,0,0,,,,0.0,40.0,20.0,0.0,0.0
Q1440476,1,1041.0,1041.0,2.0,2.0,5.0,5.0,46.0,46.0,0,0,0,0,0,,,,0.0,0.0,0.0,0.0,0.0
Q1441305,17,155.0,203.71,1.0,0.82,0.0,0.18,5.0,7.0,4,14,13,3,3,,,,23.53,82.35,76.47,17.65,17.65
Q144492,1,174.0,174.0,1.0,1.0,1.0,1.0,4.0,4.0,0,0,1,0,0,,,,0.0,0.0,100.0,0.0,0.0
Q1445650,27,252.0,375.26,2.0,3.81,0.0,0.85,11.0,14.56,8,16,13,5,3,holiday,мереке,праздник,29.63,59.26,48.15,18.52,11.11
Q14506045,5,111.0,167.8,1.0,0.8,1.0,0.8,1.0,6.2,2,1,3,1,0,,,,40.0,20.0,60.0,20.0,0.0
Q14509381,2,1664.5,1664.5,15.5,15.5,1.5,1.5,67.5,67.5,0,1,0,0,0,,,,0.0,50.0,0.0,0.0,0.0
Q145134,2,64.5,64.5,0.0,0.0,1.0,1.0,5.5,5.5,2,0,2,2,0,,,,100.0,0.0,100.0,100.0,0.0
Q14514600,7,251.0,332.57,0.0,1.57,0.0,0.57,8.0,7.14,4,4,3,3,1,,,,57.14,57.14,42.86,42.86,14.29
Q1451794,2,280.5,280.5,2.5,2.5,0.5,0.5,11.5,11.5,0,1,1,0,0,,,,0.0,50.0,50.0,0.0,0.0
Q1451906,4,212.0,202.75,1.0,1.25,0.0,0.0,3.5,3.75,0,4,2,0,0,women's organization,women's organization,женская организация,0.0,100.0,50.0,0.0,0.0
Q14524493,1,61.0,61.0,1.0,1.0,0.0,0.0,3.0,3.0,0,1,1,0,0,,,,0.0,100.0,100.0,0.0,0.0
Q14547231,8,254.0,375.12,1.0,0.88,0.0,2.38,8.0,16.25,3,6,3,2,2,,,,37.5,75.0,37.5,25.0,25.0
Q1454820,5,473.0,443.0,1.0,1.4,1.0,1.8,7.0,12.2,2,2,1,0,0,,,,40.0,40.0,20.0,0.0,0.0
Q1455736,1,52.0,52.0,1.0,1.0,0.0,0.0,4.0,4.0,0,1,1,0,0,,,,0.0,100.0,100.0,0.0,0.0
Q14565197,1,65.0,65.0,1.0,1.0,0.0,0.0,10.0,10.0,0,1,1,0,0,,,,0.0,100.0,100.0,0.0,0.0
Q1456832,2,830.5,830.5,24.0,24.0,0.0,0.0,11.0,11.0,0,2,1,0,0,,,,0.0,100.0,50.0,0.0,0.0
Q1457376,2,176.5,176.5,0.0,0.0,1.0,1.0,10.5,10.5,2,1,2,2,1,,,,100.0,50.0,100.0,100.0,50.0
Q14594740,1,118.0,118.0,2.0,2.0,0.0,0.0,15.0,15.0,0,1,1,0,0,,,,0.0,100.0,100.0,0.0,0.0
Q146,2,319.0,319.0,4.5,4.5,0.0,0.0,18.5,18.5,0,2,0,0,0,,,,0.0,100.0,0.0,0.0,0.0
Q146083,3,84.0,144.0,1.0,0.67,1.0,1.0,0.0,3.0,1,1,2,0,0,,,,33.33,33.33,66.67,0.0,0.0
Q14616455,2,448.0,448.0,0.0,0.0,0.0,0.0,8.0,8.0,2,2,0,0,0,,,,100.0,100.0,0.0,0.0,0.0
Q14623646,1,182.0,182.0,0.0,0.0,1.0,1.0,3.0,3.0,1,0,1,1,0,,,,100.0,0.0,100.0,100.0,0.0
Q14625153,1,99.0,99.0,0.0,0.0,0.0,0.0,8.0,8.0,1,1,1,1,1,,,,100.0,100.0,100.0,100.0,100.0
Q1462591,1,467.0,467.0,1.0,1.0,0.0,0.0,87.0,87.0,0,1,0,0,0,,,,0.0,100.0,0.0,0.0,0.0
Q1464125,1,2149.0,2149.0,63.0,63.0,2.0,2.0,98.0,98.0,0,0,0,0,0,,,,0.0,0.0,0.0,0.0,0.0
Q1464880,1,389.0,389.0,1.0,1.0,0.0,0.0,6.0,6.0,0,1,0,0,0,,,,0.0,100.0,0.0,0.0,0.0
Q1464916,1,125.0,125.0,1.0,1.0,2.0,2.0,9.0,9.0,0,0,1,0,0,,,,0.0,0.0,100.0,0.0,0.0
Q14656,2,669.5,669.5,1.0,1.0,1.5,1.5,30.0,30.0,0,0,0,0,0,,,,0.0,0.0,0.0,0.0,0.0
Q14659,4,623.5,693.0,1.5,3.0,2.0,2.0,13.5,22.75,1,0,1,1,0,coat of arms,Мемлекеттік герб (елтаңба),герб,25.0,0.0,25.0,25.0,0.0
Q146591,1,149.0,149.0,1.0,1.0,4.0,4.0,26.0,26.0,0,0,1,0,0,circle of latitude,circle of latitude,параллель,0.0,0.0,100.0,0.0,0.0
Q14660,7,171.0,195.43,1.0,4.0,0.0,0.43,7.0,8.0,2,5,5,2,2,flag,ту,флаг,28.57,71.43,71.43,28.57,28.57
Q146657,2,121.5,121.5,1.0,1.0,2.5,2.5,21.5,21.5,0,0,2,0,0,,,,0.0,0.0,100.0,0.0,0.0
Q146768,1,791.0,791.0,4.0,4.0,1.0,1.0,47.0,47.0,0,0,0,0,0,,,,0.0,0.0,0.0,0.0,0.0
Q1468865,1,263.0,263.0,7.0,7.0,0.0,0.0,3.0,3.0,0,1,0,0,0,,,,0.0,100.0,0.0,0.0,0.0
Q1468920,1,75.0,75.0,0.0,0.0,0.0,0.0,2.0,2.0,1,1,1,1,1,,,,100.0,100.0,100.0,100.0,100.0
Q1469680,1,916.0,916.0,17.0,17.0,3.0,3.0,49.0,49.0,0,0,0,0,0,,,,0.0,0.0,0.0,0.0,0.0
Q1469686,1,7312.0,7312.0,1.0,1.0,1.0,1.0,179.0,179.0,0,0,0,0,0,,,,0.0,0.0,0.0,0.0,0.0
Q146978,1,144.0,144.0,1.0,1.0,1.0,1.0,0.0,0.0,0,0,1,0,0,,,,0.0,0.0,100.0,0.0,0.0
Q1470641,2,779.5,779.5,2.5,2.5,0.5,0.5,35.5,35.5,0,1,0,0,0,,,,0.0,50.0,0.0,0.0,0.0
Q1470705,4,158.5,154.5,0.5,1.25,1.0,1.25,6.0,7.25,2,0,4,2,0,,,,50.0,0.0,100.0,50.0,0.0
Q1471432,3,750.0,1224.33,2.0,8.0,10.0,8.0,23.0,112.67,0,0,0,0,0,,,,0.0,0.0,0.0,0.0,0.0
Q1471571,1,187.0,187.0,0.0,0.0,2.0,2.0,18.0,18.0,1,0,1,1,0,,,,100.0,0.0,100.0,100.0,0.0
Q1473950,1,119.0,119.0,1.0,1.0,1.0,1.0,3.0,3.0,0,0,1,0,0,,,,0.0,0.0,100.0,0.0,0.0
Q1474169,3,142.0,208.67,1.0,1.0,1.0,0.67,12.0,10.0,0,1,2,0,0,,,,0.0,33.33,66.67,0.0,0.0
Q1474521,3,502.0,743.0,3.0,3.33,0.0,0.0,9.0,14.67,1,3,1,1,1,,,,33.33,100.0,33.33,33.33,33.33
Q14752149,1,187.0,187.0,1.0,1.0,0.0,0.0,4.0,4.0,0,1,1,0,0,,,,0.0,100.0,100.0,0.0,0.0
Q14756018,1,96.0,96.0,1.0,1.0,0.0,0.0,8.0,8.0,0,1,1,0,0,,,,0.0,100.0,100.0,0.0,0.0
Q1475691,2,195.0,195.0,2.0,2.0,0.5,0.5,6.5,6.5,0,1,2,0,0,,,,0.0,50.0,100.0,0.0,0.0
Q14762300,2,480.5,480.5,0.0,0.0,1.5,1.5,5.5,5.5,2,1,0,0,0,,,,100.0,50.0,0.0,0.0,0.0
Q14770218,20,275.5,307.4,0.0,0.3,1.0,1.25,6.0,6.7,15,2,0,0,0,,,,75.0,10.0,0.0,0.0,0.0
Q14784328,8,302.0,424.88,0.5,2.0,0.0,1.0,5.5,14.62,4,5,0,0,0,,,,50.0,62.5,0.0,0.0,0.0
Q1478437,63,582.0,921.75,0.0,1.22,0.0,0.49,40.0,94.13,48,49,3,2,2,association football competition,association football competition,футбольный турнир,76.19,77.78,4.76,3.17,3.17
Q1478443,12,216.5,416.08,0.5,2.42,0.0,0.83,13.0,27.92,6,7,6,3,2,association football federation,association football federation,футбольная федерация,50.0,58.33,50.0,25.0,16.67
Q14795564,366,155.0,159.93,0.0,0.06,0.0,0.31,19.0,19.72,350,273,323,312,232,,,,95.63,74.59,88.25,85.25,63.39
Q1479995,1,368.0,368.0,8.0,8.0,0.0,0.0,7.0,7.0,0,1,0,0,0,,,,0.0,100.0,0.0,0.0,0.0
Q1480017,1,218.0,218.0,0.0,0.0,2.0,2.0,7.0,7.0,1,0,1,1,0,,,,100.0,0.0,100.0,100.0,0.0
Q1480166,1,67.0,67.0,0.0,0.0,0.0,0.0,2.0,2.0,1,1,1,1,1,,,,100.0,100.0,100.0,100.0,100.0
Q14811181,1,185.0,185.0,0.0,0.0,0.0,0.0,1.0,1.0,1,1,1,1,1,,,,100.0,100.0,100.0,100.0,100.0
Q14829592,1,296.0,296.0,1.0,1.0,0.0,0.0,8.0,8.0,0,1,0,0,0,,,,0.0,100.0,0.0,0.0,0.0
Q14831768,4,473.5,404.25,0.0,1.0,0.0,0.0,18.0,22.75,3,4,1,1,1,,,,75.0,100.0,25.0,25.0,25.0
Q148319,1,308.0,308.0,3.0,3.0,2.0,2.0,15.0,15.0,0,0,0,0,0,,,,0.0,0.0,0.0,0.0,0.0
Q14846916,1,1041.0,1041.0,0.0,0.0,2.0,2.0,13.0,13.0,1,0,0,0,0,,,,100.0,0.0,0.0,0.0,0.0
Q1485500,1,749.0,749.0,1.0,1.0,6.0,6.0,58.0,58.0,0,0,0,0,0,,,,0.0,0.0,0.0,0.0,0.0
Q148578,13,199.0,662.0,1.0,11.08,1.0,2.08,9.0,32.0,2,0,10,1,0,,,,15.38,0.0,76.92,7.69,0.0
Q14860489,1,1657.0,1657.0,4.0,4.0,2.0,2.0,9.0,9.0,0,0,0,0,0,,,,0.0,0.0,0.0,0.0,0.0
Q14860523,2,22.5,22.5,0.0,0.0,1.0,1.0,3.5,3.5,2,0,2,2,0,,,,100.0,0.0,100.0,100.0,0.0
Q14864881,1,126.0,126.0,1.0,1.0,1.0,1.0,7.0,7.0,0,0,1,0,0,,,,0.0,0.0,100.0,0.0,0.0
Q1486596,2,325.0,325.0,1.0,1.0,0.0,0.0,7.5,7.5,0,2,1,0,0,,,,0.0,100.0,50.0,0.0,0.0
Q1486643,2,256.5,256.5,0.5,0.5,0.5,0.5,47.5,47.5,1,1,1,1,0,,,,50.0,50.0,50.0,50.0,0.0
Q14873025,4,91.0,95.5,1.0,1.0,0.0,0.0,6.0,6.5,0,4,4,0,0,,,,0.0,100.0,100.0,0.0,0.0
Q14875,1,91.0,91.0,1.0,1.0,1.0,1.0,13.0,13.0,0,0,1,0,0,,,,0.0,0.0,100.0,0.0,0.0
Q148837,28,249.5,334.0,0.0,1.75,1.0,1.07,5.0,15.32,15,11,14,7,2,,,,53.57,39.29,50.0,25.0,7.14
Q14890574,1,93.0,93.0,1.0,1.0,1.0,1.0,4.0,4.0,0,0,1,0,0,,,,0.0,0.0,100.0,0.0,0.0
Q14904124,1,246.0,246.0,1.0,1.0,1.0,1.0,5.0,5.0,0,0,1,0,0,,,,0.0,0.0,100.0,0.0,0.0
Q14908,1,173.0,173.0,5.0,5.0,2.0,2.0,5.0,5.0,0,0,1,0,0,,,,0.0,0.0,100.0,0.0,0.0
Q14911880,1,87.0,87.0,2.0,2.0,0.0,0.0,0.0,0.0,0,1,1,0,0,,,,0.0,100.0,100.0,0.0,0.0
Q14914657,3,712.0,743.0,10.0,14.33,1.0,1.0,38.0,32.67,0,1,0,0,0,,,,0.0,33.33,0.0,0.0,0.0
Q1491559,1,189.0,189.0,1.0,1.0,2.0,2.0,1.0,1.0,0,0,1,0,0,,,,0.0,0.0,100.0,0.0,0.0
Q1491746,3,263.0,263.33,0.0,0.0,0.0,0.0,16.0,14.33,3,3,0,0,0,,,,100.0,100.0,0.0,0.0,0.0
Q14921981,1,912.0,912.0,6.0,6.0,7.0,7.0,38.0,38.0,0,0,0,0,0,,,,0.0,0.0,0.0,0.0,0.0
Q1493533,1,318.0,318.0,1.0,1.0,0.0,0.0,8.0,8.0,0,1,0,0,0,,,,0.0,100.0,0.0,0.0,0.0
Q14936523,1,916.0,916.0,1.0,1.0,0.0,0.0,18.0,18.0,0,1,0,0,0,,,,0.0,100.0,0.0,0.0,0.0
Q149377,1,871.0,871.0,4.0,4.0,2.0,2.0,7.0,7.0,0,0,0,0,0,,,,0.0,0.0,0.0,0.0,0.0
Q14941854,7,404.0,349.0,2.0,3.29,0.0,0.14,15.0,15.57,2,6,2,1,1,oil company,oil company,нефтяная компания,28.57,85.71,28.57,14.29,14.29
Q14944295,2,190.5,190.5,1.0,1.0,0.5,0.5,3.0,3.0,1,1,1,1,1,,,,50.0,50.0,50.0,50.0,50.0
Q14946528,3,524.0,400.33,1.0,1.0,1.0,0.67,21.0,19.0,1,1,1,0,0,,,,33.33,33.33,33.33,0.0,0.0
Q1495119,1,86.0,86.0,1.0,1.0,1.0,1.0,2.0,2.0,0,0,1,0,0,,,,0.0,0.0,100.0,0.0,0.0
Q149621,5,97.0,212.4,1.0,0.8,1.0,1.8,8.0,8.4,1,1,3,0,0,district,district,дистрикт,20.0,20.0,60.0,0.0,0.0
Q1497090,1,343.0,343.0,4.0,4.0,0.0,0.0,2.0,2.0,0,1,0,0,0,,,,0.0,100.0,0.0,0.0,0.0
Q1497364,13,419.0,714.54,0.0,1.92,1.0,1.23,10.0,25.31,7,6,3,0,0,,,,53.85,46.15,23.08,0.0,0.0
Q1497375,6,435.5,467.67,0.0,1.33,1.0,2.67,15.0,19.0,5,2,1,1,0,,,,83.33,33.33,16.67,16.67,0.0
Q1497649,1,138.0,138.0,0.0,0.0,1.0,1.0,10.0,10.0,1,0,1,1,0,,,,100.0,0.0,100.0,100.0,0.0
Q1498213,1,62.0,62.0,0.0,0.0,0.0,0.0,6.0,6.0,1,1,1,1,1,,,,100.0,100.0,100.0,100.0,100.0
Q1498487,1,2277.0,2277.0,0.0,0.0,3.0,3.0,64.0,64.0,1,0,0,0,0,,,,100.0,0.0,0.0,0.0,0.0
Q149918,4,347.5,419.75,2.5,2.25,0.0,0.25,10.5,9.75,1,3,0,0,0,communications satellite,Байланыс серігі,спутник связи,25.0,75.0,0.0,0.0,0.0
Q1499881,2,177.0,177.0,1.0,1.0,0.0,0.0,3.0,3.0,0,2,2,0,0,,,,0.0,100.0,100.0,0.0,0.0
Q1499928,33,306.0,305.03,1.0,0.94,0.0,0.15,8.0,7.45,2,28,0,0,0,,,,6.06,84.85,0.0,0.0,0.0
Q1500350,1,300.0,300.0,1.0,1.0,0.0,0.0,17.0,17.0,0,1,0,0,0,,,,0.0,100.0,0.0,0.0,0.0
Q1501,1,442.0,442.0,7.0,7.0,2.0,2.0,10.0,10.0,0,0,0,0,0,,,,0.0,0.0,0.0,0.0,0.0
Q15014447,1,338.0,338.0,0.0,0.0,1.0,1.0,17.0,17.0,1,0,0,0,0,,,,100.0,0.0,0.0,0.0,0.0
Q1501619,1,394.0,394.0,0.0,0.0,1.0,1.0,12.0,12.0,1,0,0,0,0,,,,100.0,0.0,0.0,0.0,0.0
Q15020890,1,85.0,85.0,0.0,0.0,0.0,0.0,2.0,2.0,1,1,1,1,1,,,,100.0,100.0,100.0,100.0,100.0
Q150357,1,237.0,237.0,1.0,1.0,0.0,0.0,3.0,3.0,0,1,1,0,0,,,,0.0,100.0,100.0,0.0,0.0
Q15042037,8,274.0,579.38,0.0,0.5,2.0,3.0,6.0,20.5,6,0,0,0,0,,,,75.0,0.0,0.0,0.0,0.0
Q15043636,1,74.0,74.0,1.0,1.0,0.0,0.0,6.0,6.0,0,1,1,0,0,,,,0.0,100.0,100.0,0.0,0.0
Q15043657,1,711.0,711.0,0.0,0.0,27.0,27.0,60.0,60.0,1,0,0,0,0,Tour of Almaty,Алматы Туры 2013,Тур Алматы,100.0,0.0,0.0,0.0,0.0
Q15056993,59,449.0,858.54,2.0,8.51,1.0,2.47,16.0,36.1,14,25,16,10,7,,,,23.73,42.37,27.12,16.95,11.86
Q15056995,15,271.0,477.0,1.0,7.27,1.0,1.73,9.0,13.87,6,6,7,6,4,,,,40.0,40.0,46.67,40.0,26.67
Q15057021,1,157.0,157.0,1.0,1.0,0.0,0.0,0.0,0.0,0,1,1,0,0,,,,0.0,100.0,100.0,0.0,0.0
Q15057490,1,236.0,236.0,1.0,1.0,2.0,2.0,17.0,17.0,0,0,1,0,0,,,,0.0,0.0,100.0,0.0,0.0
Q15060255,10,358.0,676.6,0.0,0.0,1.0,1.4,30.0,53.9,10,2,0,0,0,,,,100.0,20.0,0.0,0.0,0.0
Q15063586,1,583.0,583.0,2.0,2.0,0.0,0.0,21.0,21.0,0,1,0,0,0,,,,0.0,100.0,0.0,0.0,0.0
Q15063600,1,238.0,238.0,0.0,0.0,0.0,0.0,2.0,2.0,1,1,1,1,1,,,,100.0,100.0,100.0,100.0,100.0
Q15063611,2,699.5,699.5,7.5,7.5,1.5,1.5,59.5,59.5,1,1,1,1,1,,,,50.0,50.0,50.0,50.0,50.0
Q15064326,1,1823.0,1823.0,42.0,42.0,1.0,1.0,27.0,27.0,0,0,0,0,0,,,,0.0,0.0,0.0,0.0,0.0
Q15069452,17,425.0,391.53,2.0,2.47,0.0,0.94,10.0,9.88,5,11,6,4,1,,,,29.41,64.71,35.29,23.53,5.88
Q15072596,8,274.0,298.12,2.0,2.12,0.0,0.25,5.0,5.88,0,7,0,0,0,,,,0.0,87.5,0.0,0.0,0.0
Q15075508,1,36.0,36.0,0.0,0.0,0.0,0.0,5.0,5.0,1,1,1,1,1,,,,100.0,100.0,100.0,100.0,100.0
Q150784,6,385.5,429.33,1.5,2.0,1.0,1.67,6.5,7.17,2,2,2,1,0,canyon,Каньон,каньон,33.33,33.33,33.33,16.67,0.0
Q15078955,5,908.0,981.8,7.0,10.2,0.0,2.0,23.0,40.0,0,3,0,0,0,,,,0.0,60.0,0.0,0.0,0.0
Q15079663,1,590.0,590.0,5.0,5.0,1.0,1.0,37.0,37.0,0,0,0,0,0,,,,0.0,0.0,0.0,0.0,0.0
Q15079786,1,480.0,480.0,0.0,0.0,1.0,1.0,0.0,0.0,1,0,0,0,0,,,,100.0,0.0,0.0,0.0,0.0
Q1508046,1,388.0,388.0,0.0,0.0,0.0,0.0,36.0,36.0,1,1,0,0,0,,,,100.0,100.0,0.0,0.0,0.0
Q15081030,2,617.5,617.5,0.0,0.0,2.0,2.0,24.5,24.5,2,1,1,1,1,,,,100.0,50.0,50.0,50.0,50.0
Q15087423,11,471.0,866.73,0.0,2.36,0.0,0.36,13.0,58.82,7,8,2,1,1,ISO standard,ISO standard,стандарт ISO,63.64,72.73,18.18,9.09,9.09
Q15088658,1,253.0,253.0,1.0,1.0,0.0,0.0,7.0,7.0,0,1,0,0,0,,,,0.0,100.0,0.0,0.0,0.0
Q15089,2,259.0,259.0,0.0,0.0,1.0,1.0,24.5,24.5,2,1,1,1,1,,,,100.0,50.0,50.0,50.0,50.0
Q15089348,4,1457.5,2105.25,38.5,47.0,15.5,16.0,117.0,109.5,0,0,0,0,0,,,,0.0,0.0,0.0,0.0,0.0
Q15092344,1,178.0,178.0,0.0,0.0,2.0,2.0,3.0,3.0,1,0,1,1,0,,,,100.0,0.0,100.0,100.0,0.0
Q1509934,1,210.0,210.0,1.0,1.0,0.0,0.0,3.0,3.0,0,1,1,0,0,,,,0.0,100.0,100.0,0.0,0.0
Q15101896,1,58.0,58.0,0.0,0.0,1.0,1.0,2.0,2.0,1,0,1,1,0,,,,100.0,0.0,100.0,100.0,0.0
Q15104814,7,1086.0,1105.86,2.0,3.71,6.0,7.0,23.0,23.14,2,0,0,0,0,land boundary,land boundary,сухопутная граница между странами,28.57,0.0,0.0,0.0,0.0
Q15104915,130,216.0,241.98,1.0,1.06,0.0,0.14,17.0,18.11,18,114,89,13,12,mineral deposit,Кенорын,месторождение полезных ископаемых,13.85,87.69,68.46,10.0,9.23
Q15105893,5,1376.0,1878.0,2.0,6.6,2.0,2.6,76.0,108.0,0,1,0,0,0,,,,0.0,20.0,0.0,0.0,0.0
Q1511519,1,413.0,413.0,1.0,1.0,0.0,0.0,35.0,35.0,0,1,0,0,0,,,,0.0,100.0,0.0,0.0,0.0
Q15127012,1695,238.0,239.33,0.0,0.0,0.0,0.0,2.0,2.03,1690,1692,1677,1676,1674,,,,99.71,99.82,98.94,98.88,98.76
Q1513352,1,590.0,590.0,0.0,0.0,0.0,0.0,3.0,3.0,1,1,0,0,0,,,,100.0,100.0,0.0,0.0,0.0
Q15135589,7,703.0,800.14,2.0,2.71,0.0,0.43,11.0,13.71,0,4,0,0,0,,,,0.0,57.14,0.0,0.0,0.0
Q15141632,4,148.0,186.75,0.0,0.75,2.5,2.75,1.0,1.25,3,1,3,3,1,,,,75.0,25.0,75.0,75.0,25.0
Q15142889,20,154.5,268.6,1.0,1.45,1.0,1.25,2.0,3.3,7,5,12,6,2,,,,35.0,25.0,60.0,30.0,10.0
Q15142894,22,196.5,264.73,1.0,4.68,1.0,1.27,5.0,7.55,8,7,14,8,4,,,,36.36,31.82,63.64,36.36,18.18
Q1514415,1,363.0,363.0,6.0,6.0,1.0,1.0,10.0,10.0,0,0,0,0,0,,,,0.0,0.0,0.0,0.0,0.0
Q15149663,2,102.0,102.0,0.0,0.0,1.5,1.5,3.0,3.0,2,0,2,2,0,,,,100.0,0.0,100.0,100.0,0.0
Q1515058,1,598.0,598.0,5.0,5.0,7.0,7.0,31.0,31.0,0,0,0,0,0,,,,0.0,0.0,0.0,0.0,0.0
Q1515156,1,166.0,166.0,0.0,0.0,1.0,1.0,2.0,2.0,1,0,1,1,0,,,,100.0,0.0,100.0,100.0,0.0
Q15169167,3,120.0,123.0,1.0,1.67,1.0,1.0,8.0,10.0,1,0,3,1,0,,,,33.33,0.0,100.0,33.33,0.0
Q1517746,1,297.0,297.0,1.0,1.0,0.0,0.0,11.0,11.0,0,1,0,0,0,,,,0.0,100.0,0.0,0.0,0.0
Q1517747,1,229.0,229.0,0.0,0.0,1.0,1.0,11.0,11.0,1,0,1,1,0,,,,100.0,0.0,100.0,100.0,0.0
Q15177520,1,259.0,259.0,1.0,1.0,0.0,0.0,7.0,7.0,0,1,0,0,0,,,,0.0,100.0,0.0,0.0,0.0
Q1517777,4,253.0,703.5,2.0,8.0,0.0,0.5,8.0,27.0,1,3,1,0,0,,,,25.0,75.0,25.0,0.0,0.0
Q1517851,1,75.0,75.0,0.0,0.0,0.0,0.0,2.0,2.0,1,1,1,1,1,,,,100.0,100.0,100.0,100.0,100.0
Q1517875,1,149.0,149.0,0.0,0.0,1.0,1.0,13.0,13.0,1,0,1,1,0,,,,100.0,0.0,100.0,100.0,0.0
Q1518096,3,335.0,441.67,1.0,0.67,0.0,0.33,12.0,34.33,1,2,1,0,0,,,,33.33,66.67,33.33,0.0,0.0
Q151885,163,140.0,330.66,1.0,1.94,0.0,0.52,6.0,10.52,23,111,118,18,10,concept,ұғым,понятие,14.11,68.1,72.39,11.04,6.13
Q15190726,2,190.0,190.0,0.5,0.5,1.0,1.0,7.0,7.0,1,0,1,0,0,,,,50.0,0.0,50.0,0.0,0.0
Q1519259,1,212.0,212.0,1.0,1.0,0.0,0.0,1.0,1.0,0,1,1,0,0,,,,0.0,100.0,100.0,0.0,0.0
Q15195406,2,397.5,397.5,2.0,2.0,2.0,2.0,8.5,8.5,0,0,0,0,0,,,,0.0,0.0,0.0,0.0,0.0
Q1519541,1,2262.0,2262.0,3.0,3.0,4.0,4.0,51.0,51.0,0,0,0,0,0,,,,0.0,0.0,0.0,0.0,0.0
Q1519799,3,684.0,873.67,4.0,6.33,0.0,6.0,80.0,55.33,0,2,0,0,0,ministry of health,ministry of health,министерство здравоохранения,0.0,66.67,0.0,0.0,0.0
Q152005,1,78.0,78.0,1.0,1.0,0.0,0.0,2.0,2.0,0,1,1,0,0,,,,0.0,100.0,100.0,0.0,0.0
Q1520223,3,1981.0,3181.33,6.0,31.33,0.0,12.67,56.0,184.33,0,2,0,0,0,,,,0.0,66.67,0.0,0.0,0.0
Q15206795,1,195.0,195.0,0.0,0.0,1.0,1.0,2.0,2.0,1,0,1,1,0,,,,100.0,0.0,100.0,100.0,0.0
Q152081,5,141.0,2424.2,0.0,57.2,0.0,1.0,0.0,78.6,3,3,3,2,2,,,,60.0,60.0,60.0,40.0,40.0
Q1520859,1,86.0,86.0,0.0,0.0,0.0,0.0,3.0,3.0,1,1,1,1,1,,,,100.0,100.0,100.0,100.0,100.0
Q15210668,1,247.0,247.0,0.0,0.0,2.0,2.0,3.0,3.0,1,0,1,1,0,,,,100.0,0.0,100.0,100.0,0.0
Q1521512,3,211.0,263.67,1.0,1.0,1.0,1.33,12.0,14.0,0,1,2,0,0,,,,0.0,33.33,66.67,0.0,0.0
Q1522115,1,94.0,94.0,0.0,0.0,1.0,1.0,1.0,1.0,1,0,1,1,0,,,,100.0,0.0,100.0,100.0,0.0
Q15221256,1,138.0,138.0,0.0,0.0,0.0,0.0,3.0,3.0,1,1,1,1,1,,,,100.0,100.0,100.0,100.0,100.0
Q15221304,1,382.0,382.0,2.0,2.0,0.0,0.0,6.0,6.0,0,1,0,0,0,,,,0.0,100.0,0.0,0.0,0.0
Q15221310,1,138.0,138.0,0.0,0.0,0.0,0.0,3.0,3.0,1,1,1,1,1,,,,100.0,100.0,100.0,100.0,100.0
Q15221623,210,338.5,493.36,3.0,5.02,0.0,0.37,8.0,11.04,38,169,84,33,33,bilateral relation,bilateral relation,двусторонние отношения,18.1,80.48,40.0,15.71,15.71
Q15222637,2,153.5,153.5,1.0,1.0,0.5,0.5,5.0,5.0,0,1,1,0,0,,,,0.0,50.0,50.0,0.0,0.0
Q15229207,13,583.0,797.0,0.0,2.38,1.0,2.31,32.0,79.85,7,5,4,4,4,sports award,sports award,спортивная награда,53.85,38.46,30.77,30.77,30.77
Q15229229,1,357.0,357.0,0.0,0.0,0.0,0.0,12.0,12.0,1,1,0,0,0,,,,100.0,100.0,0.0,0.0,0.0
Q15238535,1,43.0,43.0,0.0,0.0,0.0,0.0,5.0,5.0,1,1,1,1,1,,,,100.0,100.0,100.0,100.0,100.0
Q15238777,2,143.0,143.0,1.0,1.0,1.0,1.0,18.0,18.0,0,1,1,0,0,legislative term,legislative term,срок полномочий законодательного органа,0.0,50.0,50.0,0.0,0.0
Q15239622,37,380.0,433.57,1.0,1.89,0.0,0.81,9.0,21.03,15,20,11,6,6,,,,40.54,54.05,29.73,16.22,16.22
Q15243209,1,243.0,243.0,0.0,0.0,0.0,0.0,2.0,2.0,1,1,1,1,1,,,,100.0,100.0,100.0,100.0,100.0
Q1524945,1,147.0,147.0,0.0,0.0,1.0,1.0,1.0,1.0,1,0,1,1,0,,,,100.0,0.0,100.0,100.0,0.0
Q1524972,1,165.0,165.0,1.0,1.0,0.0,0.0,8.0,8.0,0,1,1,0,0,,,,0.0,100.0,100.0,0.0,0.0
Q15253706,2,1030.5,1030.5,7.0,7.0,5.0,5.0,54.5,54.5,0,0,0,0,0,,,,0.0,0.0,0.0,0.0,0.0
Q152559,25,255.0,444.8,1.0,1.92,0.0,0.8,14.0,25.4,8,14,11,5,4,macrolanguage,macrolanguage,макросемья языков по ISO 639-3,32.0,56.0,44.0,20.0,16.0
Q15258291,1,884.0,884.0,21.0,21.0,1.0,1.0,36.0,36.0,0,0,0,0,0,,,,0.0,0.0,0.0,0.0,0.0
Q15259995,9,538.0,761.0,0.0,8.89,0.0,1.11,57.0,67.22,8,7,0,0,0,,,,88.89,77.78,0.0,0.0,0.0
Q15262301,1,297.0,297.0,1.0,1.0,0.0,0.0,6.0,6.0,0,1,0,0,0,,,,0.0,100.0,0.0,0.0,0.0
Q15265344,9,365.0,680.56,1.0,3.78,0.0,0.44,15.0,15.22,2,5,4,1,1,,,,22.22,55.56,44.44,11.11,11.11
Q1526889,13,305.0,304.92,0.0,0.38,0.0,0.23,8.0,7.38,8,10,0,0,0,,,,61.54,76.92,0.0,0.0,0.0
Q152732,1,103.0,103.0,0.0,0.0,0.0,0.0,4.0,4.0,1,1,1,1,1,,,,100.0,100.0,100.0,100.0,100.0
Q15273785,4,224.0,230.0,1.0,0.75,2.0,1.75,5.0,9.0,1,1,2,0,0,,,,25.0,25.0,50.0,0.0,0.0
Q15275719,21,361.0,877.05,2.0,12.57,1.0,1.95,17.0,39.67,6,5,6,2,1,recurring event,recurring event,регулярное событие,28.57,23.81,28.57,9.52,4.76
Q15280243,1,1492.0,1492.0,19.0,19.0,0.0,0.0,71.0,71.0,0,1,0,0,0,,,,0.0,100.0,0.0,0.0,0.0
Q152827,1,76.0,76.0,1.0,1.0,0.0,0.0,4.0,4.0,0,1,1,0,0,,,,0.0,100.0,100.0,0.0,0.0
Q15284,64,297.5,296.89,1.0,0.92,0.0,0.38,6.0,8.08,22,45,18,6,2,,,,34.38,70.31,28.12,9.38,3.12
Q15284636,1,3903.0,3903.0,81.0,81.0,3.0,3.0,159.0,159.0,0,0,0,0,0,presidential term,presidential term,президентский срок,0.0,0.0,0.0,0.0,0.0
Q15285626,6,157.0,212.17,1.5,1.33,0.0,0.5,8.5,13.0,1,4,4,0,0,,,,16.67,66.67,66.67,0.0,0.0
Q1529096,1,482.0,482.0,11.0,11.0,0.0,0.0,17.0,17.0,0,1,0,0,0,,,,0.0,100.0,0.0,0.0,0.0
Q1529128,3,237.0,232.0,1.0,1.0,0.0,0.0,7.0,11.67,1,3,2,1,1,postal service,postal service,почтовая компания,33.33,100.0,66.67,33.33,33.33
Q15298259,8,261.0,261.88,0.0,0.0,1.0,0.62,4.0,5.5,8,3,4,4,2,,,,100.0,37.5,50.0,50.0,25.0
Q1530022,5,368.0,494.8,3.0,5.0,1.0,1.8,11.0,13.2,0,0,2,0,0,religious organization,Діни бірлестіктер,религиозная организация,0.0,0.0,40.0,0.0,0.0
Q15303456,6,225.0,198.33,0.0,0.5,0.5,0.5,14.0,12.5,5,3,4,4,2,,,,83.33,50.0,66.67,66.67,33.33
Q1530361,1,272.0,272.0,2.0,2.0,1.0,1.0,7.0,7.0,0,0,0,0,0,,,,0.0,0.0,0.0,0.0,0.0
Q15303838,239,280.0,285.83,0.0,0.17,0.0,0.03,5.0,5.19,214,233,4,3,3,,,,89.54,97.49,1.67,1.26,1.26
Q15304003,5,447.0,691.8,3.0,3.8,0.0,0.4,20.0,27.0,1,4,1,1,1,,,,20.0,80.0,20.0,20.0,20.0
Q15304943,6,145.5,154.67,0.0,0.5,1.0,0.83,6.0,7.83,4,1,5,3,0,,,,66.67,16.67,83.33,50.0,0.0
Q1530704,1,2239.0,2239.0,34.0,34.0,2.0,2.0,26.0,26.0,0,0,0,0,0,,,,0.0,0.0,0.0,0.0,0.0
Q15310171,1,344.0,344.0,0.0,0.0,0.0,0.0,28.0,28.0,1,1,0,0,0,,,,100.0,100.0,0.0,0.0,0.0
Q1531833,1,263.0,263.0,1.0,1.0,0.0,0.0,12.0,12.0,0,1,0,0,0,,,,0.0,100.0,0.0,0.0,0.0
Q15324,1,153.0,153.0,1.0,1.0,0.0,0.0,4.0,4.0,0,1,1,0,0,body of water,бөген,водный объект,0.0,100.0,100.0,0.0,0.0
Q15331,1,76.0,76.0,1.0,1.0,0.0,0.0,2.0,2.0,0,1,1,0,0,,,,0.0,100.0,100.0,0.0,0.0
Q15331236,1,246.0,246.0,0.0,0.0,3.0,3.0,10.0,10.0,1,0,1,1,0,,,,100.0,0.0,100.0,100.0,0.0
Q15344922,13,283.0,362.0,0.0,1.31,0.0,0.31,4.0,3.85,11,11,1,1,1,,,,84.62,84.62,7.69,7.69,7.69
Q1534839,1,51.0,51.0,1.0,1.0,0.0,0.0,3.0,3.0,0,1,1,0,0,,,,0.0,100.0,100.0,0.0,0.0
Q1535153,1,301.0,301.0,1.0,1.0,0.0,0.0,40.0,40.0,0,1,0,0,0,,,,0.0,100.0,0.0,0.0,0.0
Q153562,10,275.5,452.8,0.0,2.1,1.0,1.3,11.0,21.8,6,2,4,4,0,,,,60.0,20.0,40.0,40.0,0.0
Q153813,2,192.0,192.0,0.0,0.0,0.0,0.0,1.0,1.0,2,2,1,1,1,,,,100.0,100.0,50.0,50.0,50.0
Q15383322,1,449.0,449.0,1.0,1.0,0.0,0.0,3.0,3.0,0,1,0,0,0,,,,0.0,100.0,0.0,0.0,0.0
Q153936,2,212.5,212.5,7.5,7.5,0.5,0.5,7.5,7.5,0,1,1,0,0,,,,0.0,50.0,50.0,0.0,0.0
Q15398983,1,112.0,112.0,1.0,1.0,0.0,0.0,8.0,8.0,0,1,1,0,0,,,,0.0,100.0,100.0,0.0,0.0
Q154,5,56.0,105.6,1.0,0.8,0.0,0.4,6.0,6.2,1,3,4,0,0,,,,20.0,60.0,80.0,0.0,0.0
Q15401633,5,1143.0,1112.4,2.0,1.8,1.0,1.4,30.0,32.2,1,1,0,0,0,,,,20.0,20.0,0.0,0.0,0.0
Q15401699,2,1797.5,1797.5,1.5,1.5,1.5,1.5,44.5,44.5,0,0,0,0,0,,,,0.0,0.0,0.0,0.0,0.0
Q15401756,2,79.0,79.0,0.5,0.5,1.0,1.0,7.5,7.5,1,0,2,1,0,,,,50.0,0.0,100.0,50.0,0.0
Q15404978,1,375.0,375.0,1.0,1.0,0.0,0.0,0.0,0.0,0,1,0,0,0,,,,0.0,100.0,0.0,0.0,0.0
Q15407956,2,186.0,186.0,0.0,0.0,0.0,0.0,12.0,12.0,2,2,2,2,2,,,,100.0,100.0,100.0,100.0,100.0
Q15411479,5,240.0,242.4,0.0,0.0,0.0,0.0,2.0,2.0,5,5,5,5,5,,,,100.0,100.0,100.0,100.0,100.0
Q15416,20,640.0,1353.3,0.5,6.95,0.0,2.45,19.5,93.5,10,11,3,2,1,,,,50.0,55.0,15.0,10.0,5.0
Q1542217,1,39.0,39.0,1.0,1.0,0.0,0.0,3.0,3.0,0,1,1,0,0,,,,0.0,100.0,100.0,0.0,0.0
Q1542622,1,74.0,74.0,1.0,1.0,1.0,1.0,10.0,10.0,0,0,1,0,0,,,,0.0,0.0,100.0,0.0,0.0
Q154278,1,885.0,885.0,0.0,0.0,2.0,2.0,28.0,28.0,1,0,0,0,0,,,,100.0,0.0,0.0,0.0,0.0
Q1542938,1,651.0,651.0,7.0,7.0,2.0,2.0,31.0,31.0,0,0,0,0,0,,,,0.0,0.0,0.0,0.0,0.0
Q154365,1,69.0,69.0,1.0,1.0,0.0,0.0,2.0,2.0,0,1,1,0,0,,,,0.0,100.0,100.0,0.0,0.0
Q1544184,1,270.0,270.0,0.0,0.0,0.0,0.0,6.0,6.0,1,1,0,0,0,,,,100.0,100.0,0.0,0.0,0.0
Q1545397,1,99.0,99.0,1.0,1.0,1.0,1.0,10.0,10.0,0,0,1,0,0,,,,0.0,0.0,100.0,0.0,0.0
Q154605,1,5668.0,5668.0,77.0,77.0,26.0,26.0,142.0,142.0,0,0,0,0,0,,,,0.0,0.0,0.0,0.0,0.0
Q1546073,1,675.0,675.0,7.0,7.0,0.0,0.0,33.0,33.0,0,1,0,0,0,covert operation,covert operation,тайная операция,0.0,100.0,0.0,0.0,0.0
Q1546359,1,342.0,342.0,0.0,0.0,0.0,0.0,15.0,15.0,1,1,0,0,0,,,,100.0,100.0,0.0,0.0,0.0
Q1547289,12,303.5,388.17,1.0,1.67,0.0,0.75,6.0,10.5,5,8,0,0,0,,,,41.67,66.67,0.0,0.0,0.0
Q1547772,9,295.0,1038.67,1.0,11.67,2.0,4.44,12.0,27.11,2,2,3,2,1,,,,22.22,22.22,33.33,22.22,11.11
Q1548033,3,2552.0,1793.67,41.0,31.67,0.0,0.67,77.0,54.67,0,2,1,0,0,,,,0.0,66.67,33.33,0.0,0.0
Q1548518,37,309.0,308.32,1.0,0.65,1.0,0.86,8.0,7.38,13,5,0,0,0,,,,35.14,13.51,0.0,0.0,0.0
Q1548525,7,303.0,304.57,0.0,0.43,0.0,0.0,6.0,6.0,4,7,0,0,0,,,,57.14,100.0,0.0,0.0,0.0
Q15487029,1,367.0,367.0,0.0,0.0,0.0,0.0,10.0,10.0,1,1,0,0,0,,,,100.0,100.0,0.0,0.0,0.0
Q15489667,2,73.0,73.0,1.0,1.0,0.0,0.0,6.0,6.0,0,2,2,0,0,,,,0.0,100.0,100.0,0.0,0.0
Q154954,1,72.0,72.0,2.0,2.0,0.0,0.0,7.0,7.0,0,1,1,0,0,,,,0.0,100.0,100.0,0.0,0.0
Q1549591,1051,281.0,502.7,0.0,2.21,0.0,1.08,7.0,14.8,593,597,243,145,106,,,,56.42,56.8,23.12,13.8,10.09
Q1550225,1,2490.0,2490.0,48.0,48.0,3.0,3.0,81.0,81.0,0,0,0,0,0,,,,0.0,0.0,0.0,0.0,0.0
Q1550643,3,66.0,73.33,1.0,1.0,0.0,0.33,1.0,1.0,0,2,3,0,0,,,,0.0,66.67,100.0,0.0,0.0
Q1550680,1,439.0,439.0,0.0,0.0,0.0,0.0,3.0,3.0,1,1,0,0,0,,,,100.0,100.0,0.0,0.0,0.0
Q155076,5,127.0,348.2,1.0,2.0,0.0,2.8,7.0,26.0,1,3,3,1,1,,,,20.0,60.0,60.0,20.0,20.0
Q1551763,3,832.0,1675.0,3.0,6.0,8.0,6.67,32.0,76.0,0,1,1,0,0,,,,0.0,33.33,33.33,0.0,0.0
Q155271,5,178.0,527.2,1.0,5.0,0.0,0.4,6.0,14.2,1,3,4,1,1,,,,20.0,60.0,80.0,20.0,20.0
Q1554231,1,604.0,604.0,4.0,4.0,1.0,1.0,26.0,26.0,0,0,0,0,0,,,,0.0,0.0,0.0,0.0,0.0
Q15548076,1,139.0,139.0,0.0,0.0,1.0,1.0,23.0,23.0,1,0,1,1,0,,,,100.0,0.0,100.0,100.0,0.0
Q1555508,1,570.0,570.0,0.0,0.0,0.0,0.0,48.0,48.0,1,1,0,0,0,,,,100.0,100.0,0.0,0.0,0.0
Q15584664,27,550.0,561.7,4.0,4.37,0.0,0.19,3.0,4.44,0,26,0,0,0,,,,0.0,96.3,0.0,0.0,0.0
Q15590336,5,413.0,1635.2,1.0,17.4,0.0,1.4,25.0,61.0,2,3,2,1,1,,,,40.0,60.0,40.0,20.0,20.0
Q15614021,1,506.0,506.0,2.0,2.0,1.0,1.0,42.0,42.0,0,0,0,0,0,,,,0.0,0.0,0.0,0.0,0.0
Q15617994,35,158.0,383.57,1.0,1.91,0.0,1.14,13.0,18.34,17,23,22,11,5,administrative territorial entity type,administrative territorial entity type,тип административно-территориальной единицы,48.57,65.71,62.86,31.43,14.29
Q1562095,1,2600.0,2600.0,15.0,15.0,9.0,9.0,19.0,19.0,0,0,0,0,0,,,,0.0,0.0,0.0,0.0,0.0
Q15622363,35,155.0,162.43,1.0,1.09,0.0,0.31,9.0,9.71,5,25,34,5,2,sheep breed,sheep breed,порода овец,14.29,71.43,97.14,14.29,5.71
Q15622387,4,122.5,113.75,1.0,0.75,0.0,0.0,2.5,4.0,1,4,4,1,1,,,,25.0,100.0,100.0,25.0,25.0
Q15627509,5,148.0,424.8,1.0,3.6,2.0,2.0,8.0,24.6,0,1,4,0,0,,,,0.0,20.0,80.0,0.0,0.0
Q15630849,4545,274.0,274.72,0.0,0.0,0.0,0.0,5.0,5.01,4538,4543,1,1,1,,,,99.85,99.96,0.02,0.02,0.02
Q15630895,1,58.0,58.0,1.0,1.0,0.0,0.0,3.0,3.0,0,1,1,0,0,,,,0.0,100.0,100.0,0.0,0.0
Q15630934,1,539.0,539.0,2.0,2.0,0.0,0.0,34.0,34.0,0,1,0,0,0,,,,0.0,100.0,0.0,0.0,0.0
Q15632617,67,318.0,562.67,1.0,2.78,0.0,0.54,7.0,12.49,25,44,28,10,9,,,,37.31,65.67,41.79,14.93,13.43
Q15633582,4,190.0,203.75,3.0,3.25,0.0,0.0,10.5,10.0,1,4,3,1,1,,,,25.0,100.0,75.0,25.0,25.0
Q15634581,1,247.0,247.0,4.0,4.0,1.0,1.0,7.0,7.0,0,0,1,0,0,,,,0.0,0.0,100.0,0.0,0.0
Q15634695,2,1067.0,1067.0,1.5,1.5,0.0,0.0,40.0,40.0,1,2,0,0,0,,,,50.0,100.0,0.0,0.0,0.0
Q15634846,1,999.0,999.0,26.0,26.0,3.0,3.0,107.0,107.0,0,0,0,0,0,,,,0.0,0.0,0.0,0.0,0.0
Q156351,1,316.0,316.0,2.0,2.0,0.0,0.0,11.0,11.0,0,1,0,0,0,,,,0.0,100.0,0.0,0.0,0.0
Q15636229,1,41.0,41.0,1.0,1.0,0.0,0.0,0.0,0.0,0,1,1,0,0,,,,0.0,100.0,100.0,0.0,0.0
Q15636234,1,64.0,64.0,1.0,1.0,0.0,0.0,0.0,0.0,0,1,1,0,0,,,,0.0,100.0,100.0,0.0,0.0
Q15640053,2,458.0,458.0,3.5,3.5,1.5,1.5,10.0,10.0,0,1,0,0,0,,,,0.0,50.0,0.0,0.0,0.0
Q15642541,5,191.0,669.6,1.0,2.2,0.0,0.8,3.0,25.0,1,3,4,1,1,human-geographic territorial entity,human-geographic territorial entity,геополитическая область,20.0,60.0,80.0,20.0,20.0
Q156428,1,69.0,69.0,1.0,1.0,0.0,0.0,0.0,0.0,0,1,1,0,0,,,,0.0,100.0,100.0,0.0,0.0
Q1564373,1,180.0,180.0,0.0,0.0,1.0,1.0,2.0,2.0,1,0,1,1,0,,,,100.0,0.0,100.0,100.0,0.0
Q15646510,1,364.0,364.0,2.0,2.0,2.0,2.0,17.0,17.0,0,0,0,0,0,,,,0.0,0.0,0.0,0.0,0.0
Q15647906,3,294.0,381.67,0.0,1.0,1.0,1.33,9.0,10.33,2,0,0,0,0,,,,66.67,0.0,0.0,0.0,0.0
Q15648574,1,236.0,236.0,2.0,2.0,0.0,0.0,10.0,10.0,0,1,1,0,0,,,,0.0,100.0,100.0,0.0,0.0
Q15649504,1,143.0,143.0,0.0,0.0,1.0,1.0,9.0,9.0,1,0,1,1,0,,,,100.0,0.0,100.0,100.0,0.0
Q15649510,1,91.0,91.0,1.0,1.0,1.0,1.0,7.0,7.0,0,0,1,0,0,,,,0.0,0.0,100.0,0.0,0.0
Q1565388,3,260.0,266.0,0.0,0.0,0.0,0.0,16.0,13.67,3,3,0,0,0,,,,100.0,100.0,0.0,0.0,0.0
Q156595,1,590.0,590.0,0.0,0.0,0.0,0.0,17.0,17.0,1,1,0,0,0,,,,100.0,100.0,0.0,0.0,0.0
Q15661340,53,271.0,403.91,1.0,1.68,1.0,1.81,9.0,16.25,19,22,25,9,4,,,,35.85,41.51,47.17,16.98,7.55
Q1568346,1,587.0,587.0,0.0,0.0,0.0,0.0,0.0,0.0,1,1,0,0,0,,,,100.0,100.0,0.0,0.0,0.0
Q15688633,3,61.0,57.67,1.0,0.67,0.0,0.33,2.0,1.67,1,2,3,1,1,,,,33.33,66.67,100.0,33.33,33.33
Q1569167,22,369.5,737.82,0.5,2.77,0.0,0.59,8.5,13.73,11,13,4,2,1,,,,50.0,59.09,18.18,9.09,4.55
Q1569856,4,368.5,634.25,2.0,2.75,1.5,1.5,5.0,7.75,2,0,2,1,0,,,,50.0,0.0,50.0,25.0,0.0
Q1569997,3,245.0,260.0,1.0,1.0,0.0,0.33,6.0,10.0,0,2,2,0,0,,,,0.0,66.67,66.67,0.0,0.0
Q157031,5,330.0,653.8,1.0,5.0,0.0,0.8,12.0,13.4,2,3,2,1,0,foundation,Айырбас,фонд,40.0,60.0,40.0,20.0,0.0
Q1570358,1,123.0,123.0,1.0,1.0,2.0,2.0,16.0,16.0,0,0,1,0,0,,,,0.0,0.0,100.0,0.0,0.0
Q15706549,4,302.5,301.0,1.5,1.25,1.0,1.0,14.5,16.0,1,1,2,1,0,,,,25.0,25.0,50.0,25.0,0.0
Q15707521,1,578.0,578.0,0.0,0.0,0.0,0.0,38.0,38.0,1,1,0,0,0,,,,100.0,100.0,0.0,0.0,0.0
Q15707583,1,91.0,91.0,1.0,1.0,2.0,2.0,3.0,3.0,0,0,1,0,0,,,,0.0,0.0,100.0,0.0,0.0
Q15711797,2,858.0,858.0,7.0,7.0,8.0,8.0,37.0,37.0,0,1,0,0,0,finance ministry,finance ministry,министерство финансов,0.0,50.0,0.0,0.0,0.0
Q15711817,1,217.0,217.0,1.0,1.0,1.0,1.0,10.0,10.0,0,0,1,0,0,,,,0.0,0.0,100.0,0.0,0.0
Q15711870,34,333.0,517.38,1.0,2.53,0.0,0.44,10.0,12.59,13,25,8,4,3,,,,38.24,73.53,23.53,11.76,8.82
Q15711994,12,87.5,267.83,1.0,1.83,0.5,1.83,5.0,7.17,3,6,8,3,2,,,,25.0,50.0,66.67,25.0,16.67
Q1571801,1,1895.0,1895.0,6.0,6.0,3.0,3.0,55.0,55.0,0,0,0,0,0,,,,0.0,0.0,0.0,0.0,0.0
Q15720476,10,209.0,415.7,0.0,0.1,0.0,0.3,3.0,8.5,9,7,5,4,3,volleyball team,volleyball team,волейбольная команда,90.0,70.0,50.0,40.0,30.0
Q15720567,3,182.0,293.0,0.0,2.33,1.0,0.67,8.0,6.67,2,1,2,2,0,,,,66.67,33.33,66.67,66.67,0.0
Q1572070,4,278.0,280.5,1.0,1.25,0.5,1.0,7.0,5.5,1,2,2,0,0,youth organization,Балалар ұйымдары,молодёжная организация,25.0,50.0,50.0,0.0,0.0
Q15720873,1,71.0,71.0,1.0,1.0,1.0,1.0,4.0,4.0,0,0,1,0,0,,,,0.0,0.0,100.0,0.0,0.0
Q1572106,1,146.0,146.0,0.0,0.0,1.0,1.0,5.0,5.0,1,0,1,1,0,,,,100.0,0.0,100.0,100.0,0.0
Q15725976,1,243.0,243.0,0.0,0.0,2.0,2.0,12.0,12.0,1,0,1,1,0,,,,100.0,0.0,100.0,100.0,0.0
Q15727816,4,328.5,376.0,0.5,1.75,0.5,3.0,14.0,13.25,2,2,1,1,1,,,,50.0,50.0,25.0,25.0,25.0
Q1572791,1,320.0,320.0,6.0,6.0,0.0,0.0,7.0,7.0,0,1,0,0,0,buran,Боран,буран,0.0,100.0,0.0,0.0,0.0
Q15728054,1,393.0,393.0,0.0,0.0,1.0,1.0,15.0,15.0,1,0,0,0,0,,,,100.0,0.0,0.0,0.0,0.0
Q15729598,11,74.0,162.09,1.0,1.45,1.0,1.18,3.0,3.82,1,3,9,0,0,,,,9.09,27.27,81.82,0.0,0.0
Q1572982,1,534.0,534.0,4.0,4.0,0.0,0.0,16.0,16.0,0,1,0,0,0,,,,0.0,100.0,0.0,0.0,0.0
Q15731356,1,377.0,377.0,1.0,1.0,3.0,3.0,26.0,26.0,0,0,0,0,0,,,,0.0,0.0,0.0,0.0,0.0
Q15733039,6,419.0,459.0,0.0,0.5,0.0,0.33,21.0,24.17,4,4,2,2,2,,,,66.67,66.67,33.33,33.33,33.33
Q15733622,1,176.0,176.0,0.0,0.0,2.0,2.0,26.0,26.0,1,0,1,1,0,,,,100.0,0.0,100.0,100.0,0.0
Q1573906,1,124.0,124.0,1.0,1.0,0.0,0.0,5.0,5.0,0,1,1,0,0,,,,0.0,100.0,100.0,0.0,0.0
Q1574516,1,121.0,121.0,0.0,0.0,0.0,0.0,2.0,2.0,1,1,1,1,1,,,,100.0,100.0,100.0,100.0,100.0
Q15773317,39,338.0,663.21,1.0,3.23,0.0,0.46,10.0,14.26,15,27,10,5,4,,,,38.46,69.23,25.64,12.82,10.26
Q15773347,56,323.0,446.05,0.5,1.93,0.0,0.43,8.0,14.86,28,38,22,12,8,,,,50.0,67.86,39.29,21.43,14.29
Q157811,13,164.0,277.92,1.0,2.23,0.0,0.15,7.0,8.46,4,11,9,4,4,,,,30.77,84.62,69.23,30.77,30.77
Q15788,4,622.0,2152.75,4.5,5.0,30.0,57.0,16.0,43.75,1,1,1,1,0,,,,25.0,25.0,25.0,25.0,0.0
Q15788410,1,440.0,440.0,6.0,6.0,1.0,1.0,8.0,8.0,0,0,0,0,0,,,,0.0,0.0,0.0,0.0,0.0
Q157957,1,95.0,95.0,1.0,1.0,0.0,0.0,3.0,3.0,0,1,1,0,0,,,,0.0,100.0,100.0,0.0,0.0
Q15809678,8,182.5,376.38,1.0,8.75,0.0,0.25,3.5,9.25,3,7,5,2,2,,,,37.5,87.5,62.5,25.0,25.0
Q15811108,1,916.0,916.0,17.0,17.0,3.0,3.0,49.0,49.0,0,0,0,0,0,,,,0.0,0.0,0.0,0.0,0.0
Q158218,3,536.0,438.0,4.0,3.33,2.0,1.67,3.0,5.0,0,0,1,0,0,,,,0.0,0.0,33.33,0.0,0.0
Q15831325,2,619.0,619.0,2.0,2.0,0.0,0.0,39.0,39.0,0,2,1,0,0,,,,0.0,100.0,50.0,0.0,0.0
Q15831576,5,242.0,306.8,1.0,1.6,1.0,1.4,11.0,11.6,0,1,3,0,0,,,,0.0,20.0,60.0,0.0,0.0
Q15831577,4,232.5,248.0,0.5,1.0,1.0,0.75,10.0,11.0,2,1,2,1,1,,,,50.0,25.0,50.0,25.0,25.0
Q15831596,3,63.0,117.67,1.0,1.67,0.0,0.33,5.0,5.33,0,2,3,0,0,,,,0.0,66.67,100.0,0.0,0.0
Q15835,1,226.0,226.0,0.0,0.0,9.0,9.0,7.0,7.0,1,0,1,1,0,,,,100.0,0.0,100.0,100.0,0.0
Q15836568,8,168.0,378.62,0.0,1.12,0.0,0.12,2.5,13.62,5,7,5,4,4,,,,62.5,87.5,62.5,50.0,50.0
Q15839299,3,276.0,225.67,1.0,1.0,0.0,0.33,7.0,5.33,1,2,1,0,0,,,,33.33,66.67,33.33,0.0,0.0
Q15840617,6,547.5,1380.5,4.0,10.5,0.5,1.33,19.5,36.67,0,3,0,0,0,,,,0.0,50.0,0.0,0.0,0.0
Q1584378,1,36.0,36.0,1.0,1.0,1.0,1.0,6.0,6.0,0,0,1,0,0,,,,0.0,0.0,100.0,0.0,0.0
Q158438,5,140.0,209.8,2.0,2.8,1.0,0.6,7.0,8.4,0,2,3,0,0,arch bridge,arch bridge,арочный мост,0.0,40.0,60.0,0.0,0.0
Q158454,11,417.0,489.0,1.0,2.18,0.0,0.64,10.0,15.09,4,7,3,2,1,biosphere reserve,Адам және биосфера,биосферный заповедник ЮНЕСКО,36.36,63.64,27.27,18.18,9.09
Q15849571,1,57.0,57.0,0.0,0.0,1.0,1.0,1.0,1.0,1,0,1,1,0,,,,100.0,0.0,100.0,100.0,0.0
Q15850083,1,63.0,63.0,0.0,0.0,0.0,0.0,0.0,0.0,1,1,1,1,1,,,,100.0,100.0,100.0,100.0,100.0
Q158555,4,198.5,372.25,1.0,3.5,1.0,0.75,11.0,12.5,0,1,3,0,0,,,,0.0,25.0,75.0,0.0,0.0
Q1585560,3,296.0,295.67,1.0,0.67,0.0,0.33,8.0,7.33,1,2,0,0,0,,,,33.33,66.67,0.0,0.0,0.0
Q158666,1,169.0,169.0,2.0,2.0,2.0,2.0,11.0,11.0,0,0,1,0,0,,,,0.0,0.0,100.0,0.0,0.0
Q1587799,1,694.0,694.0,1.0,1.0,0.0,0.0,73.0,73.0,0,1,0,0,0,,,,0.0,100.0,0.0,0.0,0.0
Q1587812,1,694.0,694.0,1.0,1.0,0.0,0.0,73.0,73.0,0,1,0,0,0,,,,0.0,100.0,0.0,0.0,0.0
Q1589009,10,562.5,622.2,7.0,6.9,0.5,1.0,13.0,19.1,3,5,2,0,0,privately held company,Жеке компания,частная компания,30.0,50.0,20.0,0.0,0.0
Q15893266,16,232.0,257.31,0.0,0.62,0.0,1.12,5.5,11.0,10,9,13,9,7,,,,62.5,56.25,81.25,56.25,43.75
Q1589480,1,168.0,168.0,1.0,1.0,1.0,1.0,7.0,7.0,0,0,1,0,0,,,,0.0,0.0,100.0,0.0,0.0
Q1589492,4,206.0,575.5,1.5,4.25,1.5,7.0,33.0,71.75,0,0,2,0,0,,,,0.0,0.0,50.0,0.0,0.0
Q1589528,2,369.5,369.5,0.5,0.5,0.5,0.5,40.0,40.0,1,1,1,1,0,,,,50.0,50.0,50.0,50.0,0.0
Q158970,1,75.0,75.0,1.0,1.0,0.0,0.0,3.0,3.0,0,1,1,0,0,,,,0.0,100.0,100.0,0.0,0.0
Q15897752,1,193.0,193.0,1.0,1.0,1.0,1.0,23.0,23.0,0,0,1,0,0,,,,0.0,0.0,100.0,0.0,0.0
Q15899789,4,304.0,364.25,1.0,1.0,1.5,1.25,4.5,9.25,0,1,2,0,0,,,,0.0,25.0,50.0,0.0,0.0
Q15900616,1,107.0,107.0,1.0,1.0,1.0,1.0,8.0,8.0,0,0,1,0,0,,,,0.0,0.0,100.0,0.0,0.0
Q15900647,1,1753.0,1753.0,49.0,49.0,4.0,4.0,50.0,50.0,0,0,0,0,0,,,,0.0,0.0,0.0,0.0,0.0
Q15904441,2,296.0,296.0,1.0,1.0,0.5,0.5,48.5,48.5,0,1,1,0,0,,,,0.0,50.0,50.0,0.0,0.0
Q15910354,5,195.0,675.0,2.0,8.6,0.0,1.0,6.0,15.6,0,3,3,0,0,,,,0.0,60.0,60.0,0.0,0.0
Q15911314,4,199.0,447.5,2.0,5.25,0.0,0.75,13.5,14.0,0,3,3,0,0,association,association,ассоциация,0.0,75.0,75.0,0.0,0.0
Q15911738,9,257.0,439.44,1.0,2.11,1.0,1.11,5.0,7.67,3,3,4,2,0,hydroelectric power station,су электр станциясы,гидроэлектростанция,33.33,33.33,44.44,22.22,0.0
Q15924535,1,580.0,580.0,7.0,7.0,0.0,0.0,15.0,15.0,0,1,0,0,0,,,,0.0,100.0,0.0,0.0,0.0
Q15925165,13,290.0,440.08,1.0,1.15,1.0,0.85,15.0,36.31,3,6,5,0,0,,,,23.08,46.15,38.46,0.0,0.0
Q15925549,1,465.0,465.0,0.0,0.0,0.0,0.0,67.0,67.0,1,1,0,0,0,,,,100.0,100.0,0.0,0.0,0.0
Q159313,1,274.0,274.0,1.0,1.0,0.0,0.0,9.0,9.0,0,1,0,0,0,urban agglomeration,urban agglomeration,городская агломерация,0.0,100.0,0.0,0.0,0.0
Q15931954,1,98.0,98.0,0.0,0.0,0.0,0.0,4.0,4.0,1,1,1,1,1,,,,100.0,100.0,100.0,100.0,100.0
Q159334,1,547.0,547.0,1.0,1.0,1.0,1.0,20.0,20.0,0,0,0,0,0,,,,0.0,0.0,0.0,0.0,0.0
Q15936437,25,280.0,943.56,1.0,8.96,1.0,1.96,9.0,43.8,11,10,8,6,5,,,,44.0,40.0,32.0,24.0,20.0
Q15944511,35,203.0,224.6,0.0,0.77,0.0,0.0,5.0,7.26,19,35,25,15,15,,,,54.29,100.0,71.43,42.86,42.86
Q1595289,2,232.0,232.0,0.5,0.5,1.0,1.0,3.0,3.0,1,0,2,1,0,,,,50.0,0.0,100.0,50.0,0.0
Q159535,2,285.0,285.0,1.0,1.0,0.5,0.5,7.5,7.5,0,1,1,0,0,,,,0.0,50.0,50.0,0.0,0.0
Q1595408,33,305.0,304.09,1.0,0.79,0.0,0.24,8.0,7.12,7,25,0,0,0,,,,21.21,75.76,0.0,0.0,0.0
Q1595418,2,235.0,235.0,2.0,2.0,0.5,0.5,33.5,33.5,0,1,1,0,0,,,,0.0,50.0,50.0,0.0,0.0
Q15955568,1,345.0,345.0,4.0,4.0,0.0,0.0,13.0,13.0,0,1,0,0,0,,,,0.0,100.0,0.0,0.0,0.0
Q1595639,2,431.0,431.0,2.0,2.0,0.0,0.0,15.0,15.0,0,2,1,0,0,,,,0.0,100.0,50.0,0.0,0.0
Q15961983,2,154.0,154.0,1.0,1.0,0.0,0.0,15.0,15.0,0,2,2,0,0,,,,0.0,100.0,100.0,0.0,0.0
Q15961987,5,157.0,211.6,1.0,0.8,0.0,0.2,12.0,12.2,1,4,4,0,0,,,,20.0,80.0,80.0,0.0,0.0
Q159675,1,56.0,56.0,1.0,1.0,1.0,1.0,3.0,3.0,0,0,1,0,0,,,,0.0,0.0,100.0,0.0,0.0
Q1597273,1,199.0,199.0,0.0,0.0,0.0,0.0,24.0,24.0,1,1,1,1,1,,,,100.0,100.0,100.0,100.0,100.0
Q15974307,15,309.0,382.4,0.0,1.0,0.0,0.67,8.0,7.4,9,10,0,0,0,,,,60.0,66.67,0.0,0.0,0.0
Q15974311,1,290.0,290.0,1.0,1.0,1.0,1.0,6.0,6.0,0,0,0,0,0,,,,0.0,0.0,0.0,0.0,0.0
Q15976022,3,57.0,109.33,1.0,1.0,0.0,0.0,3.0,10.33,1,3,3,1,1,,,,33.33,100.0,100.0,33.33,33.33
Q15978299,10,352.0,602.3,1.0,5.4,1.0,1.9,7.5,17.5,3,2,1,0,0,,,,30.0,20.0,10.0,0.0,0.0
Q159810,1,141.0,141.0,3.0,3.0,0.0,0.0,8.0,8.0,0,1,1,0,0,,,,0.0,100.0,100.0,0.0,0.0
Q15986354,2,205.5,205.5,0.5,0.5,0.0,0.0,10.0,10.0,1,2,2,1,1,basketball association,basketball association,баскетбольная федерация,50.0,100.0,100.0,50.0,50.0
Q15987302,5,167.0,173.2,1.0,0.8,1.0,0.8,5.0,7.8,2,2,3,2,2,,,,40.0,40.0,60.0,40.0,40.0
Q15989663,2,817.0,817.0,3.0,3.0,0.5,0.5,24.5,24.5,0,1,0,0,0,,,,0.0,50.0,0.0,0.0,0.0
Q15990884,1,756.0,756.0,5.0,5.0,1.0,1.0,26.0,26.0,0,0,0,0,0,,,,0.0,0.0,0.0,0.0,0.0
Q15991203,3,177.0,177.33,1.0,1.0,1.0,0.67,5.0,8.67,1,1,2,1,1,,,,33.33,33.33,66.67,33.33,33.33
Q15991290,14,836.5,1200.86,0.0,4.86,0.0,0.86,18.5,88.79,10,8,4,4,3,,,,71.43,57.14,28.57,28.57,21.43
Q15991303,67,512.0,668.78,0.0,0.39,0.0,0.42,16.0,41.87,57,46,9,6,5,association football league,association football league,футбольная лига,85.07,68.66,13.43,8.96,7.46
Q159954,6,190.0,680.67,1.0,3.17,1.0,1.33,2.0,13.33,1,1,4,1,0,,,,16.67,16.67,66.67,16.67,0.0
Q16000047,1,105.0,105.0,1.0,1.0,0.0,0.0,4.0,4.0,0,1,1,0,0,,,,0.0,100.0,100.0,0.0,0.0
Q160091,30,210.5,330.37,1.0,1.47,0.0,0.7,13.5,23.13,6,16,18,4,1,plain,Жазық,равнина,20.0,53.33,60.0,13.33,3.33
Q1601114,2,2904.0,2904.0,128.0,128.0,0.5,0.5,32.5,32.5,0,1,1,0,0,,,,0.0,50.0,50.0,0.0,0.0
Q1601458,6,143.0,270.5,1.0,1.17,0.0,0.33,8.5,7.67,2,4,5,2,2,combined heat and power station,Жылу Электр Орталығы,теплоэлектроцентраль,33.33,66.67,83.33,33.33,33.33
Q160151,1,52.0,52.0,1.0,1.0,0.0,0.0,3.0,3.0,0,1,1,0,0,,,,0.0,100.0,100.0,0.0,0.0
Q16017119,3,181.0,215.0,0.0,0.67,0.0,0.33,9.0,10.0,2,2,2,2,1,,,,66.67,66.67,66.67,66.67,33.33
Q160232,1,132.0,132.0,2.0,2.0,1.0,1.0,7.0,7.0,0,0,1,0,0,,,,0.0,0.0,100.0,0.0,0.0
Q16024164,11,83.0,81.27,1.0,0.91,0.0,0.0,10.0,8.91,1,11,11,1,1,,,,9.09,100.0,100.0,9.09,9.09
Q16029430,1,2104.0,2104.0,18.0,18.0,5.0,5.0,26.0,26.0,0,0,0,0,0,,,,0.0,0.0,0.0,0.0,0.0
Q16077796,2,341.0,341.0,0.5,0.5,0.0,0.0,20.5,20.5,1,2,1,1,1,,,,50.0,100.0,50.0,50.0,50.0
Q160845,1,373.0,373.0,3.0,3.0,0.0,0.0,11.0,11.0,0,1,0,0,0,,,,0.0,100.0,0.0,0.0,0.0
Q16085106,1,247.0,247.0,0.0,0.0,0.0,0.0,8.0,8.0,1,1,1,1,1,,,,100.0,100.0,100.0,100.0,100.0
Q161,4,407.0,538.75,1.5,3.25,1.0,1.0,13.5,13.5,0,1,1,0,0,,,,0.0,25.0,25.0,0.0,0.0
Q16102139,1,238.0,238.0,3.0,3.0,0.0,0.0,6.0,6.0,0,1,1,0,0,,,,0.0,100.0,100.0,0.0,0.0
Q16103215,8,96.5,256.62,1.0,1.75,0.5,0.62,8.5,7.88,0,4,7,0,0,,,,0.0,50.0,87.5,0.0,0.0
Q16110,15,581.0,646.67,0.0,0.4,1.0,1.6,35.0,45.73,12,0,0,0,0,,,,80.0,0.0,0.0,0.0,0.0
Q161179,1,103.0,103.0,1.0,1.0,0.0,0.0,6.0,6.0,0,1,1,0,0,,,,0.0,100.0,100.0,0.0,0.0
Q161243,12,475.0,562.5,1.0,2.42,1.0,4.5,20.0,24.5,4,5,3,1,0,,,,33.33,41.67,25.0,8.33,0.0
Q16124843,6,106.0,140.0,1.0,0.83,0.0,0.0,6.5,6.83,1,6,5,0,0,,,,16.67,100.0,83.33,0.0,0.0
Q161273,1,143.0,143.0,1.0,1.0,0.0,0.0,9.0,9.0,0,1,1,0,0,,,,0.0,100.0,100.0,0.0,0.0
Q16127605,7,817.0,1331.14,3.0,15.86,1.0,5.29,14.0,45.14,2,1,2,2,1,,,,28.57,14.29,28.57,28.57,14.29
Q16138154,1,1787.0,1787.0,18.0,18.0,3.0,3.0,77.0,77.0,0,0,0,0,0,,,,0.0,0.0,0.0,0.0,0.0
Q161387,1,333.0,333.0,0.0,0.0,0.0,0.0,1.0,1.0,1,1,0,0,0,,,,100.0,100.0,0.0,0.0,0.0
Q161462,1,78.0,78.0,1.0,1.0,0.0,0.0,0.0,0.0,0,1,1,0,0,,,,0.0,100.0,100.0,0.0,0.0
Q16149213,1,381.0,381.0,6.0,6.0,4.0,4.0,13.0,13.0,0,0,0,0,0,,,,0.0,0.0,0.0,0.0,0.0
Q1615742,8,316.0,428.62,0.5,0.75,2.0,1.88,23.0,32.62,4,0,4,1,0,,,,50.0,0.0,50.0,12.5,0.0
Q1616075,48,403.5,555.33,2.0,3.42,0.0,0.85,13.0,22.0,11,36,15,3,2,television station,television station,телецентр,22.92,75.0,31.25,6.25,4.17
Q161726,15,300.0,936.93,2.0,15.13,0.0,0.8,15.0,42.73,4,9,5,2,0,,,,26.67,60.0,33.33,13.33,0.0
Q16173659,1,672.0,672.0,0.0,0.0,1.0,1.0,13.0,13.0,1,0,0,0,0,,,,100.0,0.0,0.0,0.0,0.0
Q1617500,1,248.0,248.0,1.0,1.0,1.0,1.0,5.0,5.0,0,0,1,0,0,,,,0.0,0.0,100.0,0.0,0.0
Q16181672,1,274.0,274.0,1.0,1.0,0.0,0.0,9.0,9.0,0,1,0,0,0,,,,0.0,100.0,0.0,0.0,0.0
Q1618549,6,159.5,226.33,1.0,1.17,0.0,0.5,5.5,15.67,1,4,5,1,1,,,,16.67,66.67,83.33,16.67,16.67
Q1618899,3,305.0,368.67,0.0,0.33,1.0,0.67,23.0,20.67,2,1,1,1,0,,,,66.67,33.33,33.33,33.33,0.0
Q161973,1,175.0,175.0,0.0,0.0,1.0,1.0,3.0,3.0,1,0,1,1,0,,,,100.0,0.0,100.0,100.0,0.0
Q1620186,12,102.5,163.58,1.0,1.0,1.0,0.75,4.5,9.83,0,3,9,0,0,,,,0.0,25.0,75.0,0.0,0.0
Q1620571,1,414.0,414.0,8.0,8.0,1.0,1.0,11.0,11.0,0,0,0,0,0,,,,0.0,0.0,0.0,0.0,0.0
Q1620908,75,253.0,581.8,1.0,2.0,1.0,1.72,17.0,29.49,31,21,36,16,7,historical region,тарихи аймақ,историческая область,41.33,28.0,48.0,21.33,9.33
Q162157,1,451.0,451.0,0.0,0.0,4.0,4.0,48.0,48.0,1,0,0,0,0,,,,100.0,0.0,0.0,0.0,0.0
Q1622288,1,423.0,423.0,1.0,1.0,1.0,1.0,4.0,4.0,0,0,0,0,0,,,,0.0,0.0,0.0,0.0,0.0
Q1622925,1,98.0,98.0,2.0,2.0,0.0,0.0,16.0,16.0,0,1,1,0,0,,,,0.0,100.0,100.0,0.0,0.0
Q162297,1,76.0,76.0,0.0,0.0,0.0,0.0,0.0,0.0,1,1,1,1,1,,,,100.0,100.0,100.0,100.0,100.0
Q1624034,1,357.0,357.0,8.0,8.0,0.0,0.0,21.0,21.0,0,1,0,0,0,,,,0.0,100.0,0.0,0.0,0.0
Q162620,43,311.0,313.3,0.0,0.0,0.0,0.35,9.0,12.79,43,33,0,0,0,,,,100.0,76.74,0.0,0.0,0.0
Q162633,4,273.5,276.5,1.0,1.0,0.0,0.25,11.5,12.0,1,3,2,0,0,academy,Академия,академия,25.0,75.0,50.0,0.0,0.0
Q162875,79,508.0,602.65,1.0,2.3,0.0,0.65,10.0,13.33,9,54,20,3,2,mausoleum,кесене,мавзолей,11.39,68.35,25.32,3.8,2.53
Q1631129,1,587.0,587.0,3.0,3.0,3.0,3.0,37.0,37.0,0,0,0,0,0,,,,0.0,0.0,0.0,0.0,0.0
Q16317911,13,151.0,224.85,0.0,0.38,1.0,0.54,8.0,23.46,9,6,8,7,1,,,,69.23,46.15,61.54,53.85,7.69
Q16323605,9,190.0,300.0,0.0,2.11,1.0,0.56,9.0,10.33,7,4,7,6,4,,,,77.78,44.44,77.78,66.67,44.44
Q16326794,1,266.0,266.0,0.0,0.0,1.0,1.0,3.0,3.0,1,0,0,0,0,,,,100.0,0.0,0.0,0.0,0.0
Q163301,2,314.0,314.0,1.0,1.0,0.0,0.0,6.0,6.0,0,2,0,0,0,,,,0.0,100.0,0.0,0.0,0.0
Q16332653,5,119.0,152.6,1.0,1.4,1.0,0.6,11.0,10.4,1,2,5,1,1,,,,20.0,40.0,100.0,20.0,20.0
Q16334295,35,228.0,459.26,1.0,4.63,1.0,1.51,15.0,28.4,9,15,18,4,4,group of humans,адамдар тобы,группа людей,25.71,42.86,51.43,11.43,11.43
Q16334298,1,555.0,555.0,1.0,1.0,0.0,0.0,11.0,11.0,0,1,0,0,0,,,,0.0,100.0,0.0,0.0,0.0
Q16335296,19,100.0,153.95,1.0,1.16,0.0,0.42,7.0,9.74,3,12,16,1,1,,,,15.79,63.16,84.21,5.26,5.26
Q16335899,16,100.5,249.62,1.0,1.31,1.0,0.81,7.5,10.0,1,7,14,1,0,,,,6.25,43.75,87.5,6.25,0.0
Q163359,1,747.0,747.0,4.0,4.0,0.0,0.0,42.0,42.0,0,1,0,0,0,,,,0.0,100.0,0.0,0.0,0.0
Q1634158,2,73.0,73.0,1.0,1.0,2.0,2.0,1.0,1.0,0,0,2,0,0,,,,0.0,0.0,100.0,0.0,0.0
Q16361793,2,573.0,573.0,5.0,5.0,0.0,0.0,3.5,3.5,0,2,0,0,0,,,,0.0,100.0,0.0,0.0,0.0
Q16362394,1,37.0,37.0,0.0,0.0,0.0,0.0,1.0,1.0,1,1,1,1,1,,,,100.0,100.0,100.0,100.0,100.0
Q163698,1,85.0,85.0,1.0,1.0,0.0,0.0,4.0,4.0,0,1,1,0,0,,,,0.0,100.0,100.0,0.0,0.0
Q163725,1,3365.0,3365.0,35.0,35.0,35.0,35.0,5.0,5.0,0,0,0,0,0,,,,0.0,0.0,0.0,0.0,0.0
Q163740,96,276.5,492.24,1.0,2.29,0.0,0.88,10.0,18.86,34,57,47,13,8,nonprofit organization,коммерциялық емес ұйым,некоммерческая организация,35.42,59.38,48.96,13.54,8.33
Q1637706,3,509.0,519.67,1.0,6.67,0.0,0.0,29.0,37.33,0,3,0,0,0,,,,0.0,100.0,0.0,0.0,0.0
Q1639168,3,146.0,141.0,1.0,1.33,0.0,0.33,8.0,9.0,0,2,3,0,0,climate zone,climate zone,климатическая зона,0.0,66.67,100.0,0.0,0.0
Q1639378,4,361.5,330.25,1.0,1.75,0.5,0.5,20.0,21.0,0,2,1,0,0,,,,0.0,50.0,25.0,0.0,0.0
Q163967,1,3331.0,3331.0,0.0,0.0,2.0,2.0,119.0,119.0,1,0,0,0,0,peneplain,Пенеплен,пенеплен,100.0,0.0,0.0,0.0,0.0
Q1639780,8,1184.0,1216.88,5.0,4.38,0.0,1.38,20.5,25.38,1,7,0,0,0,regulatory agency,regulatory agency,регулирующий орган,12.5,87.5,0.0,0.0,0.0
Q1640824,6,186.0,463.5,0.5,0.83,0.0,0.33,9.5,9.0,3,4,4,3,3,,,,50.0,66.67,66.67,50.0,50.0
Q164099,2,313.0,313.0,1.5,1.5,1.0,1.0,15.5,15.5,0,1,1,0,0,hoard,hoard,hoard,0.0,50.0,50.0,0.0,0.0
Q1641112,7,385.0,387.14,1.0,1.57,0.0,0.43,9.0,11.57,0,4,3,0,0,,,,0.0,57.14,42.86,0.0,0.0
Q164142,3,231.0,182.0,0.0,0.67,0.0,0.0,27.0,24.33,2,3,3,2,2,,,,66.67,100.0,100.0,66.67,66.67
Q1641420,1,78.0,78.0,1.0,1.0,0.0,0.0,0.0,0.0,0,1,1,0,0,,,,0.0,100.0,100.0,0.0,0.0
Q164307,2,104.5,104.5,1.0,1.0,1.0,1.0,8.0,8.0,0,0,2,0,0,,,,0.0,0.0,100.0,0.0,0.0
Q16433109,1,1475.0,1475.0,0.0,0.0,0.0,0.0,12.0,12.0,1,1,0,0,0,,,,100.0,100.0,0.0,0.0,0.0
Q16434634,3,253.0,251.33,1.0,1.0,0.0,0.33,9.0,10.33,0,2,1,0,0,,,,0.0,66.67,33.33,0.0,0.0
Q1643989,1,394.0,394.0,1.0,1.0,1.0,1.0,3.0,3.0,0,0,0,0,0,,,,0.0,0.0,0.0,0.0,0.0
Q1644573,2,6385.0,6385.0,2.0,2.0,1.5,1.5,135.5,135.5,0,0,0,0,0,,,,0.0,0.0,0.0,0.0,0.0
Q16463,1,173.0,173.0,0.0,0.0,1.0,1.0,1.0,1.0,1,0,1,1,0,lyceum,Лицей,лицей,100.0,0.0,100.0,100.0,0.0
Q16465938,3,316.0,314.33,3.0,3.0,0.0,0.0,9.0,10.33,0,3,0,0,0,seasonal river,seasonal river,пересыхающая река,0.0,100.0,0.0,0.0,0.0
Q16482168,2,162.0,162.0,2.5,2.5,1.0,1.0,4.0,4.0,0,0,2,0,0,,,,0.0,0.0,100.0,0.0,0.0
Q1649443,4,574.5,671.75,6.0,15.0,0.5,0.5,40.0,35.25,1,2,1,1,0,,,,25.0,50.0,25.0,25.0,0.0
Q164950,46,277.0,473.22,1.0,1.43,1.0,1.09,28.5,43.11,20,21,19,7,3,,,,43.48,45.65,41.3,15.22,6.52
Q165,36,187.5,338.14,0.0,0.56,0.0,0.89,11.5,20.92,24,24,27,21,17,sea,теңіз,море,66.67,66.67,75.0,58.33,47.22
Q1650922,1,291.0,291.0,0.0,0.0,0.0,0.0,6.0,6.0,1,1,0,0,0,,,,100.0,100.0,0.0,0.0,0.0
Q16510064,9,491.0,607.78,1.0,2.0,0.0,0.11,45.0,41.0,2,8,3,1,1,sporting event,sporting event,спортивное мероприятие,22.22,88.89,33.33,11.11,11.11
Q165116,1,1204.0,1204.0,9.0,9.0,1.0,1.0,64.0,64.0,0,0,0,0,0,,,,0.0,0.0,0.0,0.0,0.0
Q16513881,2,574.0,574.0,2.0,2.0,2.5,2.5,31.5,31.5,0,0,0,0,0,,,,0.0,0.0,0.0,0.0,0.0
Q165194,7,349.0,373.86,1.0,1.0,0.0,0.14,14.0,14.57,3,6,2,1,1,,,,42.86,85.71,28.57,14.29,14.29
Q16519632,8,281.5,373.25,1.0,1.0,0.0,0.38,14.0,18.38,2,6,3,1,1,scientific organization,scientific organization,научная организация,25.0,75.0,37.5,12.5,12.5
Q16521,3934,209.0,267.84,1.0,1.44,0.0,0.47,14.0,16.74,843,2642,2564,605,445,,,,21.43,67.16,65.18,15.38,11.31
Q16521098,1,103.0,103.0,1.0,1.0,0.0,0.0,5.0,5.0,0,1,1,0,0,,,,0.0,100.0,100.0,0.0,0.0
Q16532593,2,835.0,835.0,0.0,0.0,1.5,1.5,80.5,80.5,2,0,0,0,0,,,,100.0,0.0,0.0,0.0,0.0
Q16532929,1,93.0,93.0,2.0,2.0,0.0,0.0,12.0,12.0,0,1,1,0,0,,,,0.0,100.0,100.0,0.0,0.0
Q16537358,1,181.0,181.0,1.0,1.0,1.0,1.0,6.0,6.0,0,0,1,0,0,,,,0.0,0.0,100.0,0.0,0.0
Q16553805,2,280.0,280.0,1.0,1.0,1.5,1.5,20.0,20.0,1,0,1,0,0,,,,50.0,0.0,50.0,0.0,0.0
Q16560,18,366.0,658.33,0.0,1.89,1.0,2.06,9.5,16.33,11,4,8,6,2,,,,61.11,22.22,44.44,33.33,11.11
Q1656682,10,401.5,539.5,1.0,3.9,0.0,0.8,19.0,25.4,4,6,3,1,1,planned event,planned event,мероприятие,40.0,60.0,30.0,10.0,10.0
Q16567729,1,159.0,159.0,1.0,1.0,0.0,0.0,5.0,5.0,0,1,1,0,0,,,,0.0,100.0,100.0,0.0,0.0
Q165740,1,1865.0,1865.0,0.0,0.0,0.0,0.0,6.0,6.0,1,1,0,0,0,,,,100.0,100.0,0.0,0.0,0.0
Q165970,1,404.0,404.0,5.0,5.0,1.0,1.0,1.0,1.0,0,0,0,0,0,,,,0.0,0.0,0.0,0.0,0.0
Q1659844,1,97.0,97.0,1.0,1.0,0.0,0.0,2.0,2.0,0,1,1,0,0,information ministry,information ministry,министерство информации,0.0,100.0,100.0,0.0,0.0
Q166005,1,126.0,126.0,1.0,1.0,0.0,0.0,0.0,0.0,0,1,1,0,0,,,,0.0,100.0,100.0,0.0,0.0
Q1660104,1,125.0,125.0,0.0,0.0,1.0,1.0,11.0,11.0,1,0,1,1,0,,,,100.0,0.0,100.0,100.0,0.0
Q16604158,4,48.0,49.75,1.0,0.75,0.0,0.0,1.5,1.5,1,4,4,1,1,,,,25.0,100.0,100.0,25.0,25.0
Q1661,1,439.0,439.0,1.0,1.0,0.0,0.0,27.0,27.0,0,1,0,0,0,,,,0.0,100.0,0.0,0.0,0.0
Q166118,29,271.0,589.45,1.0,2.14,0.0,0.66,14.0,22.21,8,18,13,7,5,archives,Мұрағат,архив,27.59,62.07,44.83,24.14,17.24
Q166142,13,785.0,1259.0,2.0,8.23,0.0,6.23,22.0,25.23,2,8,3,1,0,,,,15.38,61.54,23.08,7.69,0.0
Q1662048,1,40.0,40.0,1.0,1.0,1.0,1.0,3.0,3.0,0,0,1,0,0,,,,0.0,0.0,100.0,0.0,0.0
Q1662118,3,291.0,849.33,0.0,1.33,0.0,1.0,7.0,11.33,2,2,0,0,0,,,,66.67,66.67,0.0,0.0,0.0
Q166231,1,67.0,67.0,1.0,1.0,1.0,1.0,7.0,7.0,0,0,1,0,0,,,,0.0,0.0,100.0,0.0,0.0
Q1662340,1,1158.0,1158.0,0.0,0.0,1.0,1.0,0.0,0.0,1,0,0,0,0,,,,100.0,0.0,0.0,0.0,0.0
Q16627165,1,138.0,138.0,1.0,1.0,1.0,1.0,8.0,8.0,0,0,1,0,0,,,,0.0,0.0,100.0,0.0,0.0
Q16631188,8,107.0,217.38,1.0,1.5,0.0,0.5,9.0,19.0,3,7,5,2,2,,,,37.5,87.5,62.5,25.0,25.0
Q16632355,4,712.0,1122.0,1.0,1.0,0.5,0.75,41.5,47.25,1,2,1,1,1,futsal club,futsal club,футзальный клуб,25.0,50.0,25.0,25.0,25.0
Q16644522,1,69.0,69.0,1.0,1.0,0.0,0.0,4.0,4.0,0,1,1,0,0,,,,0.0,100.0,100.0,0.0,0.0
Q1664473,1,185.0,185.0,0.0,0.0,0.0,0.0,11.0,11.0,1,1,1,1,1,,,,100.0,100.0,100.0,100.0,100.0
Q1664720,7,358.0,3340.0,2.0,1.71,0.0,0.0,9.0,34.0,3,7,2,1,1,institute,institute,институт,42.86,100.0,28.57,14.29,14.29
Q166502,1,75.0,75.0,0.0,0.0,0.0,0.0,6.0,6.0,1,1,1,1,1,,,,100.0,100.0,100.0,100.0,100.0
Q1665268,1,95.0,95.0,1.0,1.0,0.0,0.0,2.0,2.0,0,1,1,0,0,,,,0.0,100.0,100.0,0.0,0.0
Q1665984,20,329.5,983.55,2.0,2.3,0.5,0.65,14.0,37.25,2,10,8,1,1,,,,10.0,50.0,40.0,5.0,5.0
Q1666019,1,174.0,174.0,1.0,1.0,1.0,1.0,12.0,12.0,0,0,1,0,0,,,,0.0,0.0,100.0,0.0,0.0
Q166620,10,244.5,301.6,1.0,0.7,0.0,0.5,19.0,30.8,4,6,5,3,2,,,,40.0,60.0,50.0,30.0,20.0
Q166735,2,266.5,266.5,2.0,2.0,0.0,0.0,4.0,4.0,1,2,1,1,1,swamp,батпақ,заболоченный лес,50.0,100.0,50.0,50.0,50.0
Q16678127,1,309.0,309.0,5.0,5.0,0.0,0.0,1.0,1.0,0,1,0,0,0,,,,0.0,100.0,0.0,0.0,0.0
Q1667921,9,500.0,790.56,0.0,0.44,0.0,0.33,10.0,20.33,5,6,1,1,1,,,,55.56,66.67,11.11,11.11,11.11
Q16679327,3,879.0,901.67,4.0,4.67,3.0,3.0,15.0,16.33,0,0,0,0,0,,,,0.0,0.0,0.0,0.0,0.0
Q1668023,1,1377.0,1377.0,24.0,24.0,2.0,2.0,20.0,20.0,0,0,0,0,0,,,,0.0,0.0,0.0,0.0,0.0
Q1668024,7,390.0,662.86,1.0,2.14,1.0,0.57,14.0,25.57,2,3,2,1,0,,,,28.57,42.86,28.57,14.29,0.0
Q16685255,1,87.0,87.0,2.0,2.0,0.0,0.0,0.0,0.0,0,1,1,0,0,,,,0.0,100.0,100.0,0.0,0.0
Q16686448,7,55.0,68.29,1.0,1.0,0.0,0.14,4.0,4.86,1,6,7,1,0,,,,14.29,85.71,100.0,14.29,0.0
Q166902,5,186.0,293.4,1.0,1.4,0.0,0.4,0.0,4.8,1,3,4,1,1,,,,20.0,60.0,80.0,20.0,20.0
Q1669557,1,2612.0,2612.0,1.0,1.0,8.0,8.0,22.0,22.0,0,0,0,0,0,,,,0.0,0.0,0.0,0.0,0.0
Q16695773,2,705.0,705.0,11.0,11.0,3.5,3.5,12.5,12.5,0,0,0,0,0,,,,0.0,0.0,0.0,0.0,0.0
Q167037,6,497.0,791.33,3.5,9.17,2.0,1.67,18.0,25.83,2,2,0,0,0,corporation,Корпорация,корпорация,33.33,33.33,0.0,0.0,0.0
Q1670614,1,38.0,38.0,1.0,1.0,1.0,1.0,6.0,6.0,0,0,1,0,0,,,,0.0,0.0,100.0,0.0,0.0
Q16710068,1,296.0,296.0,1.0,1.0,2.0,2.0,6.0,6.0,0,0,0,0,0,,,,0.0,0.0,0.0,0.0,0.0
Q16710795,1,648.0,648.0,0.0,0.0,2.0,2.0,3.0,3.0,1,0,0,0,0,,,,100.0,0.0,0.0,0.0,0.0
Q167170,37,400.0,978.62,1.0,6.68,2.0,13.68,35.0,42.97,17,15,5,3,3,multi-sport event,multi-sport event,мультиспортивное соревнование,45.95,40.54,13.51,8.11,8.11
Q167172,1,80.0,80.0,1.0,1.0,0.0,0.0,0.0,0.0,0,1,1,0,0,,,,0.0,100.0,100.0,0.0,0.0
Q16718231,1,33.0,33.0,1.0,1.0,0.0,0.0,1.0,1.0,0,1,1,0,0,,,,0.0,100.0,100.0,0.0,0.0
Q16722960,1,114.0,114.0,1.0,1.0,0.0,0.0,2.0,2.0,0,1,1,0,0,,,,0.0,100.0,100.0,0.0,0.0
Q16725895,1,5882.0,5882.0,35.0,35.0,4.0,4.0,94.0,94.0,0,0,0,0,0,visa policy,visa policy,визовая политика,0.0,0.0,0.0,0.0,0.0
Q167270,26,284.0,571.19,1.0,5.77,1.0,2.0,8.5,23.0,10,9,12,7,2,trademark,тауар таңбасы,товарный знак,38.46,34.62,46.15,26.92,7.69
Q167346,11,300.0,320.36,1.0,1.64,0.0,0.45,18.0,20.18,4,7,3,2,1,,,,36.36,63.64,27.27,18.18,9.09
Q16735822,4,161.0,273.0,0.5,0.75,0.0,1.0,2.5,4.0,2,3,3,1,1,,,,50.0,75.0,75.0,25.0,25.0
Q16738832,2,1032.5,1032.5,14.5,14.5,5.5,5.5,24.0,24.0,0,0,0,0,0,criminal case,criminal case,уголовное дело,0.0,0.0,0.0,0.0,0.0
Q16740861,1,73.0,73.0,1.0,1.0,0.0,0.0,4.0,4.0,0,1,1,0,0,,,,0.0,100.0,100.0,0.0,0.0
Q16743958,6,194.5,241.67,1.5,1.5,1.0,1.5,17.0,17.0,1,1,4,1,0,,,,16.67,16.67,66.67,16.67,0.0
Q1674714,1,459.0,459.0,4.0,4.0,1.0,1.0,5.0,5.0,0,0,0,0,0,,,,0.0,0.0,0.0,0.0,0.0
Q16748867,4,116.5,148.25,1.0,1.0,0.5,0.5,5.0,8.25,1,2,3,1,1,,,,25.0,50.0,75.0,25.0,25.0
Q16748888,4,347.5,855.75,1.5,1.5,0.5,1.25,12.5,16.5,0,2,2,0,0,,,,0.0,50.0,50.0,0.0,0.0
Q167676,1,61.0,61.0,1.0,1.0,0.0,0.0,3.0,3.0,0,1,1,0,0,,,,0.0,100.0,100.0,0.0,0.0
Q16782623,6,51.0,64.33,1.0,1.0,0.0,0.17,3.5,6.33,1,5,6,1,0,,,,16.67,83.33,100.0,16.67,0.0
Q1680700,1,120.0,120.0,1.0,1.0,0.0,0.0,10.0,10.0,0,1,1,0,0,,,,0.0,100.0,100.0,0.0,0.0
Q1681353,1,446.0,446.0,4.0,4.0,0.0,0.0,9.0,9.0,0,1,0,0,0,,,,0.0,100.0,0.0,0.0,0.0
Q16817,1,157.0,157.0,1.0,1.0,1.0,1.0,2.0,2.0,0,0,1,0,0,,,,0.0,0.0,100.0,0.0,0.0
Q168247,2,2276.0,2276.0,12.5,12.5,1.5,1.5,54.0,54.0,0,1,0,0,0,famine,Ашаршылық,массовый голод,0.0,50.0,0.0,0.0,0.0
Q16827539,1,1061.0,1061.0,3.0,3.0,1.0,1.0,80.0,80.0,0,0,0,0,0,,,,0.0,0.0,0.0,0.0,0.0
Q16829513,1,91.0,91.0,2.0,2.0,1.0,1.0,6.0,6.0,0,0,1,0,0,,,,0.0,0.0,100.0,0.0,0.0
Q16831714,2,516.0,516.0,4.0,4.0,3.0,3.0,32.0,32.0,0,0,1,0,0,,,,0.0,0.0,50.0,0.0,0.0
Q1684600,2,303.0,303.0,2.0,2.0,0.5,0.5,17.0,17.0,1,1,1,1,0,,,,50.0,50.0,50.0,50.0,0.0
Q16848281,17,761.0,734.47,0.0,0.41,0.0,4.88,4.0,14.24,12,14,2,0,0,,,,70.59,82.35,11.76,0.0,0.0
Q16849743,2,445.0,445.0,2.5,2.5,1.0,1.0,8.0,8.0,0,1,0,0,0,,,,0.0,50.0,0.0,0.0,0.0
Q1685451,1,273.0,273.0,0.0,0.0,1.0,1.0,33.0,33.0,1,0,0,0,0,,,,100.0,0.0,0.0,0.0,0.0
Q16858213,1,36.0,36.0,0.0,0.0,1.0,1.0,0.0,0.0,1,0,1,1,0,,,,100.0,0.0,100.0,100.0,0.0
Q16858238,3,338.0,249.0,1.0,0.67,1.0,1.0,9.0,7.0,1,1,1,1,0,,,,33.33,33.33,33.33,33.33,0.0
Q16858648,2,370.0,370.0,0.5,0.5,0.5,0.5,40.5,40.5,1,1,1,1,0,,,,50.0,50.0,50.0,50.0,0.0
Q16861606,1,124.0,124.0,2.0,2.0,0.0,0.0,3.0,3.0,0,1,1,0,0,,,,0.0,100.0,100.0,0.0,0.0
Q168658,1,643.0,643.0,18.0,18.0,1.0,1.0,9.0,9.0,0,0,0,0,0,,,,0.0,0.0,0.0,0.0,0.0
Q168698,1,114.0,114.0,1.0,1.0,1.0,1.0,7.0,7.0,0,0,1,0,0,,,,0.0,0.0,100.0,0.0,0.0
Q168817,1,605.0,605.0,0.0,0.0,2.0,2.0,13.0,13.0,1,0,0,0,0,,,,100.0,0.0,0.0,0.0,0.0
Q168827,6,263.0,323.5,1.0,0.83,0.0,0.0,8.5,9.5,2,6,3,2,2,,,,33.33,100.0,50.0,33.33,33.33
Q168845,333,254.0,251.06,0.0,0.0,0.0,0.0,18.0,16.68,333,333,97,97,97,,,,100.0,100.0,29.13,29.13,29.13
Q16884952,3,212.0,297.67,0.0,0.67,1.0,1.67,13.0,13.67,2,0,2,2,0,,,,66.67,0.0,66.67,66.67,0.0
Q16887380,21,137.0,377.33,1.0,1.95,0.0,1.43,11.0,19.9,6,13,12,3,2,group,group,группа,28.57,61.9,57.14,14.29,9.52
Q16889133,5,112.0,263.2,1.0,1.4,0.0,0.4,4.0,15.0,1,3,4,1,0,,,,20.0,60.0,80.0,20.0,0.0
Q16889960,1,979.0,979.0,3.0,3.0,1.0,1.0,32.0,32.0,0,0,0,0,0,,,,0.0,0.0,0.0,0.0,0.0
Q168983,4,721.0,899.0,29.5,28.0,0.0,0.25,16.5,38.75,0,3,0,0,0,,,,0.0,75.0,0.0,0.0,0.0
Q1690563,1,71.0,71.0,1.0,1.0,0.0,0.0,3.0,3.0,0,1,1,0,0,,,,0.0,100.0,100.0,0.0,0.0
Q16910014,1,99.0,99.0,0.0,0.0,0.0,0.0,8.0,8.0,1,1,1,1,1,,,,100.0,100.0,100.0,100.0,100.0
Q16913666,18,2206.5,1902.61,2.0,2.67,0.0,1.06,217.0,200.72,0,12,0,0,0,,,,0.0,66.67,0.0,0.0,0.0
Q1691434,12,241.0,488.58,1.0,3.67,0.0,0.5,11.0,31.92,2,8,6,1,1,United Nations treaty,United Nations treaty,договор или конвенция ООН,16.67,66.67,50.0,8.33,8.33
Q16917,2,166.0,166.0,0.0,0.0,0.0,0.0,8.5,8.5,2,2,2,2,2,hospital,аурухана,больница,100.0,100.0,100.0,100.0,100.0
Q1691962,1,118.0,118.0,1.0,1.0,0.0,0.0,4.0,4.0,0,1,1,0,0,,,,0.0,100.0,100.0,0.0,0.0
Q169207,2,317.5,317.5,5.0,5.0,0.5,0.5,15.5,15.5,0,1,1,0,0,,,,0.0,50.0,50.0,0.0,0.0
Q16920758,1,1069.0,1069.0,0.0,0.0,2.0,2.0,11.0,11.0,1,0,0,0,0,,,,100.0,0.0,0.0,0.0,0.0
Q169336,22,116.5,294.86,1.0,1.77,0.0,0.77,6.0,14.68,2,12,15,0,0,,,,9.09,54.55,68.18,0.0,0.0
Q16935517,1,30.0,30.0,0.0,0.0,0.0,0.0,2.0,2.0,1,1,1,1,1,,,,100.0,100.0,100.0,100.0,100.0
Q169358,24,197.0,291.25,1.0,1.0,1.0,0.92,5.0,4.42,10,7,19,9,2,,,,41.67,29.17,79.17,37.5,8.33
Q16945639,1,1865.0,1865.0,0.0,0.0,0.0,0.0,6.0,6.0,1,1,0,0,0,,,,100.0,100.0,0.0,0.0,0.0
Q16945799,301,204.0,208.73,0.0,0.0,0.0,0.0,9.0,11.16,301,301,292,292,292,,,,100.0,100.0,97.01,97.01,97.01
Q16947618,1,769.0,769.0,0.0,0.0,1.0,1.0,44.0,44.0,1,0,0,0,0,,,,100.0,0.0,0.0,0.0,0.0
Q16964297,1,577.0,577.0,1.0,1.0,7.0,7.0,15.0,15.0,0,0,0,0,0,,,,0.0,0.0,0.0,0.0,0.0
Q16970,18,483.5,564.72,1.0,3.28,1.0,1.61,10.0,14.39,6,5,5,2,0,church building,шіркеу,христианский храм,33.33,27.78,27.78,11.11,0.0
Q16971228,1,96.0,96.0,0.0,0.0,1.0,1.0,1.0,1.0,1,0,1,1,0,,,,100.0,0.0,100.0,100.0,0.0
Q1697305,2,176.0,176.0,1.0,1.0,0.5,0.5,8.5,8.5,0,1,1,0,0,,,,0.0,50.0,50.0,0.0,0.0
Q1698619,1,462.0,462.0,6.0,6.0,1.0,1.0,3.0,3.0,0,0,0,0,0,,,,0.0,0.0,0.0,0.0,0.0
Q169872,21,63.0,196.05,1.0,2.05,0.0,0.33,5.0,7.67,5,14,15,3,3,,,,23.81,66.67,71.43,14.29,14.29
Q169930,1,420.0,420.0,7.0,7.0,0.0,0.0,13.0,13.0,0,1,0,0,0,,,,0.0,100.0,0.0,0.0,0.0
Q169950,2,2483.5,2483.5,39.5,39.5,0.5,0.5,45.0,45.0,0,1,0,0,0,,,,0.0,50.0,0.0,0.0,0.0
Q17000324,1,138.0,138.0,0.0,0.0,1.0,1.0,10.0,10.0,1,0,1,1,0,,,,100.0,0.0,100.0,100.0,0.0
Q170013,1,235.0,235.0,0.0,0.0,2.0,2.0,7.0,7.0,1,0,1,1,0,,,,100.0,0.0,100.0,100.0,0.0
Q17002728,11,159.0,256.64,1.0,1.45,1.0,0.55,8.0,22.27,1,5,8,1,1,,,,9.09,45.45,72.73,9.09,9.09
Q170028,2,149.0,149.0,1.5,1.5,0.0,0.0,11.5,11.5,0,2,2,0,0,,,,0.0,100.0,100.0,0.0,0.0
Q170043,1,46.0,46.0,0.0,0.0,1.0,1.0,8.0,8.0,1,0,1,1,0,,,,100.0,0.0,100.0,100.0,0.0
Q17004438,5,71.0,84.6,1.0,1.0,0.0,0.2,2.0,2.8,0,4,5,0,0,,,,0.0,80.0,100.0,0.0,0.0
Q1701174,1,225.0,225.0,0.0,0.0,2.0,2.0,30.0,30.0,1,0,1,1,0,,,,100.0,0.0,100.0,100.0,0.0
Q170156,5,2465.0,2515.8,15.0,23.6,5.0,6.4,136.0,133.6,0,0,0,0,0,,,,0.0,0.0,0.0,0.0,0.0
Q17018380,2,151.5,151.5,0.5,0.5,1.5,1.5,4.0,4.0,1,1,2,1,0,,,,50.0,50.0,100.0,50.0,0.0
Q17028020,1,381.0,381.0,3.0,3.0,1.0,1.0,1.0,1.0,0,0,0,0,0,,,,0.0,0.0,0.0,0.0,0.0
Q170409,1,62.0,62.0,1.0,1.0,1.0,1.0,4.0,4.0,0,0,1,0,0,,,,0.0,0.0,100.0,0.0,0.0
Q170434,1,186.0,186.0,0.0,0.0,1.0,1.0,10.0,10.0,1,0,1,1,0,,,,100.0,0.0,100.0,100.0,0.0
Q170451,1,139.0,139.0,1.0,1.0,4.0,4.0,0.0,0.0,0,0,1,0,0,,,,0.0,0.0,100.0,0.0,0.0
Q1704572,1,3159.0,3159.0,2.0,2.0,2.0,2.0,42.0,42.0,0,0,0,0,0,,,,0.0,0.0,0.0,0.0,0.0
Q170474,1,98.0,98.0,1.0,1.0,0.0,0.0,3.0,3.0,0,1,1,0,0,,,,0.0,100.0,100.0,0.0,0.0
Q170475,1,113.0,113.0,1.0,1.0,0.0,0.0,8.0,8.0,0,1,1,0,0,,,,0.0,100.0,100.0,0.0,0.0
Q17051044,2,62.0,62.0,0.0,0.0,0.5,0.5,4.5,4.5,2,1,2,2,1,,,,100.0,50.0,100.0,100.0,50.0
Q17054562,1,214.0,214.0,0.0,0.0,0.0,0.0,8.0,8.0,1,1,1,1,1,,,,100.0,100.0,100.0,100.0,100.0
Q17054892,2,152.0,152.0,1.0,1.0,0.0,0.0,6.0,6.0,1,2,2,1,1,,,,50.0,100.0,100.0,50.0,50.0
Q170584,16,248.5,654.25,1.5,13.88,0.5,0.62,7.0,19.25,4,8,8,3,0,,,,25.0,50.0,50.0,18.75,0.0
Q17062980,1,125.0,125.0,0.0,0.0,0.0,0.0,12.0,12.0,1,1,1,1,1,,,,100.0,100.0,100.0,100.0,100.0
Q1707071,1,410.0,410.0,1.0,1.0,2.0,2.0,7.0,7.0,0,0,0,0,0,,,,0.0,0.0,0.0,0.0,0.0
Q17076801,2,5138.5,5138.5,139.0,139.0,1.0,1.0,28.5,28.5,0,1,0,0,0,public health emergency of international concern,public health emergency of international concern,"чрезвычайная ситуация в области общественного здравоохранения, имеющая международное значение",0.0,50.0,0.0,0.0,0.0
Q17078324,1,3285.0,3285.0,90.0,90.0,4.0,4.0,96.0,96.0,0,0,0,0,0,,,,0.0,0.0,0.0,0.0,0.0
Q1707847,2,83.0,83.0,1.5,1.5,0.0,0.0,9.5,9.5,0,2,2,0,0,,,,0.0,100.0,100.0,0.0,0.0
Q17080472,4,243.0,242.0,0.0,0.0,0.0,0.0,12.0,12.5,4,4,2,2,2,,,,100.0,100.0,50.0,50.0,50.0
Q170835,1,700.0,700.0,14.0,14.0,3.0,3.0,21.0,21.0,0,0,0,0,0,,,,0.0,0.0,0.0,0.0,0.0
Q1708422,1,268.0,268.0,3.0,3.0,0.0,0.0,12.0,12.0,0,1,0,0,0,settlement site,settlement site,место поселения,0.0,100.0,0.0,0.0,0.0
Q17086996,1,220.0,220.0,1.0,1.0,0.0,0.0,9.0,9.0,0,1,1,0,0,,,,0.0,100.0,100.0,0.0,0.0
Q17094485,1,448.0,448.0,1.0,1.0,0.0,0.0,1.0,1.0,0,1,0,0,0,industrial fire,industrial fire,промышленный пожар,0.0,100.0,0.0,0.0,0.0
Q170980,1,565.0,565.0,3.0,3.0,1.0,1.0,25.0,25.0,0,0,0,0,0,,,,0.0,0.0,0.0,0.0,0.0
Q170984,1,216.0,216.0,0.0,0.0,1.0,1.0,4.0,4.0,1,0,1,1,0,,,,100.0,0.0,100.0,100.0,0.0
Q1709894,1,596.0,596.0,6.0,6.0,1.0,1.0,36.0,36.0,0,0,0,0,0,,,,0.0,0.0,0.0,0.0,0.0
Q17099416,1,3232.0,3232.0,3.0,3.0,0.0,0.0,243.0,243.0,0,1,0,0,0,,,,0.0,100.0,0.0,0.0,0.0
Q171,3,166.0,164.33,1.0,1.33,0.0,0.0,8.0,8.67,1,3,3,1,1,,,,33.33,100.0,100.0,33.33,33.33
Q1710033,5,641.0,716.8,1.0,1.2,1.0,1.6,33.0,45.4,2,1,0,0,0,,,,40.0,20.0,0.0,0.0,0.0
Q171174,1,55.0,55.0,1.0,1.0,1.0,1.0,4.0,4.0,0,0,1,0,0,,,,0.0,0.0,100.0,0.0,0.0
Q17127659,11,241.0,399.27,1.0,3.73,1.0,1.0,14.0,14.45,3,5,7,2,0,,,,27.27,45.45,63.64,18.18,0.0
Q1713,1,3533.0,3533.0,71.0,71.0,6.0,6.0,67.0,67.0,0,0,0,0,0,,,,0.0,0.0,0.0,0.0,0.0
Q171308,5,891.0,1586.4,1.0,3.4,0.0,0.8,51.0,51.8,2,3,1,1,1,,,,40.0,60.0,20.0,20.0,20.0
Q171318,7,373.0,383.86,1.0,1.57,1.0,0.71,11.0,11.0,1,2,3,1,1,,,,14.29,28.57,42.86,14.29,14.29
Q1713379,1,2152.0,2152.0,11.0,11.0,7.0,7.0,33.0,33.0,0,0,0,0,0,,,,0.0,0.0,0.0,0.0,0.0
Q17134625,1,207.0,207.0,0.0,0.0,0.0,0.0,1.0,1.0,1,1,1,1,1,,,,100.0,100.0,100.0,100.0,100.0
Q17138290,1,71.0,71.0,1.0,1.0,0.0,0.0,4.0,4.0,0,1,1,0,0,,,,0.0,100.0,100.0,0.0,0.0
Q17141489,1,67.0,67.0,1.0,1.0,1.0,1.0,12.0,12.0,0,0,1,0,0,,,,0.0,0.0,100.0,0.0,0.0
Q171441,35,264.0,431.34,0.0,1.8,0.0,0.63,7.0,12.69,27,22,8,8,8,,,,77.14,62.86,22.86,22.86,22.86
Q17144541,1,56.0,56.0,0.0,0.0,0.0,0.0,5.0,5.0,1,1,1,1,1,,,,100.0,100.0,100.0,100.0,100.0
Q17149090,8,284.5,2026.75,4.0,30.62,0.5,1.88,18.0,66.38,2,4,3,2,0,,,,25.0,50.0,37.5,25.0,0.0
Q17150753,1,1666.0,1666.0,11.0,11.0,7.0,7.0,22.0,22.0,0,0,0,0,0,,,,0.0,0.0,0.0,0.0,0.0
Q17155032,40,122.5,392.7,1.0,0.95,0.0,0.55,3.0,10.42,9,25,29,6,4,,,,22.5,62.5,72.5,15.0,10.0
Q171558,2,279.0,279.0,3.5,3.5,1.0,1.0,5.0,5.0,0,0,1,0,0,,,,0.0,0.0,50.0,0.0,0.0
Q17164849,1,644.0,644.0,17.0,17.0,1.0,1.0,9.0,9.0,0,0,0,0,0,,,,0.0,0.0,0.0,0.0,0.0
Q17166051,1,1133.0,1133.0,19.0,19.0,3.0,3.0,80.0,80.0,0,0,0,0,0,,,,0.0,0.0,0.0,0.0,0.0
Q171751,1,609.0,609.0,5.0,5.0,0.0,0.0,21.0,21.0,0,1,0,0,0,,,,0.0,100.0,0.0,0.0,0.0
Q17195514,1,2058.0,2058.0,1.0,1.0,0.0,0.0,95.0,95.0,0,1,0,0,0,,,,0.0,100.0,0.0,0.0,0.0
Q17197366,21,155.0,320.71,1.0,1.57,0.0,0.62,11.0,18.9,1,11,14,1,0,,,,4.76,52.38,66.67,4.76,0.0
Q1719931,1,143.0,143.0,1.0,1.0,0.0,0.0,13.0,13.0,0,1,1,0,0,,,,0.0,100.0,100.0,0.0,0.0
Q17199338,1,505.0,505.0,7.0,7.0,1.0,1.0,17.0,17.0,0,0,0,0,0,,,,0.0,0.0,0.0,0.0,0.0
Q1720648,2,1256.5,1256.5,9.0,9.0,2.0,2.0,69.0,69.0,1,1,1,1,1,,,,50.0,50.0,50.0,50.0,50.0
Q17232649,5,399.0,491.6,3.0,7.0,0.0,0.2,16.0,22.0,1,4,1,0,0,news website,news website,новостной сайт,20.0,80.0,20.0,0.0,0.0
Q1723677,1,4040.0,4040.0,64.0,64.0,40.0,40.0,227.0,227.0,0,0,0,0,0,,,,0.0,0.0,0.0,0.0,0.0
Q1724915,2,499.0,499.0,1.0,1.0,1.5,1.5,18.0,18.0,0,1,1,0,0,,,,0.0,50.0,50.0,0.0,0.0
Q17270000,1,648.0,648.0,1.0,1.0,0.0,0.0,38.0,38.0,0,1,0,0,0,football club,football club,футбольный клуб,0.0,100.0,0.0,0.0,0.0
Q17272482,28,127.5,159.39,0.0,0.39,1.0,1.43,10.5,14.89,23,5,23,19,2,,,,82.14,17.86,82.14,67.86,7.14
Q172754,14,378.0,552.21,1.0,11.21,1.0,0.86,11.5,23.07,5,5,3,0,0,,,,35.71,35.71,21.43,0.0,0.0
Q17279032,6,658.0,915.17,1.0,6.5,4.0,5.0,39.5,45.5,2,2,2,1,1,,,,33.33,33.33,33.33,16.67,16.67
Q172839,1,104.0,104.0,1.0,1.0,2.0,2.0,0.0,0.0,0,0,1,0,0,,,,0.0,0.0,100.0,0.0,0.0
Q17285911,1,134.0,134.0,1.0,1.0,0.0,0.0,7.0,7.0,0,1,1,0,0,,,,0.0,100.0,100.0,0.0,0.0
Q172867,1,245.0,245.0,1.0,1.0,0.0,0.0,19.0,19.0,0,1,1,0,0,,,,0.0,100.0,100.0,0.0,0.0
Q172937,1,82.0,82.0,1.0,1.0,1.0,1.0,3.0,3.0,0,0,1,0,0,,,,0.0,0.0,100.0,0.0,0.0
Q17301632,1,1337.0,1337.0,20.0,20.0,0.0,0.0,41.0,41.0,0,1,0,0,0,,,,0.0,100.0,0.0,0.0,0.0
Q17302772,7,395.0,394.0,0.0,0.0,0.0,0.0,81.0,78.86,7,7,2,2,2,,,,100.0,100.0,28.57,28.57,28.57
Q17305127,3,147.0,125.0,1.0,1.33,2.0,1.33,3.0,5.33,0,1,3,0,0,,,,0.0,33.33,100.0,0.0,0.0
Q17305516,1,555.0,555.0,1.0,1.0,0.0,0.0,50.0,50.0,0,1,0,0,0,,,,0.0,100.0,0.0,0.0,0.0
Q17305522,1,471.0,471.0,0.0,0.0,0.0,0.0,30.0,30.0,1,1,0,0,0,data set of a specific country,data set of a specific country,набор данных ISO 3166-2 для конкретной страны,100.0,100.0,0.0,0.0,0.0
Q17308006,2,308.0,308.0,1.0,1.0,0.0,0.0,14.5,14.5,0,2,0,0,0,,,,0.0,100.0,0.0,0.0,0.0
Q173091,2,480.5,480.5,2.0,2.0,1.0,1.0,12.5,12.5,0,0,1,0,0,,,,0.0,0.0,50.0,0.0,0.0
Q17309849,3,366.0,780.33,2.0,4.0,0.0,0.67,4.0,17.0,0,2,0,0,0,,,,0.0,66.67,0.0,0.0,0.0
Q173106,1,143.0,143.0,1.0,1.0,1.0,1.0,8.0,8.0,0,0,1,0,0,,,,0.0,0.0,100.0,0.0,0.0
Q17315159,106,583.5,654.68,1.0,0.96,1.0,0.6,50.0,49.92,37,51,3,1,1,international association football match,international association football match,футбольный матч сборных,34.91,48.11,2.83,0.94,0.94
Q17317604,1,243.0,243.0,0.0,0.0,0.0,0.0,5.0,5.0,1,1,1,1,1,,,,100.0,100.0,100.0,100.0,100.0
Q17318027,1,60.0,60.0,1.0,1.0,0.0,0.0,10.0,10.0,0,1,1,0,0,,,,0.0,100.0,100.0,0.0,0.0
Q17320256,5,130.0,166.0,1.0,1.0,0.0,0.6,10.0,10.6,1,3,4,1,0,,,,20.0,60.0,80.0,20.0,0.0
Q17320423,1,289.0,289.0,2.0,2.0,0.0,0.0,1.0,1.0,0,1,0,0,0,,,,0.0,100.0,0.0,0.0,0.0
Q173212,1,1847.0,1847.0,10.0,10.0,2.0,2.0,21.0,21.0,0,0,0,0,0,,,,0.0,0.0,0.0,0.0,0.0
Q173227,12,76.5,90.42,1.0,0.67,0.0,0.17,4.0,4.17,5,10,11,5,5,,,,41.67,83.33,91.67,41.67,41.67
Q173253,5,158.0,401.6,1.0,1.2,0.0,0.4,3.0,11.0,0,3,3,0,0,,,,0.0,60.0,60.0,0.0,0.0
Q17334112,1,393.0,393.0,2.0,2.0,4.0,4.0,7.0,7.0,0,0,0,0,0,,,,0.0,0.0,0.0,0.0,0.0
Q17334923,1,1031.0,1031.0,5.0,5.0,0.0,0.0,6.0,6.0,0,1,0,0,0,,,,0.0,100.0,0.0,0.0,0.0
Q173366,1,99.0,99.0,0.0,0.0,2.0,2.0,4.0,4.0,1,0,1,1,0,,,,100.0,0.0,100.0,100.0,0.0
Q173387,1,44.0,44.0,1.0,1.0,0.0,0.0,3.0,3.0,0,1,1,0,0,grave,көр,могила,0.0,100.0,100.0,0.0,0.0
Q17339814,23,81.0,342.74,1.0,2.61,0.0,0.91,6.0,10.09,3,12,16,2,1,,,,13.04,52.17,69.57,8.7,4.35
Q17342348,3,66.0,60.0,1.0,1.0,0.0,0.0,2.0,2.33,0,3,3,0,0,,,,0.0,100.0,100.0,0.0,0.0
Q17343829,113,241.0,244.52,0.0,0.05,0.0,0.03,2.0,2.44,107,111,107,107,106,,,,94.69,98.23,94.69,94.69,93.81
Q173453,1,334.0,334.0,2.0,2.0,1.0,1.0,10.0,10.0,0,0,0,0,0,,,,0.0,0.0,0.0,0.0,0.0
Q173462,1,1398.0,1398.0,20.0,20.0,4.0,4.0,57.0,57.0,0,0,0,0,0,,,,0.0,0.0,0.0,0.0,0.0
Q17350442,1,315.0,315.0,3.0,3.0,0.0,0.0,13.0,13.0,0,1,0,0,0,,,,0.0,100.0,0.0,0.0,0.0
Q17351672,1,166.0,166.0,0.0,0.0,1.0,1.0,2.0,2.0,1,0,1,1,0,,,,100.0,0.0,100.0,100.0,0.0
Q1735471,1,89.0,89.0,2.0,2.0,1.0,1.0,12.0,12.0,0,0,1,0,0,,,,0.0,0.0,100.0,0.0,0.0
Q17362920,316,260.0,252.19,0.0,0.16,0.0,0.11,16.0,13.88,274,302,102,69,67,Wikimedia duplicated page,Wikimedia duplicated page,дублирующая страница,86.71,95.57,32.28,21.84,21.2
Q17376095,18,296.5,296.94,0.0,0.0,0.0,0.28,9.0,8.61,18,13,0,0,0,,,,100.0,72.22,0.0,0.0,0.0
Q17376908,1,432.0,432.0,2.0,2.0,0.0,0.0,45.0,45.0,0,1,0,0,0,,,,0.0,100.0,0.0,0.0,0.0
Q173799,2,365.5,365.5,3.5,3.5,1.0,1.0,16.0,16.0,0,0,1,0,0,,,,0.0,0.0,50.0,0.0,0.0
Q1738991,4,455.0,731.25,1.5,4.5,1.0,1.25,14.5,23.75,1,1,2,1,0,,,,25.0,25.0,50.0,25.0,0.0
Q17399019,1,175.0,175.0,0.0,0.0,2.0,2.0,7.0,7.0,1,0,1,1,0,,,,100.0,0.0,100.0,100.0,0.0
Q1740763,1,123.0,123.0,1.0,1.0,2.0,2.0,16.0,16.0,0,0,1,0,0,,,,0.0,0.0,100.0,0.0,0.0
Q1740919,1,94.0,94.0,1.0,1.0,2.0,2.0,16.0,16.0,0,0,1,0,0,,,,0.0,0.0,100.0,0.0,0.0
Q1741752,1,36.0,36.0,1.0,1.0,0.0,0.0,3.0,3.0,0,1,1,0,0,,,,0.0,100.0,100.0,0.0,0.0
Q174219,1,168.0,168.0,1.0,1.0,6.0,6.0,6.0,6.0,0,0,1,0,0,,,,0.0,0.0,100.0,0.0,0.0
Q17431399,16,423.0,589.12,3.5,3.69,0.0,1.19,15.0,19.5,4,9,3,2,2,,,,25.0,56.25,18.75,12.5,12.5
Q1743327,1,393.0,393.0,1.0,1.0,0.0,0.0,12.0,12.0,0,1,0,0,0,,,,0.0,100.0,0.0,0.0,0.0
Q1744266,2,415.5,415.5,2.5,2.5,0.5,0.5,2.5,2.5,1,1,0,0,0,,,,50.0,50.0,0.0,0.0,0.0
Q17444909,44,430.5,915.43,1.0,7.7,2.0,3.3,13.5,26.98,12,10,16,7,2,,,,27.27,22.73,36.36,15.91,4.55
Q1744559,1,130.0,130.0,1.0,1.0,1.0,1.0,9.0,9.0,0,0,1,0,0,,,,0.0,0.0,100.0,0.0,0.0
Q17455058,1,1882.0,1882.0,3.0,3.0,0.0,0.0,430.0,430.0,0,1,0,0,0,,,,0.0,100.0,0.0,0.0,0.0
Q17457753,1,515.0,515.0,0.0,0.0,0.0,0.0,6.0,6.0,1,1,0,0,0,,,,100.0,100.0,0.0,0.0,0.0
Q174782,15,363.0,369.13,1.0,3.27,1.0,1.8,6.0,10.27,6,4,6,5,1,square,алаң,площадь,40.0,26.67,40.0,33.33,6.67
Q1747829,1,232.0,232.0,0.0,0.0,1.0,1.0,17.0,17.0,1,0,1,1,0,,,,100.0,0.0,100.0,100.0,0.0
Q174834,1,64.0,64.0,1.0,1.0,0.0,0.0,7.0,7.0,0,1,1,0,0,,,,0.0,100.0,100.0,0.0,0.0
Q174844,32,666.0,1003.28,2.5,5.0,1.0,2.28,16.0,50.0,8,11,1,1,1,,,,25.0,34.38,3.12,3.12,3.12
Q1748491,1,68.0,68.0,2.0,2.0,0.0,0.0,3.0,3.0,0,1,1,0,0,,,,0.0,100.0,100.0,0.0,0.0
Q17489659,3,363.0,426.67,1.0,1.0,0.0,0.0,17.0,29.0,0,3,1,0,0,,,,0.0,100.0,33.33,0.0,0.0
Q174923,1,51.0,51.0,2.0,2.0,0.0,0.0,2.0,2.0,0,1,1,0,0,,,,0.0,100.0,100.0,0.0,0.0
Q1749269,6,645.0,623.17,2.5,2.17,1.5,2.0,21.5,25.17,2,1,0,0,0,,,,33.33,16.67,0.0,0.0,0.0
Q174984,1,104.0,104.0,1.0,1.0,0.0,0.0,0.0,0.0,0,1,1,0,0,,,,0.0,100.0,100.0,0.0,0.0
Q174989,2,93.0,93.0,1.0,1.0,0.0,0.0,3.5,3.5,0,2,2,0,0,,,,0.0,100.0,100.0,0.0,0.0
Q17505024,4,820.5,812.5,2.0,2.25,1.5,1.25,43.0,46.25,1,1,0,0,0,space agency,space agency,космическое агентство,25.0,25.0,0.0,0.0,0.0
Q1751315,1,550.0,550.0,8.0,8.0,1.0,1.0,15.0,15.0,0,0,0,0,0,,,,0.0,0.0,0.0,0.0,0.0
Q17517379,4,273.0,366.25,1.0,1.5,0.0,0.25,11.5,11.5,2,3,2,2,1,,,,50.0,75.0,50.0,50.0,25.0
Q1751850,1,150.0,150.0,1.0,1.0,1.0,1.0,2.0,2.0,0,0,1,0,0,,,,0.0,0.0,100.0,0.0,0.0
Q17518870,1,294.0,294.0,0.0,0.0,0.0,0.0,4.0,4.0,1,1,0,0,0,,,,100.0,100.0,0.0,0.0,0.0
Q1752004,1,133.0,133.0,1.0,1.0,0.0,0.0,14.0,14.0,0,1,1,0,0,,,,0.0,100.0,100.0,0.0,0.0
Q1752077,3,270.0,269.33,0.0,0.0,0.0,0.0,16.0,16.0,3,3,0,0,0,,,,100.0,100.0,0.0,0.0,0.0
Q17522177,4,241.0,371.0,1.5,1.5,0.5,1.25,8.0,21.25,0,2,2,0,0,,,,0.0,50.0,50.0,0.0,0.0
Q1752346,3,884.0,891.67,21.0,17.33,1.0,1.0,36.0,33.33,0,0,1,0,0,,,,0.0,0.0,33.33,0.0,0.0
Q17524420,46,901.5,1628.22,1.0,7.41,1.0,2.24,29.5,59.52,11,17,9,3,3,aspect of history,aspect of history,исторический аспект,23.91,36.96,19.57,6.52,6.52
Q175263,2,82.0,82.0,1.0,1.0,0.0,0.0,2.0,2.0,0,2,2,0,0,,,,0.0,100.0,100.0,0.0,0.0
Q1752939,6,87.5,289.5,1.0,1.33,0.0,0.33,3.5,20.0,1,5,4,0,0,,,,16.67,83.33,66.67,0.0,0.0
Q175331,7,1403.0,2247.14,16.0,49.86,1.0,2.57,31.0,45.57,1,3,1,1,1,,,,14.29,42.86,14.29,14.29,14.29
Q17537576,10,319.0,359.4,1.5,1.2,0.0,0.2,16.0,17.7,4,8,5,2,2,,,,40.0,80.0,50.0,20.0,20.0
Q17540792,3,150.0,754.67,0.0,2.0,0.0,0.33,6.0,7.33,2,2,2,2,1,,,,66.67,66.67,66.67,66.67,33.33
Q17544377,7,1349.0,1407.14,3.0,3.71,1.0,0.57,19.0,35.86,2,3,0,0,0,history of a country or state,history of a country or state,история страны,28.57,42.86,0.0,0.0,0.0
Q175582,1,1517.0,1517.0,0.0,0.0,0.0,0.0,3.0,3.0,1,1,0,0,0,,,,100.0,100.0,0.0,0.0,0.0
Q1756006,3,403.0,376.33,0.0,0.0,1.0,2.33,38.0,47.33,3,1,0,0,0,UCI Continental Team,UCI Continental Team,UCI Continental Team,100.0,33.33,0.0,0.0,0.0
Q1756157,24,106.5,244.38,1.0,1.21,0.0,0.04,6.0,9.88,5,23,17,3,3,,,,20.83,95.83,70.83,12.5,12.5
Q1756454,1,913.0,913.0,12.0,12.0,10.0,10.0,39.0,39.0,0,0,0,0,0,,,,0.0,0.0,0.0,0.0,0.0
Q17573152,1,92.0,92.0,1.0,1.0,0.0,0.0,1.0,1.0,0,1,1,0,0,,,,0.0,100.0,100.0,0.0,0.0
Q1758037,1,340.0,340.0,7.0,7.0,0.0,0.0,22.0,22.0,0,1,0,0,0,speaker,Спикер,спикер,0.0,100.0,0.0,0.0,0.0
Q175805,1,87.0,87.0,1.0,1.0,1.0,1.0,0.0,0.0,0,0,1,0,0,,,,0.0,0.0,100.0,0.0,0.0
Q1758144,1,126.0,126.0,0.0,0.0,1.0,1.0,7.0,7.0,1,0,1,1,0,,,,100.0,0.0,100.0,100.0,0.0
Q175854,16,208.0,253.94,1.5,1.81,0.0,0.44,1.0,2.75,3,9,11,1,0,,,,18.75,56.25,68.75,6.25,0.0
Q1759646,1,128.0,128.0,0.0,0.0,0.0,0.0,4.0,4.0,1,1,1,1,1,,,,100.0,100.0,100.0,100.0,100.0
Q1759852,1,203.0,203.0,0.0,0.0,1.0,1.0,1.0,1.0,1,0,1,1,0,,,,100.0,0.0,100.0,100.0,0.0
Q17601336,1,64.0,64.0,1.0,1.0,1.0,1.0,6.0,6.0,0,0,1,0,0,,,,0.0,0.0,100.0,0.0,0.0
Q1760309,7,101.0,104.29,0.0,0.0,11.0,11.43,5.0,5.86,7,0,7,7,0,,,,100.0,0.0,100.0,100.0,0.0
Q1760958,2,41.0,41.0,1.0,1.0,0.0,0.0,2.5,2.5,0,2,2,0,0,,,,0.0,100.0,100.0,0.0,0.0
Q1761646,1,227.0,227.0,0.0,0.0,0.0,0.0,3.0,3.0,1,1,1,1,1,,,,100.0,100.0,100.0,100.0,100.0
Q176165,1,458.0,458.0,6.0,6.0,2.0,2.0,31.0,31.0,0,0,0,0,0,,,,0.0,0.0,0.0,0.0,0.0
Q1762059,30,410.0,524.2,1.5,2.9,0.0,0.23,17.5,25.13,6,27,6,1,1,film production company,film production company,кинокомпания,20.0,90.0,20.0,3.33,3.33
Q1762471,6,125.0,199.33,1.0,1.83,0.0,0.0,2.5,3.83,2,6,4,1,1,,,,33.33,100.0,66.67,16.67,16.67
Q17625380,1,102.0,102.0,1.0,1.0,0.0,0.0,2.0,2.0,0,1,1,0,0,,,,0.0,100.0,100.0,0.0,0.0
Q1762591,2,170.5,170.5,0.5,0.5,0.5,0.5,3.5,3.5,1,1,2,1,1,,,,50.0,50.0,100.0,50.0,50.0
Q1763090,2,114.5,114.5,1.0,1.0,0.0,0.0,5.0,5.0,0,2,2,0,0,,,,0.0,100.0,100.0,0.0,0.0
Q1763214,1,267.0,267.0,0.0,0.0,0.0,0.0,7.0,7.0,1,1,0,0,0,,,,100.0,100.0,0.0,0.0,0.0
Q17633526,3,428.0,416.33,1.0,2.33,0.0,0.33,30.0,20.67,0,2,1,0,0,,,,0.0,66.67,33.33,0.0,0.0
Q1763828,12,413.5,439.58,0.0,1.33,0.0,0.17,13.5,15.25,7,10,1,1,1,,,,58.33,83.33,8.33,8.33,8.33
Q17644470,1,116.0,116.0,1.0,1.0,2.0,2.0,2.0,2.0,0,0,1,0,0,,,,0.0,0.0,100.0,0.0,0.0
Q17644823,1,39.0,39.0,1.0,1.0,1.0,1.0,4.0,4.0,0,0,1,0,0,,,,0.0,0.0,100.0,0.0,0.0
Q176494,1,735.0,735.0,0.0,0.0,1.0,1.0,73.0,73.0,1,0,0,0,0,,,,100.0,0.0,0.0,0.0,0.0
Q1767348,1,827.0,827.0,4.0,4.0,0.0,0.0,21.0,21.0,0,1,0,0,0,,,,0.0,100.0,0.0,0.0,0.0
Q176763,2,1364.5,1364.5,36.0,36.0,0.5,0.5,28.5,28.5,0,1,1,0,0,,,,0.0,50.0,50.0,0.0,0.0
Q1767829,10,216.0,187.0,0.0,0.4,0.0,0.4,6.5,6.6,8,6,7,7,4,,,,80.0,60.0,70.0,70.0,40.0
Q176799,30,287.0,572.23,1.0,2.07,0.0,1.17,18.0,20.47,9,17,12,4,4,military unit,Әскери бөлім,воинское формирование,30.0,56.67,40.0,13.33,13.33
Q1768043,3,139.0,221.33,0.0,0.67,2.0,1.33,4.0,7.67,2,1,2,2,1,,,,66.67,33.33,66.67,66.67,33.33
Q1769139,1,111.0,111.0,1.0,1.0,2.0,2.0,4.0,4.0,0,0,1,0,0,,,,0.0,0.0,100.0,0.0,0.0
Q17701409,1,103.0,103.0,1.0,1.0,1.0,1.0,2.0,2.0,0,0,1,0,0,,,,0.0,0.0,100.0,0.0,0.0
Q17715832,1,60.0,60.0,1.0,1.0,1.0,1.0,3.0,3.0,0,0,1,0,0,,,,0.0,0.0,100.0,0.0,0.0
Q1771708,1,83.0,83.0,1.0,1.0,0.0,0.0,4.0,4.0,0,1,1,0,0,,,,0.0,100.0,100.0,0.0,0.0
Q177239,1,39.0,39.0,1.0,1.0,0.0,0.0,3.0,3.0,0,1,1,0,0,,,,0.0,100.0,100.0,0.0,0.0
Q177268,2,199.5,199.5,1.5,1.5,0.0,0.0,2.5,2.5,0,2,1,0,0,,,,0.0,100.0,50.0,0.0,0.0
Q17736,4,167.5,163.0,0.5,0.5,0.0,0.25,7.5,8.25,2,3,4,2,1,,,,50.0,75.0,100.0,50.0,25.0
Q17737,23,231.0,359.43,1.0,1.65,0.0,0.52,6.0,14.61,4,14,12,3,3,,,,17.39,60.87,52.17,13.04,13.04
Q177380,1,129.0,129.0,1.0,1.0,0.0,0.0,12.0,12.0,0,1,1,0,0,hot spring,Термальды су,геотермальный источник,0.0,100.0,100.0,0.0,0.0
Q177413,4,132.5,319.0,1.0,4.25,0.0,0.0,4.5,5.5,1,4,3,1,1,,,,25.0,100.0,75.0,25.0,25.0
Q177414,2,139.0,139.0,1.5,1.5,0.5,0.5,14.0,14.0,0,1,2,0,0,anticyclone,Антициклон,антициклон,0.0,50.0,100.0,0.0,0.0
Q1774662,2,1155.0,1155.0,1.0,1.0,0.5,0.5,10.5,10.5,1,1,0,0,0,,,,50.0,50.0,0.0,0.0,0.0
Q1776037,1,47.0,47.0,1.0,1.0,1.0,1.0,2.0,2.0,0,0,1,0,0,,,,0.0,0.0,100.0,0.0,0.0
Q177634,3,244.0,579.33,5.0,9.67,1.0,2.0,7.0,9.33,1,1,2,1,0,,,,33.33,33.33,66.67,33.33,0.0
Q177646,2,174.5,174.5,0.5,0.5,0.5,0.5,2.0,2.0,1,1,1,0,0,,,,50.0,50.0,50.0,0.0,0.0
Q177691,4,90.0,90.25,1.0,1.25,0.0,0.0,2.5,5.25,0,4,4,0,0,,,,0.0,100.0,100.0,0.0,0.0
Q177716,2,2060.5,2060.5,48.0,48.0,0.5,0.5,17.0,17.0,0,1,0,0,0,,,,0.0,50.0,0.0,0.0,0.0
Q177719,2,58.5,58.5,1.0,1.0,0.0,0.0,3.5,3.5,0,2,2,0,0,,,,0.0,100.0,100.0,0.0,0.0
Q17781690,1,80.0,80.0,1.0,1.0,1.0,1.0,5.0,5.0,0,0,1,0,0,,,,0.0,0.0,100.0,0.0,0.0
Q17781833,2,1126.0,1126.0,5.5,5.5,2.5,2.5,27.0,27.0,0,1,0,0,0,,,,0.0,50.0,0.0,0.0,0.0
Q1778821,3,123.0,261.33,0.0,0.67,1.0,1.33,12.0,17.0,2,0,2,2,0,,,,66.67,0.0,66.67,66.67,0.0
Q1778834,3,2300.0,2269.33,54.0,36.67,0.0,1.33,80.0,84.0,0,2,1,0,0,,,,0.0,66.67,33.33,0.0,0.0
Q1779653,4,391.5,398.0,1.0,0.75,1.0,0.75,6.0,8.0,1,1,1,0,0,,,,25.0,25.0,25.0,0.0,0.0
Q178024,1,185.0,185.0,1.0,1.0,0.0,0.0,16.0,16.0,0,1,1,0,0,,,,0.0,100.0,100.0,0.0,0.0
Q1780389,5,279.0,256.6,0.0,0.0,0.0,0.4,8.0,14.2,5,4,2,2,2,,,,100.0,80.0,40.0,40.0,40.0
Q1780422,2,125.5,125.5,0.5,0.5,1.0,1.0,4.0,4.0,1,0,2,1,0,,,,50.0,0.0,100.0,50.0,0.0
Q1780543,1,1362.0,1362.0,1.0,1.0,1.0,1.0,14.0,14.0,0,0,0,0,0,,,,0.0,0.0,0.0,0.0,0.0
Q1781039,1,23.0,23.0,1.0,1.0,0.0,0.0,3.0,3.0,0,1,1,0,0,,,,0.0,100.0,100.0,0.0,0.0
Q1781180,3,121.0,115.0,1.0,0.67,0.0,0.0,2.0,2.33,1,3,3,1,1,condensation power station,condensation power station,конденсационная электростанция,33.33,100.0,100.0,33.33,33.33
Q178149,3,63.0,62.0,1.0,1.0,0.0,0.67,4.0,4.0,0,2,3,0,0,,,,0.0,66.67,100.0,0.0,0.0
Q1781513,1,142.0,142.0,1.0,1.0,1.0,1.0,3.0,3.0,0,0,1,0,0,,,,0.0,0.0,100.0,0.0,0.0
Q1781555,1,583.0,583.0,17.0,17.0,0.0,0.0,23.0,23.0,0,1,0,0,0,,,,0.0,100.0,0.0,0.0,0.0
Q1781726,2,150.0,150.0,2.0,2.0,0.0,0.0,6.5,6.5,0,2,2,0,0,,,,0.0,100.0,100.0,0.0,0.0
Q1782540,9,290.0,311.78,1.0,1.11,0.0,0.33,6.0,5.89,3,7,0,0,0,,,,33.33,77.78,0.0,0.0,0.0
Q1783121,2,755.5,755.5,2.0,2.0,4.0,4.0,29.0,29.0,1,0,1,1,0,,,,50.0,0.0,50.0,50.0,0.0
Q178342,2,122.0,122.0,0.5,0.5,0.5,0.5,10.5,10.5,1,1,2,1,0,,,,50.0,50.0,100.0,50.0,0.0
Q178359,3,73.0,90.0,0.0,0.33,0.0,0.0,1.0,3.0,2,3,3,2,2,,,,66.67,100.0,100.0,66.67,66.67
Q1784029,1,54.0,54.0,1.0,1.0,2.0,2.0,1.0,1.0,0,0,1,0,0,,,,0.0,0.0,100.0,0.0,0.0
Q1784293,1,799.0,799.0,0.0,0.0,2.0,2.0,40.0,40.0,1,0,0,0,0,,,,100.0,0.0,0.0,0.0,0.0
Q1784409,2,592.5,592.5,3.0,3.0,0.0,0.0,13.0,13.0,0,2,0,0,0,,,,0.0,100.0,0.0,0.0,0.0
Q1785071,5,323.0,882.2,3.0,3.6,2.0,3.8,9.0,22.4,1,0,2,1,0,,,,20.0,0.0,40.0,20.0,0.0
Q178512,1,333.0,333.0,3.0,3.0,1.0,1.0,13.0,13.0,0,0,0,0,0,,,,0.0,0.0,0.0,0.0,0.0
Q178561,81,520.0,633.27,1.0,3.47,1.0,2.3,21.0,21.84,35,31,20,9,3,battle,Арпалыс,битва,43.21,38.27,24.69,11.11,3.7
Q1785733,4,135.5,240.75,1.0,2.5,0.0,0.5,11.0,15.75,0,3,3,0,0,environmental organization,environmental organization,природоохранная организация,0.0,75.0,75.0,0.0,0.0
Q178648,1,482.0,482.0,0.0,0.0,2.0,2.0,7.0,7.0,1,0,0,0,0,,,,100.0,0.0,0.0,0.0,0.0
Q178651,1,2149.0,2149.0,63.0,63.0,2.0,2.0,98.0,98.0,0,0,0,0,0,,,,0.0,0.0,0.0,0.0,0.0
Q178673,1,143.0,143.0,2.0,2.0,2.0,2.0,12.0,12.0,0,0,1,0,0,,,,0.0,0.0,100.0,0.0,0.0
Q178692,1,40.0,40.0,1.0,1.0,0.0,0.0,1.0,1.0,0,1,1,0,0,,,,0.0,100.0,100.0,0.0,0.0
Q178706,5,446.0,714.4,2.0,3.8,0.0,0.4,7.0,12.6,0,4,2,0,0,institution,Әлеуметтік ұйым,общественный институт,0.0,80.0,40.0,0.0,0.0
Q1787375,1,664.0,664.0,0.0,0.0,0.0,0.0,65.0,65.0,1,1,0,0,0,,,,100.0,100.0,0.0,0.0,0.0
Q178743,1,183.0,183.0,0.0,0.0,0.0,0.0,15.0,15.0,1,1,1,1,1,,,,100.0,100.0,100.0,100.0,100.0
Q178750,25,865.0,791.6,0.0,0.04,0.0,0.32,89.0,84.8,24,24,0,0,0,,,,96.0,96.0,0.0,0.0,0.0
Q178790,5,158.0,304.2,1.0,2.6,0.0,0.6,5.0,16.6,1,3,4,1,1,labor union,Тред-юниондар,профессиональный союз,20.0,60.0,80.0,20.0,20.0
Q178843,1,209.0,209.0,0.0,0.0,1.0,1.0,2.0,2.0,1,0,1,1,0,,,,100.0,0.0,100.0,100.0,0.0
Q1788716,9,920.0,1060.67,0.0,1.11,2.0,3.22,12.0,23.33,5,0,2,2,0,military decoration,military decoration,военная награда,55.56,0.0,22.22,22.22,0.0
Q17888,2,3217.5,3217.5,66.0,66.0,8.0,8.0,115.5,115.5,0,0,0,0,0,,,,0.0,0.0,0.0,0.0,0.0
Q1788820,3,888.0,929.0,6.0,6.67,9.0,12.0,72.0,55.0,0,1,0,0,0,defence ministry,defence ministry,министерство обороны,0.0,33.33,0.0,0.0,0.0
Q178885,6,248.5,419.67,0.5,1.5,0.5,0.67,5.5,8.17,3,3,3,2,1,,,,50.0,50.0,50.0,33.33,16.67
Q178890,1,43.0,43.0,1.0,1.0,0.0,0.0,4.0,4.0,0,1,1,0,0,,,,0.0,100.0,100.0,0.0,0.0
Q1788992,2,873.0,873.0,8.0,8.0,0.5,0.5,25.0,25.0,1,1,1,1,0,,,,50.0,50.0,50.0,50.0,0.0
Q178934,1,436.0,436.0,4.0,4.0,3.0,3.0,8.0,8.0,0,0,0,0,0,,,,0.0,0.0,0.0,0.0,0.0
Q1789452,4,89.5,86.0,0.0,0.25,0.0,0.0,7.5,7.5,3,4,4,3,3,,,,75.0,100.0,100.0,75.0,75.0
Q1789476,7,333.0,577.0,2.0,8.43,0.0,0.43,4.0,6.14,0,4,3,0,0,,,,0.0,57.14,42.86,0.0,0.0
Q1789999,1,142.0,142.0,0.0,0.0,1.0,1.0,15.0,15.0,1,0,1,1,0,,,,100.0,0.0,100.0,100.0,0.0
Q1790144,15,110.0,134.53,1.0,0.67,0.0,0.67,5.0,5.93,5,8,14,5,3,,,,33.33,53.33,93.33,33.33,20.0
Q1790360,1,1061.0,1061.0,1.0,1.0,2.0,2.0,78.0,78.0,0,0,0,0,0,,,,0.0,0.0,0.0,0.0,0.0
Q1790374,1,546.0,546.0,2.0,2.0,0.0,0.0,5.0,5.0,0,1,0,0,0,,,,0.0,100.0,0.0,0.0,0.0
Q179049,15,389.0,372.93,2.0,3.13,0.0,0.67,10.0,11.47,5,11,6,4,2,nature reserve,Қорық,заповедник,33.33,73.33,40.0,26.67,13.33
Q179057,8,372.0,507.62,3.0,7.62,1.0,0.88,5.0,8.38,1,2,2,0,0,explosion,қопарылыс,взрыв,12.5,25.0,25.0,0.0,0.0
Q1790577,3,320.0,485.0,3.0,4.0,1.0,0.67,10.0,19.67,1,1,1,1,1,,,,33.33,33.33,33.33,33.33,33.33
Q179076,1,110.0,110.0,1.0,1.0,0.0,0.0,5.0,5.0,0,1,1,0,0,,,,0.0,100.0,100.0,0.0,0.0
Q179164,21,2113.0,2577.1,8.0,17.29,2.0,5.29,90.0,130.62,0,5,0,0,0,unitary state,Унитарлы мемлекет,унитарное государство,0.0,23.81,0.0,0.0,0.0
Q1791709,1,350.0,350.0,0.0,0.0,0.0,0.0,7.0,7.0,1,1,0,0,0,,,,100.0,100.0,0.0,0.0,0.0
Q179177,1,85.0,85.0,0.0,0.0,0.0,0.0,0.0,0.0,1,1,1,1,1,,,,100.0,100.0,100.0,100.0,100.0
Q179179,3,76.0,89.33,1.0,1.0,1.0,1.0,10.0,10.67,0,0,3,0,0,,,,0.0,0.0,100.0,0.0,0.0
Q1791899,2,104.5,104.5,1.0,1.0,0.0,0.0,4.0,4.0,1,2,2,1,1,,,,50.0,100.0,100.0,50.0,50.0
Q179216,1,8567.0,8567.0,93.0,93.0,15.0,15.0,76.0,76.0,0,0,0,0,0,,,,0.0,0.0,0.0,0.0,0.0
Q1792379,40,179.0,375.7,1.0,1.98,1.0,0.95,11.5,19.48,9,15,24,9,3,,,,22.5,37.5,60.0,22.5,7.5
Q1792571,1,93.0,93.0,1.0,1.0,2.0,2.0,5.0,5.0,0,0,1,0,0,,,,0.0,0.0,100.0,0.0,0.0
Q1792644,30,369.0,743.77,1.0,1.77,1.0,2.0,15.0,30.03,4,10,11,2,1,,,,13.33,33.33,36.67,6.67,3.33
Q179405,1,83.0,83.0,1.0,1.0,0.0,0.0,3.0,3.0,0,1,1,0,0,,,,0.0,100.0,100.0,0.0,0.0
Q179435,2,365.0,365.0,2.0,2.0,2.0,2.0,5.5,5.5,0,0,0,0,0,,,,0.0,0.0,0.0,0.0,0.0
Q17946,1,1940.0,1940.0,13.0,13.0,4.0,4.0,47.0,47.0,0,0,0,0,0,,,,0.0,0.0,0.0,0.0,0.0
Q179461,14,236.0,1075.57,2.0,8.0,1.0,1.43,10.5,41.5,3,5,7,2,1,,,,21.43,35.71,50.0,14.29,7.14
Q17947474,1,68.0,68.0,1.0,1.0,0.0,0.0,2.0,2.0,0,1,1,0,0,,,,0.0,100.0,100.0,0.0,0.0
Q1795024,1,54.0,54.0,0.0,0.0,2.0,2.0,10.0,10.0,1,0,1,1,0,,,,100.0,0.0,100.0,100.0,0.0
Q17951,1,2485.0,2485.0,10.0,10.0,1.0,1.0,0.0,0.0,0,0,0,0,0,,,,0.0,0.0,0.0,0.0,0.0
Q179600,1,1776.0,1776.0,40.0,40.0,5.0,5.0,28.0,28.0,0,0,0,0,0,,,,0.0,0.0,0.0,0.0,0.0
Q179630,5,84.0,126.4,1.0,1.4,0.0,0.2,5.0,5.8,0,4,4,0,0,,,,0.0,80.0,80.0,0.0,0.0
Q179661,12,120.5,203.33,1.0,1.25,0.0,0.5,7.0,10.17,0,7,8,0,0,,,,0.0,58.33,66.67,0.0,0.0
Q179671,2,4197.5,4197.5,10.0,10.0,5.0,5.0,148.0,148.0,0,0,0,0,0,,,,0.0,0.0,0.0,0.0,0.0
Q179700,6,356.0,321.5,1.0,0.83,0.0,0.33,6.5,8.33,2,4,2,1,1,,,,33.33,66.67,33.33,16.67,16.67
Q179723,2,807.5,807.5,1.0,1.0,0.5,0.5,28.5,28.5,0,1,1,0,0,,,,0.0,50.0,50.0,0.0,0.0
Q179742,1,49.0,49.0,1.0,1.0,0.0,0.0,1.0,1.0,0,1,1,0,0,,,,0.0,100.0,100.0,0.0,0.0
Q179805,7,290.0,433.29,2.0,1.86,0.0,0.71,9.0,9.86,0,4,3,0,0,,,,0.0,57.14,42.86,0.0,0.0
Q1798603,1,113.0,113.0,1.0,1.0,1.0,1.0,13.0,13.0,0,0,1,0,0,,,,0.0,0.0,100.0,0.0,0.0
Q1798641,1,161.0,161.0,1.0,1.0,2.0,2.0,5.0,5.0,0,0,1,0,0,,,,0.0,0.0,100.0,0.0,0.0
Q179872,6,47.0,170.67,0.0,0.5,0.0,0.67,4.5,20.17,5,5,5,5,5,,,,83.33,83.33,83.33,83.33,83.33
Q179875,2,3861.0,3861.0,90.5,90.5,2.0,2.0,104.0,104.0,0,0,0,0,0,,,,0.0,0.0,0.0,0.0,0.0
Q1798773,1,49.0,49.0,1.0,1.0,0.0,0.0,1.0,1.0,0,1,1,0,0,,,,0.0,100.0,100.0,0.0,0.0
Q1799072,37,112.0,234.97,1.0,1.54,0.0,0.51,5.0,10.76,4,28,28,2,1,,,,10.81,75.68,75.68,5.41,2.7
Q17990745,1,630.0,630.0,1.0,1.0,0.0,0.0,7.0,7.0,0,1,0,0,0,,,,0.0,100.0,0.0,0.0,0.0
Q17994098,1,1749.0,1749.0,16.0,16.0,1.0,1.0,20.0,20.0,0,0,0,0,0,,,,0.0,0.0,0.0,0.0,0.0
Q180046,1,441.0,441.0,2.0,2.0,4.0,4.0,48.0,48.0,0,0,0,0,0,,,,0.0,0.0,0.0,0.0,0.0
Q18011172,2,403.5,403.5,1.0,1.0,0.0,0.0,38.5,38.5,0,2,0,0,0,,,,0.0,100.0,0.0,0.0,0.0
Q180160,1,54.0,54.0,1.0,1.0,0.0,0.0,9.0,9.0,0,1,1,0,0,,,,0.0,100.0,100.0,0.0,0.0
Q180254,1,54.0,54.0,1.0,1.0,0.0,0.0,3.0,3.0,0,1,1,0,0,,,,0.0,100.0,100.0,0.0,0.0
Q1802801,1112,296.0,295.53,0.0,0.0,0.0,0.28,9.0,8.01,1111,800,7,7,7,,,,99.91,71.94,0.63,0.63,0.63
Q1802963,3,393.0,329.0,1.0,1.0,1.0,1.0,15.0,13.0,1,1,1,1,0,,,,33.33,33.33,33.33,33.33,0.0
Q18033462,1,74.0,74.0,0.0,0.0,0.0,0.0,1.0,1.0,1,1,1,1,1,,,,100.0,100.0,100.0,100.0,100.0
Q1803829,4,92.5,120.5,1.5,1.5,0.5,0.75,5.0,6.75,0,2,3,0,0,,,,0.0,50.0,75.0,0.0,0.0
Q18043430,1,9283.0,9283.0,0.0,0.0,0.0,0.0,218.0,218.0,1,1,0,0,0,national timeline,national timeline,хронология истории страны,100.0,100.0,0.0,0.0,0.0
Q180454,3,119.0,124.67,1.0,0.67,0.0,0.33,4.0,4.0,1,2,3,1,1,,,,33.33,66.67,100.0,33.33,33.33
Q180537,1,56.0,56.0,0.0,0.0,0.0,0.0,4.0,4.0,1,1,1,1,1,,,,100.0,100.0,100.0,100.0,100.0
Q18054608,1,1752.0,1752.0,3.0,3.0,5.0,5.0,29.0,29.0,0,0,0,0,0,,,,0.0,0.0,0.0,0.0,0.0
Q180592,2,931.0,931.0,3.0,3.0,2.0,2.0,18.0,18.0,0,0,0,0,0,,,,0.0,0.0,0.0,0.0,0.0
Q180673,4,102.5,143.5,0.5,0.5,0.5,0.5,6.0,8.25,2,2,3,1,1,,,,50.0,50.0,75.0,25.0,25.0
Q180684,3,358.0,583.33,1.0,10.33,1.0,1.0,8.0,21.67,0,1,1,0,0,,,,0.0,33.33,33.33,0.0,0.0
Q1807108,1,438.0,438.0,0.0,0.0,1.0,1.0,91.0,91.0,1,0,0,0,0,,,,100.0,0.0,0.0,0.0,0.0
Q180712,1,52.0,52.0,0.0,0.0,0.0,0.0,5.0,5.0,1,1,1,1,1,,,,100.0,100.0,100.0,100.0,100.0
Q18071983,20,514.5,525.15,0.0,0.3,0.0,0.1,25.0,27.2,18,18,0,0,0,,,,90.0,90.0,0.0,0.0,0.0
Q180868,1,524.0,524.0,3.0,3.0,1.0,1.0,37.0,37.0,0,0,0,0,0,,,,0.0,0.0,0.0,0.0,0.0
Q18088516,4,38.0,40.25,0.0,0.0,0.0,0.25,1.5,2.25,4,3,4,4,3,,,,100.0,75.0,100.0,100.0,75.0
Q180958,2,506.5,506.5,0.0,0.0,0.5,0.5,19.0,19.0,2,1,0,0,0,,,,100.0,50.0,0.0,0.0,0.0
Q18096903,1,179.0,179.0,1.0,1.0,0.0,0.0,9.0,9.0,0,1,1,0,0,,,,0.0,100.0,100.0,0.0,0.0
Q180987,2,218.0,218.0,1.0,1.0,2.0,2.0,4.0,4.0,0,0,2,0,0,,,,0.0,0.0,100.0,0.0,0.0
Q1810858,2,325.5,325.5,4.5,4.5,0.0,0.0,25.0,25.0,0,2,1,0,0,,,,0.0,100.0,50.0,0.0,0.0
Q1811014,2,154.0,154.0,1.5,1.5,0.5,0.5,2.0,2.0,0,1,2,0,0,,,,0.0,50.0,100.0,0.0,0.0
Q181156,1,244.0,244.0,0.0,0.0,0.0,0.0,8.0,8.0,1,1,1,1,1,,,,100.0,100.0,100.0,100.0,100.0
Q181175,2,1515.0,1515.0,5.0,5.0,0.0,0.0,43.5,43.5,0,2,0,0,0,,,,0.0,100.0,0.0,0.0,0.0
Q18120378,2,146.5,146.5,1.0,1.0,1.0,1.0,6.5,6.5,0,0,2,0,0,,,,0.0,0.0,100.0,0.0,0.0
Q1812439,1,314.0,314.0,2.0,2.0,5.0,5.0,17.0,17.0,0,0,0,0,0,,,,0.0,0.0,0.0,0.0,0.0
Q18127,6,374.5,581.67,2.0,2.0,0.0,0.17,22.0,35.67,2,5,0,0,0,record label,Дыбысжазба лейблі,лейбл звукозаписи,33.33,83.33,0.0,0.0,0.0
Q181348,1,221.0,221.0,1.0,1.0,1.0,1.0,7.0,7.0,0,0,1,0,0,,,,0.0,0.0,100.0,0.0,0.0
Q1813494,1,56.0,56.0,0.0,0.0,1.0,1.0,1.0,1.0,1,0,1,1,0,,,,100.0,0.0,100.0,100.0,0.0
Q18142,3,478.0,622.33,1.0,4.67,0.0,1.0,5.0,8.0,0,2,0,0,0,tower block,tower block,высотное здание,0.0,66.67,0.0,0.0,0.0
Q1814351,1,603.0,603.0,4.0,4.0,0.0,0.0,16.0,16.0,0,1,0,0,0,,,,0.0,100.0,0.0,0.0,0.0
Q1815494,1,32.0,32.0,1.0,1.0,1.0,1.0,2.0,2.0,0,0,1,0,0,,,,0.0,0.0,100.0,0.0,0.0
Q1815901,2,84.0,84.0,1.0,1.0,0.5,0.5,7.5,7.5,0,1,2,0,0,,,,0.0,50.0,100.0,0.0,0.0
Q1815926,7,309.0,316.57,1.0,0.71,0.0,0.43,8.0,7.71,2,4,0,0,0,,,,28.57,57.14,0.0,0.0,0.0
Q181593,4,152.5,183.5,0.5,0.5,1.5,1.25,0.5,0.75,2,1,3,1,1,,,,50.0,25.0,75.0,25.0,25.0
Q181648,1,822.0,822.0,11.0,11.0,0.0,0.0,11.0,11.0,0,1,0,0,0,foreign policy,сыртқы саясат,внешняя политика,0.0,100.0,0.0,0.0,0.0
Q1816844,2,203.5,203.5,1.5,1.5,0.5,0.5,18.0,18.0,0,1,1,0,0,,,,0.0,50.0,50.0,0.0,0.0
Q18173381,1,469.0,469.0,17.0,17.0,1.0,1.0,4.0,4.0,0,0,0,0,0,,,,0.0,0.0,0.0,0.0,0.0
Q18175632,1,398.0,398.0,0.0,0.0,0.0,0.0,31.0,31.0,1,1,0,0,0,,,,100.0,100.0,0.0,0.0,0.0
Q181790,2,196.0,196.0,1.5,1.5,0.5,0.5,4.5,4.5,0,1,1,0,0,,,,0.0,50.0,50.0,0.0,0.0
Q181888,2,315.5,315.5,2.0,2.0,0.0,0.0,17.5,17.5,0,2,1,0,0,,,,0.0,100.0,50.0,0.0,0.0
Q18189,4,203.5,338.75,1.0,1.0,1.0,1.0,7.5,25.75,1,1,3,0,0,,,,25.0,25.0,75.0,0.0,0.0
Q181898,1,169.0,169.0,0.0,0.0,1.0,1.0,11.0,11.0,1,0,1,1,0,,,,100.0,0.0,100.0,100.0,0.0
Q18195680,1,348.0,348.0,1.0,1.0,3.0,3.0,4.0,4.0,0,0,0,0,0,,,,0.0,0.0,0.0,0.0,0.0
Q181970,3,96.0,93.33,0.0,0.67,1.0,0.67,6.0,6.33,2,1,3,2,1,,,,66.67,33.33,100.0,66.67,33.33
Q18199879,1,455.0,455.0,3.0,3.0,0.0,0.0,3.0,3.0,0,1,0,0,0,,,,0.0,100.0,0.0,0.0,0.0
Q182037,2,228.5,228.5,2.5,2.5,0.5,0.5,21.0,21.0,1,1,1,1,0,,,,50.0,50.0,50.0,50.0,0.0
Q18204722,1,267.0,267.0,1.0,1.0,0.0,0.0,11.0,11.0,0,1,0,0,0,,,,0.0,100.0,0.0,0.0,0.0
Q182060,1,864.0,864.0,17.0,17.0,2.0,2.0,30.0,30.0,0,0,0,0,0,,,,0.0,0.0,0.0,0.0,0.0
Q182068,1,481.0,481.0,0.0,0.0,0.0,0.0,123.0,123.0,1,1,0,0,0,,,,100.0,100.0,0.0,0.0,0.0
Q18208028,1,2410.0,2410.0,1.0,1.0,1.0,1.0,321.0,321.0,0,0,0,0,0,,,,0.0,0.0,0.0,0.0,0.0
Q18208034,2,115.0,115.0,1.0,1.0,0.0,0.0,6.5,6.5,0,2,2,0,0,,,,0.0,100.0,100.0,0.0,0.0
Q182103,1,375.0,375.0,3.0,3.0,0.0,0.0,12.0,12.0,0,1,0,0,0,pension fund,pension fund,пенсионный фонд,0.0,100.0,0.0,0.0,0.0
Q18210787,1,133.0,133.0,0.0,0.0,2.0,2.0,9.0,9.0,1,0,1,1,0,,,,100.0,0.0,100.0,100.0,0.0
Q182133,4,194.0,410.0,1.0,0.75,1.0,1.0,11.5,12.0,1,1,2,1,1,,,,25.0,25.0,50.0,25.0,25.0
Q182167,1,41.0,41.0,1.0,1.0,0.0,0.0,10.0,10.0,0,1,1,0,0,,,,0.0,100.0,100.0,0.0,0.0
Q1823478,1,247.0,247.0,1.0,1.0,1.0,1.0,20.0,20.0,0,0,1,0,0,,,,0.0,0.0,100.0,0.0,0.0
Q182357,1,231.0,231.0,3.0,3.0,0.0,0.0,12.0,12.0,0,1,1,0,0,,,,0.0,100.0,100.0,0.0,0.0
Q182406,4,124.5,130.0,0.5,0.5,0.5,0.5,8.0,7.5,2,2,4,2,2,,,,50.0,50.0,100.0,50.0,50.0
Q1824109,2,189.5,189.5,1.5,1.5,0.0,0.0,9.5,9.5,0,2,1,0,0,,,,0.0,100.0,50.0,0.0,0.0
Q1824674,1,205.0,205.0,0.0,0.0,0.0,0.0,25.0,25.0,1,1,1,1,1,,,,100.0,100.0,100.0,100.0,100.0
Q18247357,4,446.0,472.25,1.0,1.5,1.0,2.75,20.0,20.25,2,2,1,1,0,group of structures or buildings,group of structures or buildings,группа структур и зданий,50.0,50.0,25.0,25.0,0.0
Q182531,1,2036.0,2036.0,0.0,0.0,6.0,6.0,10.0,10.0,1,0,0,0,0,,,,100.0,0.0,0.0,0.0,0.0
Q1825417,1,1024.0,1024.0,0.0,0.0,0.0,0.0,61.0,61.0,1,1,0,0,0,,,,100.0,100.0,0.0,0.0,0.0
Q182545,37,116.0,205.84,1.0,1.41,0.0,0.0,5.0,6.68,4,37,29,3,3,,,,10.81,100.0,78.38,8.11,8.11
Q182547,6,123.5,233.33,0.0,0.17,1.0,1.0,15.5,15.67,5,2,4,4,1,,,,83.33,33.33,66.67,66.67,16.67
Q1825472,2,107.0,107.0,1.0,1.0,1.0,1.0,5.5,5.5,0,0,2,0,0,,,,0.0,0.0,100.0,0.0,0.0
Q182593,1,110.0,110.0,1.0,1.0,1.0,1.0,0.0,0.0,0,0,1,0,0,,,,0.0,0.0,100.0,0.0,0.0
Q1826286,17,236.0,664.24,1.0,4.71,0.0,0.53,10.0,19.53,3,13,10,1,1,,,,17.65,76.47,58.82,5.88,5.88
Q182661,1,37.0,37.0,1.0,1.0,1.0,1.0,3.0,3.0,0,0,1,0,0,,,,0.0,0.0,100.0,0.0,0.0
Q1827,3,284.0,371.67,0.0,1.67,0.0,0.67,3.0,2.33,2,2,0,0,0,,,,66.67,66.67,0.0,0.0,0.0
Q1827102,1,1179.0,1179.0,1.0,1.0,2.0,2.0,14.0,14.0,0,0,0,0,0,,,,0.0,0.0,0.0,0.0,0.0
Q18279,1,258.0,258.0,0.0,0.0,0.0,0.0,4.0,4.0,1,1,0,0,0,,,,100.0,100.0,0.0,0.0,0.0
Q18285132,4,1362.0,1617.75,3.0,4.5,3.0,3.5,74.0,76.75,0,0,0,0,0,,,,0.0,0.0,0.0,0.0,0.0
Q18285142,11,691.0,676.91,1.0,1.73,0.0,0.64,38.0,41.36,3,7,0,0,0,,,,27.27,63.64,0.0,0.0,0.0
Q18291645,2,320.0,320.0,0.5,0.5,1.5,1.5,17.0,17.0,1,0,1,0,0,,,,50.0,0.0,50.0,0.0,0.0
Q1829324,2,779.0,779.0,20.0,20.0,44.0,44.0,135.5,135.5,0,0,1,0,0,,,,0.0,0.0,50.0,0.0,0.0
Q182940,2,65.5,65.5,1.0,1.0,0.5,0.5,3.5,3.5,0,1,2,0,0,,,,0.0,50.0,100.0,0.0,0.0
Q182985,2,188.0,188.0,2.0,2.0,0.5,0.5,8.0,8.0,0,1,1,0,0,,,,0.0,50.0,50.0,0.0,0.0
Q183039,12,202.5,548.33,2.0,6.08,0.0,0.42,11.5,25.25,1,8,7,1,0,,,,8.33,66.67,58.33,8.33,0.0
Q183122,1,101.0,101.0,1.0,1.0,0.0,0.0,6.0,6.0,0,1,1,0,0,,,,0.0,100.0,100.0,0.0,0.0
Q183197,1,3731.0,3731.0,9.0,9.0,2.0,2.0,19.0,19.0,0,0,0,0,0,,,,0.0,0.0,0.0,0.0,0.0
Q18325242,7,621.0,983.86,0.0,0.0,0.0,5.71,44.0,143.29,7,5,1,1,1,ice hockey competition,ice hockey competition,турнир по хоккею с шайбой,100.0,71.43,14.29,14.29,14.29
Q18325436,1,145.0,145.0,1.0,1.0,1.0,1.0,7.0,7.0,0,0,1,0,0,,,,0.0,0.0,100.0,0.0,0.0
Q18325460,1,38.0,38.0,1.0,1.0,0.0,0.0,0.0,0.0,0,1,1,0,0,,,,0.0,100.0,100.0,0.0,0.0
Q18325483,1,108.0,108.0,1.0,1.0,0.0,0.0,8.0,8.0,0,1,1,0,0,,,,0.0,100.0,100.0,0.0,0.0
Q183257,1,87.0,87.0,2.0,2.0,0.0,0.0,8.0,8.0,0,1,1,0,0,,,,0.0,100.0,100.0,0.0,0.0
Q18325841,2,338.0,338.0,2.0,2.0,0.5,0.5,11.5,11.5,0,1,0,0,0,,,,0.0,50.0,0.0,0.0,0.0
Q183273,2,288.0,288.0,2.0,2.0,2.0,2.0,13.0,13.0,0,0,0,0,0,,,,0.0,0.0,0.0,0.0,0.0
Q18328097,11,504.0,1021.82,1.0,3.55,2.0,3.36,15.0,15.82,3,0,3,1,0,,,,27.27,0.0,27.27,9.09,0.0
Q183288,3,535.0,830.0,5.0,13.0,1.0,1.33,12.0,29.67,0,1,1,0,0,National Olympic Committee,Ұлттық Олимпиада комитеттері,Национальный олимпийский комитет,0.0,33.33,33.33,0.0,0.0
Q18334,1,186.0,186.0,0.0,0.0,1.0,1.0,8.0,8.0,1,0,1,1,0,,,,100.0,0.0,100.0,100.0,0.0
Q183342,3,1128.0,1156.67,5.0,5.67,3.0,3.0,17.0,36.67,0,1,0,0,0,federal city of Russia,federal city of Russia,город федерального значения в России,0.0,33.33,0.0,0.0,0.0
Q18335,1,162.0,162.0,0.0,0.0,0.0,0.0,11.0,11.0,1,1,1,1,1,,,,100.0,100.0,100.0,100.0,100.0
Q183366,4,356.5,442.5,1.0,2.0,1.0,1.25,24.5,29.25,0,0,2,0,0,territory,territory,территория,0.0,0.0,50.0,0.0,0.0
Q183368,1,227.0,227.0,3.0,3.0,0.0,0.0,12.0,12.0,0,1,1,0,0,,,,0.0,100.0,100.0,0.0,0.0
Q18340514,15,476.0,629.33,0.0,3.13,0.0,0.4,55.0,62.93,11,12,4,4,4,events in a specific year or time period,events in a specific year or time period,хроника в Википедии,73.33,80.0,26.67,26.67,26.67
Q18340550,22,3249.5,3731.09,1.0,47.45,0.5,77.23,47.5,68.09,10,11,0,0,0,Wikimedia timeline,Wikimedia timeline,статья — временная шкала,45.45,50.0,0.0,0.0,0.0
Q18340964,1,511.0,511.0,2.0,2.0,3.0,3.0,24.0,24.0,0,0,0,0,0,,,,0.0,0.0,0.0,0.0,0.0
Q18342738,1,139.0,139.0,1.0,1.0,0.0,0.0,4.0,4.0,0,1,1,0,0,,,,0.0,100.0,100.0,0.0,0.0
Q18343076,1,522.0,522.0,10.0,10.0,0.0,0.0,9.0,9.0,0,1,0,0,0,,,,0.0,100.0,0.0,0.0,0.0
Q18347143,2,125.0,125.0,0.0,0.0,0.5,0.5,6.0,6.0,2,1,2,2,1,,,,100.0,50.0,100.0,100.0,50.0
Q18352980,1,126.0,126.0,0.0,0.0,0.0,0.0,5.0,5.0,1,1,1,1,1,,,,100.0,100.0,100.0,100.0,100.0
Q1836494,2,1040.0,1040.0,23.5,23.5,1.0,1.0,20.5,20.5,1,0,0,0,0,,,,50.0,0.0,0.0,0.0,0.0
Q18369361,2,704.0,704.0,5.0,5.0,3.5,3.5,31.0,31.0,1,1,1,1,1,UN observance day,UN observance day,UN observance day,50.0,50.0,50.0,50.0,50.0
Q18382796,1,187.0,187.0,1.0,1.0,0.0,0.0,9.0,9.0,0,1,1,0,0,,,,0.0,100.0,100.0,0.0,0.0
Q18388277,12,484.0,619.17,6.5,8.58,0.0,0.5,29.5,32.0,2,8,2,0,0,technology company,technology company,технологическая компания,16.67,66.67,16.67,0.0,0.0
Q183888,1,269.0,269.0,3.0,3.0,0.0,0.0,17.0,17.0,0,1,0,0,0,,,,0.0,100.0,0.0,0.0,0.0
Q18396734,1,256.0,256.0,1.0,1.0,1.0,1.0,12.0,12.0,0,0,0,0,0,,,,0.0,0.0,0.0,0.0,0.0
Q18401107,1,57.0,57.0,1.0,1.0,1.0,1.0,1.0,1.0,0,0,1,0,0,,,,0.0,0.0,100.0,0.0,0.0
Q1840161,1,103.0,103.0,0.0,0.0,1.0,1.0,2.0,2.0,1,0,1,1,0,,,,100.0,0.0,100.0,100.0,0.0
Q1840368,2,122.0,122.0,0.5,0.5,1.0,1.0,0.0,0.0,1,0,2,1,0,,,,50.0,0.0,100.0,50.0,0.0
Q18408562,2,241.0,241.0,1.5,1.5,0.0,0.0,9.0,9.0,0,2,1,0,0,,,,0.0,100.0,50.0,0.0,0.0
Q184188,1,332.0,332.0,0.0,0.0,0.0,0.0,14.0,14.0,1,1,0,0,0,,,,100.0,100.0,0.0,0.0,0.0
Q18431960,1,1452.0,1452.0,2.0,2.0,2.0,2.0,15.0,15.0,0,0,0,0,0,,,,0.0,0.0,0.0,0.0,0.0
Q184348,747,262.0,260.32,0.0,0.0,0.0,0.0,18.0,16.41,747,747,96,96,96,,,,100.0,100.0,12.85,12.85,12.85
Q184356,1,162.0,162.0,1.0,1.0,2.0,2.0,7.0,7.0,0,0,1,0,0,,,,0.0,0.0,100.0,0.0,0.0
Q184358,2,126.5,126.5,0.0,0.0,0.0,0.0,5.0,5.0,2,2,2,2,2,,,,100.0,100.0,100.0,100.0,100.0
Q184439,2,140.0,140.0,0.0,0.0,1.0,1.0,14.0,14.0,2,0,2,2,0,,,,100.0,0.0,100.0,100.0,0.0
Q184554,2,234.5,234.5,0.0,0.0,0.5,0.5,8.0,8.0,2,1,1,1,1,,,,100.0,50.0,50.0,50.0,50.0
Q18460157,1,543.0,543.0,3.0,3.0,0.0,0.0,6.0,6.0,0,1,0,0,0,,,,0.0,100.0,0.0,0.0,0.0
Q184611,4,203.5,283.75,1.0,1.0,0.5,0.5,18.0,28.0,1,2,2,1,0,,,,25.0,50.0,50.0,25.0,0.0
Q184644,3,505.0,463.0,2.0,1.67,1.0,1.0,30.0,21.33,1,0,0,0,0,,,,33.33,0.0,0.0,0.0,0.0
Q18466176,5,312.0,371.6,1.0,2.0,0.0,0.2,8.0,6.6,1,4,0,0,0,,,,20.0,80.0,0.0,0.0,0.0
Q184743,1,86.0,86.0,1.0,1.0,1.0,1.0,5.0,5.0,0,0,1,0,0,,,,0.0,0.0,100.0,0.0,0.0
Q184759,4,868.5,5038.25,2.0,2.0,1.0,1.0,20.0,23.75,0,1,0,0,0,,,,0.0,25.0,0.0,0.0,0.0
Q18487018,1,89.0,89.0,0.0,0.0,0.0,0.0,0.0,0.0,1,1,1,1,1,,,,100.0,100.0,100.0,100.0,100.0
Q18487055,24,149.5,194.25,0.0,0.71,1.0,0.75,2.5,5.92,13,8,20,11,6,,,,54.17,33.33,83.33,45.83,25.0
Q184932,4,255.5,363.5,1.0,0.75,0.0,0.0,7.0,8.5,1,4,2,0,0,,,,25.0,100.0,50.0,0.0,0.0
Q18493502,1,408.0,408.0,7.0,7.0,0.0,0.0,13.0,13.0,0,1,0,0,0,,,,0.0,100.0,0.0,0.0,0.0
Q184949,1,753.0,753.0,0.0,0.0,3.0,3.0,7.0,7.0,1,0,0,0,0,,,,100.0,0.0,0.0,0.0,0.0
Q1849719,1,339.0,339.0,0.0,0.0,0.0,0.0,15.0,15.0,1,1,0,0,0,,,,100.0,100.0,0.0,0.0,0.0
Q185049,1,119.0,119.0,1.0,1.0,1.0,1.0,2.0,2.0,0,0,1,0,0,,,,0.0,0.0,100.0,0.0,0.0
Q185086,3,407.0,391.33,1.0,1.67,0.0,0.0,23.0,23.33,0,3,0,0,0,,,,0.0,100.0,0.0,0.0,0.0
Q185087,5,403.0,589.6,1.0,1.6,1.0,5.6,7.0,24.2,1,1,2,0,0,,,,20.0,20.0,40.0,0.0,0.0
Q18509232,3,811.0,1147.33,3.0,7.33,4.0,4.0,21.0,19.67,0,0,0,0,0,fast food restaurant chain,fast food restaurant chain,сеть быстрого питания,0.0,0.0,0.0,0.0,0.0
Q18510489,2,1306.5,1306.5,11.0,11.0,0.0,0.0,24.0,24.0,0,2,0,0,0,,,,0.0,100.0,0.0,0.0,0.0
Q185113,33,115.0,135.36,0.0,0.52,0.0,0.27,3.0,4.3,19,27,29,16,14,cape,Мүйіс,мыс,57.58,81.82,87.88,48.48,42.42
Q18511725,7,137.0,349.0,0.0,2.57,1.0,1.29,4.0,9.86,4,1,5,3,1,,,,57.14,14.29,71.43,42.86,14.29
Q185217,1,172.0,172.0,2.0,2.0,1.0,1.0,12.0,12.0,0,0,1,0,0,,,,0.0,0.0,100.0,0.0,0.0
Q18524218,2,331.0,331.0,3.5,3.5,1.0,1.0,6.0,6.0,1,1,1,1,0,,,,50.0,50.0,50.0,50.0,0.0
Q1852859,14,77.5,228.86,1.0,2.0,0.0,0.0,6.5,6.64,3,14,12,3,3,,,,21.43,100.0,85.71,21.43,21.43
Q18534,1,570.0,570.0,8.0,8.0,1.0,1.0,5.0,5.0,0,0,0,0,0,,,,0.0,0.0,0.0,0.0,0.0
Q185357,7,161.0,202.57,1.0,1.43,1.0,0.86,6.0,8.43,0,3,4,0,0,,,,0.0,42.86,57.14,0.0,0.0
Q185363,2,173.0,173.0,1.0,1.0,0.5,0.5,20.0,20.0,0,1,2,0,0,,,,0.0,50.0,100.0,0.0,0.0
Q18536323,2,554.0,554.0,0.0,0.0,0.0,0.0,104.0,104.0,2,2,1,1,1,basketball league,basketball league,баскетбольная лига,100.0,100.0,50.0,50.0,50.0
Q18536594,1,416.0,416.0,0.0,0.0,0.0,0.0,4.0,4.0,1,1,0,0,0,,,,100.0,100.0,0.0,0.0,0.0
Q18543139,3,373.0,383.67,4.0,4.0,2.0,1.67,3.0,4.33,0,0,0,0,0,,,,0.0,0.0,0.0,0.0,0.0
Q1854340,1,107.0,107.0,1.0,1.0,1.0,1.0,10.0,10.0,0,0,1,0,0,,,,0.0,0.0,100.0,0.0,0.0
Q185451,1,57.0,57.0,1.0,1.0,0.0,0.0,3.0,3.0,0,1,1,0,0,,,,0.0,100.0,100.0,0.0,0.0
Q18558301,1,106.0,106.0,0.0,0.0,0.0,0.0,2.0,2.0,1,1,1,1,1,,,,100.0,100.0,100.0,100.0,100.0
Q18563147,1,326.0,326.0,3.0,3.0,1.0,1.0,3.0,3.0,0,0,0,0,0,,,,0.0,0.0,0.0,0.0,0.0
Q18563354,1,721.0,721.0,5.0,5.0,1.0,1.0,42.0,42.0,0,0,0,0,0,,,,0.0,0.0,0.0,0.0,0.0
Q18563360,9,248.0,727.56,1.0,2.11,0.0,0.33,7.0,10.78,0,8,5,0,0,,,,0.0,88.89,55.56,0.0,0.0
Q18564543,1,101.0,101.0,1.0,1.0,0.0,0.0,4.0,4.0,0,1,1,0,0,international conference,international conference,международная конференция,0.0,100.0,100.0,0.0,0.0
Q185688,1,1545.0,1545.0,4.0,4.0,0.0,0.0,86.0,86.0,0,1,0,0,0,,,,0.0,100.0,0.0,0.0,0.0
Q185698,5,459.0,2291.0,1.0,1.4,0.0,0.4,10.0,19.8,1,3,2,0,0,,,,20.0,60.0,40.0,0.0,0.0
Q185744,1,97.0,97.0,2.0,2.0,1.0,1.0,15.0,15.0,0,0,1,0,0,,,,0.0,0.0,100.0,0.0,0.0
Q18574943,1,361.0,361.0,0.0,0.0,1.0,1.0,25.0,25.0,1,0,0,0,0,,,,100.0,0.0,0.0,0.0,0.0
Q185836,3,168.0,170.67,0.0,1.0,1.0,1.0,6.0,6.0,2,1,3,2,1,,,,66.67,33.33,100.0,66.67,33.33
Q18586263,1,197.0,197.0,1.0,1.0,0.0,0.0,6.0,6.0,0,1,1,0,0,,,,0.0,100.0,100.0,0.0,0.0
Q185957,1,39.0,39.0,1.0,1.0,0.0,0.0,2.0,2.0,0,1,1,0,0,,,,0.0,100.0,100.0,0.0,0.0
Q18603218,1,47.0,47.0,1.0,1.0,1.0,1.0,2.0,2.0,0,0,1,0,0,,,,0.0,0.0,100.0,0.0,0.0
Q18603729,3,624.0,4486.0,1.0,39.67,1.0,11.33,23.0,30.0,1,0,1,0,0,,,,33.33,0.0,33.33,0.0,0.0
Q186081,3,388.0,333.0,1.0,2.0,0.0,0.0,3.0,7.0,1,3,1,0,0,,,,33.33,100.0,33.33,0.0,0.0
Q18608583,236,546.5,840.63,0.0,0.61,0.0,2.43,42.0,80.81,195,150,28,23,20,recurring sporting event,recurring sporting event,повторяющееся спортивное событие,82.63,63.56,11.86,9.75,8.47
Q186131,1,232.0,232.0,1.0,1.0,0.0,0.0,14.0,14.0,0,1,1,0,0,,,,0.0,100.0,100.0,0.0,0.0
Q18615527,1,100.0,100.0,1.0,1.0,1.0,1.0,6.0,6.0,0,0,1,0,0,,,,0.0,0.0,100.0,0.0,0.0
Q186157,1,339.0,339.0,4.0,4.0,1.0,1.0,17.0,17.0,0,0,0,0,0,,,,0.0,0.0,0.0,0.0,0.0
Q18616317,1,500.0,500.0,2.0,2.0,0.0,0.0,49.0,49.0,0,1,0,0,0,,,,0.0,100.0,0.0,0.0,0.0
Q186165,3,869.0,831.0,2.0,3.67,1.0,0.67,59.0,45.67,1,1,0,0,0,,,,33.33,33.33,0.0,0.0,0.0
Q186218,1,602.0,602.0,8.0,8.0,0.0,0.0,38.0,38.0,0,1,0,0,0,,,,0.0,100.0,0.0,0.0,0.0
Q18632459,1,95.0,95.0,1.0,1.0,0.0,0.0,9.0,9.0,0,1,1,0,0,,,,0.0,100.0,100.0,0.0,0.0
Q1863435,3,1560.0,1807.67,2.0,28.0,1.0,2.0,55.0,50.67,0,1,0,0,0,,,,0.0,33.33,0.0,0.0,0.0
Q186347,1,195.0,195.0,2.0,2.0,0.0,0.0,11.0,11.0,0,1,1,0,0,,,,0.0,100.0,100.0,0.0,0.0
Q186361,4,159.0,212.5,1.0,0.75,0.0,0.25,6.5,7.0,1,3,3,1,1,,,,25.0,75.0,75.0,25.0,25.0
Q186408,1,92.0,92.0,1.0,1.0,0.0,0.0,0.0,0.0,0,1,1,0,0,,,,0.0,100.0,100.0,0.0,0.0
Q186509,4,402.5,441.5,1.0,1.0,1.0,1.0,13.5,13.0,2,1,2,1,1,,,,50.0,25.0,50.0,25.0,25.0
Q186516,28,429.5,530.71,2.0,2.71,1.0,4.07,16.5,24.82,8,12,8,6,6,,,,28.57,42.86,28.57,21.43,21.43
Q1865249,2,241.0,241.0,0.5,0.5,0.0,0.0,7.5,7.5,1,2,2,1,1,,,,50.0,100.0,100.0,50.0,50.0
Q18657584,2,366.5,366.5,0.0,0.0,0.0,0.0,9.0,9.0,2,2,0,0,0,,,,100.0,100.0,0.0,0.0,0.0
Q18663579,1,82.0,82.0,0.0,0.0,0.0,0.0,18.0,18.0,1,1,1,1,1,,,,100.0,100.0,100.0,100.0,100.0
Q186693,1,98.0,98.0,1.0,1.0,1.0,1.0,6.0,6.0,0,0,1,0,0,,,,0.0,0.0,100.0,0.0,0.0
Q18670161,1,370.0,370.0,3.0,3.0,1.0,1.0,20.0,20.0,0,0,0,0,0,,,,0.0,0.0,0.0,0.0,0.0
Q186713,1,193.0,193.0,1.0,1.0,1.0,1.0,8.0,8.0,0,0,1,0,0,,,,0.0,0.0,100.0,0.0,0.0
Q18673030,2,952.0,952.0,0.0,0.0,0.0,0.0,4.0,4.0,2,2,1,1,1,,,,100.0,100.0,50.0,50.0,50.0
Q18674678,5,53.0,49.2,0.0,0.0,0.0,0.4,14.0,12.2,5,3,5,5,3,,,,100.0,60.0,100.0,100.0,60.0
Q18674739,2,244.5,244.5,0.0,0.0,1.5,1.5,11.0,11.0,2,0,1,1,0,,,,100.0,0.0,50.0,50.0,0.0
Q186752,2,434.0,434.0,0.5,0.5,0.5,0.5,21.5,21.5,1,1,1,0,0,,,,50.0,50.0,50.0,0.0,0.0
Q18677266,1,1119.0,1119.0,11.0,11.0,1.0,1.0,66.0,66.0,0,0,0,0,0,order of merit,order of merit,орден за заслуги,0.0,0.0,0.0,0.0,0.0
Q1867820,1,1894.0,1894.0,8.0,8.0,24.0,24.0,50.0,50.0,0,0,0,0,0,,,,0.0,0.0,0.0,0.0,0.0
Q186817,1,199.0,199.0,3.0,3.0,0.0,0.0,17.0,17.0,0,1,1,0,0,,,,0.0,100.0,100.0,0.0,0.0
Q186839,1,519.0,519.0,2.0,2.0,0.0,0.0,10.0,10.0,0,1,0,0,0,,,,0.0,100.0,0.0,0.0,0.0
Q186875,2,401.5,401.5,0.0,0.0,0.0,0.0,36.5,36.5,2,2,0,0,0,,,,100.0,100.0,0.0,0.0,0.0
Q1869496,1,50.0,50.0,1.0,1.0,0.0,0.0,3.0,3.0,0,1,1,0,0,,,,0.0,100.0,100.0,0.0,0.0
Q18698522,1,2334.0,2334.0,28.0,28.0,27.0,27.0,147.0,147.0,0,0,0,0,0,,,,0.0,0.0,0.0,0.0,0.0
Q18704634,2,359.5,359.5,6.5,6.5,0.0,0.0,4.0,4.0,0,2,1,0,0,,,,0.0,100.0,50.0,0.0,0.0
Q18706315,4,391.0,412.0,1.0,3.0,1.0,2.0,12.5,14.25,2,1,1,1,1,,,,50.0,25.0,25.0,25.0,25.0
Q18711682,2,1005.0,1005.0,33.0,33.0,0.5,0.5,15.5,15.5,0,1,0,0,0,,,,0.0,50.0,0.0,0.0,0.0
Q187223,3,609.0,496.33,0.0,1.0,0.0,0.33,21.0,29.0,2,2,1,1,1,,,,66.67,66.67,33.33,33.33,33.33
Q1872284,1,337.0,337.0,0.0,0.0,0.0,0.0,2.0,2.0,1,1,0,0,0,,,,100.0,100.0,0.0,0.0,0.0
Q1872885,1,279.0,279.0,0.0,0.0,1.0,1.0,24.0,24.0,1,0,0,0,0,,,,100.0,0.0,0.0,0.0,0.0
Q18729324,8,260.0,257.62,2.0,1.5,0.0,0.0,5.0,5.38,1,8,3,1,1,razyezd,razyezd,разъезд как населённый пункт,12.5,100.0,37.5,12.5,12.5
Q187432,2,331.5,331.5,1.5,1.5,0.5,0.5,18.5,18.5,1,1,1,1,1,,,,50.0,50.0,50.0,50.0,50.0
Q1875618,1,144.0,144.0,2.0,2.0,1.0,1.0,4.0,4.0,0,0,1,0,0,,,,0.0,0.0,100.0,0.0,0.0
Q1875621,2,196.5,196.5,1.0,1.0,2.5,2.5,19.0,19.0,0,0,1,0,0,,,,0.0,0.0,50.0,0.0,0.0
Q187588,22,137.0,368.55,1.0,2.23,0.0,0.5,9.5,19.55,4,16,13,4,2,,,,18.18,72.73,59.09,18.18,9.09
Q18761864,1,537.0,537.0,3.0,3.0,0.0,0.0,7.0,7.0,0,1,0,0,0,,,,0.0,100.0,0.0,0.0,0.0
Q187634,1,43.0,43.0,1.0,1.0,1.0,1.0,4.0,4.0,0,0,1,0,0,,,,0.0,0.0,100.0,0.0,0.0
Q187668,1,276.0,276.0,1.0,1.0,0.0,0.0,16.0,16.0,0,1,0,0,0,,,,0.0,100.0,0.0,0.0,0.0
Q18783400,4,107.0,139.25,1.0,0.75,1.0,1.0,7.0,9.25,1,0,3,0,0,,,,25.0,0.0,75.0,0.0,0.0
Q18786396,5,151.0,141.8,1.0,0.8,0.0,0.4,11.0,11.4,1,3,5,1,1,,,,20.0,60.0,100.0,20.0,20.0
Q187931,5,127.0,153.0,1.0,1.0,0.0,0.4,5.0,5.8,1,3,5,1,0,phrase,фраза,фраза,20.0,60.0,100.0,20.0,0.0
Q187939,1,224.0,224.0,7.0,7.0,1.0,1.0,4.0,4.0,0,0,1,0,0,,,,0.0,0.0,100.0,0.0,0.0
Q187971,1,301.0,301.0,1.0,1.0,1.0,1.0,11.0,11.0,0,0,0,0,0,,,,0.0,0.0,0.0,0.0,0.0
Q188025,38,185.0,280.32,1.0,1.03,0.0,0.47,6.0,12.24,7,32,33,6,5,salt lake,Тұзды көл,минеральное озеро,18.42,84.21,86.84,15.79,13.16
Q188040,1,618.0,618.0,12.0,12.0,0.0,0.0,11.0,11.0,0,1,0,0,0,,,,0.0,100.0,0.0,0.0,0.0
Q188055,9,650.0,833.56,2.0,9.56,0.0,0.67,21.0,31.22,0,7,2,0,0,siege,siege,осада,0.0,77.78,22.22,0.0,0.0
Q188075,1,648.0,648.0,4.0,4.0,5.0,5.0,17.0,17.0,0,0,0,0,0,,,,0.0,0.0,0.0,0.0,0.0
Q18810091,2,480.5,480.5,0.0,0.0,1.5,1.5,5.5,5.5,2,1,0,0,0,,,,100.0,50.0,0.0,0.0,0.0
Q188193,2,255.5,255.5,1.5,1.5,0.5,0.5,11.0,11.0,0,1,1,0,0,,,,0.0,50.0,50.0,0.0,0.0
Q188211,2,217.5,217.5,1.5,1.5,1.5,1.5,14.0,14.0,1,1,1,1,1,,,,50.0,50.0,50.0,50.0,50.0
Q188219,1,273.0,273.0,1.0,1.0,2.0,2.0,2.0,2.0,0,0,0,0,0,,,,0.0,0.0,0.0,0.0,0.0
Q188238,1,185.0,185.0,1.0,1.0,3.0,3.0,13.0,13.0,0,0,1,0,0,,,,0.0,0.0,100.0,0.0,0.0
Q188248,1,253.0,253.0,1.0,1.0,0.0,0.0,7.0,7.0,0,1,0,0,0,,,,0.0,100.0,0.0,0.0,0.0
Q188267,4,89.0,118.0,1.0,1.0,0.0,0.0,1.5,2.75,0,4,4,0,0,,,,0.0,100.0,100.0,0.0,0.0
Q1882685,2,154.0,154.0,1.0,1.0,0.0,0.0,7.0,7.0,0,2,2,0,0,,,,0.0,100.0,100.0,0.0,0.0
Q1884224,1,278.0,278.0,0.0,0.0,2.0,2.0,21.0,21.0,1,0,0,0,0,,,,100.0,0.0,0.0,0.0,0.0
Q1884345,1,510.0,510.0,1.0,1.0,0.0,0.0,22.0,22.0,0,1,0,0,0,,,,0.0,100.0,0.0,0.0,0.0
Q188443,3,272.0,441.33,1.0,2.33,1.0,0.67,7.0,7.0,1,1,1,0,0,,,,33.33,33.33,33.33,0.0,0.0
Q188447,1,101.0,101.0,1.0,1.0,1.0,1.0,1.0,1.0,0,0,1,0,0,,,,0.0,0.0,100.0,0.0,0.0
Q188451,109,196.0,366.09,1.0,1.41,0.0,0.89,9.0,23.68,27,67,63,17,11,music genre,музыка жанрлары,музыкальный жанр,24.77,61.47,57.8,15.6,10.09
Q188460,1,464.0,464.0,2.0,2.0,1.0,1.0,18.0,18.0,0,0,0,0,0,,,,0.0,0.0,0.0,0.0,0.0
Q188467,2,167.0,167.0,2.5,2.5,0.0,0.0,5.5,5.5,0,2,2,0,0,,,,0.0,100.0,100.0,0.0,0.0
Q188504,1,113.0,113.0,1.0,1.0,0.0,0.0,1.0,1.0,0,1,1,0,0,,,,0.0,100.0,100.0,0.0,0.0
Q188509,10,243.5,244.8,0.0,0.3,0.0,0.1,3.5,5.1,7,9,6,6,5,,,,70.0,90.0,60.0,60.0,50.0
Q1885380,1,694.0,694.0,1.0,1.0,0.0,0.0,73.0,73.0,0,1,0,0,0,,,,0.0,100.0,0.0,0.0,0.0
Q188589,1,296.0,296.0,0.0,0.0,1.0,1.0,1.0,1.0,1,0,0,0,0,,,,100.0,0.0,0.0,0.0,0.0
Q188619,1,102.0,102.0,1.0,1.0,0.0,0.0,4.0,4.0,0,1,1,0,0,,,,0.0,100.0,100.0,0.0,0.0
Q18867064,4,660.5,628.75,1.0,2.0,0.0,0.75,9.0,23.75,1,3,0,0,0,,,,25.0,75.0,0.0,0.0,0.0
Q18867465,30,448.5,410.57,1.0,1.17,0.0,0.4,12.0,13.93,11,20,11,4,3,,,,36.67,66.67,36.67,13.33,10.0
Q188686,2,981.0,981.0,15.5,15.5,0.5,0.5,33.5,33.5,0,1,0,0,0,,,,0.0,50.0,0.0,0.0,0.0
Q1887220,2,114.0,114.0,0.5,0.5,0.0,0.0,3.0,3.0,1,2,2,1,1,,,,50.0,100.0,100.0,50.0,50.0
Q188800,1,394.0,394.0,0.0,0.0,1.0,1.0,77.0,77.0,1,0,0,0,0,,,,100.0,0.0,0.0,0.0,0.0
Q188840,7,274.0,351.57,1.0,1.14,0.0,1.0,12.0,13.57,2,4,3,1,1,,,,28.57,57.14,42.86,14.29,14.29
Q188860,3,529.0,829.0,0.0,0.67,0.0,0.33,10.0,11.0,2,2,0,0,0,,,,66.67,66.67,0.0,0.0,0.0
Q18888037,1,364.0,364.0,3.0,3.0,2.0,2.0,2.0,2.0,0,0,0,0,0,,,,0.0,0.0,0.0,0.0,0.0
Q188889,2,495.5,495.5,2.0,2.0,1.0,1.0,27.0,27.0,0,1,1,0,0,,,,0.0,50.0,50.0,0.0,0.0
Q1889,1,140.0,140.0,2.0,2.0,0.0,0.0,7.0,7.0,0,1,1,0,0,,,,0.0,100.0,100.0,0.0,0.0
Q188946,1,104.0,104.0,1.0,1.0,0.0,0.0,4.0,4.0,0,1,1,0,0,,,,0.0,100.0,100.0,0.0,0.0
Q188968,1,51.0,51.0,2.0,2.0,0.0,0.0,2.0,2.0,0,1,1,0,0,,,,0.0,100.0,100.0,0.0,0.0
Q188976,1,174.0,174.0,1.0,1.0,7.0,7.0,2.0,2.0,0,0,1,0,0,,,,0.0,0.0,100.0,0.0,0.0
Q189004,5,174.0,205.8,1.0,0.8,0.0,0.2,2.0,3.8,2,4,3,1,1,college,Колледж,колледж,40.0,80.0,60.0,20.0,20.0
Q189118,62,121.0,201.92,1.0,1.27,1.0,0.94,6.0,9.87,1,19,47,0,0,,,,1.61,30.65,75.81,0.0,0.0
Q189124,1,47.0,47.0,1.0,1.0,2.0,2.0,0.0,0.0,0,0,1,0,0,,,,0.0,0.0,100.0,0.0,0.0
Q189210,8,446.0,443.88,3.0,4.25,0.5,0.62,22.0,35.5,1,4,3,1,0,,,,12.5,50.0,37.5,12.5,0.0
Q189349,4,1177.0,1313.5,1.0,20.25,0.5,0.5,30.0,37.25,1,2,0,0,0,,,,25.0,50.0,0.0,0.0,0.0
Q189445,7,749.0,1111.57,2.0,4.43,1.0,0.86,29.0,44.43,1,3,0,0,0,,,,14.29,42.86,0.0,0.0,0.0
Q18949,2,378.0,378.0,0.5,0.5,0.5,0.5,40.5,40.5,1,1,1,1,0,,,,50.0,50.0,50.0,50.0,0.0
Q189533,10,226.5,211.2,1.5,1.9,0.0,0.3,10.0,12.4,3,7,7,2,2,academic degree,ғылыми дәреже,академическая степень,30.0,70.0,70.0,20.0,20.0
Q189539,1,88.0,88.0,1.0,1.0,0.0,0.0,5.0,5.0,0,1,1,0,0,,,,0.0,100.0,100.0,0.0,0.0
Q189567,1,317.0,317.0,2.0,2.0,0.0,0.0,8.0,8.0,0,1,0,0,0,,,,0.0,100.0,0.0,0.0,0.0
Q189603,3,1382.0,1383.0,10.0,14.0,0.0,0.67,57.0,51.0,1,2,0,0,0,,,,33.33,66.67,0.0,0.0,0.0
Q189672,2,344.5,344.5,0.0,0.0,3.0,3.0,33.0,33.0,2,0,0,0,0,,,,100.0,0.0,0.0,0.0,0.0
Q1896949,1,235.0,235.0,1.0,1.0,1.0,1.0,15.0,15.0,0,0,1,0,0,,,,0.0,0.0,100.0,0.0,0.0
Q1896989,1,1462.0,1462.0,8.0,8.0,5.0,5.0,28.0,28.0,0,0,0,0,0,,,,0.0,0.0,0.0,0.0,0.0
Q189760,1,113.0,113.0,1.0,1.0,0.0,0.0,1.0,1.0,0,1,1,0,0,,,,0.0,100.0,100.0,0.0,0.0
Q189774,1,95.0,95.0,1.0,1.0,0.0,0.0,3.0,3.0,0,1,1,0,0,,,,0.0,100.0,100.0,0.0,0.0
Q189819,5,453.0,937.2,1.0,0.8,1.0,1.2,4.0,6.6,1,2,2,1,0,ritual,Ритуал,ритуал,20.0,40.0,40.0,20.0,0.0
Q189833,1,245.0,245.0,1.0,1.0,1.0,1.0,22.0,22.0,0,0,1,0,0,,,,0.0,0.0,100.0,0.0,0.0
Q1898464,1,70.0,70.0,1.0,1.0,1.0,1.0,3.0,3.0,0,0,1,0,0,,,,0.0,0.0,100.0,0.0,0.0
Q189898,5,189.0,392.6,0.0,2.0,0.0,0.4,10.0,26.0,3,4,4,3,3,,,,60.0,80.0,80.0,60.0,60.0
Q189962,1,39.0,39.0,1.0,1.0,0.0,0.0,2.0,2.0,0,1,1,0,0,,,,0.0,100.0,100.0,0.0,0.0
Q1899632,1,56.0,56.0,0.0,0.0,1.0,1.0,1.0,1.0,1,0,1,1,0,,,,100.0,0.0,100.0,100.0,0.0
Q189970,7,91.0,97.86,1.0,1.0,0.0,0.14,5.0,6.0,2,6,7,2,2,,,,28.57,85.71,100.0,28.57,28.57
Q189977,2,1025.0,1025.0,0.5,0.5,70.5,70.5,58.0,58.0,1,1,0,0,0,,,,50.0,50.0,0.0,0.0,0.0
Q19001407,1,307.0,307.0,1.0,1.0,0.0,0.0,5.0,5.0,0,1,0,0,0,,,,0.0,100.0,0.0,0.0,0.0
Q1900326,1,317.0,317.0,2.0,2.0,0.0,0.0,9.0,9.0,0,1,0,0,0,,,,0.0,100.0,0.0,0.0,0.0
Q1900755,1,288.0,288.0,2.0,2.0,0.0,0.0,6.0,6.0,0,1,0,0,0,,,,0.0,100.0,0.0,0.0,0.0
Q190087,2,74.0,74.0,0.5,0.5,0.5,0.5,2.5,2.5,1,1,2,1,0,,,,50.0,50.0,100.0,50.0,0.0
Q1901234,1,158.0,158.0,1.0,1.0,1.0,1.0,3.0,3.0,0,0,1,0,0,,,,0.0,0.0,100.0,0.0,0.0
Q19014,1,222.0,222.0,1.0,1.0,1.0,1.0,22.0,22.0,0,0,1,0,0,,,,0.0,0.0,100.0,0.0,0.0
Q1901835,6,592.0,617.67,2.0,2.17,2.0,3.33,3.0,10.17,1,2,1,0,0,,,,16.67,33.33,16.67,0.0,0.0
Q19020,29,5950.0,5150.07,2.0,6.9,0.0,1.97,550.0,546.79,1,19,0,0,0,,,,3.45,65.52,0.0,0.0,0.0
Q190258,1,594.0,594.0,0.0,0.0,0.0,0.0,9.0,9.0,1,1,0,0,0,,,,100.0,100.0,0.0,0.0,0.0
Q190397,70,245.0,251.69,0.0,0.0,0.0,0.04,11.0,11.87,70,69,42,42,42,,,,100.0,98.57,60.0,60.0,60.0
Q190429,14,188.5,273.64,1.0,0.86,0.0,0.36,8.5,10.57,3,11,9,2,2,depression,депрессия,геологическая депрессия,21.43,78.57,64.29,14.29,14.29
Q190438,4,268.0,303.5,0.0,0.0,0.0,0.75,14.5,15.0,4,3,1,1,1,,,,100.0,75.0,25.0,25.0,25.0
Q19046104,1,264.0,264.0,1.0,1.0,0.0,0.0,3.0,3.0,0,1,0,0,0,,,,0.0,100.0,0.0,0.0,0.0
Q190539,1,272.0,272.0,6.0,6.0,0.0,0.0,21.0,21.0,0,1,0,0,0,,,,0.0,100.0,0.0,0.0,0.0
Q1906268,1,273.0,273.0,0.0,0.0,0.0,0.0,6.0,6.0,1,1,0,0,0,,,,100.0,100.0,0.0,0.0,0.0
Q190652,2,1586.0,1586.0,3.0,3.0,1.0,1.0,75.0,75.0,1,1,0,0,0,,,,50.0,50.0,0.0,0.0,0.0
Q19067,3,896.0,839.67,2.0,2.33,1.0,1.0,46.0,45.33,0,1,0,0,0,,,,0.0,33.33,0.0,0.0,0.0
Q1907114,7,96.0,461.0,0.0,2.57,2.0,2.57,13.0,29.86,5,3,4,4,2,,,,71.43,42.86,57.14,57.14,28.57
Q190752,3,387.0,481.33,0.0,3.67,1.0,4.33,13.0,11.67,2,0,1,1,0,supreme court,Жоғарғы сот,верховный суд,66.67,0.0,33.33,33.33,0.0
Q190890,2,388.5,388.5,0.5,0.5,0.5,0.5,38.0,38.0,1,1,1,1,0,,,,50.0,50.0,50.0,50.0,0.0
Q190891,2,370.0,370.0,0.5,0.5,0.5,0.5,40.5,40.5,1,1,1,1,0,,,,50.0,50.0,50.0,50.0,0.0
Q190893,2,369.5,369.5,0.5,0.5,0.5,0.5,40.0,40.0,1,1,1,1,0,,,,50.0,50.0,50.0,50.0,0.0
Q190899,2,520.5,520.5,0.5,0.5,0.0,0.0,36.5,36.5,1,2,0,0,0,,,,50.0,100.0,0.0,0.0,0.0
Q190900,2,378.0,378.0,0.5,0.5,0.5,0.5,40.5,40.5,1,1,1,1,0,,,,50.0,50.0,50.0,50.0,0.0
Q190928,1,299.0,299.0,2.0,2.0,1.0,1.0,12.0,12.0,0,0,0,0,0,,,,0.0,0.0,0.0,0.0,0.0
Q1909317,1,696.0,696.0,2.0,2.0,0.0,0.0,11.0,11.0,0,1,0,0,0,,,,0.0,100.0,0.0,0.0,0.0
Q19097,5,193.0,246.8,1.0,1.2,0.0,0.0,1.0,7.4,0,5,3,0,0,,,,0.0,100.0,60.0,0.0,0.0
Q191062,1,95.0,95.0,2.0,2.0,1.0,1.0,3.0,3.0,0,0,1,0,0,,,,0.0,0.0,100.0,0.0,0.0
Q191067,25,302.0,287.8,1.0,1.0,0.0,0.04,9.0,8.56,0,24,8,0,0,,,,0.0,96.0,32.0,0.0,0.0
Q191093,1,168.0,168.0,0.0,0.0,2.0,2.0,2.0,2.0,1,0,1,1,0,,,,100.0,0.0,100.0,100.0,0.0
Q1911105,1,104.0,104.0,1.0,1.0,0.0,0.0,24.0,24.0,0,1,1,0,0,,,,0.0,100.0,100.0,0.0,0.0
Q1912682,1,75.0,75.0,1.0,1.0,0.0,0.0,3.0,3.0,0,1,1,0,0,,,,0.0,100.0,100.0,0.0,0.0
Q1914636,66,174.5,391.2,1.0,1.92,0.0,0.73,5.0,13.12,12,40,41,6,5,,,,18.18,60.61,62.12,9.09,7.58
Q1915979,1,1172.0,1172.0,1.0,1.0,6.0,6.0,11.0,11.0,0,0,0,0,0,,,,0.0,0.0,0.0,0.0,0.0
Q191600,2,106.5,106.5,2.0,2.0,0.0,0.0,4.0,4.0,0,2,2,0,0,,,,0.0,100.0,100.0,0.0,0.0
Q1916382,3,681.0,590.67,2.0,2.0,0.0,0.0,22.0,18.67,0,3,0,0,0,media conglomerate,media conglomerate,медиаконгломерат,0.0,100.0,0.0,0.0,0.0
Q1916557,4,602.5,942.25,9.5,17.0,0.0,0.25,4.0,5.0,0,3,1,0,0,,,,0.0,75.0,25.0,0.0,0.0
Q1916585,1,1089.0,1089.0,0.0,0.0,1.0,1.0,89.0,89.0,1,0,0,0,0,,,,100.0,0.0,0.0,0.0,0.0
Q1916821,5,102.0,99.8,1.0,0.6,0.0,0.4,6.0,5.8,2,3,5,2,2,,,,40.0,60.0,100.0,40.0,40.0
Q191992,24,108.0,116.08,0.0,0.5,0.0,0.21,3.0,3.79,14,19,23,13,10,,,,58.33,79.17,95.83,54.17,41.67
Q1920219,2,1309.5,1309.5,2.5,2.5,0.5,0.5,29.0,29.0,0,1,1,0,0,,,,0.0,50.0,50.0,0.0,0.0
Q192078,1815,259.0,257.91,0.0,0.0,0.0,0.0,16.0,15.28,1814,1814,277,277,277,,,,99.94,99.94,15.26,15.26,15.26
Q1920810,1,216.0,216.0,5.0,5.0,1.0,1.0,5.0,5.0,0,0,1,0,0,,,,0.0,0.0,100.0,0.0,0.0
Q192087,1,534.0,534.0,4.0,4.0,0.0,0.0,16.0,16.0,0,1,0,0,0,,,,0.0,100.0,0.0,0.0,0.0
Q192096,1,157.0,157.0,0.0,0.0,1.0,1.0,7.0,7.0,1,0,1,1,0,,,,100.0,0.0,100.0,100.0,0.0
Q192161,1,116.0,116.0,1.0,1.0,0.0,0.0,2.0,2.0,0,1,1,0,0,,,,0.0,100.0,100.0,0.0,0.0
Q192239,1,425.0,425.0,14.0,14.0,0.0,0.0,9.0,9.0,0,1,0,0,0,,,,0.0,100.0,0.0,0.0,0.0
Q192276,5,77.0,77.2,1.0,1.0,1.0,0.8,3.0,2.6,0,1,5,0,0,,,,0.0,20.0,100.0,0.0,0.0
Q192283,26,112.0,162.69,1.0,1.04,0.0,0.08,4.0,7.15,2,24,23,2,1,news agency,Ақпарат агенттігі,информационное агентство,7.69,92.31,88.46,7.69,3.85
Q192287,1775,255.0,265.57,3.0,3.02,0.0,0.03,5.0,5.41,9,1759,12,5,4,,,,0.51,99.1,0.68,0.28,0.23
Q192299,1,307.0,307.0,0.0,0.0,0.0,0.0,2.0,2.0,1,1,0,0,0,,,,100.0,100.0,0.0,0.0,0.0
Q192350,10,475.5,1169.8,3.0,3.5,0.0,2.1,10.0,25.9,1,7,2,0,0,ministry,министрлік,министерство,10.0,70.0,20.0,0.0,0.0
Q192355,3,275.0,317.0,1.0,2.0,1.0,1.67,8.0,12.67,0,0,1,0,0,,,,0.0,0.0,33.33,0.0,0.0
Q192372,1,242.0,242.0,0.0,0.0,1.0,1.0,10.0,10.0,1,0,1,1,0,,,,100.0,0.0,100.0,100.0,0.0
Q1923776,1,209.0,209.0,1.0,1.0,1.0,1.0,10.0,10.0,0,0,1,0,0,,,,0.0,0.0,100.0,0.0,0.0
Q1924249,4,188.0,189.5,1.0,0.75,0.0,0.0,5.5,5.5,1,4,3,1,1,,,,25.0,100.0,75.0,25.0,25.0
Q1924900,1,1162.0,1162.0,7.0,7.0,3.0,3.0,46.0,46.0,0,0,0,0,0,,,,0.0,0.0,0.0,0.0,0.0
Q192581,2,676.0,676.0,2.0,2.0,1.0,1.0,19.0,19.0,0,0,0,0,0,,,,0.0,0.0,0.0,0.0,0.0
Q192611,14,358.0,550.0,0.0,3.5,0.0,0.64,14.5,26.21,9,11,1,1,0,electoral unit,Сайлау округі,избирательный округ,64.29,78.57,7.14,7.14,0.0
Q192691,1,298.0,298.0,0.0,0.0,0.0,0.0,0.0,0.0,1,1,0,0,0,annual plant,Бір жылдық өсімдіктер,однолетние растения,100.0,100.0,0.0,0.0,0.0
Q192694,1,67.0,67.0,1.0,1.0,0.0,0.0,9.0,9.0,0,1,1,0,0,,,,0.0,100.0,100.0,0.0,0.0
Q192726,2,410.0,410.0,0.5,0.5,0.5,0.5,4.5,4.5,1,1,1,0,0,,,,50.0,50.0,50.0,0.0,0.0
Q192776,1,89.0,89.0,1.0,1.0,0.0,0.0,0.0,0.0,0,1,1,0,0,,,,0.0,100.0,100.0,0.0,0.0
Q192810,3,185.0,206.67,0.0,1.33,0.0,0.33,2.0,6.0,2,2,2,2,2,,,,66.67,66.67,66.67,66.67,66.67
Q192851,1,329.0,329.0,4.0,4.0,2.0,2.0,10.0,10.0,0,0,0,0,0,,,,0.0,0.0,0.0,0.0,0.0
Q192909,1,522.0,522.0,10.0,10.0,0.0,0.0,9.0,9.0,0,1,0,0,0,,,,0.0,100.0,0.0,0.0,0.0
Q192914,2,1646.5,1646.5,31.5,31.5,1.5,1.5,33.5,33.5,0,1,1,0,0,cult of personality,жеке басқа табыну,культ личности,0.0,50.0,50.0,0.0,0.0
Q192935,1,180.0,180.0,3.0,3.0,0.0,0.0,22.0,22.0,0,1,1,0,0,,,,0.0,100.0,100.0,0.0,0.0
Q192949,1,336.0,336.0,1.0,1.0,3.0,3.0,19.0,19.0,0,0,0,0,0,,,,0.0,0.0,0.0,0.0,0.0
Q1929547,16,443.5,658.75,1.0,1.81,1.0,1.25,16.5,31.5,6,0,2,1,0,,,,37.5,0.0,12.5,6.25,0.0
Q1930585,1,74.0,74.0,1.0,1.0,1.0,1.0,6.0,6.0,0,0,1,0,0,,,,0.0,0.0,100.0,0.0,0.0
Q1930620,1,138.0,138.0,2.0,2.0,0.0,0.0,1.0,1.0,0,1,1,0,0,,,,0.0,100.0,100.0,0.0,0.0
Q193071,6,183.5,204.5,1.0,1.0,0.5,0.83,11.0,15.5,0,3,5,0,0,,,,0.0,50.0,83.33,0.0,0.0
Q19307174,4,540.5,551.0,2.0,3.5,0.5,0.5,25.5,36.5,1,2,1,1,1,,,,25.0,50.0,25.0,25.0,25.0
Q193076,1,524.0,524.0,3.0,3.0,1.0,1.0,37.0,37.0,0,0,0,0,0,,,,0.0,0.0,0.0,0.0,0.0
Q193078,2,211.0,211.0,1.5,1.5,0.5,0.5,21.0,21.0,0,1,1,0,0,,,,0.0,50.0,50.0,0.0,0.0
Q193099,1,425.0,425.0,1.0,1.0,0.0,0.0,44.0,44.0,0,1,0,0,0,,,,0.0,100.0,0.0,0.0,0.0
Q193110,1,109.0,109.0,1.0,1.0,0.0,0.0,10.0,10.0,0,1,1,0,0,,,,0.0,100.0,100.0,0.0,0.0
Q1931107,2,337.5,337.5,0.0,0.0,0.0,0.0,7.0,7.0,2,2,1,1,1,,,,100.0,100.0,50.0,50.0,50.0
Q1931185,246,254.0,255.05,0.0,0.02,0.0,0.02,16.0,14.01,243,244,95,95,95,,,,98.78,99.19,38.62,38.62,38.62
Q1931388,17,320.0,513.35,2.0,2.35,1.0,1.12,10.0,13.35,2,6,8,1,0,,,,11.76,35.29,47.06,5.88,0.0
Q19314966,1,2144.0,2144.0,18.0,18.0,0.0,0.0,36.0,36.0,0,1,0,0,0,,,,0.0,100.0,0.0,0.0,0.0
Q193203,1,1750.0,1750.0,12.0,12.0,0.0,0.0,33.0,33.0,0,1,0,0,0,,,,0.0,100.0,0.0,0.0,0.0
Q193206,1,71.0,71.0,1.0,1.0,1.0,1.0,4.0,4.0,0,0,1,0,0,,,,0.0,0.0,100.0,0.0,0.0
Q19323827,1,91.0,91.0,0.0,0.0,0.0,0.0,1.0,1.0,1,1,1,1,1,,,,100.0,100.0,100.0,100.0,100.0
Q193275,4,236.0,237.25,1.0,1.0,1.5,1.5,8.5,8.5,0,0,4,0,0,,,,0.0,0.0,100.0,0.0,0.0
Q1933026,1,244.0,244.0,1.0,1.0,0.0,0.0,12.0,12.0,0,1,1,0,0,launch site,launch site,пусковая площадка,0.0,100.0,100.0,0.0,0.0
Q193343,3,144.0,144.67,2.0,1.67,0.0,0.0,5.0,5.0,0,3,3,0,0,,,,0.0,100.0,100.0,0.0,0.0
Q193395,1,42.0,42.0,1.0,1.0,1.0,1.0,0.0,0.0,0,0,1,0,0,,,,0.0,0.0,100.0,0.0,0.0
Q193424,2,848.0,848.0,9.0,9.0,0.0,0.0,39.0,39.0,0,2,0,0,0,web service,Веб-қызмет,веб-служба,0.0,100.0,0.0,0.0,0.0
Q193430,1,72.0,72.0,1.0,1.0,0.0,0.0,17.0,17.0,0,1,1,0,0,,,,0.0,100.0,100.0,0.0,0.0
Q193457,2,281.5,281.5,5.0,5.0,0.0,0.0,5.0,5.0,0,2,1,0,0,,,,0.0,100.0,50.0,0.0,0.0
Q19347965,37,296.0,286.3,0.0,0.0,0.0,0.35,9.0,8.59,37,24,2,2,2,,,,100.0,64.86,5.41,5.41,5.41
Q193495,1,190.0,190.0,1.0,1.0,0.0,0.0,8.0,8.0,0,1,1,0,0,,,,0.0,100.0,100.0,0.0,0.0
Q1934969,1,225.0,225.0,1.0,1.0,1.0,1.0,6.0,6.0,0,0,1,0,0,,,,0.0,0.0,100.0,0.0,0.0
Q1935049,1,344.0,344.0,0.0,0.0,2.0,2.0,6.0,6.0,1,0,0,0,0,,,,100.0,0.0,0.0,0.0,0.0
Q193512,1,686.0,686.0,2.0,2.0,4.0,4.0,49.0,49.0,0,0,0,0,0,,,,0.0,0.0,0.0,0.0,0.0
Q193514,1,119.0,119.0,1.0,1.0,0.0,0.0,4.0,4.0,0,1,1,0,0,,,,0.0,100.0,100.0,0.0,0.0
Q193560,7,204.0,251.71,3.0,2.43,1.0,2.29,13.0,25.71,2,1,5,2,1,,,,28.57,14.29,71.43,28.57,14.29
Q193564,2,664.0,664.0,3.0,3.0,0.5,0.5,30.0,30.0,1,1,0,0,0,,,,50.0,50.0,0.0,0.0,0.0
Q19362195,3,311.0,431.67,3.0,2.33,0.0,0.0,5.0,7.33,1,3,0,0,0,geostationary satellite,geostationary satellite,геостационарный спутник,33.33,100.0,0.0,0.0,0.0
Q193622,31,730.0,1482.55,4.0,7.32,3.0,3.84,20.0,58.06,6,1,2,0,0,order,Орден,орден,19.35,3.23,6.45,0.0,0.0
Q1936368,5,480.0,466.0,0.0,0.0,0.0,5.4,48.0,49.0,5,3,0,0,0,,,,100.0,60.0,0.0,0.0,0.0
Q1936384,34,268.0,410.76,1.0,0.94,0.0,1.12,12.0,16.79,11,20,16,7,5,,,,32.35,58.82,47.06,20.59,14.71
Q1936581,14,197.5,244.79,1.0,2.64,0.0,0.36,12.0,14.29,1,10,9,1,0,,,,7.14,71.43,64.29,7.14,0.0
Q1938208,1,2267.0,2267.0,2.0,2.0,2.0,2.0,9.0,9.0,0,0,0,0,0,,,,0.0,0.0,0.0,0.0,0.0
Q193837,1,282.0,282.0,0.0,0.0,1.0,1.0,19.0,19.0,1,0,0,0,0,,,,100.0,0.0,0.0,0.0,0.0
Q19386377,1,1572.0,1572.0,1.0,1.0,4.0,4.0,128.0,128.0,0,0,0,0,0,register,register,реестр,0.0,0.0,0.0,0.0,0.0
Q19388114,1,62.0,62.0,1.0,1.0,1.0,1.0,4.0,4.0,0,0,1,0,0,,,,0.0,0.0,100.0,0.0,0.0
Q193946,10,272.0,400.5,1.0,1.7,0.5,0.6,8.0,17.8,2,5,5,1,0,,,,20.0,50.0,50.0,10.0,0.0
Q193983,1,359.0,359.0,0.0,0.0,1.0,1.0,14.0,14.0,1,0,0,0,0,,,,100.0,0.0,0.0,0.0,0.0
Q19403959,1,1070.0,1070.0,29.0,29.0,0.0,0.0,25.0,25.0,0,1,0,0,0,,,,0.0,100.0,0.0,0.0,0.0
Q194112,1,43.0,43.0,1.0,1.0,0.0,0.0,5.0,5.0,0,1,1,0,0,,,,0.0,100.0,100.0,0.0,0.0
Q1941618,1,154.0,154.0,0.0,0.0,1.0,1.0,22.0,22.0,1,0,1,1,0,,,,100.0,0.0,100.0,100.0,0.0
Q1941779,3,635.0,599.33,1.0,2.0,1.0,21.67,54.0,40.0,0,0,1,0,0,,,,0.0,0.0,33.33,0.0,0.0
Q194188,2,518.0,518.0,2.0,2.0,1.5,1.5,18.0,18.0,0,1,1,0,0,spaceport,Ғарыш айлағы,космодром,0.0,50.0,50.0,0.0,0.0
Q1941921,1,138.0,138.0,0.0,0.0,2.0,2.0,2.0,2.0,1,0,1,1,0,,,,100.0,0.0,100.0,100.0,0.0
Q194195,1,243.0,243.0,0.0,0.0,1.0,1.0,2.0,2.0,1,0,1,1,0,,,,100.0,0.0,100.0,100.0,0.0
Q194203,7,57.0,54.86,0.0,0.0,1.0,1.0,0.0,0.43,7,0,7,7,0,,,,100.0,0.0,100.0,100.0,0.0
Q194431,1,486.0,486.0,4.0,4.0,1.0,1.0,5.0,5.0,0,0,0,0,0,,,,0.0,0.0,0.0,0.0,0.0
Q1944346,1,315.0,315.0,2.0,2.0,1.0,1.0,10.0,10.0,0,0,0,0,0,,,,0.0,0.0,0.0,0.0,0.0
Q1944508,2,417.5,417.5,3.5,3.5,3.0,3.0,24.5,24.5,0,0,1,0,0,,,,0.0,0.0,50.0,0.0,0.0
Q194465,3,168.0,304.0,1.0,1.0,2.0,1.33,16.0,13.67,1,1,2,0,0,,,,33.33,33.33,66.67,0.0,0.0
Q194492,1,113.0,113.0,1.0,1.0,1.0,1.0,13.0,13.0,0,0,1,0,0,,,,0.0,0.0,100.0,0.0,0.0
Q194502,2,288.5,288.5,0.5,0.5,1.5,1.5,6.0,6.0,1,1,1,0,0,,,,50.0,50.0,50.0,0.0,0.0
Q1945590,64,406.0,471.75,8.0,8.03,1.0,1.09,15.0,16.88,1,23,4,1,1,,,,1.56,35.94,6.25,1.56,1.56
Q1945600,1,366.0,366.0,1.0,1.0,0.0,0.0,39.0,39.0,0,1,0,0,0,,,,0.0,100.0,0.0,0.0,0.0
Q19476593,7,552.0,2014.29,1.0,0.86,1.0,57.71,31.0,50.14,3,2,1,0,0,,,,42.86,28.57,14.29,0.0,0.0
Q19478619,13,208.0,483.85,1.0,2.23,0.0,0.85,5.0,38.69,1,8,9,1,0,,,,7.69,61.54,69.23,7.69,0.0
Q19479037,1,841.0,841.0,8.0,8.0,6.0,6.0,46.0,46.0,0,0,0,0,0,,,,0.0,0.0,0.0,0.0,0.0
Q195,1,92.0,92.0,1.0,1.0,1.0,1.0,1.0,1.0,0,0,1,0,0,,,,0.0,0.0,100.0,0.0,0.0
Q1952852,6,316.5,372.17,4.0,3.67,0.0,0.5,6.5,6.5,2,4,2,2,1,,,,33.33,66.67,33.33,33.33,16.67
Q195339,1,46.0,46.0,1.0,1.0,0.0,0.0,0.0,0.0,0,1,1,0,0,,,,0.0,100.0,100.0,0.0,0.0
Q195385,3,269.0,267.0,0.0,0.0,0.0,0.0,16.0,16.67,3,3,0,0,0,,,,100.0,100.0,0.0,0.0,0.0
Q19541,2,1398.5,1398.5,24.0,24.0,0.5,0.5,3.5,3.5,0,1,0,0,0,,,,0.0,50.0,0.0,0.0,0.0
Q19549,2,162.5,162.5,1.5,1.5,0.5,0.5,15.5,15.5,1,1,2,1,1,,,,50.0,50.0,100.0,50.0,50.0
Q1954948,1,462.0,462.0,6.0,6.0,1.0,1.0,3.0,3.0,0,0,0,0,0,,,,0.0,0.0,0.0,0.0,0.0
Q1955280,4,890.0,896.5,7.0,17.75,1.0,3.0,74.5,90.75,1,1,2,1,1,,,,25.0,25.0,50.0,25.0,25.0
Q195577,231,262.0,261.77,0.0,0.0,0.0,0.0,16.0,15.71,231,231,11,11,11,,,,100.0,100.0,4.76,4.76,4.76
Q195724,4,270.5,266.75,0.0,0.0,0.0,0.0,16.0,16.0,4,4,0,0,0,,,,100.0,100.0,0.0,0.0,0.0
Q19576,1,111.0,111.0,0.0,0.0,1.0,1.0,15.0,15.0,1,0,1,1,0,,,,100.0,0.0,100.0,100.0,0.0
Q1958752,1,40.0,40.0,1.0,1.0,0.0,0.0,4.0,4.0,0,1,1,0,0,,,,0.0,100.0,100.0,0.0,0.0
Q1959141,1,139.0,139.0,0.0,0.0,0.0,0.0,0.0,0.0,1,1,1,1,1,,,,100.0,100.0,100.0,100.0,100.0
Q1959314,40,289.0,337.5,3.0,3.12,0.0,0.32,9.0,11.35,6,31,12,6,5,,,,15.0,77.5,30.0,15.0,12.5
Q19595415,1,489.0,489.0,1.0,1.0,3.0,3.0,3.0,3.0,0,0,0,0,0,,,,0.0,0.0,0.0,0.0,0.0
Q19603939,5,72.0,72.4,1.0,0.8,1.0,1.8,3.0,3.6,1,1,5,1,0,,,,20.0,20.0,100.0,20.0,0.0
Q19610271,28,148.5,193.61,1.0,1.36,0.0,0.07,5.5,7.68,2,26,22,2,2,,,,7.14,92.86,78.57,7.14,7.14
Q196128,4,267.0,266.25,0.0,0.0,0.0,0.0,15.0,15.0,4,4,0,0,0,,,,100.0,100.0,0.0,0.0,0.0
Q1962634,1,409.0,409.0,7.0,7.0,0.0,0.0,17.0,17.0,0,1,0,0,0,,,,0.0,100.0,0.0,0.0,0.0
Q1963041,10,685.0,736.0,5.0,8.6,0.0,0.2,5.0,12.0,0,8,0,0,0,,,,0.0,80.0,0.0,0.0,0.0
Q19644607,2,103.5,103.5,0.5,0.5,1.0,1.0,8.0,8.0,1,1,2,1,0,,,,50.0,50.0,100.0,50.0,0.0
Q1964689,1,293.0,293.0,1.0,1.0,0.0,0.0,5.0,5.0,0,1,0,0,0,,,,0.0,100.0,0.0,0.0,0.0
Q1964995,2,104.5,104.5,1.0,1.0,1.0,1.0,8.0,8.0,0,0,2,0,0,,,,0.0,0.0,100.0,0.0,0.0
Q19658107,2,174.5,174.5,0.0,0.0,0.0,0.0,4.0,4.0,2,2,1,1,1,,,,100.0,100.0,50.0,50.0,50.0
Q196600,19,668.0,799.47,1.0,6.21,1.0,1.11,27.0,42.47,5,7,1,0,0,media franchise,media franchise,медиафраншиза,26.32,36.84,5.26,0.0,0.0
Q1966910,4,404.0,813.0,1.0,8.5,1.0,1.25,10.0,27.25,1,1,2,0,0,,,,25.0,25.0,50.0,0.0,0.0
Q1967454,1,565.0,565.0,3.0,3.0,1.0,1.0,25.0,25.0,0,0,0,0,0,,,,0.0,0.0,0.0,0.0,0.0
Q196756,1,329.0,329.0,0.0,0.0,0.0,0.0,1.0,1.0,1,1,0,0,0,,,,100.0,100.0,0.0,0.0,0.0
Q1968122,1,454.0,454.0,1.0,1.0,2.0,2.0,26.0,26.0,0,0,0,0,0,National Red Cross and Red Crescent society,National Red Cross and Red Crescent society,национальное общество Красного Креста либо Красного Полумесяца,0.0,0.0,0.0,0.0,0.0
Q1968435,11,550.0,1173.64,0.0,3.27,1.0,1.82,6.0,19.64,6,1,3,3,1,national cuisine,national cuisine,национальная кухня,54.55,9.09,27.27,27.27,9.09
Q19691007,1,1238.0,1238.0,1.0,1.0,1.0,1.0,42.0,42.0,0,0,0,0,0,,,,0.0,0.0,0.0,0.0,0.0
Q19692233,5,1018.0,1214.8,1.0,13.2,0.0,8.4,98.0,75.0,1,3,0,0,0,,,,20.0,60.0,0.0,0.0,0.0
Q1969226,1,728.0,728.0,14.0,14.0,1.0,1.0,9.0,9.0,0,0,0,0,0,,,,0.0,0.0,0.0,0.0,0.0
Q1969448,145,95.0,170.13,1.0,1.14,0.0,0.19,5.0,7.26,20,124,112,14,13,term,термин,термин,13.79,85.52,77.24,9.66,8.97
Q197,1,154.0,154.0,0.0,0.0,0.0,0.0,6.0,6.0,1,1,1,1,1,,,,100.0,100.0,100.0,100.0,100.0
Q1970365,4,454.5,397.0,1.5,2.25,0.0,0.25,3.5,18.0,2,3,1,1,1,,,,50.0,75.0,25.0,25.0,25.0
Q19704068,2,299.0,299.0,3.0,3.0,1.5,1.5,24.0,24.0,1,0,0,0,0,,,,50.0,0.0,0.0,0.0,0.0
Q1970725,3,126.0,129.67,1.0,1.0,2.0,1.67,7.0,13.0,1,0,3,1,0,,,,33.33,0.0,100.0,33.33,0.0
Q1971354,1,891.0,891.0,15.0,15.0,0.0,0.0,11.0,11.0,0,1,0,0,0,,,,0.0,100.0,0.0,0.0,0.0
Q1971694,1,58.0,58.0,0.0,0.0,0.0,0.0,0.0,0.0,1,1,1,1,1,,,,100.0,100.0,100.0,100.0,100.0
Q19718870,4,562.5,679.5,0.0,1.25,0.0,0.5,17.0,16.0,3,3,0,0,0,,,,75.0,75.0,0.0,0.0,0.0
Q1972,5,73.0,71.4,1.0,1.0,1.0,1.0,2.0,2.2,0,0,5,0,0,,,,0.0,0.0,100.0,0.0,0.0
Q197204,1,187.0,187.0,2.0,2.0,1.0,1.0,15.0,15.0,0,0,1,0,0,,,,0.0,0.0,100.0,0.0,0.0
Q1972098,1,165.0,165.0,0.0,0.0,2.0,2.0,11.0,11.0,1,0,1,1,0,,,,100.0,0.0,100.0,100.0,0.0
Q19723444,2,211.5,211.5,1.5,1.5,1.0,1.0,2.0,2.0,1,0,1,1,0,,,,50.0,0.0,50.0,50.0,0.0
Q19723451,32,233.0,380.38,0.0,2.16,0.0,0.56,10.0,21.53,20,18,18,14,8,,,,62.5,56.25,56.25,43.75,25.0
Q1972829,1,2152.0,2152.0,11.0,11.0,7.0,7.0,33.0,33.0,0,0,0,0,0,,,,0.0,0.0,0.0,0.0,0.0
Q19730508,44,283.5,283.82,0.0,0.05,0.0,0.32,6.0,6.3,42,32,1,1,1,,,,95.45,72.73,2.27,2.27,2.27
Q1973404,4,282.0,337.75,0.5,0.5,1.5,1.25,23.5,49.75,2,1,2,1,1,,,,50.0,25.0,50.0,25.0,25.0
Q1973416,3,277.0,321.67,0.0,0.67,0.0,0.0,3.0,7.0,2,3,0,0,0,,,,66.67,100.0,0.0,0.0,0.0
Q1973901,5,1843.0,1279.6,1.0,2.4,1.0,0.8,97.0,79.4,0,1,1,0,0,economic region,Экономикалық аудан,экономический район,0.0,20.0,20.0,0.0,0.0
Q1973927,3,35.0,62.0,1.0,0.67,0.0,0.33,1.0,0.67,1,2,3,1,0,,,,33.33,66.67,100.0,33.33,0.0
Q1974312,1,762.0,762.0,2.0,2.0,1.0,1.0,36.0,36.0,0,0,0,0,0,,,,0.0,0.0,0.0,0.0,0.0
Q19753332,1,687.0,687.0,9.0,9.0,2.0,2.0,21.0,21.0,0,0,0,0,0,,,,0.0,0.0,0.0,0.0,0.0
Q1975485,1,447.0,447.0,1.0,1.0,0.0,0.0,5.0,5.0,0,1,0,0,0,,,,0.0,100.0,0.0,0.0,0.0
Q1975749,1,464.0,464.0,0.0,0.0,0.0,0.0,25.0,25.0,1,1,0,0,0,,,,100.0,100.0,0.0,0.0,0.0
Q19768,1,35.0,35.0,1.0,1.0,0.0,0.0,2.0,2.0,0,1,1,0,0,,,,0.0,100.0,100.0,0.0,0.0
Q19772737,1,197.0,197.0,2.0,2.0,0.0,0.0,6.0,6.0,0,1,1,0,0,,,,0.0,100.0,100.0,0.0,0.0
Q19776628,2,493.0,493.0,0.5,0.5,2.5,2.5,41.5,41.5,1,1,0,0,0,,,,50.0,50.0,0.0,0.0,0.0
Q1977835,6,896.5,1312.5,3.5,6.67,3.0,3.33,78.0,70.0,0,1,0,0,0,,,,0.0,16.67,0.0,0.0,0.0
Q1978695,2,157.5,157.5,1.0,1.0,0.0,0.0,12.5,12.5,0,2,2,0,0,,,,0.0,100.0,100.0,0.0,0.0
Q1978718,28,62.5,92.46,1.0,1.25,0.0,0.11,4.0,7.14,3,25,27,3,3,unit of length,unit of length,единица измерения расстояния,10.71,89.29,96.43,10.71,10.71
Q1979154,2,258.0,258.0,0.5,0.5,0.0,0.0,6.5,6.5,1,2,1,0,0,,,,50.0,100.0,50.0,0.0,0.0
Q19793459,1,120.0,120.0,0.0,0.0,0.0,0.0,1.0,1.0,1,1,1,1,1,,,,100.0,100.0,100.0,100.0,100.0
Q19793988,27,297.0,285.22,2.0,2.11,2.0,2.0,6.0,7.11,0,0,8,0,0,,,,0.0,0.0,29.63,0.0,0.0
Q197952,2,1750.5,1750.5,34.5,34.5,0.5,0.5,47.0,47.0,0,1,1,0,0,,,,0.0,50.0,50.0,0.0,0.0
Q197970,1,468.0,468.0,3.0,3.0,1.0,1.0,35.0,35.0,0,0,0,0,0,,,,0.0,0.0,0.0,0.0,0.0
Q19799938,2,218.5,218.5,2.5,2.5,0.5,0.5,4.0,4.0,0,1,2,0,0,,,,0.0,50.0,100.0,0.0,0.0
Q198,59,768.0,1745.44,1.0,19.73,1.0,6.95,31.0,57.9,16,21,11,4,2,,,,27.12,35.59,18.64,6.78,3.39
Q19816359,5,296.0,302.0,1.0,0.6,0.0,0.2,6.0,6.6,2,4,0,0,0,,,,40.0,80.0,0.0,0.0,0.0
Q19821,1,1859.0,1859.0,1.0,1.0,0.0,0.0,46.0,46.0,0,1,0,0,0,,,,0.0,100.0,0.0,0.0,0.0
Q19824398,1,409.0,409.0,7.0,7.0,0.0,0.0,17.0,17.0,0,1,0,0,0,,,,0.0,100.0,0.0,0.0,0.0
Q19828,92,89.0,225.25,0.0,0.03,0.0,0.47,2.0,25.65,91,83,79,79,79,,,,98.91,90.22,85.87,85.87,85.87
Q19832486,2,163.5,163.5,0.0,0.0,1.0,1.0,2.0,2.0,2,0,1,1,0,locomotive class,locomotive class,серия локомотива,100.0,0.0,50.0,50.0,0.0
Q19832712,2,261.0,261.0,1.0,1.0,0.5,0.5,16.5,16.5,1,1,1,0,0,,,,50.0,50.0,50.0,0.0,0.0
Q19833031,3,395.0,397.67,1.0,1.0,0.0,0.33,14.0,16.33,1,2,0,0,0,,,,33.33,66.67,0.0,0.0,0.0
Q19833170,13,293.0,284.08,0.0,0.0,0.0,0.23,9.0,7.69,13,10,0,0,0,,,,100.0,76.92,0.0,0.0,0.0
Q19842652,2,1706.5,1706.5,6.0,6.0,2.5,2.5,67.5,67.5,0,1,0,0,0,,,,0.0,50.0,0.0,0.0,0.0
Q19844914,3,674.0,2504.0,2.0,36.67,3.0,3.67,37.0,39.67,1,0,1,1,0,,,,33.33,0.0,33.33,33.33,0.0
Q1984641,1,289.0,289.0,1.0,1.0,0.0,0.0,5.0,5.0,0,1,0,0,0,,,,0.0,100.0,0.0,0.0,0.0
Q1985622,1,179.0,179.0,1.0,1.0,0.0,0.0,9.0,9.0,0,1,1,0,0,,,,0.0,100.0,100.0,0.0,0.0
Q1985623,1,51.0,51.0,1.0,1.0,0.0,0.0,6.0,6.0,0,1,1,0,0,,,,0.0,100.0,100.0,0.0,0.0
Q19856468,3,188.0,191.33,0.0,0.0,0.0,0.33,9.0,8.67,3,2,2,2,2,,,,100.0,66.67,66.67,66.67,66.67
Q19856470,1,757.0,757.0,0.0,0.0,1.0,1.0,19.0,19.0,1,0,0,0,0,,,,100.0,0.0,0.0,0.0,0.0
Q19860854,21,197.0,276.52,1.0,1.05,0.0,0.52,9.0,9.38,9,14,13,4,2,destroyed building or structure,destroyed building or structure,утраченное здание или строение,42.86,66.67,61.9,19.05,9.52
Q19861951,31,123.0,332.16,1.0,1.39,1.0,1.48,7.0,14.13,6,3,21,5,1,,,,19.35,9.68,67.74,16.13,3.23
Q19862406,1,63.0,63.0,0.0,0.0,1.0,1.0,4.0,4.0,1,0,1,1,0,,,,100.0,0.0,100.0,100.0,0.0
Q19862851,1,656.0,656.0,14.0,14.0,0.0,0.0,7.0,7.0,0,1,0,0,0,,,,0.0,100.0,0.0,0.0,0.0
Q19892282,1,394.0,394.0,1.0,1.0,1.0,1.0,3.0,3.0,0,0,0,0,0,,,,0.0,0.0,0.0,0.0,0.0
Q19896979,1,180.0,180.0,4.0,4.0,1.0,1.0,10.0,10.0,0,0,1,0,0,,,,0.0,0.0,100.0,0.0,0.0
Q19902211,1,375.0,375.0,0.0,0.0,0.0,0.0,0.0,0.0,1,1,0,0,0,,,,100.0,100.0,0.0,0.0,0.0
Q19902850,1,1146.0,1146.0,19.0,19.0,5.0,5.0,36.0,36.0,0,0,0,0,0,,,,0.0,0.0,0.0,0.0,0.0
Q1990975,2,520.5,520.5,0.5,0.5,0.0,0.0,36.5,36.5,1,2,0,0,0,,,,50.0,100.0,0.0,0.0,0.0
Q1990987,3,1965.0,1577.33,2.0,2.0,1.0,3.0,67.0,56.67,0,0,0,0,0,,,,0.0,0.0,0.0,0.0,0.0
Q199182,1,1859.0,1859.0,1.0,1.0,1.0,1.0,113.0,113.0,0,0,0,0,0,,,,0.0,0.0,0.0,0.0,0.0
Q19920968,1,192.0,192.0,0.0,0.0,1.0,1.0,32.0,32.0,1,0,1,1,0,,,,100.0,0.0,100.0,100.0,0.0
Q1993334,4,371.5,409.75,0.5,1.0,0.5,0.5,22.0,20.75,2,2,2,1,1,,,,50.0,50.0,50.0,25.0,25.0
Q19935939,21,200.0,287.9,1.0,1.62,0.0,0.48,10.0,14.48,1,16,13,1,1,,,,4.76,76.19,61.9,4.76,4.76
Q1993624,7,205.0,1034.86,0.0,13.0,0.0,3.43,11.0,27.86,5,4,5,4,3,,,,71.43,57.14,71.43,57.14,42.86
Q199451,1,215.0,215.0,0.0,0.0,0.0,0.0,2.0,2.0,1,1,1,1,1,,,,100.0,100.0,100.0,100.0,100.0
Q19953632,18,285.0,577.72,0.5,1.94,1.0,1.11,10.0,30.72,9,8,8,5,4,,,,50.0,44.44,44.44,27.78,22.22
Q1995545,1,317.0,317.0,2.0,2.0,0.0,0.0,9.0,9.0,0,1,0,0,0,,,,0.0,100.0,0.0,0.0,0.0
Q19958368,13,857.0,1131.31,1.0,2.92,2.0,2.46,39.0,51.77,4,4,2,1,1,culture of an area,culture of an area,культура территории,30.77,30.77,15.38,7.69,7.69
Q1996198,1,279.0,279.0,0.0,0.0,0.0,0.0,4.0,4.0,1,1,0,0,0,,,,100.0,100.0,0.0,0.0,0.0
Q19967801,14,459.5,564.14,5.0,10.64,0.0,0.36,17.5,20.93,2,9,3,2,2,,,,14.29,64.29,21.43,14.29,14.29
Q19973770,2,1412.0,1412.0,5.0,5.0,25.0,25.0,127.0,127.0,0,1,0,0,0,ministry of culture,ministry of culture,министерство культуры,0.0,50.0,0.0,0.0,0.0
Q19973795,1,1600.0,1600.0,10.0,10.0,22.0,22.0,116.0,116.0,0,0,0,0,0,ministry of energy,ministry of energy,министерство энергетики,0.0,0.0,0.0,0.0,0.0
Q1997475,1,73.0,73.0,0.0,0.0,1.0,1.0,23.0,23.0,1,0,1,1,0,,,,100.0,0.0,100.0,100.0,0.0
Q19978220,12,68.5,79.5,1.0,0.83,0.0,0.42,2.0,1.75,4,7,12,4,2,,,,33.33,58.33,100.0,33.33,16.67
Q19983480,1,777.0,777.0,5.0,5.0,1.0,1.0,0.0,0.0,0,0,0,0,0,ministry of communications,ministry of communications,министерство связи,0.0,0.0,0.0,0.0,0.0
Q199895,2,94.0,94.0,0.0,0.0,0.0,0.0,3.5,3.5,2,2,2,2,2,,,,100.0,100.0,100.0,100.0,100.0
Q1998962,1,98.0,98.0,0.0,0.0,0.0,0.0,1.0,1.0,1,1,1,1,1,,,,100.0,100.0,100.0,100.0,100.0
Q1999103,1,664.0,664.0,2.0,2.0,5.0,5.0,34.0,34.0,0,0,0,0,0,,,,0.0,0.0,0.0,0.0,0.0
Q2000344,1,52.0,52.0,1.0,1.0,0.0,0.0,1.0,1.0,0,1,1,0,0,,,,0.0,100.0,100.0,0.0,0.0
Q2000429,1,74.0,74.0,0.0,0.0,0.0,0.0,7.0,7.0,1,1,1,1,1,,,,100.0,100.0,100.0,100.0,100.0
Q20011319,28,103.5,158.89,1.0,0.89,1.0,0.93,5.0,7.0,6,9,25,5,2,,,,21.43,32.14,89.29,17.86,7.14
Q2001305,12,526.5,771.42,2.5,3.5,0.0,1.42,12.0,18.58,3,9,2,1,1,television channel,television channel,телеканал,25.0,75.0,16.67,8.33,8.33
Q200141,37,235.0,285.95,1.0,2.46,1.0,0.84,7.0,7.57,2,17,21,2,1,necropolis,Некрополь,некрополь,5.41,45.95,56.76,5.41,2.7
Q2001676,18,520.5,1225.83,9.5,19.56,2.0,3.94,25.5,38.28,4,7,1,0,0,,,,22.22,38.89,5.56,0.0,0.0
Q2001775,1,303.0,303.0,8.0,8.0,0.0,0.0,6.0,6.0,0,1,0,0,0,,,,0.0,100.0,0.0,0.0,0.0
Q20019082,1,216.0,216.0,0.0,0.0,1.0,1.0,26.0,26.0,1,0,1,1,0,,,,100.0,0.0,100.0,100.0,0.0
Q2001982,2,260.5,260.5,1.0,1.0,1.0,1.0,11.0,11.0,0,1,1,0,0,,,,0.0,50.0,50.0,0.0,0.0
Q2002016,1,54.0,54.0,1.0,1.0,0.0,0.0,0.0,0.0,0,1,1,0,0,,,,0.0,100.0,100.0,0.0,0.0
Q20024940,1,79.0,79.0,1.0,1.0,0.0,0.0,6.0,6.0,0,1,1,0,0,,,,0.0,100.0,100.0,0.0,0.0
Q200250,43,686.0,804.56,2.0,4.37,1.0,1.74,16.0,25.35,9,16,2,1,1,,,,20.93,37.21,4.65,2.33,2.33
Q20026879,5,145.0,314.8,1.0,1.4,1.0,1.8,5.0,17.0,1,1,3,1,1,,,,20.0,20.0,60.0,20.0,20.0
Q20026918,16,216.0,350.06,0.5,0.75,0.0,0.56,9.0,13.06,8,12,9,4,3,,,,50.0,75.0,56.25,25.0,18.75
Q20027951,2,102.0,102.0,1.0,1.0,0.5,0.5,5.0,5.0,0,1,2,0,0,,,,0.0,50.0,100.0,0.0,0.0
Q20027953,7,180.0,709.43,1.0,9.0,1.0,3.43,6.0,33.0,0,1,4,0,0,,,,0.0,14.29,57.14,0.0,0.0
Q20031543,2,149.5,149.5,1.0,1.0,0.5,0.5,3.5,3.5,0,1,2,0,0,,,,0.0,50.0,100.0,0.0,0.0
Q20032039,1,636.0,636.0,0.0,0.0,1.0,1.0,0.0,0.0,1,0,0,0,0,,,,100.0,0.0,0.0,0.0,0.0
Q200325,2,2557.0,2557.0,25.5,25.5,2.5,2.5,63.5,63.5,0,0,0,0,0,,,,0.0,0.0,0.0,0.0,0.0
Q20035780,1,162.0,162.0,0.0,0.0,4.0,4.0,15.0,15.0,1,0,1,1,0,,,,100.0,0.0,100.0,100.0,0.0
Q2005002,1,853.0,853.0,4.0,4.0,0.0,0.0,7.0,7.0,0,1,0,0,0,,,,0.0,100.0,0.0,0.0,0.0
Q200539,1,358.0,358.0,12.0,12.0,1.0,1.0,8.0,8.0,0,0,0,0,0,,,,0.0,0.0,0.0,0.0,0.0
Q20056177,7,242.0,329.71,1.0,0.86,1.0,1.0,6.0,12.14,3,3,4,2,1,,,,42.86,42.86,57.14,28.57,14.29
Q2005652,1,47.0,47.0,1.0,1.0,0.0,0.0,2.0,2.0,0,1,1,0,0,,,,0.0,100.0,100.0,0.0,0.0
Q2006518,3,277.0,283.0,1.0,1.33,1.0,0.67,14.0,20.0,1,1,1,0,0,,,,33.33,33.33,33.33,0.0,0.0
Q200656,1,159.0,159.0,1.0,1.0,0.0,0.0,6.0,6.0,0,1,1,0,0,,,,0.0,100.0,100.0,0.0,0.0
Q2006581,1,212.0,212.0,1.0,1.0,0.0,0.0,10.0,10.0,0,1,1,0,0,,,,0.0,100.0,100.0,0.0,0.0
Q20071150,1,202.0,202.0,1.0,1.0,0.0,0.0,3.0,3.0,0,1,1,0,0,,,,0.0,100.0,100.0,0.0,0.0
Q20074337,1,57.0,57.0,0.0,0.0,1.0,1.0,1.0,1.0,1,0,1,1,0,,,,100.0,0.0,100.0,100.0,0.0
Q20076089,1,58.0,58.0,1.0,1.0,0.0,0.0,1.0,1.0,0,1,1,0,0,,,,0.0,100.0,100.0,0.0,0.0
Q20076756,2,324.0,324.0,0.5,0.5,1.0,1.0,28.0,28.0,1,1,0,0,0,,,,50.0,50.0,0.0,0.0,0.0
Q20086260,7,819.0,1166.0,2.0,5.29,0.0,0.29,21.0,17.43,2,6,0,0,0,,,,28.57,85.71,0.0,0.0,0.0
Q20086263,7,819.0,1166.0,2.0,5.29,0.0,0.29,21.0,17.43,2,6,0,0,0,,,,28.57,85.71,0.0,0.0,0.0
Q20087698,2,809.5,809.5,11.5,11.5,1.5,1.5,44.5,44.5,0,1,0,0,0,,,,0.0,50.0,0.0,0.0,0.0
Q2008856,1,745.0,745.0,7.0,7.0,5.0,5.0,26.0,26.0,0,0,0,0,0,,,,0.0,0.0,0.0,0.0,0.0
Q20088819,1,207.0,207.0,1.0,1.0,0.0,0.0,1.0,1.0,0,1,1,0,0,,,,0.0,100.0,100.0,0.0,0.0
Q20091976,1,463.0,463.0,4.0,4.0,2.0,2.0,0.0,0.0,0,0,0,0,0,,,,0.0,0.0,0.0,0.0,0.0
Q20094029,2,900.5,900.5,13.0,13.0,1.0,1.0,50.5,50.5,0,0,0,0,0,,,,0.0,0.0,0.0,0.0,0.0
Q20097215,1,132.0,132.0,1.0,1.0,1.0,1.0,8.0,8.0,0,0,1,0,0,phosphorite deposit,phosphorite deposit,фосфоритовое месторождение,0.0,0.0,100.0,0.0,0.0
Q20097897,1,160.0,160.0,0.0,0.0,0.0,0.0,7.0,7.0,1,1,1,1,1,,,,100.0,100.0,100.0,100.0,100.0
Q20098739,1,193.0,193.0,2.0,2.0,0.0,0.0,1.0,1.0,0,1,1,0,0,,,,0.0,100.0,100.0,0.0,0.0
Q20105287,6,76.5,259.33,0.0,0.0,0.5,0.67,10.5,10.5,6,3,5,5,3,,,,100.0,50.0,83.33,83.33,50.0
Q20127274,1,290.0,290.0,3.0,3.0,2.0,2.0,14.0,14.0,0,0,0,0,0,,,,0.0,0.0,0.0,0.0,0.0
Q20136634,3,322.0,396.67,1.0,0.67,0.0,0.67,2.0,10.33,1,2,1,0,0,,,,33.33,66.67,33.33,0.0,0.0
Q2014003,2,726.5,726.5,7.0,7.0,5.0,5.0,19.0,19.0,1,1,0,0,0,,,,50.0,50.0,0.0,0.0,0.0
Q201424,1,502.0,502.0,12.0,12.0,1.0,1.0,22.0,22.0,0,0,0,0,0,,,,0.0,0.0,0.0,0.0,0.0
Q20155966,1,320.0,320.0,1.0,1.0,1.0,1.0,5.0,5.0,0,0,0,0,0,,,,0.0,0.0,0.0,0.0,0.0
Q2015728,1,659.0,659.0,4.0,4.0,1.0,1.0,15.0,15.0,0,0,0,0,0,,,,0.0,0.0,0.0,0.0,0.0
Q201605,1,240.0,240.0,1.0,1.0,1.0,1.0,3.0,3.0,0,0,1,0,0,,,,0.0,0.0,100.0,0.0,0.0
Q20162172,9,202.0,647.56,1.0,1.67,1.0,1.33,17.0,34.67,3,3,5,3,1,,,,33.33,33.33,55.56,33.33,11.11
Q201658,25,306.0,340.48,2.0,3.2,0.0,0.48,10.0,16.2,3,17,10,2,2,,,,12.0,68.0,40.0,8.0,8.0
Q201676,1,748.0,748.0,21.0,21.0,0.0,0.0,56.0,56.0,0,1,0,0,0,funeral,funeral,похороны,0.0,100.0,0.0,0.0,0.0
Q20180868,1,392.0,392.0,0.0,0.0,0.0,0.0,5.0,5.0,1,1,0,0,0,,,,100.0,100.0,0.0,0.0,0.0
Q20181002,1,410.0,410.0,1.0,1.0,2.0,2.0,7.0,7.0,0,0,0,0,0,,,,0.0,0.0,0.0,0.0,0.0
Q20181813,2,2752.0,2752.0,9.5,9.5,2.5,2.5,137.0,137.0,0,0,0,0,0,,,,0.0,0.0,0.0,0.0,0.0
Q20202072,1,260.0,260.0,0.0,0.0,0.0,0.0,16.0,16.0,1,1,0,0,0,,,,100.0,100.0,0.0,0.0,0.0
Q20202269,1,53.0,53.0,1.0,1.0,0.0,0.0,2.0,2.0,0,1,1,0,0,,,,0.0,100.0,100.0,0.0,0.0
Q20202352,7,249.0,234.57,1.0,0.71,1.0,0.57,4.0,4.86,2,3,4,1,1,,,,28.57,42.86,57.14,14.29,14.29
Q20203507,2,273.0,273.0,1.5,1.5,1.0,1.0,17.0,17.0,1,0,1,1,0,,,,50.0,0.0,50.0,50.0,0.0
Q20203727,4,119.0,232.25,1.0,1.5,1.0,1.75,7.0,7.75,1,1,3,1,1,,,,25.0,25.0,75.0,25.0,25.0
Q20204151,2,265.5,265.5,1.0,1.0,1.0,1.0,13.5,13.5,0,1,1,0,0,,,,0.0,50.0,50.0,0.0,0.0
Q202156,2,780.5,780.5,0.5,0.5,0.5,0.5,32.5,32.5,1,1,0,0,0,,,,50.0,50.0,0.0,0.0,0.0
Q202216,5,211.0,342.4,0.0,0.4,1.0,9.0,11.0,22.8,3,1,3,3,0,,,,60.0,20.0,60.0,60.0,0.0
Q202265,42,249.0,242.14,0.0,0.05,0.0,0.02,16.0,15.21,41,41,22,21,21,,,,97.62,97.62,52.38,50.0,50.0
Q2022868,1,448.0,448.0,8.0,8.0,1.0,1.0,3.0,3.0,0,0,0,0,0,,,,0.0,0.0,0.0,0.0,0.0
Q2023000,69,255.0,255.7,3.0,3.0,0.0,0.0,5.0,5.0,0,69,0,0,0,,,,0.0,100.0,0.0,0.0,0.0
Q2023214,1,916.0,916.0,17.0,17.0,3.0,3.0,49.0,49.0,0,0,0,0,0,,,,0.0,0.0,0.0,0.0,0.0
Q202390,1,739.0,739.0,0.0,0.0,5.0,5.0,13.0,13.0,1,0,0,0,0,,,,100.0,0.0,0.0,0.0,0.0
Q202398,1,1554.0,1554.0,1.0,1.0,0.0,0.0,108.0,108.0,0,1,0,0,0,,,,0.0,100.0,0.0,0.0,0.0
Q202435,7,374.0,829.71,0.0,0.14,1.0,1.71,33.0,61.0,6,2,2,1,1,,,,85.71,28.57,28.57,14.29,14.29
Q202444,1,21.0,21.0,0.0,0.0,0.0,0.0,2.0,2.0,1,1,1,1,1,,,,100.0,100.0,100.0,100.0,100.0
Q202490,1,87.0,87.0,1.0,1.0,0.0,0.0,3.0,3.0,0,1,1,0,0,,,,0.0,100.0,100.0,0.0,0.0
Q2026833,1,112.0,112.0,0.0,0.0,1.0,1.0,1.0,1.0,1,0,1,1,0,garden square,garden square,сквер,100.0,0.0,100.0,100.0,0.0
Q202686,13,701.0,987.69,6.0,6.0,0.0,0.38,47.0,55.92,0,9,0,0,0,,,,0.0,69.23,0.0,0.0,0.0
Q202805,1,113.0,113.0,1.0,1.0,0.0,0.0,3.0,3.0,0,1,1,0,0,,,,0.0,100.0,100.0,0.0,0.0
Q202833,1,2746.0,2746.0,49.0,49.0,11.0,11.0,139.0,139.0,0,0,0,0,0,,,,0.0,0.0,0.0,0.0,0.0
Q202866,71,412.0,519.03,3.0,5.76,0.0,0.08,22.0,30.68,8,66,14,4,4,,,,11.27,92.96,19.72,5.63,5.63
Q2028919,1,88.0,88.0,1.0,1.0,0.0,0.0,0.0,0.0,0,1,1,0,0,,,,0.0,100.0,100.0,0.0,0.0
Q2029618,1,134.0,134.0,1.0,1.0,0.0,0.0,11.0,11.0,0,1,1,0,0,,,,0.0,100.0,100.0,0.0,0.0
Q2030064,1,67.0,67.0,1.0,1.0,1.0,1.0,2.0,2.0,0,0,1,0,0,,,,0.0,0.0,100.0,0.0,0.0
Q203066,1,1375.0,1375.0,0.0,0.0,0.0,0.0,39.0,39.0,1,1,0,0,0,,,,100.0,100.0,0.0,0.0,0.0
Q2031836,7,427.0,355.43,1.0,0.86,0.0,0.0,10.0,11.29,1,7,3,1,1,Eastern Orthodox church building,Eastern Orthodox church building,православный храм,14.29,100.0,42.86,14.29,14.29
Q203300,3,471.0,502.33,1.0,3.0,0.0,1.0,4.0,9.0,1,2,0,0,0,,,,33.33,66.67,0.0,0.0,0.0
Q2033233,1,519.0,519.0,2.0,2.0,0.0,0.0,10.0,10.0,0,1,0,0,0,,,,0.0,100.0,0.0,0.0,0.0
Q203415,1,278.0,278.0,0.0,0.0,2.0,2.0,21.0,21.0,1,0,0,0,0,,,,100.0,0.0,0.0,0.0,0.0
Q203443,1,63.0,63.0,1.0,1.0,0.0,0.0,7.0,7.0,0,1,1,0,0,,,,0.0,100.0,100.0,0.0,0.0
Q2036212,1,704.0,704.0,2.0,2.0,0.0,0.0,15.0,15.0,0,1,0,0,0,,,,0.0,100.0,0.0,0.0,0.0
Q2039348,15,79.0,79.0,1.0,0.8,0.0,0.07,5.0,5.33,3,14,15,3,2,,,,20.0,93.33,100.0,20.0,13.33
Q203958,52,248.0,252.87,0.0,0.02,0.0,0.04,16.0,15.42,51,51,31,31,31,,,,98.08,98.08,59.62,59.62,59.62
Q2040803,1,33.0,33.0,1.0,1.0,0.0,0.0,1.0,1.0,0,1,1,0,0,,,,0.0,100.0,100.0,0.0,0.0
Q204107,6,261.0,262.5,0.0,0.0,0.0,0.0,18.0,16.67,6,6,0,0,0,,,,100.0,100.0,0.0,0.0,0.0
Q2041172,15,86.0,113.07,1.0,1.07,0.0,0.6,4.0,4.2,2,8,14,2,1,,,,13.33,53.33,93.33,13.33,6.67
Q204194,1,247.0,247.0,0.0,0.0,0.0,0.0,16.0,16.0,1,1,1,1,1,,,,100.0,100.0,100.0,100.0,100.0
Q2042028,16,305.5,293.69,3.0,2.38,0.0,0.0,13.0,12.69,1,16,4,0,0,ravine,шатқал,ущелье,6.25,100.0,25.0,0.0,0.0
Q2042898,2,282.0,282.0,0.5,0.5,1.5,1.5,28.0,28.0,1,0,1,0,0,,,,50.0,0.0,50.0,0.0,0.0
Q2043034,1,376.0,376.0,0.0,0.0,1.0,1.0,1.0,1.0,1,0,0,0,0,,,,100.0,0.0,0.0,0.0,0.0
Q204310,2,944.5,944.5,2.5,2.5,1.0,1.0,15.0,15.0,0,1,0,0,0,gendarmerie,жандармерия,жандармерия,0.0,50.0,0.0,0.0,0.0
Q204324,3,297.0,285.33,1.0,3.0,2.0,1.33,11.0,9.0,1,1,1,1,1,,,,33.33,33.33,33.33,33.33,33.33
Q204520,1,334.0,334.0,6.0,6.0,3.0,3.0,10.0,10.0,0,0,0,0,0,,,,0.0,0.0,0.0,0.0,0.0
Q20477577,1,102.0,102.0,1.0,1.0,0.0,0.0,2.0,2.0,0,1,1,0,0,,,,0.0,100.0,100.0,0.0,0.0
Q20478894,1,1187.0,1187.0,1.0,1.0,5.0,5.0,46.0,46.0,0,0,0,0,0,,,,0.0,0.0,0.0,0.0,0.0
Q204894,16,172.0,190.44,0.0,0.44,0.0,0.62,13.0,16.0,9,10,13,8,7,,,,56.25,62.5,81.25,50.0,43.75
Q205034,1,80.0,80.0,0.0,0.0,1.0,1.0,6.0,6.0,1,0,1,1,0,,,,100.0,0.0,100.0,100.0,0.0
Q20509295,1,233.0,233.0,0.0,0.0,0.0,0.0,4.0,4.0,1,1,1,1,1,,,,100.0,100.0,100.0,100.0,100.0
Q20514253,3,394.0,452.0,1.0,3.67,0.0,0.33,3.0,5.67,0,2,0,0,0,,,,0.0,66.67,0.0,0.0,0.0
Q20526152,7,333.0,339.43,0.0,1.14,1.0,1.29,18.0,16.57,5,2,2,2,0,,,,71.43,28.57,28.57,28.57,0.0
Q20528428,1,900.0,900.0,9.0,9.0,2.0,2.0,66.0,66.0,0,0,0,0,0,,,,0.0,0.0,0.0,0.0,0.0
Q20529153,1,101.0,101.0,0.0,0.0,0.0,0.0,4.0,4.0,1,1,1,1,1,,,,100.0,100.0,100.0,100.0,100.0
Q205299,1,152.0,152.0,0.0,0.0,1.0,1.0,1.0,1.0,1,0,1,1,0,,,,100.0,0.0,100.0,100.0,0.0
Q20537078,1,186.0,186.0,1.0,1.0,1.0,1.0,9.0,9.0,0,0,1,0,0,,,,0.0,0.0,100.0,0.0,0.0
Q20540385,1,223.0,223.0,3.0,3.0,0.0,0.0,12.0,12.0,0,1,1,0,0,,,,0.0,100.0,100.0,0.0,0.0
Q2054106,1,86.0,86.0,1.0,1.0,0.0,0.0,11.0,11.0,0,1,1,0,0,,,,0.0,100.0,100.0,0.0,0.0
Q205555,2,87.5,87.5,1.0,1.0,0.0,0.0,6.0,6.0,0,2,2,0,0,,,,0.0,100.0,100.0,0.0,0.0
Q2055880,1,1023.0,1023.0,2.0,2.0,3.0,3.0,18.0,18.0,0,0,0,0,0,,,,0.0,0.0,0.0,0.0,0.0
Q205665,2,463.5,463.5,0.5,0.5,0.0,0.0,16.5,16.5,1,2,1,0,0,,,,50.0,100.0,50.0,0.0,0.0
Q2057971,16,87.0,278.94,1.0,1.12,0.0,0.44,3.0,17.94,2,12,13,1,1,,,,12.5,75.0,81.25,6.25,6.25
Q205805,3,312.0,291.67,1.0,1.33,1.0,0.67,4.0,6.33,0,1,1,0,0,,,,0.0,33.33,33.33,0.0,0.0
Q205892,2,1092.5,1092.5,1.5,1.5,2.0,2.0,91.5,91.5,1,1,1,1,1,,,,50.0,50.0,50.0,50.0,50.0
Q205895,1,208.0,208.0,0.0,0.0,1.0,1.0,20.0,20.0,1,0,1,1,0,,,,100.0,0.0,100.0,100.0,0.0
Q205961,7,277.0,600.43,1.0,1.29,0.0,0.57,6.0,7.14,1,4,3,1,0,,,,14.29,57.14,42.86,14.29,0.0
Q205985,18,164.5,164.61,0.0,0.83,1.0,0.94,6.5,9.56,10,4,14,9,1,,,,55.56,22.22,77.78,50.0,5.56
Q20602715,1,433.0,433.0,8.0,8.0,0.0,0.0,1.0,1.0,0,1,0,0,0,,,,0.0,100.0,0.0,0.0,0.0
Q2061186,1,396.0,396.0,7.0,7.0,0.0,0.0,15.0,15.0,0,1,0,0,0,,,,0.0,100.0,0.0,0.0,0.0
Q20616831,1,51.0,51.0,0.0,0.0,1.0,1.0,5.0,5.0,1,0,1,1,0,,,,100.0,0.0,100.0,100.0,0.0
Q206229,1,96.0,96.0,1.0,1.0,2.0,2.0,4.0,4.0,0,0,1,0,0,,,,0.0,0.0,100.0,0.0,0.0
Q206287,1,570.0,570.0,8.0,8.0,1.0,1.0,5.0,5.0,0,0,0,0,0,,,,0.0,0.0,0.0,0.0,0.0
Q206290,2,245.0,245.0,1.5,1.5,0.5,0.5,4.0,4.0,0,1,1,0,0,,,,0.0,50.0,50.0,0.0,0.0
Q206361,1,404.0,404.0,2.0,2.0,0.0,0.0,4.0,4.0,0,1,0,0,0,,,,0.0,100.0,0.0,0.0,0.0
Q20638319,18,375.0,352.72,0.0,0.44,1.0,1.89,36.0,34.17,14,6,5,5,1,UCI ProTeam,UCI ProTeam,UCI ProTeam,77.78,33.33,27.78,27.78,5.56
Q20639847,6,129.0,174.17,0.0,0.0,1.0,1.5,16.0,17.0,6,2,4,4,1,,,,100.0,33.33,66.67,66.67,16.67
Q20639856,19,365.0,585.21,0.0,0.63,0.0,0.63,15.0,31.16,12,15,1,1,1,,,,63.16,78.95,5.26,5.26,5.26
Q20642011,4,113.0,109.25,1.0,0.75,0.0,0.25,1.5,1.5,1,3,4,1,1,,,,25.0,75.0,100.0,25.0,25.0
Q20643324,4,124.5,124.75,1.0,1.25,0.0,0.25,7.0,8.0,0,3,4,0,0,,,,0.0,75.0,100.0,0.0,0.0
Q20643955,20,255.0,689.3,1.0,3.15,1.0,0.9,14.0,22.2,2,8,9,2,1,,,,10.0,40.0,45.0,10.0,5.0
Q20650540,3,407.0,678.0,1.0,1.33,0.0,2.0,9.0,7.67,1,2,0,0,0,,,,33.33,66.67,0.0,0.0,0.0
Q2065227,2,150.5,150.5,1.0,1.0,0.0,0.0,6.0,6.0,0,2,2,0,0,,,,0.0,100.0,100.0,0.0,0.0
Q20653563,8,218.0,269.38,0.0,0.12,1.0,2.12,25.5,24.0,7,2,4,4,1,,,,87.5,25.0,50.0,50.0,12.5
Q20653564,4,394.0,385.5,0.0,0.25,1.0,2.25,35.5,32.75,3,1,1,1,0,,,,75.0,25.0,25.0,25.0,0.0
Q2065736,22,339.5,465.05,1.0,2.0,1.0,1.95,4.5,10.0,10,10,9,4,3,,,,45.45,45.45,40.91,18.18,13.64
Q206577,2,558.0,558.0,3.0,3.0,0.5,0.5,12.0,12.0,1,1,1,0,0,,,,50.0,50.0,50.0,0.0,0.0
Q2066131,1,162.0,162.0,0.0,0.0,0.0,0.0,11.0,11.0,1,1,1,1,1,,,,100.0,100.0,100.0,100.0,100.0
Q206615,6,92.5,102.0,1.0,1.0,1.0,1.0,3.0,4.0,0,1,6,0,0,,,,0.0,16.67,100.0,0.0,0.0
Q20667187,1,177.0,177.0,0.0,0.0,1.0,1.0,3.0,3.0,1,0,1,1,0,,,,100.0,0.0,100.0,100.0,0.0
Q20667921,3,185.0,766.0,0.0,2.33,1.0,7.33,10.0,40.0,2,0,2,2,0,,,,66.67,0.0,66.67,66.67,0.0
Q20671156,1,2183.0,2183.0,0.0,0.0,2.0,2.0,80.0,80.0,1,0,0,0,0,,,,100.0,0.0,0.0,0.0,0.0
Q206717,1,1075.0,1075.0,2.0,2.0,4.0,4.0,50.0,50.0,0,0,0,0,0,,,,0.0,0.0,0.0,0.0,0.0
Q20679883,1,158.0,158.0,1.0,1.0,0.0,0.0,2.0,2.0,0,1,1,0,0,,,,0.0,100.0,100.0,0.0,0.0
Q20683285,2,74.5,74.5,0.0,0.0,1.0,1.0,2.0,2.0,2,0,2,2,0,,,,100.0,0.0,100.0,100.0,0.0
Q20683492,1,301.0,301.0,0.0,0.0,1.0,1.0,7.0,7.0,1,0,0,0,0,,,,100.0,0.0,0.0,0.0,0.0
Q20683493,2,674.5,674.5,4.5,4.5,0.5,0.5,38.5,38.5,0,1,0,0,0,,,,0.0,50.0,0.0,0.0,0.0
Q20689291,1,164.0,164.0,1.0,1.0,0.0,0.0,7.0,7.0,0,1,1,0,0,,,,0.0,100.0,100.0,0.0,0.0
Q2069238,1,177.0,177.0,1.0,1.0,0.0,0.0,4.0,4.0,0,1,1,0,0,,,,0.0,100.0,100.0,0.0,0.0
Q2069494,1,168.0,168.0,1.0,1.0,0.0,0.0,17.0,17.0,0,1,1,0,0,,,,0.0,100.0,100.0,0.0,0.0
Q206989,1,250.0,250.0,0.0,0.0,1.0,1.0,2.0,2.0,1,0,0,0,0,,,,100.0,0.0,0.0,0.0,0.0
Q207101,1,163.0,163.0,2.0,2.0,0.0,0.0,10.0,10.0,0,1,1,0,0,,,,0.0,100.0,100.0,0.0,0.0
Q207123,1,219.0,219.0,1.0,1.0,0.0,0.0,17.0,17.0,0,1,1,0,0,,,,0.0,100.0,100.0,0.0,0.0
Q207170,2,218.0,218.0,0.5,0.5,1.0,1.0,5.5,5.5,1,0,1,1,0,,,,50.0,0.0,50.0,50.0,0.0
Q207174,4,195.0,265.25,0.0,1.0,1.0,1.0,13.5,15.0,3,0,3,3,0,,,,75.0,0.0,75.0,75.0,0.0
Q20719675,46,462.0,550.02,1.0,2.76,0.0,0.0,11.0,15.74,3,46,0,0,0,raion of the Soviet Union,raion of the Soviet Union,район СССР,6.52,100.0,0.0,0.0,0.0
Q20720217,2,215.5,215.5,1.5,1.5,0.5,0.5,7.0,7.0,0,1,2,0,0,,,,0.0,50.0,100.0,0.0,0.0
Q20724701,45,661.0,672.96,5.0,5.44,0.0,0.42,3.0,4.87,2,39,0,0,0,,,,4.44,86.67,0.0,0.0,0.0
Q207264,2,259.0,259.0,0.0,0.0,0.5,0.5,40.5,40.5,2,1,1,1,0,,,,100.0,50.0,50.0,50.0,0.0
Q207293,1,23.0,23.0,1.0,1.0,0.0,0.0,6.0,6.0,0,1,1,0,0,,,,0.0,100.0,100.0,0.0,0.0
Q207299,1,532.0,532.0,3.0,3.0,1.0,1.0,7.0,7.0,0,0,0,0,0,,,,0.0,0.0,0.0,0.0,0.0
Q207320,4,1372.5,1104.0,14.0,14.75,1.5,2.0,47.5,48.25,0,2,1,0,0,,,,0.0,50.0,25.0,0.0,0.0
Q20732405,10,780.0,3609.4,7.0,7.4,1.0,1.2,25.5,27.0,0,4,0,0,0,,,,0.0,40.0,0.0,0.0,0.0
Q207326,5,216.0,217.4,0.0,0.4,2.0,1.6,1.0,2.6,3,0,4,2,0,summit,Шың,вершина местности,60.0,0.0,80.0,40.0,0.0
Q20733617,9,68.0,78.22,1.0,1.22,0.0,0.0,6.0,7.56,0,9,9,0,0,,,,0.0,100.0,100.0,0.0,0.0
Q2073644,1,1768.0,1768.0,39.0,39.0,0.0,0.0,28.0,28.0,0,1,0,0,0,,,,0.0,100.0,0.0,0.0,0.0
Q20738676,35,287.0,324.4,0.0,0.0,0.0,3.26,42.0,45.51,35,34,6,6,6,,,,100.0,97.14,17.14,17.14,17.14
Q20738811,13,226.0,227.46,0.0,0.0,0.0,0.0,26.0,25.23,13,13,13,13,13,,,,100.0,100.0,100.0,100.0,100.0
Q20738945,17,383.0,387.71,0.0,0.0,0.0,0.0,74.0,73.59,17,17,1,1,1,,,,100.0,100.0,5.88,5.88,5.88
Q207391,1,476.0,476.0,5.0,5.0,1.0,1.0,15.0,15.0,0,0,0,0,0,,,,0.0,0.0,0.0,0.0,0.0
Q20739124,2,605.0,605.0,1.0,1.0,0.0,0.0,4.5,4.5,0,2,1,0,0,,,,0.0,100.0,50.0,0.0,0.0
Q207436,7,247.0,243.86,0.0,0.0,0.0,0.0,16.0,15.0,7,7,4,4,4,,,,100.0,100.0,57.14,57.14,57.14
Q2074737,2434,261.0,263.06,0.0,0.01,0.0,0.17,7.0,6.67,2425,2061,474,473,426,,,,99.63,84.68,19.47,19.43,17.5
Q207476,1,66.0,66.0,1.0,1.0,1.0,1.0,5.0,5.0,0,0,1,0,0,,,,0.0,0.0,100.0,0.0,0.0
Q207505,2,98.0,98.0,0.5,0.5,0.0,0.0,4.5,4.5,1,2,2,1,1,,,,50.0,100.0,100.0,50.0,50.0
Q207621,1,950.0,950.0,10.0,10.0,0.0,0.0,7.0,7.0,0,1,0,0,0,,,,0.0,100.0,0.0,0.0,0.0
Q207645,3,192.0,180.33,2.0,1.67,0.0,0.33,14.0,17.0,0,2,3,0,0,,,,0.0,66.67,100.0,0.0,0.0
Q207694,22,223.5,298.64,1.0,2.5,0.0,0.45,8.0,9.91,8,14,12,6,5,,,,36.36,63.64,54.55,27.27,22.73
Q207842,1,2484.0,2484.0,73.0,73.0,1.0,1.0,2.0,2.0,0,0,0,0,0,,,,0.0,0.0,0.0,0.0,0.0
Q207874,2,141.0,141.0,1.0,1.0,0.0,0.0,5.5,5.5,0,2,2,0,0,,,,0.0,100.0,100.0,0.0,0.0
Q207934,2,678.0,678.0,9.0,9.0,6.5,6.5,23.0,23.0,0,1,0,0,0,,,,0.0,50.0,0.0,0.0,0.0
Q20794493,1,551.0,551.0,0.0,0.0,0.0,0.0,4.0,4.0,1,1,0,0,0,,,,100.0,100.0,0.0,0.0,0.0
Q207961,2,133.5,133.5,1.5,1.5,0.5,0.5,7.5,7.5,0,1,2,0,0,,,,0.0,50.0,100.0,0.0,0.0
Q207977,1,74.0,74.0,1.0,1.0,1.0,1.0,5.0,5.0,0,0,1,0,0,,,,0.0,0.0,100.0,0.0,0.0
Q207982,1,63.0,63.0,1.0,1.0,0.0,0.0,1.0,1.0,0,1,1,0,0,,,,0.0,100.0,100.0,0.0,0.0
Q208030,1,52.0,52.0,1.0,1.0,2.0,2.0,6.0,6.0,0,0,1,0,0,,,,0.0,0.0,100.0,0.0,0.0
Q2080521,1,259.0,259.0,2.0,2.0,2.0,2.0,6.0,6.0,0,0,0,0,0,,,,0.0,0.0,0.0,0.0,0.0
Q208164,6,565.0,574.5,0.5,1.5,0.0,0.5,44.5,57.0,3,4,0,0,0,,,,50.0,66.67,0.0,0.0,0.0
Q20819677,7,338.0,331.43,1.0,1.0,1.0,1.14,11.0,13.43,1,2,2,0,0,,,,14.29,28.57,28.57,0.0,0.0
Q20819848,1,176.0,176.0,1.0,1.0,0.0,0.0,3.0,3.0,0,1,1,0,0,,,,0.0,100.0,100.0,0.0,0.0
Q20820018,3,207.0,196.67,2.0,2.0,0.0,0.0,6.0,5.67,0,3,2,0,0,,,,0.0,100.0,66.67,0.0,0.0
Q20822063,1,1478.0,1478.0,21.0,21.0,1.0,1.0,21.0,21.0,0,0,0,0,0,,,,0.0,0.0,0.0,0.0,0.0
Q20825842,2,204.0,204.0,1.5,1.5,2.5,2.5,6.0,6.0,1,1,1,1,0,,,,50.0,50.0,50.0,50.0,0.0
Q20826013,6,401.5,407.33,0.5,1.67,0.0,0.33,20.0,18.67,3,4,2,1,1,,,,50.0,66.67,33.33,16.67,16.67
Q20827480,1,69.0,69.0,1.0,1.0,1.0,1.0,6.0,6.0,0,0,1,0,0,,,,0.0,0.0,100.0,0.0,0.0
Q2082774,1,247.0,247.0,0.0,0.0,1.0,1.0,5.0,5.0,1,0,1,1,0,,,,100.0,0.0,100.0,100.0,0.0
Q20828805,1,141.0,141.0,2.0,2.0,0.0,0.0,5.0,5.0,0,1,1,0,0,,,,0.0,100.0,100.0,0.0,0.0
Q20829075,21,253.0,339.29,1.0,2.9,0.0,0.0,11.0,13.76,2,21,10,1,1,,,,9.52,100.0,47.62,4.76,4.76
Q20830236,1,312.0,312.0,0.0,0.0,0.0,0.0,4.0,4.0,1,1,0,0,0,,,,100.0,100.0,0.0,0.0,0.0
Q20830276,3,545.0,444.0,0.0,0.33,1.0,0.67,21.0,28.0,2,1,1,0,0,,,,66.67,33.33,33.33,0.0,0.0
Q208383,1,473.0,473.0,15.0,15.0,0.0,0.0,15.0,15.0,0,1,0,0,0,,,,0.0,100.0,0.0,0.0,0.0
Q2083910,11,128.0,387.91,1.0,1.64,1.0,2.0,14.0,24.18,1,2,6,1,0,,,,9.09,18.18,54.55,9.09,0.0
Q2084299,1,85.0,85.0,2.0,2.0,0.0,0.0,6.0,6.0,0,1,1,0,0,,,,0.0,100.0,100.0,0.0,0.0
Q208469,20,62.0,82.3,1.0,0.85,0.0,0.15,5.0,7.3,7,17,20,7,6,,,,35.0,85.0,100.0,35.0,30.0
Q208478,2,334.5,334.5,4.0,4.0,0.0,0.0,15.5,15.5,0,2,1,0,0,,,,0.0,100.0,50.0,0.0,0.0
Q208500,7,214.0,301.14,1.0,1.71,1.0,0.57,10.0,9.86,2,3,4,2,1,,,,28.57,42.86,57.14,28.57,14.29
Q208502,1,79.0,79.0,1.0,1.0,0.0,0.0,5.0,5.0,0,1,1,0,0,,,,0.0,100.0,100.0,0.0,0.0
Q208511,20,648.0,1059.0,4.0,7.0,1.5,2.75,23.5,43.65,5,5,0,0,0,,,,25.0,25.0,0.0,0.0,0.0
Q2085381,39,250.0,623.79,1.0,2.9,1.0,0.87,11.0,16.85,14,18,19,6,2,publishing house,Баспа,издательство,35.9,46.15,48.72,15.38,5.13
Q208544,15,181.0,206.67,0.0,0.2,0.0,0.0,6.0,6.2,14,15,12,12,12,,,,93.33,100.0,80.0,80.0,80.0
Q20856087,1,248.0,248.0,0.0,0.0,0.0,0.0,2.0,2.0,1,1,1,1,1,,,,100.0,100.0,100.0,100.0,100.0
Q20857065,4,69.5,184.25,1.0,0.75,0.0,0.25,2.0,8.75,1,3,3,0,0,,,,25.0,75.0,75.0,0.0,0.0
Q2085786,4,401.5,333.0,0.0,0.25,0.0,0.25,40.5,42.0,3,3,1,1,0,,,,75.0,75.0,25.0,25.0,0.0
Q20858006,1,75.0,75.0,1.0,1.0,1.0,1.0,1.0,1.0,0,0,1,0,0,,,,0.0,0.0,100.0,0.0,0.0
Q20867284,2,718.0,718.0,1.5,1.5,1.0,1.0,26.5,26.5,1,0,0,0,0,,,,50.0,0.0,0.0,0.0,0.0
Q208674,6,162.5,356.0,0.5,2.5,1.0,1.0,7.0,9.83,3,2,4,3,2,,,,50.0,33.33,66.67,50.0,33.33
Q20871196,1,879.0,879.0,1.0,1.0,2.0,2.0,152.0,152.0,0,0,0,0,0,,,,0.0,0.0,0.0,0.0,0.0
Q2087181,8,392.0,509.0,0.0,0.5,1.0,1.0,4.5,9.75,5,3,2,2,1,,,,62.5,37.5,25.0,25.0,12.5
Q208729,1,679.0,679.0,3.0,3.0,2.0,2.0,21.0,21.0,0,0,0,0,0,,,,0.0,0.0,0.0,0.0,0.0
Q20873950,1,307.0,307.0,1.0,1.0,0.0,0.0,6.0,6.0,0,1,0,0,0,,,,0.0,100.0,0.0,0.0,0.0
Q2087773,10,126.5,166.4,1.0,1.6,1.0,1.0,6.0,6.1,0,0,9,0,0,,,,0.0,0.0,90.0,0.0,0.0
Q2088357,10,314.5,367.0,2.0,1.8,0.5,1.0,18.5,18.1,2,5,4,1,0,musical ensemble,musical ensemble,музыкальный ансамбль,20.0,50.0,40.0,10.0,0.0
Q2088753,1,1501.0,1501.0,8.0,8.0,10.0,10.0,36.0,36.0,0,0,0,0,0,,,,0.0,0.0,0.0,0.0,0.0
Q20888800,1,362.0,362.0,1.0,1.0,0.0,0.0,5.0,5.0,0,1,0,0,0,,,,0.0,100.0,0.0,0.0,0.0
Q20888925,1,48.0,48.0,1.0,1.0,0.0,0.0,5.0,5.0,0,1,1,0,0,,,,0.0,100.0,100.0,0.0,0.0
Q2089242,7,2899.0,3344.0,0.0,0.86,0.0,0.0,347.0,391.29,6,7,0,0,0,,,,85.71,100.0,0.0,0.0,0.0
Q20893947,1,413.0,413.0,9.0,9.0,0.0,0.0,15.0,15.0,0,1,0,0,0,,,,0.0,100.0,0.0,0.0,0.0
Q20897549,1,39.0,39.0,1.0,1.0,0.0,0.0,0.0,0.0,0,1,1,0,0,,,,0.0,100.0,100.0,0.0,0.0
Q20898395,1,23.0,23.0,1.0,1.0,0.0,0.0,1.0,1.0,0,1,1,0,0,,,,0.0,100.0,100.0,0.0,0.0
Q2089936,1,336.0,336.0,7.0,7.0,2.0,2.0,17.0,17.0,0,0,0,0,0,,,,0.0,0.0,0.0,0.0,0.0
Q20901295,4,609.5,646.0,1.5,3.75,2.5,4.75,40.5,38.75,0,2,0,0,0,foreign affairs ministry,foreign affairs ministry,министерство иностранных дел,0.0,50.0,0.0,0.0,0.0
Q2091629,1,79.0,79.0,1.0,1.0,0.0,0.0,0.0,0.0,0,1,1,0,0,,,,0.0,100.0,100.0,0.0,0.0
Q20920559,1,1580.0,1580.0,7.0,7.0,0.0,0.0,49.0,49.0,0,1,0,0,0,,,,0.0,100.0,0.0,0.0,0.0
Q209225,2,101.5,101.5,1.0,1.0,0.5,0.5,1.5,1.5,0,1,2,0,0,,,,0.0,50.0,100.0,0.0,0.0
Q20926517,1,875.0,875.0,3.0,3.0,1.0,1.0,47.0,47.0,0,0,0,0,0,religious administrative territorial entity,religious administrative territorial entity,религиозное административно-территориальное образование,0.0,0.0,0.0,0.0,0.0
Q209287,1,192.0,192.0,0.0,0.0,1.0,1.0,21.0,21.0,1,0,1,1,0,,,,100.0,0.0,100.0,100.0,0.0
Q209295,1,140.0,140.0,0.0,0.0,0.0,0.0,3.0,3.0,1,1,1,1,1,,,,100.0,100.0,100.0,100.0,100.0
Q209325,2,561.0,561.0,3.0,3.0,22.5,22.5,32.0,32.0,0,1,0,0,0,,,,0.0,50.0,0.0,0.0,0.0
Q209465,3,230.0,2169.33,2.0,36.0,0.0,4.0,8.0,29.67,0,2,2,0,0,campus,campus,кампус,0.0,66.67,66.67,0.0,0.0
Q2095,17,127.0,186.88,1.0,1.59,1.0,0.65,8.0,9.0,4,7,12,1,0,food,азық-түлік,пища,23.53,41.18,70.59,5.88,0.0
Q209672,1,58.0,58.0,1.0,1.0,0.0,0.0,2.0,2.0,0,1,1,0,0,,,,0.0,100.0,100.0,0.0,0.0
Q20967773,1,130.0,130.0,1.0,1.0,0.0,0.0,9.0,9.0,0,1,1,0,0,,,,0.0,100.0,100.0,0.0,0.0
Q2097208,1,566.0,566.0,1.0,1.0,0.0,0.0,20.0,20.0,0,1,0,0,0,transculturation,transculturation,транскультурация,0.0,100.0,0.0,0.0,0.0
Q2097994,1,241.0,241.0,0.0,0.0,0.0,0.0,2.0,2.0,1,1,1,1,1,,,,100.0,100.0,100.0,100.0,100.0
Q20980854,1,389.0,389.0,1.0,1.0,0.0,0.0,9.0,9.0,0,1,0,0,0,,,,0.0,100.0,0.0,0.0,0.0
Q2098155,1,98.0,98.0,0.0,0.0,1.0,1.0,0.0,0.0,1,0,1,1,0,,,,100.0,0.0,100.0,100.0,0.0
Q2098169,4,352.5,561.75,3.5,4.0,2.0,2.25,12.5,20.75,0,0,2,0,0,,,,0.0,0.0,50.0,0.0,0.0
Q20983788,1,937.0,937.0,1.0,1.0,2.0,2.0,20.0,20.0,0,0,0,0,0,,,,0.0,0.0,0.0,0.0,0.0
Q209896,1,171.0,171.0,3.0,3.0,1.0,1.0,10.0,10.0,0,0,1,0,0,,,,0.0,0.0,100.0,0.0,0.0
Q209928,6,226.5,271.5,1.0,1.83,0.0,0.0,19.5,17.33,1,6,3,0,0,,,,16.67,100.0,50.0,0.0,0.0
Q21009057,2,75.5,75.5,2.0,2.0,0.0,0.0,3.0,3.0,0,2,2,0,0,,,,0.0,100.0,100.0,0.0,0.0
Q21009059,1,136.0,136.0,2.0,2.0,0.0,0.0,12.0,12.0,0,1,1,0,0,,,,0.0,100.0,100.0,0.0,0.0
Q21010817,3,500.0,456.67,1.0,2.0,1.0,1.33,25.0,24.33,0,1,0,0,0,,,,0.0,33.33,0.0,0.0,0.0
Q21014462,1,444.0,444.0,6.0,6.0,1.0,1.0,6.0,6.0,0,0,0,0,0,,,,0.0,0.0,0.0,0.0,0.0
Q2101516,1,57.0,57.0,1.0,1.0,1.0,1.0,4.0,4.0,0,0,1,0,0,,,,0.0,0.0,100.0,0.0,0.0
Q2101564,3,81.0,230.33,1.0,0.67,0.0,0.33,2.0,5.33,1,2,2,0,0,,,,33.33,66.67,66.67,0.0,0.0
Q2101619,5,263.0,415.4,2.0,3.2,1.0,1.2,7.0,28.0,0,2,2,0,0,political slogan,political slogan,политический лозунг,0.0,40.0,40.0,0.0,0.0
Q210167,11,243.0,533.55,2.0,8.18,0.0,0.45,14.0,18.36,5,7,6,4,3,video game developer,video game developer,разработчик компьютерных игр,45.45,63.64,54.55,36.36,27.27
Q210272,11,269.0,300.55,0.0,0.55,1.0,0.73,7.0,10.36,7,4,3,0,0,cultural heritage,cultural heritage,культурное наследие,63.64,36.36,27.27,0.0,0.0
Q21032622,1,449.0,449.0,2.0,2.0,2.0,2.0,6.0,6.0,0,0,0,0,0,,,,0.0,0.0,0.0,0.0,0.0
Q210337,1,943.0,943.0,10.0,10.0,0.0,0.0,29.0,29.0,0,1,0,0,0,,,,0.0,100.0,0.0,0.0,0.0
Q21040055,2,343.0,343.0,2.5,2.5,0.0,0.0,15.5,15.5,0,2,1,0,0,,,,0.0,100.0,50.0,0.0,0.0
Q2104072,1,348.0,348.0,4.0,4.0,1.0,1.0,4.0,4.0,0,0,0,0,0,,,,0.0,0.0,0.0,0.0,0.0
Q21055677,2,224.5,224.5,2.0,2.0,1.5,1.5,6.5,6.5,1,0,1,1,0,,,,50.0,0.0,50.0,50.0,0.0
Q210588,14,113.0,184.71,1.0,1.43,0.0,0.43,8.0,10.93,2,10,11,2,2,,,,14.29,71.43,78.57,14.29,14.29
Q21070568,17,247.0,680.47,2.0,2.94,0.0,0.47,10.0,10.12,1,12,9,1,0,,,,5.88,70.59,52.94,5.88,0.0
Q21070598,1,1494.0,1494.0,2.0,2.0,1.0,1.0,25.0,25.0,0,0,0,0,0,,,,0.0,0.0,0.0,0.0,0.0
Q210729,3,214.0,212.67,2.0,2.0,0.0,0.33,7.0,6.67,0,2,2,0,0,,,,0.0,66.67,66.67,0.0,0.0
Q21073023,6,355.0,363.0,1.0,1.17,1.0,1.0,13.5,17.33,2,0,0,0,0,,,,33.33,0.0,0.0,0.0,0.0
Q21073024,2,345.5,345.5,0.5,0.5,1.0,1.0,12.0,12.0,1,0,0,0,0,,,,50.0,0.0,0.0,0.0,0.0
Q210847,1,31.0,31.0,1.0,1.0,0.0,0.0,2.0,2.0,0,1,1,0,0,,,,0.0,100.0,100.0,0.0,0.0
Q21087275,1,65.0,65.0,1.0,1.0,0.0,0.0,4.0,4.0,0,1,1,0,0,,,,0.0,100.0,100.0,0.0,0.0
Q210947,1,130.0,130.0,1.0,1.0,0.0,0.0,3.0,3.0,0,1,1,0,0,,,,0.0,100.0,100.0,0.0,0.0
Q210953,2,413.0,413.0,0.5,0.5,0.5,0.5,43.5,43.5,1,1,1,0,0,,,,50.0,50.0,50.0,0.0,0.0
Q210980,2,742.5,742.5,12.0,12.0,3.0,3.0,8.5,8.5,1,0,1,1,0,,,,50.0,0.0,50.0,50.0,0.0
Q210999,1,32.0,32.0,1.0,1.0,1.0,1.0,1.0,1.0,0,0,1,0,0,,,,0.0,0.0,100.0,0.0,0.0
Q2110808,3,751.0,1228.67,2.0,2.67,1.0,1.33,18.0,18.67,0,1,1,0,0,,,,0.0,33.33,33.33,0.0,0.0
Q21114371,2,164.5,164.5,1.0,1.0,1.5,1.5,9.5,9.5,0,0,2,0,0,,,,0.0,0.0,100.0,0.0,0.0
Q2111778,1,73.0,73.0,1.0,1.0,0.0,0.0,3.0,3.0,0,1,1,0,0,,,,0.0,100.0,100.0,0.0,0.0
Q211201,1,707.0,707.0,1.0,1.0,21.0,21.0,50.0,50.0,0,0,0,0,0,,,,0.0,0.0,0.0,0.0,0.0
Q2112179,1,1896.0,1896.0,10.0,10.0,1.0,1.0,178.0,178.0,0,0,0,0,0,,,,0.0,0.0,0.0,0.0,0.0
Q21127166,1,253.0,253.0,0.0,0.0,1.0,1.0,17.0,17.0,1,0,0,0,0,,,,100.0,0.0,0.0,0.0,0.0
Q211301,8,265.5,264.38,0.0,0.0,0.0,0.0,16.0,15.75,8,8,0,0,0,,,,100.0,100.0,0.0,0.0,0.0
Q211302,7,244.0,265.57,0.0,1.14,0.0,0.57,6.0,9.57,5,5,4,3,2,,,,71.43,71.43,57.14,42.86,28.57
Q2113454,1,176.0,176.0,1.0,1.0,1.0,1.0,1.0,1.0,0,0,1,0,0,,,,0.0,0.0,100.0,0.0,0.0
Q211364,13,154.0,322.23,1.0,3.08,0.0,0.69,7.0,9.15,5,8,8,3,3,,,,38.46,61.54,61.54,23.08,23.08
Q211422,1,259.0,259.0,0.0,0.0,0.0,0.0,16.0,16.0,1,1,0,0,0,,,,100.0,100.0,0.0,0.0,0.0
Q211439,1,126.0,126.0,2.0,2.0,1.0,1.0,6.0,6.0,0,0,1,0,0,,,,0.0,0.0,100.0,0.0,0.0
Q2114846,1,125.0,125.0,0.0,0.0,0.0,0.0,24.0,24.0,1,1,1,1,1,,,,100.0,100.0,100.0,100.0,100.0
Q211496,2,296.0,296.0,1.5,1.5,0.5,0.5,19.5,19.5,1,1,1,1,1,,,,50.0,50.0,50.0,50.0,50.0
Q2114972,1,393.0,393.0,1.0,1.0,0.0,0.0,16.0,16.0,0,1,0,0,0,,,,0.0,100.0,0.0,0.0,0.0
Q211503,35,274.0,466.4,1.0,1.6,0.0,0.26,21.0,25.89,8,30,17,5,5,clan,тұқым,род,22.86,85.71,48.57,14.29,14.29
Q21152976,1,632.0,632.0,1.0,1.0,0.0,0.0,21.0,21.0,0,1,0,0,0,ballet of an area,ballet of an area,балет на территории,0.0,100.0,0.0,0.0,0.0
Q2116008,1,345.0,345.0,4.0,4.0,1.0,1.0,17.0,17.0,0,0,0,0,0,,,,0.0,0.0,0.0,0.0,0.0
Q211606,1,3258.0,3258.0,12.0,12.0,0.0,0.0,73.0,73.0,0,1,0,0,0,,,,0.0,100.0,0.0,0.0,0.0
Q21162604,3,87.0,103.0,1.0,0.67,0.0,0.0,3.0,3.0,1,3,3,1,1,,,,33.33,100.0,100.0,33.33,33.33
Q2116384,1,65.0,65.0,1.0,1.0,1.0,1.0,2.0,2.0,0,0,1,0,0,,,,0.0,0.0,100.0,0.0,0.0
Q21170479,1,68.0,68.0,1.0,1.0,0.0,0.0,2.0,2.0,0,1,1,0,0,,,,0.0,100.0,100.0,0.0,0.0
Q211748,48,177.5,217.21,1.0,0.67,0.0,0.02,11.0,12.46,23,47,28,20,20,oil field,oil field,нефтяное месторождение,47.92,97.92,58.33,41.67,41.67
Q211790,4,124.0,131.0,1.0,1.25,0.0,0.25,2.0,2.5,0,3,4,0,0,,,,0.0,75.0,100.0,0.0,0.0
Q21191270,3,584.0,922.67,8.0,7.67,0.0,0.0,16.0,16.0,0,3,0,0,0,,,,0.0,100.0,0.0,0.0,0.0
Q21191682,1,247.0,247.0,4.0,4.0,1.0,1.0,7.0,7.0,0,0,1,0,0,,,,0.0,0.0,100.0,0.0,0.0
Q2119531,1,101.0,101.0,1.0,1.0,1.0,1.0,1.0,1.0,0,0,1,0,0,,,,0.0,0.0,100.0,0.0,0.0
Q2119819,2,2296.5,2296.5,26.5,26.5,2.0,2.0,60.5,60.5,0,1,0,0,0,,,,0.0,50.0,0.0,0.0,0.0
Q21198342,16,339.0,618.5,1.0,4.38,0.0,0.62,14.5,16.62,7,11,5,3,2,,,,43.75,68.75,31.25,18.75,12.5
Q212057,7,183.0,188.0,1.0,0.57,1.0,0.86,2.0,2.29,3,2,5,2,0,,,,42.86,28.57,71.43,28.57,0.0
Q212130,1,179.0,179.0,1.0,1.0,0.0,0.0,8.0,8.0,0,1,1,0,0,,,,0.0,100.0,100.0,0.0,0.0
Q2122052,2,827.0,827.0,0.0,0.0,0.5,0.5,38.0,38.0,2,1,1,1,1,,,,100.0,50.0,50.0,50.0,50.0
Q2122214,2,3929.5,3929.5,33.0,33.0,6.5,6.5,183.0,183.0,0,1,1,0,0,national archives,national archives,национальный архив,0.0,50.0,50.0,0.0,0.0
Q21224061,1,327.0,327.0,0.0,0.0,0.0,0.0,41.0,41.0,1,1,0,0,0,,,,100.0,100.0,0.0,0.0,0.0
Q21234514,3,497.0,411.0,1.0,1.0,0.0,0.0,8.0,7.0,1,3,1,1,1,,,,33.33,100.0,33.33,33.33,33.33
Q212434,18,231.5,598.17,1.5,3.44,1.5,1.83,16.5,27.22,2,2,10,2,0,,,,11.11,11.11,55.56,11.11,0.0
Q212468,1,8226.0,8226.0,157.0,157.0,4.0,4.0,101.0,101.0,0,0,0,0,0,,,,0.0,0.0,0.0,0.0,0.0
Q21272231,1,89.0,89.0,0.0,0.0,0.0,0.0,6.0,6.0,1,1,1,1,1,,,,100.0,100.0,100.0,100.0,100.0
Q212805,7,309.0,453.29,2.0,5.43,0.0,0.0,14.0,16.14,0,7,2,0,0,,,,0.0,100.0,28.57,0.0,0.0
Q21286559,4,210.0,260.0,0.0,0.5,0.0,0.25,8.0,11.0,3,3,3,3,2,,,,75.0,75.0,75.0,75.0,50.0
Q21286738,14,188.0,342.07,1.0,1.0,0.0,6.43,4.0,21.79,4,12,7,2,2,,,,28.57,85.71,50.0,14.29,14.29
Q213016,1,125.0,125.0,2.0,2.0,1.0,1.0,2.0,2.0,0,0,1,0,0,,,,0.0,0.0,100.0,0.0,0.0
Q213283,4,149.5,155.5,1.0,0.75,0.0,0.0,7.5,7.5,1,4,4,1,1,,,,25.0,100.0,100.0,25.0,25.0
Q2133344,9,295.0,503.67,1.0,2.11,1.0,2.0,13.0,24.78,2,0,4,0,0,,,,22.22,0.0,44.44,0.0,0.0
Q213363,1,79.0,79.0,1.0,1.0,1.0,1.0,1.0,1.0,0,0,1,0,0,,,,0.0,0.0,100.0,0.0,0.0
Q213369,2,373.0,373.0,9.5,9.5,2.0,2.0,17.0,17.0,1,1,1,1,1,,,,50.0,50.0,50.0,50.0,50.0
Q213541,1,172.0,172.0,1.0,1.0,1.0,1.0,10.0,10.0,0,0,1,0,0,,,,0.0,0.0,100.0,0.0,0.0
Q2135465,78,101.5,164.33,1.0,1.46,0.0,0.1,5.0,7.68,7,70,67,7,7,legal term or legal concept,заңи түсінік,юридическое понятие,8.97,89.74,85.9,8.97,8.97
Q213666,1,468.0,468.0,4.0,4.0,1.0,1.0,15.0,15.0,0,0,0,0,0,,,,0.0,0.0,0.0,0.0,0.0
Q2136722,1,146.0,146.0,1.0,1.0,0.0,0.0,2.0,2.0,0,1,1,0,0,,,,0.0,100.0,100.0,0.0,0.0
Q2138167,2,225.0,225.0,0.0,0.0,1.0,1.0,27.0,27.0,2,0,1,1,0,,,,100.0,0.0,50.0,50.0,0.0
Q2138622,1,705.0,705.0,0.0,0.0,0.0,0.0,28.0,28.0,1,1,0,0,0,,,,100.0,100.0,0.0,0.0,0.0
Q2139,4,61.5,73.0,1.0,1.25,1.0,1.0,2.0,3.75,0,0,4,0,0,,,,0.0,0.0,100.0,0.0,0.0
Q213907,11,269.0,843.45,2.0,13.0,1.0,1.45,14.0,30.36,2,5,5,2,2,,,,18.18,45.45,45.45,18.18,18.18
Q213924,1,361.0,361.0,3.0,3.0,4.0,4.0,12.0,12.0,0,0,0,0,0,,,,0.0,0.0,0.0,0.0,0.0
Q213930,36,262.0,257.97,0.0,0.0,0.0,0.0,16.0,14.53,36,36,8,8,8,,,,100.0,100.0,22.22,22.22,22.22
Q2140214,1,260.0,260.0,1.0,1.0,0.0,0.0,6.0,6.0,0,1,0,0,0,,,,0.0,100.0,0.0,0.0,0.0
Q2140699,3,69.0,85.0,1.0,1.0,1.0,0.67,3.0,4.0,0,1,3,0,0,,,,0.0,33.33,100.0,0.0,0.0
Q214070,39,207.0,308.79,1.0,1.28,0.0,0.74,7.0,9.51,8,22,22,7,4,,,,20.51,56.41,56.41,17.95,10.26
Q2140711,1,408.0,408.0,6.0,6.0,1.0,1.0,11.0,11.0,0,0,0,0,0,,,,0.0,0.0,0.0,0.0,0.0
Q214183,4,1030.0,1042.0,2.5,6.0,1.0,1.5,41.0,33.75,0,0,1,0,0,,,,0.0,0.0,25.0,0.0,0.0
Q214190,1,324.0,324.0,1.0,1.0,0.0,0.0,6.0,6.0,0,1,0,0,0,,,,0.0,100.0,0.0,0.0,0.0
Q2142091,1,331.0,331.0,2.0,2.0,4.0,4.0,2.0,2.0,0,0,0,0,0,,,,0.0,0.0,0.0,0.0,0.0
Q2142152,1,233.0,233.0,1.0,1.0,1.0,1.0,6.0,6.0,0,0,1,0,0,,,,0.0,0.0,100.0,0.0,0.0
Q2142903,1,472.0,472.0,8.0,8.0,0.0,0.0,5.0,5.0,0,1,0,0,0,,,,0.0,100.0,0.0,0.0,0.0
Q214339,11,82.0,260.82,1.0,1.82,0.0,0.45,4.0,11.64,1,8,8,1,1,,,,9.09,72.73,72.73,9.09,9.09
Q2143762,1,1882.0,1882.0,33.0,33.0,4.0,4.0,69.0,69.0,0,0,0,0,0,,,,0.0,0.0,0.0,0.0,0.0
Q2143781,2,46.0,46.0,1.0,1.0,0.0,0.0,3.5,3.5,0,2,2,0,0,,,,0.0,100.0,100.0,0.0,0.0
Q2144320,1,117.0,117.0,0.0,0.0,1.0,1.0,9.0,9.0,1,0,1,1,0,overhead power line,overhead power line,воздушная линия электропередач,100.0,0.0,100.0,100.0,0.0
Q2144359,2,412.5,412.5,1.0,1.0,1.5,1.5,16.0,16.0,0,0,0,0,0,,,,0.0,0.0,0.0,0.0,0.0
Q2145277,1,860.0,860.0,5.0,5.0,1.0,1.0,37.0,37.0,0,0,0,0,0,,,,0.0,0.0,0.0,0.0,0.0
Q21457810,1,321.0,321.0,0.0,0.0,1.0,1.0,25.0,25.0,1,0,0,0,0,,,,100.0,0.0,0.0,0.0,0.0
Q2145922,1,90.0,90.0,1.0,1.0,0.0,0.0,1.0,1.0,0,1,1,0,0,,,,0.0,100.0,100.0,0.0,0.0
Q214609,34,120.0,227.35,1.0,1.09,0.0,0.82,6.5,9.79,6,19,26,4,3,,,,17.65,55.88,76.47,11.76,8.82
Q21479969,1,458.0,458.0,5.0,5.0,0.0,0.0,15.0,15.0,0,1,0,0,0,,,,0.0,100.0,0.0,0.0,0.0
Q21480300,9,592.0,657.44,11.0,13.89,0.0,0.22,10.0,21.89,0,7,1,0,0,mass shooting,mass shooting,массовый расстрел,0.0,77.78,11.11,0.0,0.0
Q21484471,27,105.0,217.67,1.0,1.37,0.0,0.41,5.0,7.56,7,18,19,4,3,,,,25.93,66.67,70.37,14.81,11.11
Q214967,1,624.0,624.0,0.0,0.0,0.0,0.0,1.0,1.0,1,1,0,0,0,,,,100.0,100.0,0.0,0.0,0.0
Q21503295,1,64.0,64.0,1.0,1.0,1.0,1.0,6.0,6.0,0,0,1,0,0,,,,0.0,0.0,100.0,0.0,0.0
Q2150504,1,163.0,163.0,1.0,1.0,2.0,2.0,0.0,0.0,0,0,1,0,0,,,,0.0,0.0,100.0,0.0,0.0
Q21506450,11,123.0,169.27,1.0,1.09,0.0,0.45,7.0,11.45,1,6,10,1,1,,,,9.09,54.55,90.91,9.09,9.09
Q21507383,2,448.5,448.5,0.5,0.5,2.5,2.5,7.5,7.5,1,0,0,0,0,,,,50.0,0.0,0.0,0.0,0.0
Q21507948,109,255.0,246.28,1.0,1.16,0.0,0.0,7.0,6.49,27,109,44,20,20,former village,former village,бывшая деревня,24.77,100.0,40.37,18.35,18.35
Q21512251,2,6632.0,6632.0,105.5,105.5,6.0,6.0,212.0,212.0,0,1,0,0,0,,,,0.0,50.0,0.0,0.0,0.0
Q21514702,1,778.0,778.0,3.0,3.0,0.0,0.0,34.0,34.0,0,1,0,0,0,,,,0.0,100.0,0.0,0.0,0.0
Q2151613,4,162.0,148.25,1.0,0.75,0.5,1.0,5.0,6.5,1,2,4,1,0,,,,25.0,50.0,100.0,25.0,0.0
Q2151621,2,881.0,881.0,0.5,0.5,1.0,1.0,6.0,6.0,1,0,1,0,0,energy industry,дәстүрлі энергетика,энергетика,50.0,0.0,50.0,0.0,0.0
Q21518270,9,245.0,259.11,0.0,0.11,0.0,0.0,2.0,3.0,8,9,7,7,7,,,,88.89,100.0,77.78,77.78,77.78
Q21528797,2,288.0,288.0,0.0,0.0,0.0,0.0,8.5,8.5,2,2,0,0,0,,,,100.0,100.0,0.0,0.0,0.0
Q215380,133,461.0,741.35,1.0,4.81,0.0,0.23,25.0,34.26,43,109,23,12,9,musical group,musical group,музыкальная группа,32.33,81.95,17.29,9.02,6.77
Q2154459,260,238.0,240.19,0.0,0.01,0.0,0.0,2.0,2.02,259,259,258,258,258,,,,99.62,99.62,99.23,99.23,99.23
Q2154519,143,262.0,265.36,0.0,0.17,0.0,0.04,16.0,15.28,138,139,29,28,28,,,,96.5,97.2,20.28,19.58,19.58
Q215495,1,1078.0,1078.0,6.0,6.0,3.0,3.0,19.0,19.0,0,0,0,0,0,,,,0.0,0.0,0.0,0.0,0.0
Q21550639,9,157.0,313.33,2.0,2.33,0.0,0.56,8.0,9.67,0,5,6,0,0,,,,0.0,55.56,66.67,0.0,0.0
Q21562092,7,306.0,806.71,0.0,0.71,0.0,0.43,7.0,20.43,4,4,3,1,1,,,,57.14,57.14,42.86,14.29,14.29
Q215655,1,92.0,92.0,0.0,0.0,0.0,0.0,4.0,4.0,1,1,1,1,1,,,,100.0,100.0,100.0,100.0,100.0
Q215680,1,556.0,556.0,1.0,1.0,1.0,1.0,18.0,18.0,0,0,0,0,0,,,,0.0,0.0,0.0,0.0,0.0
Q21572113,1,89.0,89.0,1.0,1.0,0.0,0.0,1.0,1.0,0,1,1,0,0,,,,0.0,100.0,100.0,0.0,0.0
Q215844,4,233.0,365.75,3.0,3.25,0.0,0.25,11.0,11.25,1,3,2,1,0,,,,25.0,75.0,50.0,25.0,0.0
Q21584825,1,101.0,101.0,1.0,1.0,1.0,1.0,2.0,2.0,0,0,1,0,0,,,,0.0,0.0,100.0,0.0,0.0
Q2158576,1,852.0,852.0,0.0,0.0,0.0,0.0,8.0,8.0,1,1,0,0,0,,,,100.0,100.0,0.0,0.0,0.0
Q215864,1,423.0,423.0,12.0,12.0,0.0,0.0,12.0,12.0,0,1,0,0,0,,,,0.0,100.0,0.0,0.0,0.0
Q216048,7,331.0,624.29,2.0,3.29,2.0,2.29,14.0,27.71,1,1,2,0,0,,,,14.29,14.29,28.57,0.0,0.0
Q21605492,7,287.0,463.29,2.0,4.43,2.0,1.71,9.0,14.29,2,2,3,1,0,,,,28.57,28.57,42.86,14.29,0.0
Q216107,2,262.0,262.0,0.5,0.5,1.5,1.5,12.0,12.0,1,1,1,1,0,department store,универмаг,универсальный магазин,50.0,50.0,50.0,50.0,0.0
Q216197,1,110.0,110.0,1.0,1.0,1.0,1.0,4.0,4.0,0,0,1,0,0,,,,0.0,0.0,100.0,0.0,0.0
Q216200,2,135.0,135.0,0.5,0.5,0.0,0.0,17.5,17.5,1,2,2,1,1,,,,50.0,100.0,100.0,50.0,50.0
Q216337,14,737.0,1866.36,0.5,12.14,0.0,1.43,16.0,53.86,7,12,3,3,3,,,,50.0,85.71,21.43,21.43,21.43
Q216353,23,184.0,319.74,1.0,2.04,0.0,0.39,10.0,18.57,5,16,13,4,4,title,Дәреже,титул,21.74,69.57,56.52,17.39,17.39
Q21644177,1,667.0,667.0,4.0,4.0,0.0,0.0,47.0,47.0,0,1,0,0,0,execution of fellow soldiers,execution of fellow soldiers,расстрел сослуживцев,0.0,100.0,0.0,0.0,0.0
Q2165162,1,94.0,94.0,0.0,0.0,1.0,1.0,5.0,5.0,1,0,1,1,0,,,,100.0,0.0,100.0,100.0,0.0
Q21652125,2,98.5,98.5,1.0,1.0,0.5,0.5,8.5,8.5,0,1,2,0,0,,,,0.0,50.0,100.0,0.0,0.0
Q21653256,1,58.0,58.0,1.0,1.0,0.0,0.0,4.0,4.0,0,1,1,0,0,,,,0.0,100.0,100.0,0.0,0.0
Q21656630,1,102.0,102.0,0.0,0.0,0.0,0.0,3.0,3.0,1,1,1,1,1,,,,100.0,100.0,100.0,100.0,100.0
Q2165983,2,1169.0,1169.0,1.5,1.5,1.0,1.0,46.0,46.0,0,1,0,0,0,,,,0.0,50.0,0.0,0.0,0.0
Q2166013,1,217.0,217.0,5.0,5.0,0.0,0.0,9.0,9.0,0,1,1,0,0,,,,0.0,100.0,100.0,0.0,0.0
Q21661721,1,275.0,275.0,3.0,3.0,0.0,0.0,7.0,7.0,0,1,0,0,0,,,,0.0,100.0,0.0,0.0,0.0
Q21663239,2,863.5,863.5,6.5,6.5,1.0,1.0,65.0,65.0,0,1,0,0,0,Persian dialect,Persian dialect,диалекты персидского языка,0.0,50.0,0.0,0.0,0.0
Q216712,1,369.0,369.0,1.0,1.0,0.0,0.0,4.0,4.0,0,1,0,0,0,,,,0.0,100.0,0.0,0.0,0.0
Q21672098,10,271.0,235.2,0.0,0.3,0.0,0.1,5.0,4.3,7,9,4,2,1,,,,70.0,90.0,40.0,20.0,10.0
Q2168098,3,239.0,276.33,3.0,7.0,1.0,0.67,13.0,13.0,1,1,2,1,1,,,,33.33,33.33,66.67,33.33,33.33
Q21684377,5,97.0,95.4,1.0,0.8,1.0,0.8,8.0,7.2,2,2,5,2,1,,,,40.0,40.0,100.0,40.0,20.0
Q21685333,1,254.0,254.0,0.0,0.0,1.0,1.0,6.0,6.0,1,0,0,0,0,,,,100.0,0.0,0.0,0.0,0.0
Q216888,1,252.0,252.0,0.0,0.0,1.0,1.0,12.0,12.0,1,0,0,0,0,,,,100.0,0.0,0.0,0.0,0.0
Q217012,270,261.0,256.36,0.0,0.0,0.0,0.0,16.0,14.5,270,270,84,84,84,,,,100.0,100.0,31.11,31.11,31.11
Q217015,18,83.0,317.39,0.0,0.17,0.0,0.5,2.0,39.78,17,16,15,15,15,,,,94.44,88.89,83.33,83.33,83.33
Q217019,17,68.0,152.71,0.0,0.0,0.0,0.35,2.0,17.82,17,15,15,15,15,,,,100.0,88.24,88.24,88.24,88.24
Q217024,17,73.0,506.41,0.0,5.0,0.0,1.0,3.0,59.35,15,13,13,13,13,,,,88.24,76.47,76.47,76.47,76.47
Q217026,17,68.0,298.76,0.0,0.29,0.0,1.53,2.0,35.82,16,14,14,14,14,,,,94.12,82.35,82.35,82.35,82.35
Q217034,18,58.0,251.89,0.0,0.0,0.0,0.5,2.0,29.0,18,16,16,16,16,,,,100.0,88.89,88.89,88.89,88.89
Q217036,20,62.0,138.45,0.0,0.0,0.0,0.0,2.0,12.75,20,20,18,18,18,,,,100.0,100.0,90.0,90.0,90.0
Q217041,20,63.0,105.25,0.0,0.0,0.0,0.0,2.0,7.6,20,20,19,19,19,,,,100.0,100.0,95.0,95.0,95.0
Q21705905,2,488.0,488.0,10.0,10.0,1.5,1.5,8.0,8.0,0,0,0,0,0,,,,0.0,0.0,0.0,0.0,0.0
Q217101,1,1081.0,1081.0,2.0,2.0,2.0,2.0,41.0,41.0,0,0,0,0,0,,,,0.0,0.0,0.0,0.0,0.0
Q21711025,1,60.0,60.0,1.0,1.0,1.0,1.0,4.0,4.0,0,0,1,0,0,,,,0.0,0.0,100.0,0.0,0.0
Q217177,1,667.0,667.0,1.0,1.0,0.0,0.0,26.0,26.0,0,1,0,0,0,,,,0.0,100.0,0.0,0.0,0.0
Q217327,2,379.5,379.5,4.5,4.5,0.5,0.5,23.0,23.0,0,1,0,0,0,,,,0.0,50.0,0.0,0.0,0.0
Q217438,3,159.0,307.33,1.0,4.33,1.0,1.0,20.0,21.0,0,1,2,0,0,,,,0.0,33.33,66.67,0.0,0.0
Q21745157,1,220.0,220.0,1.0,1.0,1.0,1.0,8.0,8.0,0,0,1,0,0,,,,0.0,0.0,100.0,0.0,0.0
Q217526,7,331.0,355.14,2.0,1.86,1.0,1.29,13.0,12.43,1,1,0,0,0,,,,14.29,14.29,0.0,0.0,0.0
Q217577,1,593.0,593.0,0.0,0.0,0.0,0.0,2.0,2.0,1,1,0,0,0,,,,100.0,100.0,0.0,0.0,0.0
Q217602,1,52.0,52.0,1.0,1.0,0.0,0.0,8.0,8.0,0,1,1,0,0,,,,0.0,100.0,100.0,0.0,0.0
Q217616,4,38.0,40.25,0.0,0.0,0.0,0.25,3.5,3.25,4,3,4,4,3,,,,100.0,75.0,100.0,100.0,75.0
Q2177064,4,229.0,374.75,1.0,0.75,0.5,0.75,32.5,34.5,1,2,2,0,0,Russian Large Landscape,Russian Large Landscape,ландшафт России,25.0,50.0,50.0,0.0,0.0
Q217743,1,200.0,200.0,0.0,0.0,1.0,1.0,20.0,20.0,1,0,1,1,0,,,,100.0,0.0,100.0,100.0,0.0
Q2177636,13,193.0,191.0,0.0,0.0,0.0,0.23,10.0,12.31,13,10,11,11,8,,,,100.0,76.92,84.62,84.62,61.54
Q2178147,5,115.0,192.4,0.0,0.4,0.0,0.4,2.0,3.2,3,4,4,2,2,,,,60.0,80.0,80.0,40.0,40.0
Q2179685,1,235.0,235.0,1.0,1.0,2.0,2.0,7.0,7.0,0,0,1,0,0,,,,0.0,0.0,100.0,0.0,0.0
Q218005,2,129.0,129.0,1.5,1.5,1.0,1.0,8.5,8.5,0,1,2,0,0,,,,0.0,50.0,100.0,0.0,0.0
Q2180497,3,229.0,384.33,1.0,9.67,0.0,0.0,3.0,3.0,1,3,2,1,1,,,,33.33,100.0,66.67,33.33,33.33
Q21814455,1,501.0,501.0,1.0,1.0,0.0,0.0,40.0,40.0,0,1,0,0,0,,,,0.0,100.0,0.0,0.0,0.0
Q2182919,1,1179.0,1179.0,1.0,1.0,2.0,2.0,16.0,16.0,0,0,0,0,0,,,,0.0,0.0,0.0,0.0,0.0
Q21850100,1,279.0,279.0,0.0,0.0,0.0,0.0,5.0,5.0,1,1,0,0,0,,,,100.0,100.0,0.0,0.0,0.0
Q21850178,1,204.0,204.0,1.0,1.0,1.0,1.0,0.0,0.0,0,0,1,0,0,,,,0.0,0.0,100.0,0.0,0.0
Q218616,17,344.0,1386.65,2.0,4.41,2.0,1.88,16.0,30.65,4,3,5,2,1,,,,23.53,17.65,29.41,11.76,5.88
Q218631,1,77.0,77.0,1.0,1.0,0.0,0.0,2.0,2.0,0,1,1,0,0,customs territory,customs territory,таможенная территория,0.0,100.0,100.0,0.0,0.0
Q21869758,1191,428.0,429.46,2.0,2.0,0.0,0.01,15.0,14.77,1,1183,3,1,0,,,,0.08,99.33,0.25,0.08,0.0
Q21871294,6,130.5,201.0,1.0,1.33,0.5,0.5,9.0,13.17,2,3,5,2,1,,,,33.33,50.0,83.33,33.33,16.67
Q218819,2,998.0,998.0,21.0,21.0,0.5,0.5,41.0,41.0,0,1,1,0,0,,,,0.0,50.0,50.0,0.0,0.0
Q21886169,1,76.0,76.0,1.0,1.0,0.0,0.0,4.0,4.0,0,1,1,0,0,,,,0.0,100.0,100.0,0.0,0.0
Q2190251,3,365.0,406.33,0.0,2.67,0.0,0.0,16.0,13.67,2,3,1,1,1,,,,66.67,100.0,33.33,33.33,33.33
Q219067,1,88.0,88.0,1.0,1.0,1.0,1.0,0.0,0.0,0,0,1,0,0,,,,0.0,0.0,100.0,0.0,0.0
Q219087,1,96.0,96.0,1.0,1.0,0.0,0.0,3.0,3.0,0,1,1,0,0,,,,0.0,100.0,100.0,0.0,0.0
Q219160,1,73.0,73.0,1.0,1.0,0.0,0.0,5.0,5.0,0,1,1,0,0,,,,0.0,100.0,100.0,0.0,0.0
Q219186,1,110.0,110.0,1.0,1.0,0.0,0.0,7.0,7.0,0,1,1,0,0,,,,0.0,100.0,100.0,0.0,0.0
Q219239,1,366.0,366.0,3.0,3.0,0.0,0.0,21.0,21.0,0,1,0,0,0,,,,0.0,100.0,0.0,0.0,0.0
Q219261,5,373.0,390.6,0.0,0.0,0.0,0.0,70.0,63.2,5,5,0,0,0,,,,100.0,100.0,0.0,0.0,0.0
Q219577,13,951.0,1146.54,10.0,16.38,2.0,2.08,35.0,67.38,1,5,1,1,1,,,,7.69,38.46,7.69,7.69,7.69
Q21980538,3,1203.0,2119.0,37.0,48.0,0.0,10.33,59.0,67.0,0,2,0,0,0,commercial organization,commercial organization,коммерческая организация,0.0,66.67,0.0,0.0,0.0
Q2198484,25,477.0,864.56,1.0,2.84,1.0,0.68,13.0,46.12,11,11,2,1,0,,,,44.0,44.0,8.0,4.0,0.0
Q219858,1,99.0,99.0,1.0,1.0,0.0,0.0,5.0,5.0,0,1,1,0,0,,,,0.0,100.0,100.0,0.0,0.0
Q2198779,1,694.0,694.0,1.0,1.0,0.0,0.0,73.0,73.0,0,1,0,0,0,,,,0.0,100.0,0.0,0.0,0.0
Q2198855,20,518.5,982.9,1.0,4.0,1.0,2.05,21.0,43.45,3,9,6,1,1,,,,15.0,45.0,30.0,5.0,5.0
Q2199,4,416.0,381.5,7.5,6.25,3.5,3.5,13.0,13.75,1,0,1,1,0,,,,25.0,0.0,25.0,25.0,0.0
Q21994376,1,265.0,265.0,1.0,1.0,0.0,0.0,0.0,0.0,0,1,0,0,0,,,,0.0,100.0,0.0,0.0,0.0
Q22009162,1,123.0,123.0,1.0,1.0,2.0,2.0,16.0,16.0,0,0,1,0,0,,,,0.0,0.0,100.0,0.0,0.0
Q220187,1,972.0,972.0,14.0,14.0,3.0,3.0,24.0,24.0,0,0,0,0,0,,,,0.0,0.0,0.0,0.0,0.0
Q2202298,1,417.0,417.0,0.0,0.0,1.0,1.0,2.0,2.0,1,0,0,0,0,,,,100.0,0.0,0.0,0.0,0.0
Q2202509,5,95.0,203.2,1.0,0.8,0.0,0.0,7.0,8.4,2,5,3,2,2,,,,40.0,100.0,60.0,40.0,40.0
Q220505,5,540.0,899.0,6.0,12.2,0.0,1.2,29.0,36.0,0,4,0,0,0,film festival,Кинофестиваль,кинофестиваль,0.0,80.0,0.0,0.0,0.0
Q220659,4,252.0,271.75,1.5,3.25,0.5,0.5,6.5,6.5,1,2,2,0,0,,,,25.0,50.0,50.0,0.0,0.0
Q2207288,5,257.0,583.0,2.0,2.0,0.0,1.4,12.0,12.6,0,3,2,0,0,,,,0.0,60.0,40.0,0.0,0.0
Q22074477,1,192.0,192.0,1.0,1.0,1.0,1.0,10.0,10.0,0,0,1,0,0,,,,0.0,0.0,100.0,0.0,0.0
Q22087155,2,6399.5,6399.5,59.5,59.5,16.0,16.0,35.0,35.0,0,1,1,0,0,,,,0.0,50.0,50.0,0.0,0.0
Q2210277,2,2271.5,2271.5,15.5,15.5,0.5,0.5,335.5,335.5,0,1,0,0,0,,,,0.0,50.0,0.0,0.0,0.0
Q22116852,2,157.0,157.0,1.5,1.5,0.0,0.0,1.5,1.5,1,2,2,1,1,,,,50.0,100.0,100.0,50.0,50.0
Q221221,13,263.0,261.23,0.0,0.0,0.0,0.0,16.0,16.08,13,13,2,2,2,,,,100.0,100.0,15.38,15.38,15.38
Q221329,1,945.0,945.0,7.0,7.0,7.0,7.0,42.0,42.0,0,0,0,0,0,,,,0.0,0.0,0.0,0.0,0.0
Q2217301,1,178.0,178.0,2.0,2.0,0.0,0.0,5.0,5.0,0,1,1,0,0,,,,0.0,100.0,100.0,0.0,0.0
Q2221906,19,267.0,450.63,0.0,0.95,1.0,1.58,7.0,26.42,12,6,5,3,0,geographic location,geographic location,географическое местоположение,63.16,31.58,26.32,15.79,0.0
Q22222786,4,452.0,728.0,4.5,13.0,0.5,0.5,30.0,24.25,0,2,2,0,0,government program,government program,правительственная программа,0.0,50.0,50.0,0.0,0.0
Q2223653,7,606.0,665.71,4.0,8.43,0.0,0.14,14.0,19.43,1,6,2,1,1,,,,14.29,85.71,28.57,14.29,14.29
Q2225003,1,990.0,990.0,10.0,10.0,1.0,1.0,63.0,63.0,0,0,0,0,0,,,,0.0,0.0,0.0,0.0,0.0
Q222516,3,71.0,64.33,1.0,0.67,1.0,0.67,10.0,9.0,1,1,3,1,1,,,,33.33,33.33,100.0,33.33,33.33
Q22276298,1,1647.0,1647.0,16.0,16.0,1.0,1.0,75.0,75.0,0,0,0,0,0,,,,0.0,0.0,0.0,0.0,0.0
Q222958,1,50.0,50.0,0.0,0.0,0.0,0.0,0.0,0.0,1,1,1,1,1,,,,100.0,100.0,100.0,100.0,100.0
Q22298551,1,218.0,218.0,3.0,3.0,0.0,0.0,8.0,8.0,0,1,1,0,0,,,,0.0,100.0,100.0,0.0,0.0
Q2230431,1,802.0,802.0,2.0,2.0,2.0,2.0,70.0,70.0,0,0,0,0,0,sound archive,sound archive,фонотека,0.0,0.0,0.0,0.0,0.0
Q2232001,11,335.0,324.27,3.0,3.91,0.0,0.45,2.0,3.73,4,7,4,4,1,,,,36.36,63.64,36.36,36.36,9.09
Q22325163,1,39.0,39.0,1.0,1.0,0.0,0.0,3.0,3.0,0,1,1,0,0,,,,0.0,100.0,100.0,0.0,0.0
Q22330839,1,1824.0,1824.0,20.0,20.0,1.0,1.0,69.0,69.0,0,0,0,0,0,,,,0.0,0.0,0.0,0.0,0.0
Q22333025,6,797.5,960.0,2.0,5.0,0.0,0.17,18.0,29.0,0,5,0,0,0,Kazakhstani legislative election,Kazakhstani legislative election,Kazakhstani legislative election,0.0,83.33,0.0,0.0,0.0
Q223371,2,740.5,740.5,2.0,2.0,3.0,3.0,44.0,44.0,1,0,0,0,0,stock market index,Қор индексі,фондовый индекс,50.0,0.0,0.0,0.0,0.0
Q22338329,1,561.0,561.0,4.0,4.0,1.0,1.0,16.0,16.0,0,0,0,0,0,,,,0.0,0.0,0.0,0.0,0.0
Q223393,83,167.0,276.95,1.0,1.8,0.0,0.23,7.0,12.63,10,67,55,9,7,literary genre,әдеби жанр,литературный жанр,12.05,80.72,66.27,10.84,8.43
Q2235286,1,116.0,116.0,2.0,2.0,0.0,0.0,12.0,12.0,0,1,1,0,0,,,,0.0,100.0,100.0,0.0,0.0
Q2235308,24,128.5,227.88,1.0,1.42,1.0,0.92,6.5,8.58,2,9,17,1,0,,,,8.33,37.5,70.83,4.17,0.0
Q223557,2,108.5,108.5,0.5,0.5,0.5,0.5,9.0,9.0,1,1,2,1,1,,,,50.0,50.0,100.0,50.0,50.0
Q223642,2,171.0,171.0,0.5,0.5,0.5,0.5,6.0,6.0,1,1,2,1,0,,,,50.0,50.0,100.0,50.0,0.0
Q223662,7,107.0,106.86,1.0,1.43,0.0,0.29,4.0,4.0,0,6,7,0,0,,,,0.0,85.71,100.0,0.0,0.0
Q223722,1,256.0,256.0,1.0,1.0,0.0,0.0,17.0,17.0,0,1,0,0,0,,,,0.0,100.0,0.0,0.0,0.0
Q2238071,1,89.0,89.0,1.0,1.0,2.0,2.0,5.0,5.0,0,0,1,0,0,,,,0.0,0.0,100.0,0.0,0.0
Q223818,1,485.0,485.0,0.0,0.0,2.0,2.0,23.0,23.0,1,0,0,0,0,,,,100.0,0.0,0.0,0.0,0.0
Q223832,1,713.0,713.0,0.0,0.0,2.0,2.0,110.0,110.0,1,0,0,0,0,,,,100.0,0.0,0.0,0.0,0.0
Q2239243,10,161.0,269.7,1.0,2.6,0.5,0.5,8.5,8.9,3,5,7,3,1,,,,30.0,50.0,70.0,30.0,10.0
Q2245405,10,249.0,348.3,1.0,3.1,0.0,0.7,8.0,13.3,1,6,5,0,0,,,,10.0,60.0,50.0,0.0,0.0
Q2247863,6,276.0,321.33,0.5,3.33,0.5,0.67,16.0,16.0,3,3,2,2,2,,,,50.0,50.0,33.33,33.33,33.33
Q2250943,3,409.0,322.0,0.0,0.0,1.0,0.67,9.0,11.33,3,1,1,1,0,,,,100.0,33.33,33.33,33.33,0.0
Q2251595,1,75.0,75.0,1.0,1.0,0.0,0.0,2.0,2.0,0,1,1,0,0,,,,0.0,100.0,100.0,0.0,0.0
Q2252077,1,111.0,111.0,1.0,1.0,0.0,0.0,7.0,7.0,0,1,1,0,0,,,,0.0,100.0,100.0,0.0,0.0
Q225467,1,296.0,296.0,1.0,1.0,1.0,1.0,7.0,7.0,0,0,0,0,0,,,,0.0,0.0,0.0,0.0,0.0
Q22580836,1,37.0,37.0,0.0,0.0,0.0,0.0,1.0,1.0,1,1,1,1,1,,,,100.0,100.0,100.0,100.0,100.0
Q2259825,1,315.0,315.0,0.0,0.0,0.0,0.0,40.0,40.0,1,1,0,0,0,,,,100.0,100.0,0.0,0.0,0.0
Q2260567,1,309.0,309.0,2.0,2.0,0.0,0.0,10.0,10.0,0,1,0,0,0,,,,0.0,100.0,0.0,0.0,0.0
Q2264924,83,349.0,601.29,1.0,3.27,0.0,1.35,8.0,20.67,25,42,17,3,3,,,,30.12,50.6,20.48,3.61,3.61
Q2264955,26,301.0,299.65,0.5,0.5,0.0,0.35,6.0,6.0,13,18,0,0,0,,,,50.0,69.23,0.0,0.0,0.0
Q22667,1,266.0,266.0,0.0,0.0,0.0,0.0,14.0,14.0,1,1,0,0,0,railway,Темір жол,железная дорога,100.0,100.0,0.0,0.0,0.0
Q22669139,2,199.5,199.5,1.0,1.0,0.0,0.0,11.0,11.0,1,2,1,1,1,,,,50.0,100.0,50.0,50.0,50.0
Q22674925,41,265.0,368.1,1.0,1.61,0.0,0.32,7.0,9.68,6,38,12,2,2,former settlement,former settlement,бывший населённый пункт,14.63,92.68,29.27,4.88,4.88
Q22675015,26,191.5,219.92,1.0,1.23,0.0,0.58,6.5,11.12,6,15,19,5,4,,,,23.08,57.69,73.08,19.23,15.38
Q22676022,1,1289.0,1289.0,2.0,2.0,3.0,3.0,40.0,40.0,0,0,0,0,0,,,,0.0,0.0,0.0,0.0,0.0
Q22676729,1,385.0,385.0,8.0,8.0,2.0,2.0,15.0,15.0,0,0,0,0,0,time by area,time by area,время по регионам,0.0,0.0,0.0,0.0,0.0
Q2267705,103,212.0,471.15,1.0,2.57,0.0,0.82,10.0,22.05,9,62,57,6,6,,,,8.74,60.19,55.34,5.83,5.83
Q2267870,43,312.0,309.74,1.0,0.81,0.0,0.07,6.0,6.0,8,40,0,0,0,,,,18.6,93.02,0.0,0.0,0.0
Q22687,44,1590.5,1909.98,23.5,32.25,1.0,1.73,45.5,58.57,2,19,3,0,0,bank,Банк,банк,4.55,43.18,6.82,0.0,0.0
Q2269756,4,1214.5,1156.0,7.5,6.75,12.0,11.0,93.5,82.0,0,1,0,0,0,ministry of education,ministry of education,министерство образования,0.0,25.0,0.0,0.0,0.0
Q22698,18,212.0,351.44,0.5,1.28,1.0,1.5,7.0,11.0,9,6,10,6,2,park,park,парк,50.0,33.33,55.56,33.33,11.11
Q2269913,1,187.0,187.0,0.0,0.0,0.0,0.0,11.0,11.0,1,1,1,1,1,,,,100.0,100.0,100.0,100.0,100.0
Q22704163,20,233.5,299.1,1.0,4.85,1.0,1.4,4.5,8.7,7,4,11,6,3,,,,35.0,20.0,55.0,30.0,15.0
Q2270442,3,326.0,362.33,1.0,0.67,0.0,0.0,9.0,9.0,1,3,0,0,0,,,,33.33,100.0,0.0,0.0,0.0
Q22706,2,1539.0,1539.0,24.5,24.5,2.0,2.0,33.5,33.5,0,1,0,0,0,vehicle registration plate,автомобиль нөмірлері,автомобильные номера,0.0,50.0,0.0,0.0,0.0
Q2270606,4,157.5,260.5,1.0,3.25,0.5,0.75,9.5,16.25,0,2,3,0,0,,,,0.0,50.0,75.0,0.0,0.0
Q22721,3,442.0,372.67,2.0,1.33,0.0,0.0,28.0,28.0,1,3,1,1,1,,,,33.33,100.0,33.33,33.33,33.33
Q2272475,1,481.0,481.0,12.0,12.0,1.0,1.0,2.0,2.0,0,0,0,0,0,,,,0.0,0.0,0.0,0.0,0.0
Q22731,1,589.0,589.0,1.0,1.0,1.0,1.0,62.0,62.0,0,0,0,0,0,,,,0.0,0.0,0.0,0.0,0.0
Q22746,3,103.0,340.67,1.0,4.33,1.0,1.0,4.0,7.67,1,1,2,1,1,,,,33.33,33.33,66.67,33.33,33.33
Q2275640,1,186.0,186.0,0.0,0.0,1.0,1.0,13.0,13.0,1,0,1,1,0,,,,100.0,0.0,100.0,100.0,0.0
Q2276925,150,255.0,258.77,0.0,0.0,0.0,0.18,7.0,6.95,150,123,38,38,36,,,,100.0,82.0,25.33,25.33,24.0
Q22806,9,396.0,473.11,1.0,2.0,1.0,0.78,2.0,6.11,4,4,3,2,2,,,,44.44,44.44,33.33,22.22,22.22
Q22807280,4,123.5,407.25,0.0,1.25,0.5,0.5,4.5,13.0,3,2,3,3,2,,,,75.0,50.0,75.0,75.0,50.0
Q22808060,1,868.0,868.0,4.0,4.0,1.0,1.0,9.0,9.0,0,0,0,0,0,,,,0.0,0.0,0.0,0.0,0.0
Q22808066,2,553.5,553.5,2.5,2.5,1.5,1.5,9.0,9.0,1,0,0,0,0,,,,50.0,0.0,0.0,0.0,0.0
Q22808403,15,422.0,362.33,1.0,1.8,0.0,0.6,17.0,16.93,7,9,2,2,0,,,,46.67,60.0,13.33,13.33,0.0
Q22808404,4,365.0,344.75,4.0,3.25,1.5,1.25,5.5,6.0,1,1,1,1,1,,,,25.0,25.0,25.0,25.0,25.0
Q2280977,1,692.0,692.0,6.0,6.0,3.0,3.0,56.0,56.0,0,0,0,0,0,,,,0.0,0.0,0.0,0.0,0.0
Q22811234,25,321.0,1108.04,1.0,6.44,0.0,0.68,17.0,30.8,3,16,7,0,0,,,,12.0,64.0,28.0,0.0,0.0
Q22811462,1,25.0,25.0,0.0,0.0,1.0,1.0,0.0,0.0,1,0,1,1,0,,,,100.0,0.0,100.0,100.0,0.0
Q2281788,1,104.0,104.0,0.0,0.0,1.0,1.0,5.0,5.0,1,0,1,1,0,,,,100.0,0.0,100.0,100.0,0.0
Q2281940,8,87.5,107.12,1.0,1.25,0.0,0.38,4.5,6.62,1,5,7,1,1,,,,12.5,62.5,87.5,12.5,12.5
Q2284298,6,204.5,238.5,0.5,2.67,1.0,1.33,15.0,11.83,3,0,4,2,0,,,,50.0,0.0,66.67,33.33,0.0
Q228502,1,166.0,166.0,0.0,0.0,1.0,1.0,2.0,2.0,1,0,1,1,0,,,,100.0,0.0,100.0,100.0,0.0
Q2285706,2,1201.0,1201.0,7.0,7.0,2.5,2.5,45.0,45.0,0,1,1,0,0,,,,0.0,50.0,50.0,0.0,0.0
Q22865,2,289.0,289.0,0.0,0.0,0.5,0.5,5.0,5.0,2,1,0,0,0,,,,100.0,50.0,0.0,0.0,0.0
Q2289354,1,377.0,377.0,0.0,0.0,0.0,0.0,3.0,3.0,1,1,0,0,0,,,,100.0,100.0,0.0,0.0,0.0
Q22907102,1,844.0,844.0,12.0,12.0,0.0,0.0,50.0,50.0,0,1,0,0,0,,,,0.0,100.0,0.0,0.0,0.0
Q22909549,1,2349.0,2349.0,7.0,7.0,6.0,6.0,195.0,195.0,0,0,0,0,0,,,,0.0,0.0,0.0,0.0,0.0
Q229102,1,66.0,66.0,1.0,1.0,1.0,1.0,5.0,5.0,0,0,1,0,0,,,,0.0,0.0,100.0,0.0,0.0
Q22923920,2,774.5,774.5,5.0,5.0,6.5,6.5,24.0,24.0,0,0,0,0,0,,,,0.0,0.0,0.0,0.0,0.0
Q2292572,1,89.0,89.0,0.0,0.0,1.0,1.0,5.0,5.0,1,0,1,1,0,,,,100.0,0.0,100.0,100.0,0.0
Q22927616,1,1063.0,1063.0,3.0,3.0,1.0,1.0,47.0,47.0,0,0,0,0,0,,,,0.0,0.0,0.0,0.0,0.0
Q229371,3,832.0,812.67,0.0,4.33,1.0,1.33,37.0,25.0,2,1,1,1,1,,,,66.67,33.33,33.33,33.33,33.33
Q2294018,1,124.0,124.0,1.0,1.0,1.0,1.0,5.0,5.0,0,0,1,0,0,,,,0.0,0.0,100.0,0.0,0.0
Q22947,2,1329.0,1329.0,15.5,15.5,2.0,2.0,20.0,20.0,0,1,0,0,0,,,,0.0,50.0,0.0,0.0,0.0
Q22947792,1,176.0,176.0,0.0,0.0,0.0,0.0,11.0,11.0,1,1,1,1,1,,,,100.0,100.0,100.0,100.0,100.0
Q22950320,2,885.5,885.5,7.5,7.5,2.5,2.5,50.5,50.5,0,1,0,0,0,,,,0.0,50.0,0.0,0.0,0.0
Q2297602,2,158.0,158.0,0.0,0.0,0.0,0.0,16.0,16.0,2,2,2,2,2,,,,100.0,100.0,100.0,100.0,100.0
Q2298435,1,226.0,226.0,0.0,0.0,0.0,0.0,13.0,13.0,1,1,1,1,1,,,,100.0,100.0,100.0,100.0,100.0
Q22988604,50,176.5,275.06,1.0,3.38,1.0,0.86,7.0,13.34,18,23,32,16,8,,,,36.0,46.0,64.0,32.0,16.0
Q22989102,30,190.5,250.17,0.0,1.87,1.0,1.97,6.0,15.9,16,1,27,15,0,,,,53.33,3.33,90.0,50.0,0.0
Q23002039,21,548.0,2122.52,6.0,26.67,2.0,4.29,25.0,59.05,5,5,6,3,0,,,,23.81,23.81,28.57,14.29,0.0
Q23002054,27,314.0,1307.59,1.0,14.41,0.0,2.19,8.0,57.33,8,14,8,4,3,,,,29.63,51.85,29.63,14.81,11.11
Q2300373,1,179.0,179.0,1.0,1.0,1.0,1.0,9.0,9.0,0,0,1,0,0,,,,0.0,0.0,100.0,0.0,0.0
Q23005223,1,372.0,372.0,1.0,1.0,2.0,2.0,27.0,27.0,0,0,0,0,0,,,,0.0,0.0,0.0,0.0,0.0
Q23005233,1,316.0,316.0,7.0,7.0,0.0,0.0,8.0,8.0,0,1,0,0,0,,,,0.0,100.0,0.0,0.0,0.0
Q23008367,2,46.0,46.0,1.0,1.0,0.0,0.0,2.5,2.5,0,2,2,0,0,,,,0.0,100.0,100.0,0.0,0.0
Q23009442,1,350.0,350.0,1.0,1.0,3.0,3.0,20.0,20.0,0,0,0,0,0,,,,0.0,0.0,0.0,0.0,0.0
Q2300991,1,60.0,60.0,1.0,1.0,0.0,0.0,6.0,6.0,0,1,1,0,0,,,,0.0,100.0,100.0,0.0,0.0
Q2301325,1,597.0,597.0,0.0,0.0,2.0,2.0,50.0,50.0,1,0,0,0,0,,,,100.0,0.0,0.0,0.0,0.0
Q23015925,2,1207.5,1207.5,3.0,3.0,6.0,6.0,28.5,28.5,0,1,0,0,0,,,,0.0,50.0,0.0,0.0,0.0
Q23015928,1,369.0,369.0,0.0,0.0,0.0,0.0,19.0,19.0,1,1,0,0,0,,,,100.0,100.0,0.0,0.0,0.0
Q23020667,1,191.0,191.0,3.0,3.0,1.0,1.0,18.0,18.0,0,0,1,0,0,,,,0.0,0.0,100.0,0.0,0.0
Q230262,1,287.0,287.0,3.0,3.0,1.0,1.0,21.0,21.0,0,0,0,0,0,,,,0.0,0.0,0.0,0.0,0.0
Q23037160,5,348.0,2887.6,1.0,42.8,1.0,3.2,23.0,97.4,1,1,0,0,0,,,,20.0,20.0,0.0,0.0,0.0
Q23038290,190,137.0,167.75,1.0,0.98,1.0,1.39,5.0,8.4,23,42,171,20,13,,,,12.11,22.11,90.0,10.53,6.84
Q23039057,2,158.5,158.5,0.0,0.0,0.5,0.5,10.0,10.0,2,1,2,2,1,,,,100.0,50.0,100.0,100.0,50.0
Q2305029,1,538.0,538.0,2.0,2.0,1.0,1.0,25.0,25.0,0,0,0,0,0,,,,0.0,0.0,0.0,0.0,0.0
Q2305295,4,316.5,381.75,1.0,3.75,0.0,0.25,15.0,15.75,1,3,1,0,0,,,,25.0,75.0,25.0,0.0,0.0
Q2305441,1,85.0,85.0,1.0,1.0,0.0,0.0,4.0,4.0,0,1,1,0,0,,,,0.0,100.0,100.0,0.0,0.0
Q23055202,1,88.0,88.0,0.0,0.0,0.0,0.0,11.0,11.0,1,1,1,1,1,,,,100.0,100.0,100.0,100.0,100.0
Q2305591,1,284.0,284.0,0.0,0.0,0.0,0.0,3.0,3.0,1,1,0,0,0,,,,100.0,100.0,0.0,0.0,0.0
Q23058,26,272.0,273.58,0.0,0.0,1.0,0.69,4.0,3.73,26,9,1,1,1,,,,100.0,34.62,3.85,3.85,3.85
Q23058136,1,444.0,444.0,6.0,6.0,1.0,1.0,6.0,6.0,0,0,0,0,0,,,,0.0,0.0,0.0,0.0,0.0
Q23058156,2,705.0,705.0,2.5,2.5,0.0,0.0,20.0,20.0,1,2,0,0,0,,,,50.0,100.0,0.0,0.0,0.0
Q2308577,3,104.0,107.33,1.0,1.0,1.0,1.0,5.0,6.0,0,0,3,0,0,,,,0.0,0.0,100.0,0.0,0.0
Q230937,1,408.0,408.0,3.0,3.0,3.0,3.0,10.0,10.0,0,0,0,0,0,,,,0.0,0.0,0.0,0.0,0.0
Q231002,11,1611.0,1350.18,10.0,11.45,3.0,2.27,16.0,25.18,2,4,2,2,2,nationality,nationality,национальность,18.18,36.36,18.18,18.18,18.18
Q2310214,5,292.0,299.2,2.0,1.6,0.0,0.2,19.0,14.2,2,4,0,0,0,,,,40.0,80.0,0.0,0.0,0.0
Q231043,1,140.0,140.0,2.0,2.0,0.0,0.0,7.0,7.0,0,1,1,0,0,,,,0.0,100.0,100.0,0.0,0.0
Q2311388,1,262.0,262.0,0.0,0.0,0.0,0.0,16.0,16.0,1,1,0,0,0,,,,100.0,100.0,0.0,0.0,0.0
Q2312410,34,171.5,222.21,1.0,1.12,1.0,1.38,5.0,8.74,9,6,22,7,0,,,,26.47,17.65,64.71,20.59,0.0
Q2312427,1,534.0,534.0,0.0,0.0,0.0,0.0,32.0,32.0,1,1,0,0,0,,,,100.0,100.0,0.0,0.0,0.0
Q2313235,4,217.5,268.75,2.0,2.0,0.0,0.0,11.0,11.25,0,4,2,0,0,,,,0.0,100.0,50.0,0.0,0.0
Q2313686,4,183.0,276.5,0.0,0.25,1.0,0.75,17.5,29.0,3,1,2,2,0,,,,75.0,25.0,50.0,50.0,0.0
Q2313842,8,410.5,788.62,3.5,3.88,1.0,1.38,14.0,38.75,2,0,0,0,0,,,,25.0,0.0,0.0,0.0,0.0
Q2315359,15,253.0,537.8,0.0,0.67,0.0,0.47,18.0,24.27,8,12,7,5,4,,,,53.33,80.0,46.67,33.33,26.67
Q2319498,58,302.5,436.9,1.0,1.4,1.0,1.29,8.5,12.41,28,19,24,14,5,architectural landmark,architectural landmark,памятник архитектуры,48.28,32.76,41.38,24.14,8.62
Q2321921,1,309.0,309.0,4.0,4.0,0.0,0.0,7.0,7.0,0,1,0,0,0,type of legal entity in Russia,type of legal entity in Russia,тип некоммерческих организаций в России,0.0,100.0,0.0,0.0,0.0
Q2322432,1,214.0,214.0,1.0,1.0,2.0,2.0,6.0,6.0,0,0,1,0,0,,,,0.0,0.0,100.0,0.0,0.0
Q232405,1,673.0,673.0,3.0,3.0,2.0,2.0,61.0,61.0,0,0,0,0,0,,,,0.0,0.0,0.0,0.0,0.0
Q2324556,2,296.0,296.0,1.5,1.5,0.0,0.0,25.5,25.5,0,2,1,0,0,,,,0.0,100.0,50.0,0.0,0.0
Q2324916,1,1339.0,1339.0,20.0,20.0,1.0,1.0,52.0,52.0,0,0,0,0,0,,,,0.0,0.0,0.0,0.0,0.0
Q2324993,1,446.0,446.0,3.0,3.0,0.0,0.0,5.0,5.0,0,1,0,0,0,,,,0.0,100.0,0.0,0.0,0.0
Q2325038,1,490.0,490.0,1.0,1.0,2.0,2.0,18.0,18.0,0,0,0,0,0,,,,0.0,0.0,0.0,0.0,0.0
Q2325086,1,118.0,118.0,1.0,1.0,0.0,0.0,12.0,12.0,0,1,1,0,0,,,,0.0,100.0,100.0,0.0,0.0
Q2326055,1,2067.0,2067.0,18.0,18.0,6.0,6.0,74.0,74.0,0,0,0,0,0,,,,0.0,0.0,0.0,0.0,0.0
Q2327515,6,298.5,296.33,1.0,0.83,0.0,0.33,5.0,4.67,1,4,0,0,0,,,,16.67,66.67,0.0,0.0,0.0
Q23296480,1,46.0,46.0,0.0,0.0,1.0,1.0,8.0,8.0,1,0,1,1,0,,,,100.0,0.0,100.0,100.0,0.0
Q233165,1,273.0,273.0,0.0,0.0,0.0,0.0,5.0,5.0,1,1,0,0,0,,,,100.0,100.0,0.0,0.0,0.0
Q2332212,1,591.0,591.0,0.0,0.0,0.0,0.0,23.0,23.0,1,1,0,0,0,,,,100.0,100.0,0.0,0.0,0.0
Q233324,1,333.0,333.0,1.0,1.0,0.0,0.0,10.0,10.0,0,1,0,0,0,,,,0.0,100.0,0.0,0.0,0.0
Q23334891,1,3073.0,3073.0,56.0,56.0,6.0,6.0,25.0,25.0,0,0,0,0,0,,,,0.0,0.0,0.0,0.0,0.0
Q2334719,3,341.0,331.33,1.0,1.67,0.0,0.0,16.0,26.0,0,3,0,0,0,legal case,legal case,судебное дело,0.0,100.0,0.0,0.0,0.0
Q2335090,1,419.0,419.0,1.0,1.0,0.0,0.0,52.0,52.0,0,1,0,0,0,,,,0.0,100.0,0.0,0.0,0.0
Q233591,11,340.0,742.0,1.0,3.73,0.0,2.55,8.0,31.0,2,6,4,1,1,communist party,Коммунистік Партия,коммунистическая партия,18.18,54.55,36.36,9.09,9.09
Q23384401,87,168.0,316.87,1.0,1.82,0.0,0.25,7.0,13.24,9,73,59,7,5,,,,10.34,83.91,67.82,8.05,5.75
Q23392,1,85.0,85.0,1.0,1.0,1.0,1.0,5.0,5.0,0,0,1,0,0,,,,0.0,0.0,100.0,0.0,0.0
Q23397,770,183.0,212.26,1.0,0.94,0.0,0.09,6.0,6.96,211,734,687,201,191,lake,көл,озеро,27.4,95.32,89.22,26.1,24.81
Q234077,1,260.0,260.0,0.0,0.0,0.0,0.0,16.0,16.0,1,1,0,0,0,,,,100.0,100.0,0.0,0.0,0.0
Q23413,22,272.0,351.05,2.0,3.09,1.5,1.86,5.0,7.86,8,1,10,7,0,,,,36.36,4.55,45.45,31.82,0.0
Q234262,114,135.0,349.94,0.0,0.04,0.0,0.31,3.0,4.23,110,85,75,73,52,,,,96.49,74.56,65.79,64.04,45.61
Q234343,2,990.0,990.0,6.0,6.0,1.0,1.0,22.5,22.5,0,1,0,0,0,,,,0.0,50.0,0.0,0.0,0.0
Q2344030,1,53.0,53.0,1.0,1.0,0.0,0.0,4.0,4.0,0,1,1,0,0,,,,0.0,100.0,100.0,0.0,0.0
Q23442,168,199.0,293.12,0.0,1.11,0.0,0.54,6.0,10.26,92,106,101,57,38,island,Арал,остров,54.76,63.1,60.12,33.93,22.62
Q23442338,2,880.0,880.0,6.5,6.5,1.5,1.5,27.5,27.5,1,1,0,0,0,,,,50.0,50.0,0.0,0.0,0.0
Q234460,3,91.0,162.0,1.0,1.0,0.0,0.0,5.0,10.0,1,3,2,0,0,,,,33.33,100.0,66.67,0.0,0.0
Q234497,1,3901.0,3901.0,16.0,16.0,0.0,0.0,81.0,81.0,0,1,0,0,0,,,,0.0,100.0,0.0,0.0,0.0
Q2346,1,43.0,43.0,1.0,1.0,0.0,0.0,2.0,2.0,0,1,1,0,0,,,,0.0,100.0,100.0,0.0,0.0
Q234668,1,906.0,906.0,1.0,1.0,3.0,3.0,11.0,11.0,0,0,0,0,0,,,,0.0,0.0,0.0,0.0,0.0
Q234869,8,154.0,395.12,1.0,0.75,0.0,0.38,7.5,16.62,3,5,5,1,1,,,,37.5,62.5,62.5,12.5,12.5
Q23492,1,870.0,870.0,9.0,9.0,2.0,2.0,116.0,116.0,0,0,0,0,0,official language,ресми тіл,официальный язык,0.0,0.0,0.0,0.0,0.0
Q2349219,1,76.0,76.0,1.0,1.0,0.0,0.0,3.0,3.0,0,1,1,0,0,,,,0.0,100.0,100.0,0.0,0.0
Q23497981,2,105.0,105.0,1.0,1.0,0.5,0.5,6.5,6.5,0,1,2,0,0,,,,0.0,50.0,100.0,0.0,0.0
Q2351962,2,169.5,169.5,0.0,0.0,1.0,1.0,6.0,6.0,2,1,2,2,1,,,,100.0,50.0,100.0,100.0,50.0
Q2352616,2,203.0,203.0,2.5,2.5,0.5,0.5,3.0,3.0,1,1,1,1,1,,,,50.0,50.0,50.0,50.0,50.0
Q235352,2,134.5,134.5,0.5,0.5,1.5,1.5,5.5,5.5,1,1,2,1,1,,,,50.0,50.0,100.0,50.0,50.0
Q2354973,2,173.0,173.0,2.5,2.5,0.0,0.0,4.0,4.0,0,2,1,0,0,,,,0.0,100.0,50.0,0.0,0.0
Q2355426,1,57.0,57.0,0.0,0.0,2.0,2.0,0.0,0.0,1,0,1,1,0,,,,100.0,0.0,100.0,100.0,0.0
Q235557,15,359.0,453.6,1.0,1.53,1.0,1.27,10.0,14.4,5,4,5,0,0,,,,33.33,26.67,33.33,0.0,0.0
Q2355817,21,139.0,329.33,1.0,1.38,1.0,0.57,7.0,20.43,2,10,16,1,1,,,,9.52,47.62,76.19,4.76,4.76
Q235670,55,68.0,262.93,0.0,0.8,0.0,0.49,2.0,29.04,49,48,42,41,41,,,,89.09,87.27,76.36,74.55,74.55
Q235673,56,58.0,189.55,0.0,0.5,0.0,0.5,2.0,20.41,53,51,49,49,49,,,,94.64,91.07,87.5,87.5,87.5
Q235676,56,68.0,231.14,0.0,1.88,0.0,0.34,2.0,25.11,52,50,46,46,46,,,,92.86,89.29,82.14,82.14,82.14
Q235680,56,67.0,236.43,0.0,0.66,0.0,0.43,2.0,25.41,53,51,48,48,48,,,,94.64,91.07,85.71,85.71,85.71
Q235684,54,86.5,249.78,0.0,0.26,0.0,0.31,2.0,26.48,52,50,46,46,46,,,,96.3,92.59,85.19,85.19,85.19
Q235687,56,64.0,271.14,0.0,1.59,0.0,0.93,2.0,29.34,53,49,47,47,47,,,,94.64,87.5,83.93,83.93,83.93
Q235690,56,66.5,221.95,0.0,0.27,0.0,0.3,2.0,23.07,54,52,48,48,48,,,,96.43,92.86,85.71,85.71,85.71
Q235729,11,1326.0,1497.64,1.0,13.73,1.0,3.82,157.0,178.73,5,4,0,0,0,,,,45.45,36.36,0.0,0.0,0.0
Q2357965,1,6022.0,6022.0,143.0,143.0,3.0,3.0,184.0,184.0,0,0,0,0,0,,,,0.0,0.0,0.0,0.0,0.0
Q236036,8,1735.0,1641.75,3.5,6.5,1.0,1.88,31.5,50.12,2,2,0,0,0,,,,25.0,25.0,0.0,0.0,0.0
Q2360980,2,453.5,453.5,1.0,1.0,0.5,0.5,38.5,38.5,0,1,1,0,0,,,,0.0,50.0,50.0,0.0,0.0
Q23622,3,231.0,328.33,2.0,2.0,0.0,0.33,27.0,21.67,0,2,2,0,0,,,,0.0,66.67,66.67,0.0,0.0
Q2362312,1,423.0,423.0,2.0,2.0,1.0,1.0,10.0,10.0,0,0,0,0,0,,,,0.0,0.0,0.0,0.0,0.0
Q2366457,2,585.5,585.5,9.5,9.5,1.5,1.5,26.5,26.5,0,1,1,0,0,,,,0.0,50.0,50.0,0.0,0.0
Q2366957,1,250.0,250.0,1.0,1.0,0.0,0.0,10.0,10.0,0,1,0,0,0,,,,0.0,100.0,0.0,0.0,0.0
Q23670565,1,241.0,241.0,7.0,7.0,0.0,0.0,17.0,17.0,0,1,1,0,0,,,,0.0,100.0,100.0,0.0,0.0
Q2367171,1,791.0,791.0,4.0,4.0,1.0,1.0,47.0,47.0,0,0,0,0,0,,,,0.0,0.0,0.0,0.0,0.0
Q23691,40,424.5,451.18,0.0,0.92,0.0,0.42,8.0,10.07,25,28,10,8,5,national anthem,Ұлттық әнұран,государственный гимн,62.5,70.0,25.0,20.0,12.5
Q2369218,1,365.0,365.0,1.0,1.0,0.0,0.0,14.0,14.0,0,1,0,0,0,,,,0.0,100.0,0.0,0.0,0.0
Q2369721,1,175.0,175.0,0.0,0.0,1.0,1.0,3.0,3.0,1,0,1,1,0,,,,100.0,0.0,100.0,100.0,0.0
Q23702033,7,118.0,136.71,0.0,0.57,1.0,0.57,4.0,6.29,4,3,7,4,3,,,,57.14,42.86,100.0,57.14,42.86
Q23702035,2,67.5,67.5,1.0,1.0,0.0,0.0,3.0,3.0,0,2,2,0,0,,,,0.0,100.0,100.0,0.0,0.0
Q23712835,4,869.0,869.75,0.0,0.0,0.0,0.0,83.5,82.25,4,4,0,0,0,,,,100.0,100.0,0.0,0.0,0.0
Q23718,4,68.0,68.0,0.0,0.25,0.0,0.25,2.5,3.0,3,3,4,3,2,,,,75.0,75.0,100.0,75.0,50.0
Q237350,1,192.0,192.0,1.0,1.0,1.0,1.0,14.0,14.0,0,0,1,0,0,,,,0.0,0.0,100.0,0.0,0.0
Q2374489,3,43.0,165.33,1.0,1.33,0.0,0.0,3.0,4.33,0,3,2,0,0,,,,0.0,100.0,66.67,0.0,0.0
Q2375229,1,86.0,86.0,1.0,1.0,1.0,1.0,5.0,5.0,0,0,1,0,0,,,,0.0,0.0,100.0,0.0,0.0
Q23759397,3,60.0,123.0,0.0,0.0,0.0,0.0,0.0,0.67,3,3,2,2,2,,,,100.0,100.0,66.67,66.67,66.67
Q23790,10,255.5,293.6,1.0,2.4,1.0,0.9,7.5,9.4,1,4,5,1,0,,,,10.0,40.0,50.0,10.0,0.0
Q2380335,4,698.5,743.0,17.0,16.75,0.5,1.0,38.5,36.75,0,2,0,0,0,,,,0.0,50.0,0.0,0.0,0.0
Q2382369,1,50.0,50.0,1.0,1.0,0.0,0.0,3.0,3.0,0,1,1,0,0,,,,0.0,100.0,100.0,0.0,0.0
Q2383211,1,62.0,62.0,0.0,0.0,1.0,1.0,0.0,0.0,1,0,1,1,0,,,,100.0,0.0,100.0,100.0,0.0
Q238323,1,365.0,365.0,2.0,2.0,0.0,0.0,18.0,18.0,0,1,0,0,0,,,,0.0,100.0,0.0,0.0,0.0
Q23847174,39,92.0,199.33,1.0,1.49,0.0,0.56,5.0,7.9,6,22,27,4,3,,,,15.38,56.41,69.23,10.26,7.69
Q2385804,39,372.0,624.1,1.0,1.95,0.0,0.69,6.0,15.46,11,21,16,4,3,educational institution,білім мекемесі,образовательное учреждение,28.21,53.85,41.03,10.26,7.69
Q2386350,2,378.5,378.5,6.5,6.5,1.0,1.0,13.0,13.0,0,0,0,0,0,,,,0.0,0.0,0.0,0.0,0.0
Q2386606,1,92.0,92.0,1.0,1.0,1.0,1.0,4.0,4.0,0,0,1,0,0,,,,0.0,0.0,100.0,0.0,0.0
Q23866334,1,132.0,132.0,0.0,0.0,1.0,1.0,1.0,1.0,1,0,1,1,0,,,,100.0,0.0,100.0,100.0,0.0
Q23901112,1,291.0,291.0,2.0,2.0,0.0,0.0,3.0,3.0,0,1,0,0,0,,,,0.0,100.0,0.0,0.0,0.0
Q23905069,2,176.0,176.0,1.0,1.0,0.0,0.0,4.5,4.5,0,2,1,0,0,,,,0.0,100.0,50.0,0.0,0.0
Q23905071,3,94.0,93.33,1.0,1.0,0.0,0.33,2.0,5.67,0,2,3,0,0,,,,0.0,66.67,100.0,0.0,0.0
Q23905105,1,526.0,526.0,1.0,1.0,0.0,0.0,33.0,33.0,0,1,0,0,0,women's national association football team,women's national association football team,женская сборная страны по футболу,0.0,100.0,0.0,0.0,0.0
Q2393196,12,76.5,121.58,1.0,0.83,0.0,0.25,4.0,6.83,3,9,10,2,2,,,,25.0,75.0,83.33,16.67,16.67
Q2394016,1,78.0,78.0,1.0,1.0,0.0,0.0,3.0,3.0,0,1,1,0,0,,,,0.0,100.0,100.0,0.0,0.0
Q2395714,1,78.0,78.0,1.0,1.0,0.0,0.0,10.0,10.0,0,1,1,0,0,,,,0.0,100.0,100.0,0.0,0.0
Q239582,1,74.0,74.0,0.0,0.0,0.0,0.0,8.0,8.0,1,1,1,1,1,symphony orchestra,Симфониялық оркестр,симфонический оркестр,100.0,100.0,100.0,100.0,100.0
Q23958852,6,169.5,365.5,2.0,3.33,0.0,0.17,11.5,13.33,0,5,4,0,0,,,,0.0,83.33,66.67,0.0,0.0
Q23983664,10,868.5,1480.8,5.0,8.9,0.5,2.9,22.5,35.9,1,5,1,0,0,demographics of country or region,demographics of country or region,демография по странам и регионам,10.0,50.0,10.0,0.0,0.0
Q2399523,2,512.0,512.0,1.0,1.0,0.0,0.0,22.5,22.5,0,2,0,0,0,technology ministry,technology ministry,министерство технологии,0.0,100.0,0.0,0.0,0.0
Q2399626,1,3189.0,3189.0,22.0,22.0,26.0,26.0,363.0,363.0,0,0,0,0,0,,,,0.0,0.0,0.0,0.0,0.0
Q24017414,13,194.0,548.0,1.0,3.0,0.0,1.23,16.0,19.46,1,7,8,1,0,,,,7.69,53.85,61.54,7.69,0.0
Q24017465,1,225.0,225.0,0.0,0.0,1.0,1.0,0.0,0.0,1,0,1,1,0,,,,100.0,0.0,100.0,100.0,0.0
Q2401749,4,248.5,318.5,1.5,3.5,0.0,0.0,9.0,13.25,0,4,2,0,0,telecommunication company,telecommunication company,телекоммуникационная компания,0.0,100.0,50.0,0.0,0.0
Q24024848,1,133.0,133.0,0.0,0.0,1.0,1.0,2.0,2.0,1,0,1,1,0,,,,100.0,0.0,100.0,100.0,0.0
Q24034076,4,505.0,537.0,2.5,5.0,1.0,1.25,22.5,29.75,0,0,1,0,0,,,,0.0,0.0,25.0,0.0,0.0
Q24034552,74,161.5,255.34,1.0,1.09,0.0,0.62,7.0,10.14,25,43,53,17,11,,,,33.78,58.11,71.62,22.97,14.86
Q2403977,3,792.0,1331.33,4.0,2.67,2.0,2.0,13.0,13.67,1,1,1,1,1,prison labour camp,prison labour camp,исправительно-трудовой лагерь,33.33,33.33,33.33,33.33,33.33
Q24040733,1,303.0,303.0,0.0,0.0,0.0,0.0,18.0,18.0,1,1,0,0,0,,,,100.0,100.0,0.0,0.0,0.0
Q24047813,1,1624.0,1624.0,12.0,12.0,5.0,5.0,96.0,96.0,0,0,0,0,0,,,,0.0,0.0,0.0,0.0,0.0
Q24060707,3,58.0,74.0,1.0,1.0,1.0,0.67,5.0,5.0,0,1,3,0,0,,,,0.0,33.33,100.0,0.0,0.0
Q2406205,2,1053.0,1053.0,2.5,2.5,0.5,0.5,16.5,16.5,0,1,0,0,0,shootout,shootout,перестрелка,0.0,50.0,0.0,0.0,0.0
Q24069004,4,2474.0,2816.25,25.0,30.75,4.0,4.0,107.5,104.0,0,1,0,0,0,Presidential elections in Kazakhstan,Presidential elections in Kazakhstan,выборы президента Казахстана,0.0,25.0,0.0,0.0,0.0
Q240795,1,943.0,943.0,10.0,10.0,0.0,0.0,29.0,29.0,0,1,0,0,0,,,,0.0,100.0,0.0,0.0,0.0
Q24082827,1,55.0,55.0,1.0,1.0,0.0,0.0,4.0,4.0,0,1,1,0,0,,,,0.0,100.0,100.0,0.0,0.0
Q240854,1,254.0,254.0,0.0,0.0,1.0,1.0,17.0,17.0,1,0,0,0,0,,,,100.0,0.0,0.0,0.0,0.0
Q240862,1,313.0,313.0,1.0,1.0,0.0,0.0,32.0,32.0,0,1,0,0,0,,,,0.0,100.0,0.0,0.0,0.0
Q2412834,2,293.5,293.5,0.0,0.0,0.0,0.0,24.0,24.0,2,2,1,1,1,reserve team,reserve team,дублирующий состав,100.0,100.0,50.0,50.0,50.0
Q241284,5,282.0,655.8,1.0,2.4,1.0,1.2,23.0,18.4,1,0,2,0,0,,,,20.0,0.0,40.0,0.0,0.0
Q241317,10,463.0,715.2,1.0,4.4,1.0,1.5,33.0,28.3,4,3,3,2,2,,,,40.0,30.0,30.0,20.0,20.0
Q2413314,1,808.0,808.0,3.0,3.0,1.0,1.0,16.0,16.0,0,0,0,0,0,,,,0.0,0.0,0.0,0.0,0.0
Q2416110,1,1666.0,1666.0,2.0,2.0,0.0,0.0,98.0,98.0,0,1,0,0,0,,,,0.0,100.0,0.0,0.0,0.0
Q2416217,3,961.0,1115.0,2.0,1.67,0.0,0.33,75.0,61.33,0,2,0,0,0,,,,0.0,66.67,0.0,0.0,0.0
Q241625,1,561.0,561.0,4.0,4.0,2.0,2.0,9.0,9.0,0,0,0,0,0,,,,0.0,0.0,0.0,0.0,0.0
Q2416723,1,501.0,501.0,8.0,8.0,4.0,4.0,10.0,10.0,0,0,0,0,0,,,,0.0,0.0,0.0,0.0,0.0
Q2418495,1,2152.0,2152.0,11.0,11.0,7.0,7.0,33.0,33.0,0,0,0,0,0,,,,0.0,0.0,0.0,0.0,0.0
Q2418896,9,2247.0,1999.0,3.0,5.0,4.0,5.44,101.0,152.44,1,0,0,0,0,,,,11.11,0.0,0.0,0.0,0.0
Q24189077,1,2005.0,2005.0,48.0,48.0,1.0,1.0,60.0,60.0,0,0,0,0,0,,,,0.0,0.0,0.0,0.0,0.0
Q24198315,1,1209.0,1209.0,0.0,0.0,3.0,3.0,144.0,144.0,1,0,0,0,0,,,,100.0,0.0,0.0,0.0,0.0
Q2421902,1,122.0,122.0,1.0,1.0,1.0,1.0,7.0,7.0,0,0,1,0,0,,,,0.0,0.0,100.0,0.0,0.0
Q24236999,1,216.0,216.0,2.0,2.0,1.0,1.0,19.0,19.0,0,0,1,0,0,,,,0.0,0.0,100.0,0.0,0.0
Q24238946,1,269.0,269.0,1.0,1.0,9.0,9.0,18.0,18.0,0,0,0,0,0,,,,0.0,0.0,0.0,0.0,0.0
Q2424752,12,154.0,617.0,1.0,4.17,1.0,1.75,9.5,24.67,2,3,7,1,1,,,,16.67,25.0,58.33,8.33,8.33
Q24249534,1,775.0,775.0,1.0,1.0,0.0,0.0,29.0,29.0,0,1,0,0,0,,,,0.0,100.0,0.0,0.0,0.0
Q24255438,1,302.0,302.0,1.0,1.0,1.0,1.0,13.0,13.0,0,0,0,0,0,Hydrological natural heritage site,Hydrological natural heritage site,гидрологический памятник природы,0.0,0.0,0.0,0.0,0.0
Q24284226,1,212.0,212.0,0.0,0.0,1.0,1.0,35.0,35.0,1,0,1,1,0,,,,100.0,0.0,100.0,100.0,0.0
Q24286894,2,104.0,104.0,0.5,0.5,0.5,0.5,3.0,3.0,1,1,2,1,1,,,,50.0,50.0,100.0,50.0,50.0
Q24296329,2,494.5,494.5,0.5,0.5,1.5,1.5,3.0,3.0,1,0,1,1,0,,,,50.0,0.0,50.0,50.0,0.0
Q2431196,1,4008.0,4008.0,75.0,75.0,0.0,0.0,108.0,108.0,0,1,0,0,0,,,,0.0,100.0,0.0,0.0,0.0
Q24334299,3,122.0,171.33,1.0,0.67,1.0,0.67,3.0,4.33,1,1,2,1,0,,,,33.33,33.33,66.67,33.33,0.0
Q24334685,1,649.0,649.0,3.0,3.0,0.0,0.0,6.0,6.0,0,1,0,0,0,,,,0.0,100.0,0.0,0.0,0.0
Q24334976,1,84.0,84.0,0.0,0.0,2.0,2.0,3.0,3.0,1,0,1,1,0,,,,100.0,0.0,100.0,100.0,0.0
Q24335742,1,172.0,172.0,4.0,4.0,0.0,0.0,3.0,3.0,0,1,1,0,0,,,,0.0,100.0,100.0,0.0,0.0
Q24336031,1,91.0,91.0,0.0,0.0,0.0,0.0,9.0,9.0,1,1,1,1,1,,,,100.0,100.0,100.0,100.0,100.0
Q24336068,1,595.0,595.0,1.0,1.0,0.0,0.0,18.0,18.0,0,1,0,0,0,,,,0.0,100.0,0.0,0.0,0.0
Q24336490,1,578.0,578.0,0.0,0.0,0.0,0.0,38.0,38.0,1,1,0,0,0,,,,100.0,100.0,0.0,0.0,0.0
Q24337101,1,132.0,132.0,0.0,0.0,1.0,1.0,2.0,2.0,1,0,1,1,0,,,,100.0,0.0,100.0,100.0,0.0
Q24354,48,722.5,839.33,2.0,2.48,0.0,0.44,24.0,27.79,7,33,8,4,2,theatre building,theatre building,здание театра,14.58,68.75,16.67,8.33,4.17
Q2438541,5,280.0,444.6,1.0,1.6,0.0,0.4,6.0,10.4,0,3,2,0,0,,,,0.0,60.0,40.0,0.0,0.0
Q24398318,1,180.0,180.0,1.0,1.0,0.0,0.0,0.0,0.0,0,1,1,0,0,,,,0.0,100.0,100.0,0.0,0.0
Q2441645,1,70.0,70.0,1.0,1.0,0.0,0.0,7.0,7.0,0,1,1,0,0,,,,0.0,100.0,100.0,0.0,0.0
Q2442401,1,307.0,307.0,3.0,3.0,0.0,0.0,9.0,9.0,0,1,0,0,0,,,,0.0,100.0,0.0,0.0,0.0
Q244381,1,628.0,628.0,6.0,6.0,3.0,3.0,16.0,16.0,0,0,0,0,0,,,,0.0,0.0,0.0,0.0,0.0
Q24444087,1,447.0,447.0,0.0,0.0,2.0,2.0,14.0,14.0,1,0,0,0,0,,,,100.0,0.0,0.0,0.0,0.0
Q24451526,1,387.0,387.0,2.0,2.0,1.0,1.0,14.0,14.0,0,0,0,0,0,,,,0.0,0.0,0.0,0.0,0.0
Q24452,1,154.0,154.0,0.0,0.0,2.0,2.0,10.0,10.0,1,0,1,1,0,,,,100.0,0.0,100.0,100.0,0.0
Q24457356,2,304.0,304.0,1.0,1.0,1.5,1.5,10.5,10.5,0,0,0,0,0,,,,0.0,0.0,0.0,0.0,0.0
Q2446662,1,1384.0,1384.0,14.0,14.0,23.0,23.0,105.0,105.0,0,0,0,0,0,tourism ministry,tourism ministry,министерство туризма,0.0,0.0,0.0,0.0,0.0
Q24483356,1,71.0,71.0,1.0,1.0,1.0,1.0,2.0,2.0,0,0,1,0,0,,,,0.0,0.0,100.0,0.0,0.0
Q245016,3,237.0,204.33,0.0,0.33,0.0,0.33,8.0,8.67,2,2,2,2,1,,,,66.67,66.67,66.67,66.67,33.33
Q245065,44,641.5,1016.95,1.0,6.11,1.0,2.16,36.5,50.89,11,19,11,6,2,intergovernmental organization,Үкіметаралық халықаралық үйымдар,международная межправительственная организация,25.0,43.18,25.0,13.64,4.55
Q245102,3,456.0,398.67,0.0,0.33,0.0,0.33,73.0,51.33,2,2,1,1,0,,,,66.67,66.67,33.33,33.33,0.0
Q2451477,1,200.0,200.0,3.0,3.0,2.0,2.0,8.0,8.0,0,0,1,0,0,,,,0.0,0.0,100.0,0.0,0.0
Q245260,1,523.0,523.0,2.0,2.0,0.0,0.0,17.0,17.0,0,1,0,0,0,,,,0.0,100.0,0.0,0.0,0.0
Q24529780,6,128.0,182.0,1.0,1.67,0.0,0.0,5.0,5.83,0,6,5,0,0,point,point,ландшпитц,0.0,100.0,83.33,0.0,0.0
Q24533670,6,185.0,199.17,0.0,0.83,1.0,0.67,4.5,6.17,4,2,5,3,1,,,,66.67,33.33,83.33,50.0,16.67
Q24534061,1,100.0,100.0,1.0,1.0,1.0,1.0,1.0,1.0,0,0,1,0,0,,,,0.0,0.0,100.0,0.0,0.0
Q2455145,1,215.0,215.0,0.0,0.0,0.0,0.0,6.0,6.0,1,1,1,1,1,,,,100.0,100.0,100.0,100.0,100.0
Q24565488,1,370.0,370.0,5.0,5.0,1.0,1.0,6.0,6.0,0,0,0,0,0,,,,0.0,0.0,0.0,0.0,0.0
Q24579448,3,943.0,2068.0,10.0,26.33,0.0,1.0,55.0,80.33,0,2,0,0,0,,,,0.0,66.67,0.0,0.0,0.0
Q2460358,3,78.0,1244.0,1.0,2.0,1.0,4.67,7.0,54.67,1,1,2,1,1,,,,33.33,33.33,66.67,33.33,33.33
Q2462003,9,340.0,392.56,4.0,5.67,1.0,0.67,21.0,22.89,1,3,2,1,1,,,,11.11,33.33,22.22,11.11,11.11
Q2464485,6,311.0,388.5,0.5,0.83,0.0,0.17,11.5,26.5,3,5,3,3,3,,,,50.0,83.33,50.0,50.0,50.0
Q24657198,1,943.0,943.0,10.0,10.0,0.0,0.0,29.0,29.0,0,1,0,0,0,,,,0.0,100.0,0.0,0.0,0.0
Q2465832,92,257.0,813.41,1.0,4.61,0.0,1.76,12.0,41.51,8,50,44,4,3,,,,8.7,54.35,47.83,4.35,3.26
Q246672,1,75.0,75.0,1.0,1.0,0.0,0.0,0.0,0.0,0,1,1,0,0,,,,0.0,100.0,100.0,0.0,0.0
Q2467461,3,169.0,333.67,1.0,1.33,1.0,1.33,11.0,16.0,0,1,2,0,0,academic department,academic department,кафедра,0.0,33.33,66.67,0.0,0.0
Q2467478,2,81.5,81.5,2.0,2.0,0.5,0.5,9.0,9.0,0,1,2,0,0,,,,0.0,50.0,100.0,0.0,0.0
Q2469744,5,79.0,77.4,0.0,0.0,0.0,0.0,11.0,15.8,5,5,5,5,5,,,,100.0,100.0,100.0,100.0,100.0
Q24699794,7,285.0,490.0,2.0,2.14,1.0,0.86,16.0,75.43,1,3,3,1,1,,,,14.29,42.86,42.86,14.29,14.29
Q2470540,1,117.0,117.0,2.0,2.0,0.0,0.0,5.0,5.0,0,1,1,0,0,chamber orchestra,chamber orchestra,камерный оркестр,0.0,100.0,100.0,0.0,0.0
Q24706,1,158.0,158.0,1.0,1.0,0.0,0.0,5.0,5.0,0,1,1,0,0,,,,0.0,100.0,100.0,0.0,0.0
Q247179,1,430.0,430.0,1.0,1.0,2.0,2.0,5.0,5.0,0,0,0,0,0,,,,0.0,0.0,0.0,0.0,0.0
Q2472587,81,444.0,777.05,7.0,7.98,1.0,1.46,15.0,18.8,7,37,12,7,5,people,халық,народ,8.64,45.68,14.81,8.64,6.17
Q247506,2,201.0,201.0,0.5,0.5,0.0,0.0,1.5,1.5,1,2,1,0,0,,,,50.0,100.0,50.0,0.0,0.0
Q2475641,1,137.0,137.0,1.0,1.0,0.0,0.0,5.0,5.0,0,1,1,0,0,,,,0.0,100.0,100.0,0.0,0.0
Q247700,1,436.0,436.0,2.0,2.0,0.0,0.0,36.0,36.0,0,1,0,0,0,,,,0.0,100.0,0.0,0.0,0.0
Q2477865,3,214.0,457.33,2.0,2.0,1.0,1.33,7.0,6.33,0,0,2,0,0,,,,0.0,0.0,66.67,0.0,0.0
Q2478386,2,193.5,193.5,0.5,0.5,0.0,0.0,14.0,14.0,1,2,1,0,0,,,,50.0,100.0,50.0,0.0,0.0
Q2484195,3,113.0,143.33,1.0,0.67,0.0,0.0,17.0,15.33,1,3,3,1,1,,,,33.33,100.0,100.0,33.33,33.33
Q2485083,1,588.0,588.0,0.0,0.0,1.0,1.0,57.0,57.0,1,0,0,0,0,,,,100.0,0.0,0.0,0.0,0.0
Q2485448,5,214.0,251.8,3.0,2.4,0.0,0.0,11.0,15.6,1,5,4,1,1,sports governing body,sports governing body,спортивная федерация,20.0,100.0,80.0,20.0,20.0
Q24856,4,717.5,705.75,5.0,5.0,0.0,0.25,63.5,61.5,0,3,1,0,0,,,,0.0,75.0,25.0,0.0,0.0
Q248577,1,122.0,122.0,0.0,0.0,0.0,0.0,19.0,19.0,1,1,1,1,1,,,,100.0,100.0,100.0,100.0,100.0
Q24862,6,177.5,176.5,0.5,0.5,0.0,0.33,11.0,10.17,3,4,6,3,1,,,,50.0,66.67,100.0,50.0,16.67
Q24871403,1,341.0,341.0,1.0,1.0,1.0,1.0,15.0,15.0,0,0,0,0,0,,,,0.0,0.0,0.0,0.0,0.0
Q2487752,1,2777.0,2777.0,9.0,9.0,0.0,0.0,80.0,80.0,0,1,0,0,0,,,,0.0,100.0,0.0,0.0,0.0
Q2488,3258,260.0,257.65,0.0,0.01,0.0,0.01,16.0,14.82,3257,3255,796,796,796,,,,99.97,99.91,24.43,24.43,24.43
Q24890109,1,462.0,462.0,1.0,1.0,1.0,1.0,13.0,13.0,0,0,0,0,0,,,,0.0,0.0,0.0,0.0,0.0
Q24897103,1,293.0,293.0,4.0,4.0,2.0,2.0,1.0,1.0,0,0,0,0,0,,,,0.0,0.0,0.0,0.0,0.0
Q2489759,1,178.0,178.0,8.0,8.0,1.0,1.0,7.0,7.0,0,0,1,0,0,,,,0.0,0.0,100.0,0.0,0.0
Q2490,63,261.0,294.35,0.0,0.05,0.0,0.06,16.0,16.13,62,62,3,3,3,,,,98.41,98.41,4.76,4.76,4.76
Q2490224,1,76.0,76.0,0.0,0.0,1.0,1.0,14.0,14.0,1,0,1,1,0,,,,100.0,0.0,100.0,100.0,0.0
Q24902509,9,322.0,517.22,1.0,1.33,0.0,0.67,7.0,10.0,2,5,3,2,1,,,,22.22,55.56,33.33,22.22,11.11
Q24906026,1,272.0,272.0,1.0,1.0,0.0,0.0,10.0,10.0,0,1,0,0,0,,,,0.0,100.0,0.0,0.0,0.0
Q2491498,1,847.0,847.0,1.0,1.0,0.0,0.0,29.0,29.0,0,1,0,0,0,,,,0.0,100.0,0.0,0.0,0.0
Q2493450,1,1125.0,1125.0,5.0,5.0,4.0,4.0,39.0,39.0,0,0,0,0,0,,,,0.0,0.0,0.0,0.0,0.0
Q249389,1,215.0,215.0,0.0,0.0,0.0,0.0,14.0,14.0,1,1,1,1,1,,,,100.0,100.0,100.0,100.0,100.0
Q249556,4,1126.5,1407.25,3.0,4.75,1.5,5.0,9.0,36.75,2,0,1,1,0,,,,50.0,0.0,25.0,25.0,0.0
Q2495568,1,111.0,111.0,1.0,1.0,2.0,2.0,4.0,4.0,0,0,1,0,0,,,,0.0,0.0,100.0,0.0,0.0
Q2495862,11,229.0,304.91,1.0,1.27,0.0,0.45,16.0,19.73,3,6,6,2,1,congress,съезд,съезд,27.27,54.55,54.55,18.18,9.09
Q249999,1,791.0,791.0,4.0,4.0,1.0,1.0,47.0,47.0,0,0,0,0,0,,,,0.0,0.0,0.0,0.0,0.0
Q25066782,3,98.0,155.33,1.0,2.67,0.0,0.33,2.0,3.0,0,2,2,0,0,,,,0.0,66.67,66.67,0.0,0.0
Q25080094,2,3186.5,3186.5,16.0,16.0,28.5,28.5,140.0,140.0,0,0,0,0,0,,,,0.0,0.0,0.0,0.0,0.0
Q250811,6,319.0,404.0,0.0,0.17,1.0,2.33,3.0,8.83,5,3,1,1,1,,,,83.33,50.0,16.67,16.67,16.67
Q2510454,2,948.5,948.5,12.5,12.5,0.5,0.5,85.0,85.0,1,1,0,0,0,,,,50.0,50.0,0.0,0.0,0.0
Q25107,1,291.0,291.0,1.0,1.0,0.0,0.0,16.0,16.0,0,1,0,0,0,,,,0.0,100.0,0.0,0.0,0.0
Q2512777,7,497.0,913.14,1.0,2.0,1.0,1.29,12.0,44.0,3,0,1,1,0,,,,42.86,0.0,14.29,14.29,0.0
Q2514025,26,318.0,357.81,2.5,2.69,0.0,0.04,6.5,9.19,2,25,3,1,1,,,,7.69,96.15,11.54,3.85,3.85
Q2514663,1,266.0,266.0,1.0,1.0,1.0,1.0,10.0,10.0,0,0,0,0,0,,,,0.0,0.0,0.0,0.0,0.0
Q2515494,3,1118.0,2179.0,9.0,41.0,2.0,1.33,15.0,45.67,0,1,1,0,0,constitutional referendum,constitutional referendum,конституционный референдум,0.0,33.33,33.33,0.0,0.0
Q2515553,3,2479.0,2129.0,2.0,2.67,1.0,2.0,64.0,62.67,0,0,0,0,0,,,,0.0,0.0,0.0,0.0,0.0
Q2515887,4,199.5,292.25,1.5,1.5,0.5,0.75,14.0,14.25,0,2,3,0,0,,,,0.0,50.0,75.0,0.0,0.0
Q2516426,2,920.0,920.0,5.5,5.5,10.0,10.0,39.0,39.0,0,0,0,0,0,transport ministry,transport ministry,министерство транспорта,0.0,0.0,0.0,0.0,0.0
Q251749,3,241.0,241.0,0.0,0.0,0.0,0.0,2.0,2.0,3,3,3,3,3,,,,100.0,100.0,100.0,100.0,100.0
Q251777,5,268.0,335.4,1.0,1.6,0.0,0.0,5.0,11.6,2,5,2,1,1,custom,Әдет-ғұрыптар,обычай,40.0,100.0,40.0,20.0,20.0
Q2519134,1,126.0,126.0,0.0,0.0,1.0,1.0,7.0,7.0,1,0,1,1,0,,,,100.0,0.0,100.0,100.0,0.0
Q2519340,2,852.5,852.5,5.0,5.0,2.0,2.0,21.0,21.0,0,0,0,0,0,,,,0.0,0.0,0.0,0.0,0.0
Q2519914,1,1238.0,1238.0,18.0,18.0,1.0,1.0,15.0,15.0,0,0,0,0,0,,,,0.0,0.0,0.0,0.0,0.0
Q25235,1,183.0,183.0,3.0,3.0,1.0,1.0,4.0,4.0,0,0,1,0,0,,,,0.0,0.0,100.0,0.0,0.0
Q2524197,1,694.0,694.0,1.0,1.0,0.0,0.0,73.0,73.0,0,1,0,0,0,,,,0.0,100.0,0.0,0.0,0.0
Q25257,1,53.0,53.0,1.0,1.0,0.0,0.0,4.0,4.0,0,1,1,0,0,,,,0.0,100.0,100.0,0.0,0.0
Q25261,1,77.0,77.0,1.0,1.0,0.0,0.0,2.0,2.0,0,1,1,0,0,,,,0.0,100.0,100.0,0.0,0.0
Q25295,40,230.0,390.95,1.0,2.0,1.0,0.78,16.0,29.08,10,18,22,5,1,language family,тілдердің топтары,языковая семья,25.0,45.0,55.0,12.5,2.5
Q25297630,2,370.0,370.0,3.0,3.0,1.0,1.0,2.0,2.0,0,0,1,0,0,international bridge,international bridge,трансграничный мост,0.0,0.0,50.0,0.0,0.0
Q253019,1239,283.0,284.97,0.0,0.28,0.0,0.11,6.0,6.05,902,1126,1,1,0,,,,72.8,90.88,0.08,0.08,0.0
Q253030,43,302.0,347.21,1.0,0.79,0.0,0.67,6.0,8.86,20,27,0,0,0,,,,46.51,62.79,0.0,0.0,0.0
Q25303924,1,280.0,280.0,1.0,1.0,0.0,0.0,0.0,0.0,0,1,0,0,0,,,,0.0,100.0,0.0,0.0,0.0
Q25313209,1,72.0,72.0,1.0,1.0,1.0,1.0,6.0,6.0,0,0,1,0,0,,,,0.0,0.0,100.0,0.0,0.0
Q2531956,12,433.5,590.58,4.0,3.83,0.0,0.33,16.0,23.58,2,8,2,2,1,,,,16.67,66.67,16.67,16.67,8.33
Q2532278,1,209.0,209.0,1.0,1.0,3.0,3.0,7.0,7.0,0,0,1,0,0,,,,0.0,0.0,100.0,0.0,0.0
Q253326,36,282.0,281.19,0.0,0.0,0.0,0.06,3.0,3.0,36,34,0,0,0,,,,100.0,94.44,0.0,0.0,0.0
Q25338366,1,497.0,497.0,1.0,1.0,0.0,0.0,3.0,3.0,0,1,0,0,0,,,,0.0,100.0,0.0,0.0,0.0
Q2534228,3,39.0,41.33,1.0,1.0,0.0,0.0,3.0,2.33,0,3,3,0,0,,,,0.0,100.0,100.0,0.0,0.0
Q2537537,1,109.0,109.0,0.0,0.0,0.0,0.0,6.0,6.0,1,1,1,1,1,,,,100.0,100.0,100.0,100.0,100.0
Q25377665,1,237.0,237.0,0.0,0.0,0.0,0.0,2.0,2.0,1,1,1,1,1,,,,100.0,100.0,100.0,100.0,100.0
Q2537829,2,494.5,494.5,0.5,0.5,1.5,1.5,3.0,3.0,1,0,1,1,0,,,,50.0,0.0,50.0,50.0,0.0
Q25380035,5,1548.0,1700.2,4.0,10.0,1.0,3.0,23.0,34.4,1,2,0,0,0,ethnic community,Этникалық Қауымдастық,этническая общность,20.0,40.0,0.0,0.0,0.0
Q25391,1,53.0,53.0,1.0,1.0,0.0,0.0,2.0,2.0,0,1,1,0,0,dune,дюналар,дюна,0.0,100.0,100.0,0.0,0.0
Q25393089,1,84.0,84.0,1.0,1.0,0.0,0.0,1.0,1.0,0,1,1,0,0,,,,0.0,100.0,100.0,0.0,0.0
Q25397890,3,170.0,171.67,2.0,2.0,1.0,1.67,16.0,14.67,0,1,3,0,0,,,,0.0,33.33,100.0,0.0,0.0
Q25401378,1,84.0,84.0,1.0,1.0,2.0,2.0,7.0,7.0,0,0,1,0,0,,,,0.0,0.0,100.0,0.0,0.0
Q25401445,3,1385.0,1048.67,1.0,2.0,2.0,3.33,91.0,67.0,1,0,1,1,0,,,,33.33,0.0,33.33,33.33,0.0
Q25403900,25,128.0,273.28,1.0,1.32,1.0,1.32,8.0,14.2,4,7,18,4,1,,,,16.0,28.0,72.0,16.0,4.0
Q2540532,1,48.0,48.0,0.0,0.0,0.0,0.0,3.0,3.0,1,1,1,1,1,,,,100.0,100.0,100.0,100.0,100.0
Q25412763,3,595.0,447.33,0.0,1.33,1.0,1.67,2.0,5.0,2,0,1,1,0,,,,66.67,0.0,33.33,33.33,0.0
Q254128,1,39.0,39.0,1.0,1.0,1.0,1.0,1.0,1.0,0,0,1,0,0,,,,0.0,0.0,100.0,0.0,0.0
Q25436076,1,95.0,95.0,1.0,1.0,2.0,2.0,12.0,12.0,0,0,1,0,0,,,,0.0,0.0,100.0,0.0,0.0
Q25447495,1,43.0,43.0,1.0,1.0,0.0,0.0,6.0,6.0,0,1,1,0,0,,,,0.0,100.0,100.0,0.0,0.0
Q2545446,1,94.0,94.0,1.0,1.0,0.0,0.0,2.0,2.0,0,1,1,0,0,,,,0.0,100.0,100.0,0.0,0.0
Q25457532,4,226.5,632.0,1.5,5.75,0.5,15.0,8.5,8.25,0,2,2,0,0,,,,0.0,50.0,50.0,0.0,0.0
Q2546327,4,2026.5,2734.25,2.5,2.25,5.0,6.0,54.5,133.0,1,0,0,0,0,,,,25.0,0.0,0.0,0.0,0.0
Q25481227,1,717.0,717.0,2.0,2.0,0.0,0.0,26.0,26.0,0,1,0,0,0,,,,0.0,100.0,0.0,0.0,0.0
Q25484644,1,502.0,502.0,3.0,3.0,2.0,2.0,6.0,6.0,0,0,0,0,0,,,,0.0,0.0,0.0,0.0,0.0
Q2549179,2,183.0,183.0,2.0,2.0,1.0,1.0,16.5,16.5,0,1,2,0,0,,,,0.0,50.0,100.0,0.0,0.0
Q254978,1,200.0,200.0,0.0,0.0,1.0,1.0,21.0,21.0,1,0,1,1,0,,,,100.0,0.0,100.0,100.0,0.0
Q25498657,1,147.0,147.0,0.0,0.0,1.0,1.0,22.0,22.0,1,0,1,1,0,,,,100.0,0.0,100.0,100.0,0.0
Q25524623,1,245.0,245.0,1.0,1.0,0.0,0.0,19.0,19.0,0,1,1,0,0,,,,0.0,100.0,100.0,0.0,0.0
Q25530138,1,220.0,220.0,0.0,0.0,0.0,0.0,8.0,8.0,1,1,1,1,1,,,,100.0,100.0,100.0,100.0,100.0
Q25530610,1,614.0,614.0,5.0,5.0,1.0,1.0,13.0,13.0,0,0,0,0,0,,,,0.0,0.0,0.0,0.0,0.0
Q25532335,9,200.0,239.44,1.0,0.67,0.0,0.78,16.0,15.44,3,5,7,3,2,,,,33.33,55.56,77.78,33.33,22.22
Q25536240,2,490.0,490.0,2.0,2.0,0.5,0.5,38.5,38.5,1,1,1,1,1,,,,50.0,50.0,50.0,50.0,50.0
Q25550691,1,515.0,515.0,13.0,13.0,0.0,0.0,15.0,15.0,0,1,0,0,0,,,,0.0,100.0,0.0,0.0,0.0
Q2555896,3,322.0,325.67,1.0,1.0,0.0,0.0,2.0,1.67,0,3,1,0,0,,,,0.0,100.0,33.33,0.0,0.0
Q2556234,9,309.0,305.67,1.0,0.78,0.0,0.22,8.0,7.11,2,7,0,0,0,,,,22.22,77.78,0.0,0.0,0.0
Q25568481,1,573.0,573.0,14.0,14.0,0.0,0.0,27.0,27.0,0,1,0,0,0,,,,0.0,100.0,0.0,0.0,0.0
Q25570959,1,64.0,64.0,1.0,1.0,0.0,0.0,2.0,2.0,0,1,1,0,0,,,,0.0,100.0,100.0,0.0,0.0
Q2557101,784,260.0,255.5,0.0,0.0,0.0,0.0,16.0,14.51,784,784,253,253,253,,,,100.0,100.0,32.27,32.27,32.27
Q25577788,1,1288.0,1288.0,30.0,30.0,0.0,0.0,37.0,37.0,0,1,0,0,0,,,,0.0,100.0,0.0,0.0,0.0
Q2558591,1,105.0,105.0,0.0,0.0,0.0,0.0,2.0,2.0,1,1,1,1,1,,,,100.0,100.0,100.0,100.0,100.0
Q2558684,21,147.0,254.71,0.0,1.48,0.0,0.43,4.0,8.86,11,18,17,10,9,,,,52.38,85.71,80.95,47.62,42.86
Q2559933,1,301.0,301.0,0.0,0.0,1.0,1.0,95.0,95.0,1,0,0,0,0,,,,100.0,0.0,0.0,0.0,0.0
Q2560047,1,89.0,89.0,0.0,0.0,0.0,0.0,6.0,6.0,1,1,1,1,1,,,,100.0,100.0,100.0,100.0,100.0
Q256040,1,176.0,176.0,2.0,2.0,1.0,1.0,8.0,8.0,0,0,1,0,0,,,,0.0,0.0,100.0,0.0,0.0
Q25621246,1,260.0,260.0,4.0,4.0,0.0,0.0,15.0,15.0,0,1,0,0,0,painting of an area,painting of an area,живопись на территории,0.0,100.0,0.0,0.0,0.0
Q25631158,1,166.0,166.0,2.0,2.0,1.0,1.0,4.0,4.0,0,0,1,0,0,,,,0.0,0.0,100.0,0.0,0.0
Q2563603,1,70.0,70.0,1.0,1.0,0.0,0.0,4.0,4.0,0,1,1,0,0,,,,0.0,100.0,100.0,0.0,0.0
Q25653,1,262.0,262.0,3.0,3.0,0.0,0.0,5.0,5.0,0,1,0,0,0,,,,0.0,100.0,0.0,0.0,0.0
Q256686,1,123.0,123.0,0.0,0.0,0.0,0.0,16.0,16.0,1,1,1,1,1,,,,100.0,100.0,100.0,100.0,100.0
Q25679497,9,1309.0,2355.0,1.0,2.11,4.0,9.67,81.0,130.11,0,0,0,0,0,art of an area,art of an area,искусство территории,0.0,0.0,0.0,0.0,0.0
Q25696292,1,98.0,98.0,0.0,0.0,0.0,0.0,11.0,11.0,1,1,1,1,1,,,,100.0,100.0,100.0,100.0,100.0
Q2570643,3,483.0,710.33,4.0,4.0,1.0,1.67,19.0,25.33,0,1,1,0,0,senate,Сенат,сенат,0.0,33.33,33.33,0.0,0.0
Q2572794,1,60.0,60.0,1.0,1.0,0.0,0.0,2.0,2.0,0,1,1,0,0,,,,0.0,100.0,100.0,0.0,0.0
Q257391,26,449.0,570.92,2.0,3.38,0.0,1.12,11.5,16.54,5,17,0,0,0,,,,19.23,65.38,0.0,0.0,0.0
Q2574811,3,94.0,388.0,3.0,3.67,0.0,0.67,4.0,7.67,0,2,2,0,0,,,,0.0,66.67,66.67,0.0,0.0
Q2576663,1,631.0,631.0,1.0,1.0,1.0,1.0,22.0,22.0,0,0,0,0,0,,,,0.0,0.0,0.0,0.0,0.0
Q2577114,1,204.0,204.0,1.0,1.0,1.0,1.0,0.0,0.0,0,0,1,0,0,,,,0.0,0.0,100.0,0.0,0.0
Q2577883,7,712.0,695.43,3.0,6.43,1.0,1.43,22.0,35.0,2,3,1,1,0,,,,28.57,42.86,14.29,14.29,0.0
Q2578218,2,245.0,245.0,0.5,0.5,0.0,0.0,34.5,34.5,1,2,1,1,1,,,,50.0,100.0,50.0,50.0,50.0
Q2578402,1,50.0,50.0,1.0,1.0,1.0,1.0,1.0,1.0,0,0,1,0,0,,,,0.0,0.0,100.0,0.0,0.0
Q2578692,2,1999.5,1999.5,0.5,0.5,2.5,2.5,89.0,89.0,1,1,0,0,0,,,,50.0,50.0,0.0,0.0,0.0
Q257978,7,349.0,425.14,1.0,3.14,1.0,1.71,12.0,14.57,2,1,1,0,0,,,,28.57,14.29,14.29,0.0,0.0
Q25810847,4,1033.0,1955.75,3.5,3.0,0.0,0.75,54.0,81.75,1,3,2,1,1,,,,25.0,75.0,50.0,25.0,25.0
Q2583784,1,455.0,455.0,5.0,5.0,1.0,1.0,14.0,14.0,0,0,0,0,0,,,,0.0,0.0,0.0,0.0,0.0
Q2584339,1,71.0,71.0,1.0,1.0,0.0,0.0,3.0,3.0,0,1,1,0,0,,,,0.0,100.0,100.0,0.0,0.0
Q2585617,2,918.0,918.0,14.0,14.0,1.5,1.5,10.5,10.5,0,1,0,0,0,,,,0.0,50.0,0.0,0.0,0.0
Q2587850,1,1870.0,1870.0,15.0,15.0,3.0,3.0,61.0,61.0,0,0,0,0,0,,,,0.0,0.0,0.0,0.0,0.0
Q25894868,3,267.0,327.67,1.0,1.0,1.0,1.33,15.0,42.0,1,0,1,1,0,,,,33.33,0.0,33.33,33.33,0.0
Q2590445,2,410.5,410.5,2.5,2.5,1.0,1.0,17.5,17.5,0,0,1,0,0,,,,0.0,0.0,50.0,0.0,0.0
Q2590592,3,71.0,90.67,1.0,1.0,1.0,1.0,3.0,4.33,1,1,3,1,0,,,,33.33,33.33,100.0,33.33,0.0
Q2590631,2,286.0,286.0,1.0,1.0,0.0,0.0,6.0,6.0,1,2,0,0,0,,,,50.0,100.0,0.0,0.0,0.0
Q25906438,6,613.0,2207.17,12.0,43.5,1.5,2.83,41.0,56.33,2,1,1,1,0,,,,33.33,16.67,16.67,16.67,0.0
Q25917186,2,1335.0,1335.0,36.0,36.0,0.0,0.0,85.5,85.5,0,2,0,0,0,,,,0.0,100.0,0.0,0.0,0.0
Q2593233,1,211.0,211.0,2.0,2.0,0.0,0.0,7.0,7.0,0,1,1,0,0,,,,0.0,100.0,100.0,0.0,0.0
Q2593744,2,230.5,230.5,1.5,1.5,1.5,1.5,12.0,12.0,0,0,1,0,0,,,,0.0,0.0,50.0,0.0,0.0
Q2593777,20,222.5,279.35,1.0,1.4,0.0,0.4,10.5,10.75,4,15,13,3,3,grave field,Қорым,могильник,20.0,75.0,65.0,15.0,15.0
Q2594402,1,175.0,175.0,0.0,0.0,0.0,0.0,7.0,7.0,1,1,1,1,1,,,,100.0,100.0,100.0,100.0,100.0
Q25956,2,534.5,534.5,1.5,1.5,5.5,5.5,12.5,12.5,0,0,0,0,0,,,,0.0,0.0,0.0,0.0,0.0
Q2596997,5,94.0,139.4,1.0,1.0,0.0,0.4,5.0,6.8,1,3,4,1,1,,,,20.0,60.0,80.0,20.0,20.0
Q26037047,1,61.0,61.0,1.0,1.0,1.0,1.0,3.0,3.0,0,0,1,0,0,,,,0.0,0.0,100.0,0.0,0.0
Q2604618,1,53.0,53.0,1.0,1.0,0.0,0.0,3.0,3.0,0,1,1,0,0,,,,0.0,100.0,100.0,0.0,0.0
Q26085352,4,214.0,408.25,3.5,3.5,0.5,0.75,5.5,20.25,0,2,2,0,0,,,,0.0,50.0,50.0,0.0,0.0
Q2608811,5,106.0,172.4,1.0,0.8,0.0,0.2,3.0,4.8,1,4,4,1,1,,,,20.0,80.0,80.0,20.0,20.0
Q2611489,1,47.0,47.0,1.0,1.0,0.0,0.0,2.0,2.0,0,1,1,0,0,,,,0.0,100.0,100.0,0.0,0.0
Q261232,2,352.5,352.5,0.0,0.0,2.0,2.0,8.5,8.5,2,0,1,1,0,,,,100.0,0.0,50.0,50.0,0.0
Q2612572,6,346.0,635.83,1.0,1.67,1.0,1.5,20.0,24.67,1,2,3,0,0,,,,16.67,33.33,50.0,0.0,0.0
Q26132862,186,371.0,642.96,0.0,0.6,2.0,5.15,33.5,54.41,103,54,52,43,10,,,,55.38,29.03,27.96,23.12,5.38
Q261543,2,781.0,781.0,3.0,3.0,0.5,0.5,9.0,9.0,1,1,0,0,0,,,,50.0,50.0,0.0,0.0,0.0
Q2616791,3,241.0,367.0,0.0,1.67,2.0,2.33,1.0,7.67,2,1,2,2,1,,,,66.67,33.33,66.67,66.67,33.33
Q2618174,1,282.0,282.0,1.0,1.0,1.0,1.0,11.0,11.0,0,0,0,0,0,,,,0.0,0.0,0.0,0.0,0.0
Q2618461,3,3188.0,3435.33,48.0,53.0,2.0,4.33,132.0,150.33,0,0,0,0,0,legislative election,legislative election,выборы в законодательный орган,0.0,0.0,0.0,0.0,0.0
Q2620513,2,578.5,578.5,9.0,9.0,2.0,2.0,12.0,12.0,0,0,1,0,0,,,,0.0,0.0,50.0,0.0,0.0
Q2620826,1,317.0,317.0,0.0,0.0,0.0,0.0,12.0,12.0,1,1,0,0,0,declaration,Мағлұмдама,декларация,100.0,100.0,0.0,0.0,0.0
Q26208318,1,584.0,584.0,1.0,1.0,1.0,1.0,7.0,7.0,0,0,0,0,0,,,,0.0,0.0,0.0,0.0,0.0
Q2621189,1,80.0,80.0,5.0,5.0,0.0,0.0,6.0,6.0,0,1,1,0,0,,,,0.0,100.0,100.0,0.0,0.0
Q26213387,37,284.0,757.0,0.0,0.7,1.0,6.11,10.0,44.92,23,16,16,9,5,Olympic delegation,Olympic delegation,страна на Олимпийских играх,62.16,43.24,43.24,24.32,13.51
Q262166,141,278.0,278.64,0.0,0.04,0.0,0.05,6.0,5.99,136,134,0,0,0,,,,96.45,95.04,0.0,0.0,0.0
Q26225677,1,438.0,438.0,1.0,1.0,1.0,1.0,38.0,38.0,0,0,0,0,0,,,,0.0,0.0,0.0,0.0,0.0
Q2622857,1,76.0,76.0,0.0,0.0,0.0,0.0,6.0,6.0,1,1,1,1,1,,,,100.0,100.0,100.0,100.0,100.0
Q26236686,1,451.0,451.0,0.0,0.0,4.0,4.0,48.0,48.0,1,0,0,0,0,,,,100.0,0.0,0.0,0.0,0.0
Q2623733,1,498.0,498.0,1.0,1.0,0.0,0.0,11.0,11.0,0,1,0,0,0,,,,0.0,100.0,0.0,0.0,0.0
Q2624046,5,93.0,162.8,0.0,0.2,0.0,0.8,13.0,16.8,4,3,4,4,2,,,,80.0,60.0,80.0,80.0,40.0
Q2624969,1,101.0,101.0,1.0,1.0,0.0,0.0,20.0,20.0,0,1,1,0,0,,,,0.0,100.0,100.0,0.0,0.0
Q26256810,9,1198.0,1307.89,2.0,4.22,1.0,1.33,21.0,29.56,3,2,2,1,1,,,,33.33,22.22,22.22,11.11,11.11
Q2625877,4,121.5,139.0,1.0,1.25,1.0,1.0,8.5,14.75,0,0,4,0,0,,,,0.0,0.0,100.0,0.0,0.0
Q2627400,6,216.0,797.83,1.0,2.33,1.0,1.67,15.0,38.33,1,1,3,0,0,,,,16.67,16.67,50.0,0.0,0.0
Q2627459,1,87.0,87.0,1.0,1.0,0.0,0.0,15.0,15.0,0,1,1,0,0,,,,0.0,100.0,100.0,0.0,0.0
Q2627975,2,696.0,696.0,6.5,6.5,1.5,1.5,31.5,31.5,0,1,1,0,0,,,,0.0,50.0,50.0,0.0,0.0
Q262882,5,304.0,491.6,0.0,1.2,1.0,0.6,7.0,9.2,4,2,0,0,0,,,,80.0,40.0,0.0,0.0,0.0
Q2628882,12,220.0,626.67,1.0,2.08,0.0,0.25,10.0,16.25,2,9,6,1,0,legal status,legal status,правовой статус,16.67,75.0,50.0,8.33,0.0
Q2629720,2,405.0,405.0,2.5,2.5,1.5,1.5,16.5,16.5,0,0,0,0,0,,,,0.0,0.0,0.0,0.0,0.0
Q2630741,1,57.0,57.0,0.0,0.0,1.0,1.0,0.0,0.0,1,0,1,1,0,,,,100.0,0.0,100.0,100.0,0.0
Q2631599,23,419.0,425.52,2.0,2.26,0.0,0.13,10.0,13.7,2,22,3,0,0,,,,8.7,95.65,13.04,0.0,0.0
Q263233,2,450.5,450.5,3.5,3.5,0.0,0.0,32.5,32.5,1,2,0,0,0,,,,50.0,100.0,0.0,0.0,0.0
Q263274,1,689.0,689.0,9.0,9.0,0.0,0.0,17.0,17.0,0,1,0,0,0,,,,0.0,100.0,0.0,0.0,0.0
Q2632949,4,142.0,171.5,1.0,0.75,2.0,1.75,1.5,1.5,1,0,3,0,0,,,,25.0,0.0,75.0,0.0,0.0
Q26343751,1,2862.0,2862.0,34.0,34.0,7.0,7.0,107.0,107.0,0,0,0,0,0,,,,0.0,0.0,0.0,0.0,0.0
Q2634498,2,368.0,368.0,0.5,0.5,0.5,0.5,40.0,40.0,1,1,1,1,0,,,,50.0,50.0,50.0,50.0,0.0
Q2634521,1,212.0,212.0,2.0,2.0,0.0,0.0,14.0,14.0,0,1,1,0,0,,,,0.0,100.0,100.0,0.0,0.0
Q2634565,1,250.0,250.0,1.0,1.0,1.0,1.0,5.0,5.0,0,0,0,0,0,,,,0.0,0.0,0.0,0.0,0.0
Q2635501,1,1173.0,1173.0,27.0,27.0,2.0,2.0,73.0,73.0,0,0,0,0,0,,,,0.0,0.0,0.0,0.0,0.0
Q2635510,1,82.0,82.0,1.0,1.0,1.0,1.0,4.0,4.0,0,0,1,0,0,,,,0.0,0.0,100.0,0.0,0.0
Q263639,6,211.5,244.17,0.0,0.17,1.0,1.17,4.0,4.67,5,2,5,5,1,,,,83.33,33.33,83.33,83.33,16.67
Q26367719,1,437.0,437.0,1.0,1.0,2.0,2.0,13.0,13.0,0,0,0,0,0,,,,0.0,0.0,0.0,0.0,0.0
Q26382,1,113.0,113.0,1.0,1.0,1.0,1.0,8.0,8.0,0,0,1,0,0,,,,0.0,0.0,100.0,0.0,0.0
Q2638480,1,353.0,353.0,6.0,6.0,2.0,2.0,8.0,8.0,0,0,0,0,0,,,,0.0,0.0,0.0,0.0,0.0
Q26398,2,155.0,155.0,0.5,0.5,0.0,0.0,7.0,7.0,1,2,2,1,1,,,,50.0,100.0,100.0,50.0,50.0
Q26401003,9,297.0,277.22,1.0,1.78,1.0,0.78,9.0,15.22,4,4,4,3,2,,,,44.44,44.44,44.44,33.33,22.22
Q2640207,1,300.0,300.0,1.0,1.0,0.0,0.0,18.0,18.0,0,1,0,0,0,,,,0.0,100.0,0.0,0.0,0.0
Q2642184,2,955.5,955.5,1.0,1.0,1.5,1.5,26.5,26.5,1,0,1,1,0,,,,50.0,0.0,50.0,50.0,0.0
Q26430975,2,334.5,334.5,0.5,0.5,0.0,0.0,5.0,5.0,1,2,0,0,0,,,,50.0,100.0,0.0,0.0,0.0
Q2643128,177,1160.0,1388.0,6.0,6.49,0.0,0.38,58.0,64.18,0,149,0,0,0,district of Kazakhstan,Қазақстан аудандары,район Казахстана,0.0,84.18,0.0,0.0,0.0
Q2643280,2,1134.5,1134.5,1.0,1.0,0.0,0.0,218.5,218.5,0,2,1,0,0,,,,0.0,100.0,50.0,0.0,0.0
Q2643571,1,111.0,111.0,0.0,0.0,1.0,1.0,0.0,0.0,1,0,1,1,0,,,,100.0,0.0,100.0,100.0,0.0
Q264647,1,270.0,270.0,3.0,3.0,1.0,1.0,15.0,15.0,0,0,0,0,0,,,,0.0,0.0,0.0,0.0,0.0
Q2648051,1,142.0,142.0,0.0,0.0,0.0,0.0,6.0,6.0,1,1,1,1,1,,,,100.0,100.0,100.0,100.0,100.0
Q26493055,1,174.0,174.0,2.0,2.0,1.0,1.0,17.0,17.0,0,0,1,0,0,,,,0.0,0.0,100.0,0.0,0.0
Q264965,9,252.0,255.0,1.0,1.44,1.0,1.22,2.0,3.44,4,4,4,2,1,,,,44.44,44.44,44.44,22.22,11.11
Q26509571,2,83.5,83.5,1.0,1.0,0.5,0.5,5.5,5.5,0,1,2,0,0,,,,0.0,50.0,100.0,0.0,0.0
Q2651004,1,96.0,96.0,1.0,1.0,1.0,1.0,1.0,1.0,0,0,1,0,0,,,,0.0,0.0,100.0,0.0,0.0
Q26529,20,202.0,290.0,1.0,1.65,1.0,1.4,8.0,12.7,6,3,13,5,2,,,,30.0,15.0,65.0,25.0,10.0
Q265392,11,297.0,314.09,1.0,1.18,1.0,1.45,13.0,11.0,1,1,3,0,0,,,,9.09,9.09,27.27,0.0,0.0
Q26540,11,198.0,201.73,1.0,1.36,1.0,1.18,10.0,10.0,2,1,10,2,1,,,,18.18,9.09,90.91,18.18,9.09
Q2655841,1,413.0,413.0,1.0,1.0,0.0,0.0,19.0,19.0,0,1,0,0,0,,,,0.0,100.0,0.0,0.0,0.0
Q265662,8,328.5,652.62,1.0,2.62,1.0,1.62,9.0,30.75,3,3,3,3,2,,,,37.5,37.5,37.5,37.5,25.0
Q2658935,2,1392.5,1392.5,52.0,52.0,1.0,1.0,12.0,12.0,0,0,0,0,0,,,,0.0,0.0,0.0,0.0,0.0
Q2659904,4,1078.5,1198.5,6.0,10.0,0.5,0.75,18.5,17.75,0,2,1,0,0,government organization,government organization,государственная организация,0.0,50.0,25.0,0.0,0.0
Q2661866,1,42.0,42.0,0.0,0.0,1.0,1.0,7.0,7.0,1,0,1,1,0,,,,100.0,0.0,100.0,100.0,0.0
Q2662845,1,144.0,144.0,0.0,0.0,0.0,0.0,17.0,17.0,1,1,1,1,1,,,,100.0,100.0,100.0,100.0,100.0
Q266328,1,30.0,30.0,1.0,1.0,0.0,0.0,2.0,2.0,0,1,1,0,0,,,,0.0,100.0,100.0,0.0,0.0
Q2667285,1,416.0,416.0,0.0,0.0,1.0,1.0,19.0,19.0,1,0,0,0,0,,,,100.0,0.0,0.0,0.0,0.0
Q2668072,5,146.0,217.8,0.0,0.4,1.0,0.6,6.0,6.2,4,2,3,3,1,collection,collection,коллекция,80.0,40.0,60.0,60.0,20.0
Q26690120,1,203.0,203.0,0.0,0.0,0.0,0.0,1.0,1.0,1,1,1,1,1,,,,100.0,100.0,100.0,100.0,100.0
Q2669627,4,216.5,288.75,1.0,1.5,0.0,0.25,11.5,13.5,0,3,2,0,0,,,,0.0,75.0,50.0,0.0,0.0
Q26706967,2,125.0,125.0,1.5,1.5,0.0,0.0,8.0,8.0,0,2,2,0,0,,,,0.0,100.0,100.0,0.0,0.0
Q2670999,1,57.0,57.0,1.0,1.0,0.0,0.0,3.0,3.0,0,1,1,0,0,,,,0.0,100.0,100.0,0.0,0.0
Q267136,3,87.0,95.67,1.0,1.67,1.0,1.0,0.0,3.33,0,0,3,0,0,,,,0.0,0.0,100.0,0.0,0.0
Q26713767,1,28.0,28.0,1.0,1.0,0.0,0.0,3.0,3.0,0,1,1,0,0,,,,0.0,100.0,100.0,0.0,0.0
Q2671652,2,169.0,169.0,0.5,0.5,1.0,1.0,9.5,9.5,1,1,2,1,1,,,,50.0,50.0,100.0,50.0,50.0
Q2671787,1,189.0,189.0,1.0,1.0,0.0,0.0,18.0,18.0,0,1,1,0,0,,,,0.0,100.0,100.0,0.0,0.0
Q2672189,1,136.0,136.0,1.0,1.0,0.0,0.0,4.0,4.0,0,1,1,0,0,,,,0.0,100.0,100.0,0.0,0.0
Q26726974,1,500.0,500.0,0.0,0.0,2.0,2.0,22.0,22.0,1,0,0,0,0,,,,100.0,0.0,0.0,0.0,0.0
Q2674461,1,174.0,174.0,1.0,1.0,0.0,0.0,0.0,0.0,0,1,1,0,0,,,,0.0,100.0,100.0,0.0,0.0
Q267474,1,213.0,213.0,2.0,2.0,1.0,1.0,14.0,14.0,0,0,1,0,0,,,,0.0,0.0,100.0,0.0,0.0
Q2674774,1,419.0,419.0,0.0,0.0,0.0,0.0,10.0,10.0,1,1,0,0,0,student association,student association,student association,100.0,100.0,0.0,0.0,0.0
Q267596,4,1094.0,1691.75,19.5,22.0,1.5,1.25,40.5,50.25,2,1,1,1,0,,,,50.0,25.0,25.0,25.0,0.0
Q26763979,1,178.0,178.0,1.0,1.0,1.0,1.0,0.0,0.0,0,0,1,0,0,,,,0.0,0.0,100.0,0.0,0.0
Q2679157,27,248.0,239.7,1.0,1.41,0.0,0.15,2.0,2.15,8,23,15,8,7,,,,29.63,85.19,55.56,29.63,25.93
Q267995,1,342.0,342.0,0.0,0.0,2.0,2.0,61.0,61.0,1,0,0,0,0,,,,100.0,0.0,0.0,0.0,0.0
Q26805735,1,127.0,127.0,1.0,1.0,0.0,0.0,6.0,6.0,0,1,1,0,0,,,,0.0,100.0,100.0,0.0,0.0
Q26807495,3,177.0,250.0,0.0,0.33,0.0,1.0,8.0,9.33,2,2,2,1,1,,,,66.67,66.67,66.67,33.33,33.33
Q2681149,1,88.0,88.0,1.0,1.0,1.0,1.0,2.0,2.0,0,0,1,0,0,,,,0.0,0.0,100.0,0.0,0.0
Q26830017,4,338.5,333.25,0.5,1.0,0.0,0.25,18.5,30.0,2,3,1,1,1,,,,50.0,75.0,25.0,25.0,25.0
Q268378,2,820.5,820.5,2.5,2.5,0.0,0.0,37.5,37.5,0,2,1,0,0,,,,0.0,100.0,50.0,0.0,0.0
Q268592,75,256.0,507.89,1.0,2.01,1.0,0.95,10.0,15.53,19,32,37,14,6,,,,25.33,42.67,49.33,18.67,8.0
Q26879769,1,283.0,283.0,1.0,1.0,0.0,0.0,6.0,6.0,0,1,0,0,0,,,,0.0,100.0,0.0,0.0,0.0
Q26883973,2,326.0,326.0,0.5,0.5,1.0,1.0,6.0,6.0,1,0,1,0,0,,,,50.0,0.0,50.0,0.0,0.0
Q26883974,11,418.0,595.64,1.0,2.0,1.0,1.82,12.0,36.82,3,5,4,1,1,,,,27.27,45.45,36.36,9.09,9.09
Q26884324,2,277.0,277.0,0.0,0.0,0.5,0.5,82.0,82.0,2,1,1,1,0,Wikimedia outline article,Wikimedia outline article,обзорная статья Викимедиа,100.0,50.0,50.0,50.0,0.0
Q26887310,3,920.0,1424.0,0.0,0.0,0.0,0.0,52.0,160.0,3,3,0,0,0,association football team season,association football team season,сезон футбольной команды,100.0,100.0,0.0,0.0,0.0
Q26904132,1,157.0,157.0,0.0,0.0,2.0,2.0,7.0,7.0,1,0,1,1,0,,,,100.0,0.0,100.0,100.0,0.0
Q26907166,4,298.5,696.25,0.5,0.5,0.0,0.5,6.5,10.5,2,3,2,2,2,,,,50.0,75.0,50.0,50.0,50.0
Q26911,1,120.0,120.0,0.0,0.0,0.0,0.0,1.0,1.0,1,1,1,1,1,,,,100.0,100.0,100.0,100.0,100.0
Q2692606,1,215.0,215.0,2.0,2.0,0.0,0.0,6.0,6.0,0,1,1,0,0,,,,0.0,100.0,100.0,0.0,0.0
Q26928534,1,398.0,398.0,7.0,7.0,0.0,0.0,8.0,8.0,0,1,0,0,0,,,,0.0,100.0,0.0,0.0,0.0
Q26934845,8,351.0,315.88,0.0,0.62,0.0,0.12,8.0,10.12,5,7,3,3,3,,,,62.5,87.5,37.5,37.5,37.5
Q2693624,25,521.0,562.6,0.0,1.08,2.0,2.32,11.0,11.48,13,0,0,0,0,jubilee medal,jubilee medal,юбилейная медаль,52.0,0.0,0.0,0.0,0.0
Q26950715,1,189.0,189.0,3.0,3.0,0.0,0.0,4.0,4.0,0,1,1,0,0,,,,0.0,100.0,100.0,0.0,0.0
Q269528,4,241.0,275.75,0.0,0.25,0.0,0.0,2.0,2.75,3,4,3,3,3,,,,75.0,100.0,75.0,75.0,75.0
Q2695280,25,118.0,520.12,1.0,1.04,1.0,0.88,7.0,8.96,5,10,17,2,0,,,,20.0,40.0,68.0,8.0,0.0
Q26958726,1,317.0,317.0,4.0,4.0,0.0,0.0,4.0,4.0,0,1,0,0,0,,,,0.0,100.0,0.0,0.0,0.0
Q26971562,2,809.5,809.5,11.5,11.5,1.5,1.5,44.5,44.5,0,1,0,0,0,,,,0.0,50.0,0.0,0.0,0.0
Q26975538,2,926.0,926.0,25.5,25.5,0.0,0.0,37.0,37.0,0,2,0,0,0,,,,0.0,100.0,0.0,0.0,0.0
Q269770,1,2152.0,2152.0,11.0,11.0,7.0,7.0,33.0,33.0,0,0,0,0,0,,,,0.0,0.0,0.0,0.0,0.0
Q269949,1,117.0,117.0,1.0,1.0,1.0,1.0,13.0,13.0,0,0,1,0,0,,,,0.0,0.0,100.0,0.0,0.0
Q2700049,1,314.0,314.0,2.0,2.0,5.0,5.0,17.0,17.0,0,0,0,0,0,,,,0.0,0.0,0.0,0.0,0.0
Q270163,1,596.0,596.0,1.0,1.0,0.0,0.0,7.0,7.0,0,1,0,0,0,,,,0.0,100.0,0.0,0.0,0.0
Q27020041,1323,518.0,724.54,0.0,0.55,0.0,0.9,54.0,79.31,1009,1145,214,189,184,sports season,sports season,розыгрыш спортивного турнира,76.27,86.55,16.18,14.29,13.91
Q27021481,1,89.0,89.0,1.0,1.0,0.0,0.0,3.0,3.0,0,1,1,0,0,,,,0.0,100.0,100.0,0.0,0.0
Q2702442,2,369.5,369.5,0.5,0.5,0.5,0.5,40.0,40.0,1,1,1,1,0,,,,50.0,50.0,50.0,50.0,0.0
Q2703,1,72.0,72.0,0.0,0.0,0.0,0.0,1.0,1.0,1,1,1,1,1,,,,100.0,100.0,100.0,100.0,100.0
Q27030766,1,276.0,276.0,0.0,0.0,0.0,0.0,12.0,12.0,1,1,0,0,0,,,,100.0,100.0,0.0,0.0,0.0
Q27032363,1,802.0,802.0,2.0,2.0,2.0,2.0,70.0,70.0,0,0,0,0,0,photo archive,photo archive,фотоархив,0.0,0.0,0.0,0.0,0.0
Q27042475,3,59.0,63.67,1.0,0.67,0.0,0.33,1.0,2.0,1,2,3,1,1,,,,33.33,66.67,100.0,33.33,33.33
Q27042517,3,59.0,63.67,1.0,0.67,0.0,0.33,1.0,2.0,1,2,3,1,1,,,,33.33,66.67,100.0,33.33,33.33
Q27043948,1,88.0,88.0,0.0,0.0,0.0,0.0,1.0,1.0,1,1,1,1,1,,,,100.0,100.0,100.0,100.0,100.0
Q27043990,1,93.0,93.0,0.0,0.0,0.0,0.0,0.0,0.0,1,1,1,1,1,,,,100.0,100.0,100.0,100.0,100.0
Q2705718,3,129.0,127.0,1.0,0.67,2.0,1.33,1.0,1.33,1,1,3,1,1,,,,33.33,33.33,100.0,33.33,33.33
Q27062006,2,287.5,287.5,2.0,2.0,0.0,0.0,5.5,5.5,0,2,0,0,0,,,,0.0,100.0,0.0,0.0,0.0
Q27067659,8,283.0,252.75,3.0,2.62,0.0,0.5,8.0,9.5,0,7,2,0,0,former river,former river,бывшая река,0.0,87.5,25.0,0.0,0.0
Q2707831,3,112.0,151.0,1.0,1.0,1.0,1.0,5.0,9.0,1,0,3,1,0,,,,33.33,0.0,100.0,33.33,0.0
Q270791,12,270.5,427.25,1.5,6.08,0.0,0.33,16.5,22.83,2,8,6,2,2,state-owned enterprise,Мемлекеттік Кәсіпорын,государственное предприятие,16.67,66.67,50.0,16.67,16.67
Q27084,3,61.0,55.67,1.0,0.67,0.0,0.0,6.0,5.0,1,3,3,1,1,,,,33.33,100.0,100.0,33.33,33.33
Q2708515,3,132.0,490.33,3.0,14.33,1.0,1.33,10.0,14.67,0,1,2,0,0,,,,0.0,33.33,66.67,0.0,0.0
Q2708903,2,370.0,370.0,0.5,0.5,0.5,0.5,40.5,40.5,1,1,1,1,0,,,,50.0,50.0,50.0,50.0,0.0
Q27096213,1,240.0,240.0,3.0,3.0,0.0,0.0,10.0,10.0,0,1,1,0,0,,,,0.0,100.0,100.0,0.0,0.0
Q27104997,1,95.0,95.0,1.0,1.0,1.0,1.0,7.0,7.0,0,0,1,0,0,,,,0.0,0.0,100.0,0.0,0.0
Q27108230,1,425.0,425.0,2.0,2.0,0.0,0.0,15.0,15.0,0,1,0,0,0,,,,0.0,100.0,0.0,0.0,0.0
Q2712963,2,70.0,70.0,1.0,1.0,0.0,0.0,3.5,3.5,0,2,2,0,0,,,,0.0,100.0,100.0,0.0,0.0
Q27132946,1,93.0,93.0,1.0,1.0,1.0,1.0,5.0,5.0,0,0,1,0,0,,,,0.0,0.0,100.0,0.0,0.0
Q2713379,2,277.0,277.0,0.5,0.5,0.5,0.5,6.5,6.5,1,1,1,0,0,,,,50.0,50.0,50.0,0.0,0.0
Q271449,1,1162.0,1162.0,7.0,7.0,3.0,3.0,46.0,46.0,0,0,0,0,0,,,,0.0,0.0,0.0,0.0,0.0
Q27150479,4,249.0,246.5,0.0,0.0,0.0,0.0,16.0,14.75,4,4,2,2,2,,,,100.0,100.0,50.0,50.0,50.0
Q271588,1,100.0,100.0,1.0,1.0,0.0,0.0,4.0,4.0,0,1,1,0,0,,,,0.0,100.0,100.0,0.0,0.0
Q2716259,20,234.5,352.9,0.5,1.35,0.0,0.85,6.0,14.95,10,11,11,5,4,,,,50.0,55.0,55.0,25.0,20.0
Q2716508,4,260.5,557.0,1.0,2.5,0.5,0.5,20.0,43.0,0,2,2,0,0,,,,0.0,50.0,50.0,0.0,0.0
Q271669,3,267.0,222.33,1.0,1.0,1.0,0.67,15.0,14.67,1,1,1,0,0,,,,33.33,33.33,33.33,0.0,0.0
Q271680,3,253.0,236.33,0.0,2.0,1.0,1.0,17.0,15.33,2,0,1,1,0,,,,66.67,0.0,33.33,33.33,0.0
Q2717220,1,168.0,168.0,1.0,1.0,6.0,6.0,6.0,6.0,0,0,1,0,0,,,,0.0,0.0,100.0,0.0,0.0
Q271802,1,112.0,112.0,1.0,1.0,0.0,0.0,5.0,5.0,0,1,1,0,0,,,,0.0,100.0,100.0,0.0,0.0
Q2718886,1,496.0,496.0,0.0,0.0,1.0,1.0,3.0,3.0,1,0,0,0,0,,,,100.0,0.0,0.0,0.0,0.0
Q2721136,1,652.0,652.0,0.0,0.0,0.0,0.0,6.0,6.0,1,1,0,0,0,,,,100.0,100.0,0.0,0.0,0.0
Q272231,1,185.0,185.0,0.0,0.0,1.0,1.0,0.0,0.0,1,0,1,1,0,,,,100.0,0.0,100.0,100.0,0.0
Q2722426,1,76.0,76.0,2.0,2.0,1.0,1.0,5.0,5.0,0,0,1,0,0,,,,0.0,0.0,100.0,0.0,0.0
Q272404,1,79.0,79.0,1.0,1.0,1.0,1.0,1.0,1.0,0,0,1,0,0,,,,0.0,0.0,100.0,0.0,0.0
Q272447,6,225.5,232.17,0.0,0.0,0.0,0.0,11.0,13.33,6,6,5,5,5,,,,100.0,100.0,83.33,83.33,83.33
Q2725376,2,172.5,172.5,0.5,0.5,0.0,0.0,2.0,2.0,1,2,2,1,1,,,,50.0,100.0,100.0,50.0,50.0
Q27267085,1,122.0,122.0,0.0,0.0,1.0,1.0,2.0,2.0,1,0,1,1,0,,,,100.0,0.0,100.0,100.0,0.0
Q272683,1,104.0,104.0,1.0,1.0,0.0,0.0,0.0,0.0,0,1,1,0,0,,,,0.0,100.0,100.0,0.0,0.0
Q2727468,1,141.0,141.0,2.0,2.0,1.0,1.0,12.0,12.0,0,0,1,0,0,,,,0.0,0.0,100.0,0.0,0.0
Q2728698,7,132.0,207.14,1.0,2.57,1.0,1.0,6.0,7.14,3,2,6,3,1,,,,42.86,28.57,85.71,42.86,14.29
Q2729863,2,152.0,152.0,1.5,1.5,1.0,1.0,5.0,5.0,0,0,2,0,0,,,,0.0,0.0,100.0,0.0,0.0
Q273005,6,174.0,287.67,1.0,1.0,1.0,1.5,11.0,12.33,1,2,4,1,1,,,,16.67,33.33,66.67,16.67,16.67
Q27303706,1,643.0,643.0,18.0,18.0,1.0,1.0,9.0,9.0,0,0,0,0,0,,,,0.0,0.0,0.0,0.0,0.0
Q273120,20,1119.5,1666.4,19.5,35.9,1.0,2.05,40.0,53.95,0,9,1,0,0,protest,Қарсылық қозғалысы,протест,0.0,45.0,5.0,0.0,0.0
Q27318,1,851.0,851.0,0.0,0.0,0.0,0.0,53.0,53.0,1,1,0,0,0,,,,100.0,100.0,0.0,0.0,0.0
Q273469,21,454.0,1325.57,0.0,0.86,4.0,4.95,17.0,136.81,13,0,0,0,0,,,,61.9,0.0,0.0,0.0,0.0
Q2736168,3,341.0,385.33,1.0,1.33,1.0,1.33,15.0,17.0,1,0,0,0,0,,,,33.33,0.0,0.0,0.0,0.0
Q2738074,28,169.5,467.36,1.0,2.36,1.0,0.93,9.0,12.93,3,13,17,2,2,,,,10.71,46.43,60.71,7.14,7.14
Q274153,1,224.0,224.0,1.0,1.0,0.0,0.0,1.0,1.0,0,1,1,0,0,water tower,Су айдауыш мұнара,водонапорная башня,0.0,100.0,100.0,0.0,0.0
Q2742167,1,225.0,225.0,2.0,2.0,0.0,0.0,0.0,0.0,0,1,1,0,0,,,,0.0,100.0,100.0,0.0,0.0
Q2743798,6,266.0,264.67,0.0,0.0,0.0,0.0,16.0,15.17,6,6,0,0,0,,,,100.0,100.0,0.0,0.0,0.0
Q2748296,1,87.0,87.0,0.0,0.0,0.0,0.0,3.0,3.0,1,1,1,1,1,varieties of Chinese,varieties of Chinese,разновидности китайского,100.0,100.0,100.0,100.0,100.0
Q27493,1,647.0,647.0,1.0,1.0,0.0,0.0,32.0,32.0,0,1,0,0,0,,,,0.0,100.0,0.0,0.0,0.0
Q27494256,1,767.0,767.0,2.0,2.0,3.0,3.0,25.0,25.0,0,0,0,0,0,,,,0.0,0.0,0.0,0.0,0.0
Q2750142,1,305.0,305.0,0.0,0.0,1.0,1.0,9.0,9.0,1,0,0,0,0,,,,100.0,0.0,0.0,0.0,0.0
Q27506396,1,648.0,648.0,4.0,4.0,5.0,5.0,17.0,17.0,0,0,0,0,0,,,,0.0,0.0,0.0,0.0,0.0
Q27517483,2,229.0,229.0,1.0,1.0,0.0,0.0,5.0,5.0,0,2,2,0,0,,,,0.0,100.0,100.0,0.0,0.0
Q275186,1,482.0,482.0,10.0,10.0,0.0,0.0,48.0,48.0,0,1,0,0,0,,,,0.0,100.0,0.0,0.0,0.0
Q27521,1,287.0,287.0,3.0,3.0,0.0,0.0,2.0,2.0,0,1,0,0,0,,,,0.0,100.0,0.0,0.0,0.0
Q2752458,1,116.0,116.0,0.0,0.0,0.0,0.0,6.0,6.0,1,1,1,1,1,,,,100.0,100.0,100.0,100.0,100.0
Q27531730,1,257.0,257.0,3.0,3.0,0.0,0.0,5.0,5.0,0,1,0,0,0,,,,0.0,100.0,0.0,0.0,0.0
Q27554677,9,319.0,456.33,0.0,1.0,1.0,0.89,9.0,23.89,5,4,1,0,0,,,,55.56,44.44,11.11,0.0,0.0
Q27555265,2,111.5,111.5,1.0,1.0,0.5,0.5,1.0,1.0,0,1,2,0,0,,,,0.0,50.0,100.0,0.0,0.0
Q2755547,1,1078.0,1078.0,2.0,2.0,1.0,1.0,41.0,41.0,0,0,0,0,0,,,,0.0,0.0,0.0,0.0,0.0
Q27556043,1,326.0,326.0,3.0,3.0,1.0,1.0,16.0,16.0,0,0,0,0,0,,,,0.0,0.0,0.0,0.0,0.0
Q275596,2,296.0,296.0,1.5,1.5,0.5,0.5,19.5,19.5,1,1,1,1,1,,,,50.0,50.0,50.0,50.0,50.0
Q27587207,1,812.0,812.0,3.0,3.0,3.0,3.0,20.0,20.0,0,0,0,0,0,,,,0.0,0.0,0.0,0.0,0.0
Q27608973,11,304.0,362.36,3.0,2.91,0.0,0.27,13.0,14.45,1,9,2,1,1,,,,9.09,81.82,18.18,9.09,9.09
Q2761147,4,1221.0,2129.75,32.5,52.25,1.5,1.75,28.0,61.0,0,0,1,0,0,,,,0.0,0.0,25.0,0.0,0.0
Q276315,1,334.0,334.0,1.0,1.0,1.0,1.0,6.0,6.0,0,0,0,0,0,,,,0.0,0.0,0.0,0.0,0.0
Q276548,3,158.0,387.33,1.0,4.0,1.0,1.33,4.0,2.67,0,0,2,0,0,,,,0.0,0.0,66.67,0.0,0.0
Q27665152,2,99.5,99.5,1.0,1.0,0.5,0.5,4.0,4.0,0,1,2,0,0,,,,0.0,50.0,100.0,0.0,0.0
Q27670147,1,361.0,361.0,4.0,4.0,0.0,0.0,2.0,2.0,0,1,0,0,0,,,,0.0,100.0,0.0,0.0,0.0
Q27676416,2,390.5,390.5,0.0,0.0,2.5,2.5,13.5,13.5,2,0,0,0,0,,,,100.0,0.0,0.0,0.0,0.0
Q2767837,1,304.0,304.0,0.0,0.0,1.0,1.0,27.0,27.0,1,0,0,0,0,,,,100.0,0.0,0.0,0.0,0.0
Q27686,6,419.5,495.0,2.5,4.67,0.0,0.5,5.5,7.0,0,5,1,0,0,hotel,Қонақ Үй,гостиница,0.0,83.33,16.67,0.0,0.0
Q27702623,1,1079.0,1079.0,6.0,6.0,0.0,0.0,20.0,20.0,0,1,0,0,0,,,,0.0,100.0,0.0,0.0,0.0
Q27704723,2,824.0,824.0,4.5,4.5,4.0,4.0,15.5,15.5,0,1,0,0,0,,,,0.0,50.0,0.0,0.0,0.0
Q2772772,3,508.0,387.0,2.0,2.33,0.0,0.33,0.0,0.67,0,2,1,0,0,military museum,military museum,военный музей,0.0,66.67,33.33,0.0,0.0
Q277614,1,203.0,203.0,2.0,2.0,3.0,3.0,3.0,3.0,0,0,1,0,0,,,,0.0,0.0,100.0,0.0,0.0
Q277759,9,387.0,1017.67,1.0,3.56,0.0,0.56,7.0,22.78,1,5,3,0,0,,,,11.11,55.56,33.33,0.0,0.0
Q2778649,1,189.0,189.0,1.0,1.0,0.0,0.0,18.0,18.0,0,1,1,0,0,,,,0.0,100.0,100.0,0.0,0.0
Q27787439,1,2895.0,2895.0,46.0,46.0,0.0,0.0,66.0,66.0,0,1,0,0,0,,,,0.0,100.0,0.0,0.0,0.0
Q278379,2,429.5,429.5,0.5,0.5,0.0,0.0,8.5,8.5,1,2,0,0,0,,,,50.0,100.0,0.0,0.0,0.0
Q2785216,1,233.0,233.0,0.0,0.0,1.0,1.0,1.0,1.0,1,0,1,1,0,,,,100.0,0.0,100.0,100.0,0.0
Q27861737,1,497.0,497.0,1.0,1.0,0.0,0.0,3.0,3.0,0,1,0,0,0,,,,0.0,100.0,0.0,0.0,0.0
Q27863646,5,100.0,124.0,1.0,1.2,1.0,1.0,2.0,3.2,1,1,5,1,0,,,,20.0,20.0,100.0,20.0,0.0
Q27884930,11,76.0,110.18,1.0,0.91,1.0,0.82,3.0,3.36,3,2,10,3,1,,,,27.27,18.18,90.91,27.27,9.09
Q27889498,1,446.0,446.0,1.0,1.0,2.0,2.0,4.0,4.0,0,0,0,0,0,,,,0.0,0.0,0.0,0.0,0.0
Q27949697,17,137.0,183.47,1.0,1.41,0.0,0.0,7.0,7.12,0,17,15,0,0,,,,0.0,100.0,88.24,0.0,0.0
Q27951514,1,460.0,460.0,0.0,0.0,0.0,0.0,6.0,6.0,1,1,0,0,0,,,,100.0,100.0,0.0,0.0,0.0
Q27968055,2,830.5,830.5,0.0,0.0,0.0,0.0,59.0,59.0,2,2,0,0,0,recurring event edition,recurring event edition,версия для повторяющегося события,100.0,100.0,0.0,0.0,0.0
Q27970162,1,559.0,559.0,4.0,4.0,3.0,3.0,6.0,6.0,0,0,0,0,0,,,,0.0,0.0,0.0,0.0,0.0
Q27973,2,1298.0,1298.0,55.5,55.5,1.0,1.0,24.5,24.5,0,1,0,0,0,,,,0.0,50.0,0.0,0.0,0.0
Q27994935,1,32.0,32.0,0.0,0.0,1.0,1.0,11.0,11.0,1,0,1,1,0,,,,100.0,0.0,100.0,100.0,0.0
Q2801262,2,766.0,766.0,22.0,22.0,0.5,0.5,15.0,15.0,0,1,0,0,0,,,,0.0,50.0,0.0,0.0,0.0
Q28031555,2,770.0,770.0,10.0,10.0,1.0,1.0,83.0,83.0,0,1,0,0,0,,,,0.0,50.0,0.0,0.0,0.0
Q28035482,1,4213.0,4213.0,26.0,26.0,21.0,21.0,159.0,159.0,0,0,0,0,0,,,,0.0,0.0,0.0,0.0,0.0
Q2803758,3,187.0,185.33,0.0,0.0,1.0,1.33,9.0,7.0,3,0,2,2,0,,,,100.0,0.0,66.67,66.67,0.0
Q28043022,1,286.0,286.0,1.0,1.0,0.0,0.0,15.0,15.0,0,1,0,0,0,proposed rail infrastructure,proposed rail infrastructure,перспективная железнодорожная инфраструктура,0.0,100.0,0.0,0.0,0.0
Q28045079,1,172.0,172.0,0.0,0.0,1.0,1.0,26.0,26.0,1,0,1,1,0,,,,100.0,0.0,100.0,100.0,0.0
Q28050019,1,1989.0,1989.0,1.0,1.0,1.0,1.0,462.0,462.0,0,0,0,0,0,,,,0.0,0.0,0.0,0.0,0.0
Q28051323,2,372.5,372.5,1.0,1.0,0.5,0.5,31.0,31.0,1,1,1,1,1,,,,50.0,50.0,50.0,50.0,50.0
Q2805205,1,219.0,219.0,0.0,0.0,0.0,0.0,4.0,4.0,1,1,1,1,1,,,,100.0,100.0,100.0,100.0,100.0
Q28055306,1,651.0,651.0,4.0,4.0,0.0,0.0,7.0,7.0,0,1,0,0,0,,,,0.0,100.0,0.0,0.0,0.0
Q28057154,1,120.0,120.0,1.0,1.0,0.0,0.0,0.0,0.0,0,1,1,0,0,,,,0.0,100.0,100.0,0.0,0.0
Q28058114,1,308.0,308.0,3.0,3.0,0.0,0.0,3.0,3.0,0,1,0,0,0,,,,0.0,100.0,0.0,0.0,0.0
Q28061934,2,310.5,310.5,3.0,3.0,0.5,0.5,13.0,13.0,0,1,1,0,0,,,,0.0,50.0,50.0,0.0,0.0
Q28061975,6,136.5,188.5,2.0,4.0,0.5,0.83,7.5,12.67,1,3,4,1,0,,,,16.67,50.0,66.67,16.67,0.0
Q280783,1,549.0,549.0,4.0,4.0,1.0,1.0,39.0,39.0,0,0,0,0,0,,,,0.0,0.0,0.0,0.0,0.0
Q28089258,11,1462.0,1417.64,1.0,3.27,0.0,1.27,162.0,176.27,5,8,0,0,0,,,,45.45,72.73,0.0,0.0,0.0
Q280943,1,637.0,637.0,1.0,1.0,0.0,0.0,14.0,14.0,0,1,0,0,0,,,,0.0,100.0,0.0,0.0,0.0
Q28100020,1,41.0,41.0,1.0,1.0,1.0,1.0,0.0,0.0,0,0,1,0,0,,,,0.0,0.0,100.0,0.0,0.0
Q28100368,1,41.0,41.0,1.0,1.0,1.0,1.0,0.0,0.0,0,0,1,0,0,,,,0.0,0.0,100.0,0.0,0.0
Q28107315,1,270.0,270.0,0.0,0.0,0.0,0.0,3.0,3.0,1,1,0,0,0,,,,100.0,100.0,0.0,0.0,0.0
Q28108,11,467.0,1534.73,3.0,15.0,0.0,0.82,26.0,53.91,0,6,4,0,0,political system,саяси жүйе,политическая система,0.0,54.55,36.36,0.0,0.0
Q28109769,1,45.0,45.0,1.0,1.0,0.0,0.0,5.0,5.0,0,1,1,0,0,,,,0.0,100.0,100.0,0.0,0.0
Q28109781,1,91.0,91.0,1.0,1.0,0.0,0.0,4.0,4.0,0,1,1,0,0,,,,0.0,100.0,100.0,0.0,0.0
Q28111,1,238.0,238.0,0.0,0.0,0.0,0.0,2.0,2.0,1,1,1,1,1,,,,100.0,100.0,100.0,100.0,100.0
Q28113351,3,159.0,276.33,0.0,0.33,0.0,0.33,13.0,13.67,2,2,2,1,1,,,,66.67,66.67,66.67,33.33,33.33
Q28136322,1,312.0,312.0,3.0,3.0,0.0,0.0,28.0,28.0,0,1,0,0,0,,,,0.0,100.0,0.0,0.0,0.0
Q28140340,2,228.0,228.0,0.0,0.0,0.0,0.0,6.0,6.0,2,2,1,1,1,women's association football team,women's association football team,женская футбольная команда,100.0,100.0,50.0,50.0,50.0
Q28142754,1,102.0,102.0,0.0,0.0,1.0,1.0,3.0,3.0,1,0,1,1,0,,,,100.0,0.0,100.0,100.0,0.0
Q28146196,1,242.0,242.0,1.0,1.0,0.0,0.0,10.0,10.0,0,1,1,0,0,,,,0.0,100.0,100.0,0.0,0.0
Q28149961,2,130.0,130.0,1.5,1.5,0.0,0.0,14.0,14.0,0,2,2,0,0,,,,0.0,100.0,100.0,0.0,0.0
Q28171280,11,588.0,810.18,0.0,1.0,1.0,1.91,17.0,17.09,8,1,1,1,0,,,,72.73,9.09,9.09,9.09,0.0
Q282,4,192.5,183.25,0.5,0.5,0.5,0.75,4.0,4.0,2,2,2,0,0,,,,50.0,50.0,50.0,0.0,0.0
Q2820111,1,476.0,476.0,3.0,3.0,2.0,2.0,39.0,39.0,0,0,0,0,0,,,,0.0,0.0,0.0,0.0,0.0
Q28213828,1,275.0,275.0,1.0,1.0,3.0,3.0,24.0,24.0,0,0,0,0,0,,,,0.0,0.0,0.0,0.0,0.0
Q2822241,1,242.0,242.0,0.0,0.0,2.0,2.0,12.0,12.0,1,0,1,1,0,,,,100.0,0.0,100.0,100.0,0.0
Q2823610,1,176.0,176.0,2.0,2.0,1.0,1.0,10.0,10.0,0,0,1,0,0,,,,0.0,0.0,100.0,0.0,0.0
Q2828218,1,995.0,995.0,3.0,3.0,0.0,0.0,18.0,18.0,0,1,0,0,0,,,,0.0,100.0,0.0,0.0,0.0
Q283,1,138.0,138.0,1.0,1.0,0.0,0.0,5.0,5.0,0,1,1,0,0,,,,0.0,100.0,100.0,0.0,0.0
Q2831984,1,66.0,66.0,0.0,0.0,0.0,0.0,8.0,8.0,1,1,1,1,1,,,,100.0,100.0,100.0,100.0,100.0
Q283202,3,416.0,460.33,2.0,4.67,0.0,0.67,17.0,28.67,1,2,0,0,0,,,,33.33,66.67,0.0,0.0,0.0
Q28328984,3,319.0,369.0,3.0,5.0,0.0,1.0,4.0,4.33,0,2,1,0,0,,,,0.0,66.67,33.33,0.0,0.0
Q2839009,1,1444.0,1444.0,47.0,47.0,0.0,0.0,14.0,14.0,0,1,0,0,0,,,,0.0,100.0,0.0,0.0,0.0
Q28444913,2,2841.5,2841.5,55.0,55.0,0.0,0.0,220.5,220.5,0,2,0,0,0,,,,0.0,100.0,0.0,0.0,0.0
Q28455561,2,139.0,139.0,1.0,1.0,0.0,0.0,6.5,6.5,0,2,2,0,0,,,,0.0,100.0,100.0,0.0,0.0
Q28457880,1,237.0,237.0,0.0,0.0,0.0,0.0,2.0,2.0,1,1,1,1,1,,,,100.0,100.0,100.0,100.0,100.0
Q28468127,1,296.0,296.0,0.0,0.0,0.0,0.0,0.0,0.0,1,1,0,0,0,,,,100.0,100.0,0.0,0.0,0.0
Q28468832,1,159.0,159.0,0.0,0.0,1.0,1.0,15.0,15.0,1,0,1,1,0,,,,100.0,0.0,100.0,100.0,0.0
Q28530079,1,169.0,169.0,0.0,0.0,0.0,0.0,5.0,5.0,1,1,1,1,1,,,,100.0,100.0,100.0,100.0,100.0
Q28542014,4,362.5,359.5,1.5,1.75,1.0,1.0,10.5,14.5,2,0,1,1,0,,,,50.0,0.0,25.0,25.0,0.0
Q28555911,1,50.0,50.0,1.0,1.0,0.0,0.0,1.0,1.0,0,1,1,0,0,,,,0.0,100.0,100.0,0.0,0.0
Q28564,2,193.5,193.5,0.5,0.5,1.0,1.0,4.0,4.0,1,0,1,0,0,,,,50.0,0.0,50.0,0.0,0.0
Q28575,1,144.0,144.0,0.0,0.0,0.0,0.0,4.0,4.0,1,1,1,1,1,,,,100.0,100.0,100.0,100.0,100.0
Q2858615,1,76.0,76.0,1.0,1.0,0.0,0.0,0.0,0.0,0,1,1,0,0,,,,0.0,100.0,100.0,0.0,0.0
Q28598684,45,296.0,526.53,1.0,1.49,1.0,1.09,13.0,26.49,3,16,19,3,3,,,,6.67,35.56,42.22,6.67,6.67
Q28601953,1,742.0,742.0,4.0,4.0,0.0,0.0,34.0,34.0,0,1,0,0,0,,,,0.0,100.0,0.0,0.0,0.0
Q28607529,1,44.0,44.0,1.0,1.0,0.0,0.0,8.0,8.0,0,1,1,0,0,,,,0.0,100.0,100.0,0.0,0.0
Q28608087,4,48.0,58.0,1.0,1.0,0.0,0.0,5.5,5.5,0,4,4,0,0,,,,0.0,100.0,100.0,0.0,0.0
Q28638,1,632.0,632.0,1.0,1.0,1.0,1.0,39.0,39.0,0,0,0,0,0,,,,0.0,0.0,0.0,0.0,0.0
Q28640,161,109.0,232.64,1.0,1.23,0.0,0.61,6.0,9.17,33,92,118,23,11,profession,мамандық,профессия,20.5,57.14,73.29,14.29,6.83
Q28643,4,133.0,122.75,1.5,1.5,0.0,0.0,4.0,4.5,0,4,4,0,0,,,,0.0,100.0,100.0,0.0,0.0
Q2865305,1,242.0,242.0,3.0,3.0,2.0,2.0,22.0,22.0,0,0,1,0,0,,,,0.0,0.0,100.0,0.0,0.0
Q28654046,1,88.0,88.0,0.0,0.0,0.0,0.0,1.0,1.0,1,1,1,1,1,,,,100.0,100.0,100.0,100.0,100.0
Q286576,11,259.0,436.18,2.0,2.82,0.0,0.18,11.0,20.73,1,10,5,0,0,register,register,языковой регистр,9.09,90.91,45.45,0.0,0.0
Q28657989,1,2670.0,2670.0,64.0,64.0,20.0,20.0,35.0,35.0,0,0,0,0,0,,,,0.0,0.0,0.0,0.0,0.0
Q2866778,1,792.0,792.0,0.0,0.0,1.0,1.0,13.0,13.0,1,0,0,0,0,,,,100.0,0.0,0.0,0.0,0.0
Q2868657,1,341.0,341.0,1.0,1.0,1.0,1.0,13.0,13.0,0,0,0,0,0,,,,0.0,0.0,0.0,0.0,0.0
Q28698154,1,111.0,111.0,1.0,1.0,1.0,1.0,1.0,1.0,0,0,1,0,0,,,,0.0,0.0,100.0,0.0,0.0
Q28716292,15,268.0,269.67,0.0,0.13,0.0,0.13,7.0,7.67,13,13,2,2,2,,,,86.67,86.67,13.33,13.33,13.33
Q28718519,1,41.0,41.0,1.0,1.0,0.0,0.0,0.0,0.0,0,1,1,0,0,,,,0.0,100.0,100.0,0.0,0.0
Q28738741,119,261.0,257.75,0.0,0.0,0.0,0.0,16.0,14.11,119,119,40,40,40,,,,100.0,100.0,33.61,33.61,33.61
Q28739943,206,84.0,138.17,1.0,2.25,1.0,1.54,2.0,2.88,4,2,199,4,1,,,,1.94,0.97,96.6,1.94,0.49
Q28747937,1,1273.0,1273.0,1.0,1.0,2.0,2.0,28.0,28.0,0,0,0,0,0,history of a city,history of a city,история города,0.0,0.0,0.0,0.0,0.0
Q2875704,1,485.0,485.0,0.0,0.0,2.0,2.0,23.0,23.0,1,0,0,0,0,,,,100.0,0.0,0.0,0.0,0.0
Q28777651,2,328.5,328.5,0.0,0.0,1.0,1.0,31.5,31.5,2,0,1,1,0,group of protected areas,group of protected areas,группа природоохранных зон,100.0,0.0,50.0,50.0,0.0
Q28783456,6,189.0,1360.0,0.0,1.83,0.5,28.33,11.5,32.17,5,3,3,3,1,,,,83.33,50.0,50.0,50.0,16.67
Q28797,6,305.0,294.17,1.0,1.17,1.0,0.83,23.5,26.67,2,1,3,2,0,,,,33.33,16.67,50.0,33.33,0.0
Q28807560,1,109.0,109.0,1.0,1.0,1.0,1.0,4.0,4.0,0,0,1,0,0,,,,0.0,0.0,100.0,0.0,0.0
Q2881060,1,195.0,195.0,8.0,8.0,0.0,0.0,2.0,2.0,0,1,1,0,0,,,,0.0,100.0,100.0,0.0,0.0
Q28819924,3,166.0,262.0,1.0,1.33,1.0,0.67,22.0,25.67,1,1,2,1,0,,,,33.33,33.33,66.67,33.33,0.0
Q28820001,1,694.0,694.0,2.0,2.0,1.0,1.0,15.0,15.0,0,0,0,0,0,,,,0.0,0.0,0.0,0.0,0.0
Q28823,1,81.0,81.0,1.0,1.0,0.0,0.0,8.0,8.0,0,1,1,0,0,,,,0.0,100.0,100.0,0.0,0.0
Q28841127,1,160.0,160.0,1.0,1.0,0.0,0.0,5.0,5.0,0,1,1,0,0,,,,0.0,100.0,100.0,0.0,0.0
Q28845870,1,29.0,29.0,1.0,1.0,0.0,0.0,5.0,5.0,0,1,1,0,0,,,,0.0,100.0,100.0,0.0,0.0
Q28846358,1,1940.0,1940.0,13.0,13.0,4.0,4.0,47.0,47.0,0,0,0,0,0,,,,0.0,0.0,0.0,0.0,0.0
Q288514,3,239.0,235.0,2.0,1.33,2.0,1.33,12.0,10.0,1,1,2,1,1,,,,33.33,33.33,66.67,33.33,33.33
Q28855038,2,148.0,148.0,1.0,1.0,0.5,0.5,6.5,6.5,0,1,2,0,0,,,,0.0,50.0,100.0,0.0,0.0
Q28860529,1,173.0,173.0,2.0,2.0,1.0,1.0,4.0,4.0,0,0,1,0,0,,,,0.0,0.0,100.0,0.0,0.0
Q2887138,1,644.0,644.0,0.0,0.0,4.0,4.0,16.0,16.0,1,0,0,0,0,,,,100.0,0.0,0.0,0.0,0.0
Q28872924,13,747.0,954.92,2.0,2.85,1.0,13.0,47.0,63.38,4,2,3,0,0,,,,30.77,15.38,23.08,0.0,0.0
Q28873665,2,418.5,418.5,0.5,0.5,0.5,0.5,11.0,11.0,1,1,1,1,1,,,,50.0,50.0,50.0,50.0,50.0
Q28873709,1,185.0,185.0,0.0,0.0,1.0,1.0,11.0,11.0,1,0,1,1,0,,,,100.0,0.0,100.0,100.0,0.0
Q28874617,2,203.5,203.5,1.5,1.5,0.5,0.5,18.0,18.0,0,1,1,0,0,,,,0.0,50.0,50.0,0.0,0.0
Q2887554,5,363.0,619.2,1.0,1.0,0.0,0.2,13.0,13.2,2,4,1,1,1,coal basin,Көмір кені,угольный бассейн,40.0,80.0,20.0,20.0,20.0
Q28877,2,221.5,221.5,1.0,1.0,2.0,2.0,22.0,22.0,0,0,1,0,0,,,,0.0,0.0,50.0,0.0,0.0
Q28885102,1,1382.0,1382.0,10.0,10.0,0.0,0.0,76.0,76.0,0,1,0,0,0,,,,0.0,100.0,0.0,0.0,0.0
Q28911163,1,256.0,256.0,1.0,1.0,0.0,0.0,17.0,17.0,0,1,0,0,0,,,,0.0,100.0,0.0,0.0,0.0
Q28920052,2,499.0,499.0,0.5,0.5,0.5,0.5,50.0,50.0,1,1,0,0,0,,,,50.0,50.0,0.0,0.0,0.0
Q28920117,3,306.0,624.67,0.0,0.0,0.0,0.33,35.0,34.33,3,2,1,1,1,,,,100.0,66.67,33.33,33.33,33.33
Q28920142,1,96.0,96.0,0.0,0.0,0.0,0.0,7.0,7.0,1,1,1,1,1,,,,100.0,100.0,100.0,100.0,100.0
Q28920201,1,219.0,219.0,1.0,1.0,0.0,0.0,7.0,7.0,0,1,1,0,0,,,,0.0,100.0,100.0,0.0,0.0
Q28920810,1,524.0,524.0,3.0,3.0,1.0,1.0,37.0,37.0,0,0,0,0,0,,,,0.0,0.0,0.0,0.0,0.0
Q28920813,1,524.0,524.0,3.0,3.0,1.0,1.0,37.0,37.0,0,0,0,0,0,,,,0.0,0.0,0.0,0.0,0.0
Q28922854,1,169.0,169.0,1.0,1.0,1.0,1.0,0.0,0.0,0,0,1,0,0,,,,0.0,0.0,100.0,0.0,0.0
Q28922858,1,294.0,294.0,1.0,1.0,0.0,0.0,34.0,34.0,0,1,0,0,0,,,,0.0,100.0,0.0,0.0,0.0
Q28922882,1,219.0,219.0,1.0,1.0,0.0,0.0,7.0,7.0,0,1,1,0,0,,,,0.0,100.0,100.0,0.0,0.0
Q28922885,4,658.5,721.25,0.0,0.75,0.0,0.25,48.0,43.0,3,3,1,1,1,,,,75.0,75.0,25.0,25.0,25.0
Q28922893,1,294.0,294.0,1.0,1.0,0.0,0.0,34.0,34.0,0,1,0,0,0,,,,0.0,100.0,0.0,0.0,0.0
Q28923017,1,524.0,524.0,3.0,3.0,1.0,1.0,37.0,37.0,0,0,0,0,0,,,,0.0,0.0,0.0,0.0,0.0
Q28923018,1,219.0,219.0,1.0,1.0,0.0,0.0,7.0,7.0,0,1,1,0,0,,,,0.0,100.0,100.0,0.0,0.0
Q28923026,2,553.5,553.5,1.5,1.5,0.0,0.0,38.0,38.0,1,2,1,1,1,,,,50.0,100.0,50.0,50.0,50.0
Q28923911,1,76.0,76.0,0.0,0.0,0.0,0.0,2.0,2.0,1,1,1,1,1,,,,100.0,100.0,100.0,100.0,100.0
Q28923954,12,161.5,255.17,1.0,1.5,0.0,0.0,3.0,5.42,1,12,9,0,0,,,,8.33,100.0,75.0,0.0,0.0
Q28933155,3,376.0,619.67,7.0,14.67,0.0,0.33,21.0,16.33,1,2,1,1,1,,,,33.33,66.67,33.33,33.33,33.33
Q28933701,1,186.0,186.0,0.0,0.0,1.0,1.0,10.0,10.0,1,0,1,1,0,,,,100.0,0.0,100.0,100.0,0.0
Q289382,1,333.0,333.0,1.0,1.0,0.0,0.0,15.0,15.0,0,1,0,0,0,,,,0.0,100.0,0.0,0.0,0.0
Q28942,1,276.0,276.0,0.0,0.0,0.0,0.0,3.0,3.0,1,1,0,0,0,,,,100.0,100.0,0.0,0.0,0.0
Q289472,1,3644.0,3644.0,2.0,2.0,4.0,4.0,59.0,59.0,0,0,0,0,0,,,,0.0,0.0,0.0,0.0,0.0
Q28951811,1,3770.0,3770.0,38.0,38.0,11.0,11.0,143.0,143.0,0,0,0,0,0,,,,0.0,0.0,0.0,0.0,0.0
Q28953942,1,201.0,201.0,1.0,1.0,1.0,1.0,12.0,12.0,0,0,1,0,0,,,,0.0,0.0,100.0,0.0,0.0
Q28962,1,97.0,97.0,1.0,1.0,0.0,0.0,4.0,4.0,0,1,1,0,0,,,,0.0,100.0,100.0,0.0,0.0
Q28963381,1,281.0,281.0,1.0,1.0,1.0,1.0,29.0,29.0,0,0,0,0,0,,,,0.0,0.0,0.0,0.0,0.0
Q28969364,1,76.0,76.0,1.0,1.0,1.0,1.0,2.0,2.0,0,0,1,0,0,,,,0.0,0.0,100.0,0.0,0.0
Q290,1,71.0,71.0,0.0,0.0,1.0,1.0,0.0,0.0,1,0,1,1,0,,,,100.0,0.0,100.0,100.0,0.0
Q29015039,1,160.0,160.0,1.0,1.0,0.0,0.0,5.0,5.0,0,1,1,0,0,,,,0.0,100.0,100.0,0.0,0.0
Q290178,3,579.0,452.67,1.0,2.67,0.0,0.33,2.0,25.33,1,2,1,0,0,,,,33.33,66.67,33.33,0.0,0.0
Q29023906,1,104.0,104.0,1.0,1.0,0.0,0.0,2.0,2.0,0,1,1,0,0,,,,0.0,100.0,100.0,0.0,0.0
Q29028649,63,164.0,390.0,1.0,2.03,0.0,0.3,5.0,8.63,7,51,43,6,5,,,,11.11,80.95,68.25,9.52,7.94
Q290378,3,128.0,196.67,0.0,1.33,0.0,0.33,2.0,2.0,2,2,2,2,2,,,,66.67,66.67,66.67,66.67,66.67
Q2904042,1,283.0,283.0,1.0,1.0,0.0,0.0,37.0,37.0,0,1,0,0,0,,,,0.0,100.0,0.0,0.0,0.0
Q2904233,2,137.0,137.0,0.5,0.5,1.0,1.0,5.5,5.5,1,1,2,1,0,,,,50.0,50.0,100.0,50.0,0.0
Q29045252,2,413.5,413.5,1.0,1.0,0.0,0.0,18.0,18.0,1,2,1,1,1,,,,50.0,100.0,50.0,50.0,50.0
Q29048319,1,2005.0,2005.0,3.0,3.0,7.0,7.0,50.0,50.0,0,0,0,0,0,,,,0.0,0.0,0.0,0.0,0.0
Q29048715,1,115.0,115.0,0.0,0.0,3.0,3.0,7.0,7.0,1,0,1,1,0,,,,100.0,0.0,100.0,100.0,0.0
Q29052255,1,356.0,356.0,2.0,2.0,1.0,1.0,7.0,7.0,0,0,0,0,0,,,,0.0,0.0,0.0,0.0,0.0
Q29053854,2,295.0,295.0,1.5,1.5,0.5,0.5,8.0,8.0,0,1,1,0,0,,,,0.0,50.0,50.0,0.0,0.0
Q2905654,1,56.0,56.0,1.0,1.0,0.0,0.0,0.0,0.0,0,1,1,0,0,,,,0.0,100.0,100.0,0.0,0.0
Q29068718,1,664.0,664.0,26.0,26.0,0.0,0.0,10.0,10.0,0,1,0,0,0,,,,0.0,100.0,0.0,0.0,0.0
Q2908004,1,400.0,400.0,4.0,4.0,1.0,1.0,19.0,19.0,0,0,0,0,0,,,,0.0,0.0,0.0,0.0,0.0
Q29091078,2,77.0,77.0,1.0,1.0,0.0,0.0,6.5,6.5,0,2,2,0,0,,,,0.0,100.0,100.0,0.0,0.0
Q2911266,248,238.0,239.64,0.0,0.0,0.0,0.0,2.0,2.0,248,248,248,248,248,,,,100.0,100.0,100.0,100.0,100.0
Q2912397,1,885.0,885.0,0.0,0.0,1.0,1.0,47.0,47.0,1,0,0,0,0,single-day road race,single-day road race,однодневная велогонка,100.0,0.0,0.0,0.0,0.0
Q2912558,4,204.0,188.25,1.5,1.5,1.0,1.0,9.0,9.75,1,1,3,1,0,,,,25.0,25.0,75.0,25.0,0.0
Q2914547,1,276.0,276.0,3.0,3.0,0.0,0.0,25.0,25.0,0,1,0,0,0,,,,0.0,100.0,0.0,0.0,0.0
Q2914565,2,324.5,324.5,1.0,1.0,0.0,0.0,7.5,7.5,1,2,1,1,1,,,,50.0,100.0,50.0,50.0,50.0
Q2914650,1,71.0,71.0,1.0,1.0,0.0,0.0,3.0,3.0,0,1,1,0,0,,,,0.0,100.0,100.0,0.0,0.0
Q29149990,2,686.0,686.0,1.5,1.5,1.0,1.0,16.5,16.5,0,0,0,0,0,,,,0.0,0.0,0.0,0.0,0.0
Q2915,1,137.0,137.0,1.0,1.0,1.0,1.0,11.0,11.0,0,0,1,0,0,,,,0.0,0.0,100.0,0.0,0.0
Q2915234,5,304.0,318.6,0.0,0.4,1.0,0.6,27.0,39.4,3,2,2,2,0,,,,60.0,40.0,40.0,40.0,0.0
Q2915955,33,155.0,234.06,1.0,2.06,0.0,0.55,9.0,12.09,5,20,25,4,2,,,,15.15,60.61,75.76,12.12,6.06
Q29168169,1,351.0,351.0,1.0,1.0,1.0,1.0,4.0,4.0,0,0,0,0,0,,,,0.0,0.0,0.0,0.0,0.0
Q2916980,7,68.0,87.29,1.0,1.0,0.0,0.0,4.0,3.14,2,7,7,2,2,,,,28.57,100.0,100.0,28.57,28.57
Q29171,1,249.0,249.0,0.0,0.0,0.0,0.0,16.0,16.0,1,1,1,1,1,,,,100.0,100.0,100.0,100.0,100.0
Q291808,1,241.0,241.0,0.0,0.0,0.0,0.0,20.0,20.0,1,1,1,1,1,,,,100.0,100.0,100.0,100.0,100.0
Q2919464,1,895.0,895.0,7.0,7.0,3.0,3.0,31.0,31.0,0,0,0,0,0,,,,0.0,0.0,0.0,0.0,0.0
Q2919801,2,339.0,339.0,1.5,1.5,2.0,2.0,4.5,4.5,0,1,0,0,0,,,,0.0,50.0,0.0,0.0,0.0
Q2920615,1,91.0,91.0,1.0,1.0,2.0,2.0,3.0,3.0,0,0,1,0,0,,,,0.0,0.0,100.0,0.0,0.0
Q2920963,2,80.0,80.0,1.0,1.0,1.0,1.0,5.0,5.0,0,0,2,0,0,,,,0.0,0.0,100.0,0.0,0.0
Q29224491,1,1156.0,1156.0,2.0,2.0,0.0,0.0,132.0,132.0,0,1,0,0,0,futsal league,futsal league,мини-футбольная лига,0.0,100.0,0.0,0.0,0.0
Q2923911,2,184.0,184.0,1.0,1.0,0.0,0.0,7.5,7.5,1,2,2,1,1,,,,50.0,100.0,100.0,50.0,50.0
Q2927074,15,495.0,836.0,8.0,20.6,1.0,1.67,14.0,22.4,0,5,3,0,0,,,,0.0,33.33,20.0,0.0,0.0
Q2935978,2,126.5,126.5,1.0,1.0,0.0,0.0,5.0,5.0,0,2,2,0,0,irrigation canal,irrigation canal,ирригационный канал,0.0,100.0,100.0,0.0,0.0
Q29364197,2,304.5,304.5,1.0,1.0,1.5,1.5,4.0,4.0,0,1,1,0,0,,,,0.0,50.0,50.0,0.0,0.0
Q29428373,6,374.5,428.17,1.0,2.17,1.0,1.0,10.0,13.0,2,2,2,1,0,,,,33.33,33.33,33.33,16.67,0.0
Q29428403,10,127.5,294.9,0.5,0.9,1.0,1.1,8.5,15.4,5,3,9,5,2,,,,50.0,30.0,90.0,50.0,20.0
Q29428439,2,472.0,472.0,3.5,3.5,1.0,1.0,9.0,9.0,0,1,1,0,0,,,,0.0,50.0,50.0,0.0,0.0
Q29430681,16,121.5,273.25,1.0,0.88,1.0,0.88,9.5,14.81,6,6,12,5,2,,,,37.5,37.5,75.0,31.25,12.5
Q29431432,9,152.0,250.44,1.0,1.67,1.0,0.89,11.0,11.0,1,3,6,1,0,,,,11.11,33.33,66.67,11.11,0.0
Q294414,30,566.5,691.0,2.0,3.07,0.0,6.37,34.0,47.83,7,16,8,2,1,public office,мемлекеттік лауазым,государственная должность,23.33,53.33,26.67,6.67,3.33
Q29441572,6,194.0,380.0,1.5,2.0,1.0,4.5,25.5,38.83,2,0,4,2,0,,,,33.33,0.0,66.67,33.33,0.0
Q29441699,3,301.0,383.67,1.0,1.33,1.0,0.67,29.0,37.67,1,1,0,0,0,,,,33.33,33.33,0.0,0.0,0.0
Q294422,1,805.0,805.0,8.0,8.0,3.0,3.0,15.0,15.0,0,0,0,0,0,,,,0.0,0.0,0.0,0.0,0.0
Q29485,2,125.0,125.0,1.0,1.0,0.0,0.0,1.0,1.0,0,2,2,0,0,,,,0.0,100.0,100.0,0.0,0.0
Q2949123,8,443.0,461.62,0.0,0.0,0.0,0.0,37.5,40.0,8,8,1,1,1,Asian Championship,Азия чемпионаты,Чемпионат Азии,100.0,100.0,12.5,12.5,12.5
Q29512471,1,97.0,97.0,2.0,2.0,0.0,0.0,7.0,7.0,0,1,1,0,0,,,,0.0,100.0,100.0,0.0,0.0
Q29517555,18,180.0,508.0,1.0,1.06,1.0,4.67,11.5,17.22,5,6,10,3,2,,,,27.78,33.33,55.56,16.67,11.11
Q295382,1,203.0,203.0,2.0,2.0,1.0,1.0,11.0,11.0,0,0,1,0,0,,,,0.0,0.0,100.0,0.0,0.0
Q29544254,1,692.0,692.0,1.0,1.0,2.0,2.0,0.0,0.0,0,0,0,0,0,,,,0.0,0.0,0.0,0.0,0.0
Q295469,1,462.0,462.0,2.0,2.0,1.0,1.0,43.0,43.0,0,0,0,0,0,ecoregion,ecoregion,экологический регион,0.0,0.0,0.0,0.0,0.0
Q29549240,1,571.0,571.0,1.0,1.0,1.0,1.0,7.0,7.0,0,0,0,0,0,,,,0.0,0.0,0.0,0.0,0.0
Q29549296,1,404.0,404.0,5.0,5.0,2.0,2.0,30.0,30.0,0,0,0,0,0,,,,0.0,0.0,0.0,0.0,0.0
Q29556,1,132.0,132.0,1.0,1.0,0.0,0.0,6.0,6.0,0,1,1,0,0,,,,0.0,100.0,100.0,0.0,0.0
Q29556224,1,1058.0,1058.0,1.0,1.0,1.0,1.0,34.0,34.0,0,0,0,0,0,,,,0.0,0.0,0.0,0.0,0.0
Q29575627,5,687.0,915.8,0.0,2.0,0.0,0.4,11.0,35.6,3,3,0,0,0,,,,60.0,60.0,0.0,0.0,0.0
Q2961832,1,207.0,207.0,1.0,1.0,1.0,1.0,8.0,8.0,0,0,1,0,0,,,,0.0,0.0,100.0,0.0,0.0
Q29643579,5,535.0,493.8,1.0,3.4,0.0,0.2,22.0,18.8,2,4,1,1,1,multi-level marketing company,multi-level marketing company,многоуровневая маркетинговая компания,40.0,80.0,20.0,20.0,20.0
Q29647057,1,1492.0,1492.0,13.0,13.0,3.0,3.0,38.0,38.0,0,0,0,0,0,,,,0.0,0.0,0.0,0.0,0.0
Q296486,1,2682.0,2682.0,3.0,3.0,0.0,0.0,25.0,25.0,0,1,0,0,0,,,,0.0,100.0,0.0,0.0,0.0
Q29653271,8,142.5,164.62,1.0,1.12,0.5,0.88,5.0,7.75,2,4,7,2,2,,,,25.0,50.0,87.5,25.0,25.0
Q29654714,1,1286.0,1286.0,3.0,3.0,3.0,3.0,114.0,114.0,0,0,0,0,0,,,,0.0,0.0,0.0,0.0,0.0
Q29654788,35,38.0,62.31,0.0,0.26,1.0,0.71,1.0,1.91,27,10,34,27,3,,,,77.14,28.57,97.14,77.14,8.57
Q2966838,3,926.0,904.33,0.0,0.0,0.0,0.0,37.0,44.33,3,3,1,1,1,chronolect,chronolect,хронолект,100.0,100.0,33.33,33.33,33.33
Q2973941,1,125.0,125.0,0.0,0.0,0.0,0.0,9.0,9.0,1,1,1,1,1,,,,100.0,100.0,100.0,100.0,100.0
Q2974552,52,240.0,241.98,0.0,0.02,0.0,0.0,2.0,2.0,51,52,49,48,48,,,,98.08,100.0,94.23,92.31,92.31
Q2974842,1,1164.0,1164.0,7.0,7.0,5.0,5.0,48.0,48.0,0,0,0,0,0,,,,0.0,0.0,0.0,0.0,0.0
Q2977,4,153.0,254.0,1.0,1.0,0.5,0.75,5.5,9.25,1,2,3,1,0,,,,25.0,50.0,75.0,25.0,0.0
Q29791211,4,514.5,809.75,2.5,3.25,1.0,0.75,22.5,20.25,1,1,0,0,0,sport in a geographic region,sport in a geographic region,спорт в географическом регионе,25.0,25.0,0.0,0.0,0.0
Q2983893,23,76.0,112.91,1.0,0.83,0.0,0.0,4.0,5.22,4,23,19,0,0,,,,17.39,100.0,82.61,0.0,0.0
Q2984259,1,691.0,691.0,35.0,35.0,1.0,1.0,60.0,60.0,0,0,0,0,0,,,,0.0,0.0,0.0,0.0,0.0
Q2984679,1,77.0,77.0,0.0,0.0,0.0,0.0,24.0,24.0,1,1,1,1,1,,,,100.0,100.0,100.0,100.0,100.0
Q2984690,2,128.5,128.5,0.0,0.0,0.0,0.0,39.5,39.5,2,2,2,2,2,,,,100.0,100.0,100.0,100.0,100.0
Q2984694,3,132.0,136.33,0.0,0.0,0.0,1.33,51.0,46.0,3,2,3,3,2,,,,100.0,66.67,100.0,100.0,66.67
Q29881657,1,1088.0,1088.0,18.0,18.0,0.0,0.0,66.0,66.0,0,1,0,0,0,,,,0.0,100.0,0.0,0.0,0.0
Q2989398,22,93.5,160.0,0.0,0.41,0.0,0.18,6.0,6.95,19,18,18,18,14,,,,86.36,81.82,81.82,81.82,63.64
Q2989400,1,60.0,60.0,1.0,1.0,0.0,0.0,10.0,10.0,0,1,1,0,0,,,,0.0,100.0,100.0,0.0,0.0
Q2989457,48,351.5,371.31,1.0,2.52,0.0,0.04,5.0,9.42,3,47,12,2,2,,,,6.25,97.92,25.0,4.17,4.17
Q2989470,7,67.0,69.14,0.0,0.14,0.0,0.0,6.0,6.29,6,7,7,6,6,,,,85.71,100.0,100.0,85.71,85.71
Q29896155,2,258.0,258.0,2.5,2.5,0.5,0.5,9.5,9.5,0,1,1,0,0,,,,0.0,50.0,50.0,0.0,0.0
Q2990216,1,306.0,306.0,1.0,1.0,0.0,0.0,10.0,10.0,0,1,0,0,0,mining company,mining company,горное предприятие,0.0,100.0,0.0,0.0,0.0
Q2990593,1,74.0,74.0,1.0,1.0,1.0,1.0,0.0,0.0,0,0,1,0,0,,,,0.0,0.0,100.0,0.0,0.0
Q2990963,30,224.0,376.47,0.0,0.7,2.0,2.53,22.0,28.23,20,6,19,15,1,figure skating competition,figure skating competition,соревнование по фигурному катанию,66.67,20.0,63.33,50.0,3.33
Q29913592,1,100.0,100.0,1.0,1.0,0.0,0.0,3.0,3.0,0,1,1,0,0,,,,0.0,100.0,100.0,0.0,0.0
Q299191,4,183.0,188.25,1.0,1.75,1.5,2.0,7.0,13.0,1,0,2,1,0,,,,25.0,0.0,50.0,25.0,0.0
Q29925,1,198.0,198.0,1.0,1.0,0.0,0.0,9.0,9.0,0,1,1,0,0,salt marsh,salt marsh,солёные марши,0.0,100.0,100.0,0.0,0.0
Q2992500,1,105.0,105.0,0.0,0.0,1.0,1.0,4.0,4.0,1,0,1,1,0,,,,100.0,0.0,100.0,100.0,0.0
Q2992826,1,256.0,256.0,1.0,1.0,0.0,0.0,33.0,33.0,0,1,0,0,0,,,,0.0,100.0,0.0,0.0,0.0
Q29946056,1,709.0,709.0,1.0,1.0,0.0,0.0,16.0,16.0,0,1,0,0,0,,,,0.0,100.0,0.0,0.0,0.0
Q2995256,2,558.5,558.5,2.5,2.5,2.5,2.5,16.5,16.5,1,1,1,0,0,,,,50.0,50.0,50.0,0.0,0.0
Q2995443,1,259.0,259.0,1.0,1.0,0.0,0.0,7.0,7.0,0,1,0,0,0,,,,0.0,100.0,0.0,0.0,0.0
Q29957571,1,429.0,429.0,1.0,1.0,3.0,3.0,26.0,26.0,0,0,0,0,0,,,,0.0,0.0,0.0,0.0,0.0
Q29961325,1,461.0,461.0,1.0,1.0,0.0,0.0,0.0,0.0,0,1,0,0,0,,,,0.0,100.0,0.0,0.0,0.0
Q2996394,126,169.0,321.65,1.0,2.21,0.0,0.66,8.0,12.79,11,69,85,8,3,,,,8.73,54.76,67.46,6.35,2.38
Q29964144,1000,48.0,48.22,0.0,0.0,0.0,0.0,2.0,2.06,1000,1000,1000,1000,1000,,,,100.0,100.0,100.0,100.0,100.0
Q2997362,1,440.0,440.0,1.0,1.0,0.0,0.0,6.0,6.0,0,1,0,0,0,,,,0.0,100.0,0.0,0.0,0.0
Q3001152,1,2630.0,2630.0,10.0,10.0,2.0,2.0,153.0,153.0,0,0,0,0,0,,,,0.0,0.0,0.0,0.0,0.0
Q30014,4,1217.0,1150.5,3.5,11.0,2.0,2.0,44.0,44.25,0,0,0,0,0,,,,0.0,0.0,0.0,0.0,0.0
Q30016797,1,329.0,329.0,2.0,2.0,0.0,0.0,28.0,28.0,0,1,0,0,0,,,,0.0,100.0,0.0,0.0,0.0
Q3002150,2,2397.0,2397.0,79.5,79.5,0.5,0.5,57.5,57.5,0,1,0,0,0,,,,0.0,50.0,0.0,0.0,0.0
Q3002772,5,358.0,607.2,3.0,9.8,0.0,0.8,30.0,25.0,0,3,0,0,0,political crisis,political crisis,политический кризис,0.0,60.0,0.0,0.0,0.0
Q30029801,1,80.0,80.0,1.0,1.0,0.0,0.0,8.0,8.0,0,1,1,0,0,,,,0.0,100.0,100.0,0.0,0.0
Q30047053,1,309.0,309.0,5.0,5.0,0.0,0.0,11.0,11.0,0,1,0,0,0,,,,0.0,100.0,0.0,0.0,0.0
Q30058680,1,50.0,50.0,1.0,1.0,1.0,1.0,1.0,1.0,0,0,1,0,0,,,,0.0,0.0,100.0,0.0,0.0
Q30059018,1,110.0,110.0,1.0,1.0,0.0,0.0,5.0,5.0,0,1,1,0,0,,,,0.0,100.0,100.0,0.0,0.0
Q30062554,2,272.5,272.5,1.0,1.0,1.0,1.0,8.0,8.0,0,0,1,0,0,,,,0.0,0.0,50.0,0.0,0.0
Q3006684,1,151.0,151.0,2.0,2.0,1.0,1.0,19.0,19.0,0,0,1,0,0,,,,0.0,0.0,100.0,0.0,0.0
Q30089777,1,241.0,241.0,0.0,0.0,1.0,1.0,14.0,14.0,1,0,1,1,0,,,,100.0,0.0,100.0,100.0,0.0
Q30103545,1,570.0,570.0,10.0,10.0,1.0,1.0,16.0,16.0,0,0,0,0,0,,,,0.0,0.0,0.0,0.0,0.0
Q30109942,1,1492.0,1492.0,2.0,2.0,0.0,0.0,0.0,0.0,0,1,0,0,0,,,,0.0,100.0,0.0,0.0,0.0
Q30111082,1,123.0,123.0,0.0,0.0,0.0,0.0,0.0,0.0,1,1,1,1,1,,,,100.0,100.0,100.0,100.0,100.0
Q30126005,2,232.0,232.0,0.0,0.0,0.5,0.5,19.5,19.5,2,1,1,1,0,,,,100.0,50.0,50.0,50.0,0.0
Q30149195,8,193.5,278.12,1.0,1.25,0.0,0.12,9.0,9.0,1,7,5,1,1,,,,12.5,87.5,62.5,12.5,12.5
Q301585,1,166.0,166.0,0.0,0.0,0.0,0.0,19.0,19.0,1,1,1,1,1,,,,100.0,100.0,100.0,100.0,100.0
Q30168244,1,286.0,286.0,1.0,1.0,0.0,0.0,1.0,1.0,0,1,0,0,0,,,,0.0,100.0,0.0,0.0,0.0
Q30170627,1,500.0,500.0,2.0,2.0,0.0,0.0,49.0,49.0,0,1,0,0,0,,,,0.0,100.0,0.0,0.0,0.0
Q30174902,1,1241.0,1241.0,1.0,1.0,0.0,0.0,13.0,13.0,0,1,0,0,0,,,,0.0,100.0,0.0,0.0,0.0
Q301751,1,3683.0,3683.0,0.0,0.0,3.0,3.0,8.0,8.0,1,0,0,0,0,,,,100.0,0.0,0.0,0.0,0.0
Q30198,3,153.0,299.0,1.0,1.33,1.0,0.67,11.0,11.67,1,1,2,1,1,marsh,батпақ,болото,33.33,33.33,66.67,33.33,33.33
Q30234158,1,64.0,64.0,1.0,1.0,0.0,0.0,2.0,2.0,0,1,1,0,0,,,,0.0,100.0,100.0,0.0,0.0
Q30241068,1,354.0,354.0,0.0,0.0,0.0,0.0,1.0,1.0,1,1,0,0,0,,,,100.0,100.0,0.0,0.0,0.0
Q3024240,229,536.0,851.72,1.0,2.37,1.0,1.31,30.0,45.63,80,110,57,27,17,historical country,тарихи мемлекет,историческое государство,34.93,48.03,24.89,11.79,7.42
Q3024789,1,47.0,47.0,1.0,1.0,0.0,0.0,1.0,1.0,0,1,1,0,0,,,,0.0,100.0,100.0,0.0,0.0
Q3026037,5,489.0,398.6,1.0,4.0,2.0,1.8,15.0,18.0,2,0,2,1,0,,,,40.0,0.0,40.0,20.0,0.0
Q30267,1,524.0,524.0,3.0,3.0,1.0,1.0,37.0,37.0,0,0,0,0,0,,,,0.0,0.0,0.0,0.0,0.0
Q3026787,12,156.0,201.67,1.0,0.67,0.0,0.33,5.0,7.75,4,9,10,3,2,,,,33.33,75.0,83.33,25.0,16.67
Q30301495,2,206.0,206.0,2.0,2.0,0.5,0.5,3.0,3.0,0,1,1,0,0,,,,0.0,50.0,50.0,0.0,0.0
Q30307677,1,174.0,174.0,0.0,0.0,1.0,1.0,10.0,10.0,1,0,1,1,0,,,,100.0,0.0,100.0,100.0,0.0
Q30314106,1,6110.0,6110.0,143.0,143.0,1.0,1.0,160.0,160.0,0,0,0,0,0,,,,0.0,0.0,0.0,0.0,0.0
Q3032103,1,322.0,322.0,1.0,1.0,0.0,0.0,0.0,0.0,0,1,0,0,0,,,,0.0,100.0,0.0,0.0,0.0
Q3032141,1,170.0,170.0,0.0,0.0,0.0,0.0,7.0,7.0,1,1,1,1,1,,,,100.0,100.0,100.0,100.0,100.0
Q3032311,1,80.0,80.0,0.0,0.0,0.0,0.0,1.0,1.0,1,1,1,1,1,,,,100.0,100.0,100.0,100.0,100.0
Q30324496,1,200.0,200.0,0.0,0.0,1.0,1.0,9.0,9.0,1,0,1,1,0,,,,100.0,0.0,100.0,100.0,0.0
Q30336093,2,117.5,117.5,1.5,1.5,0.5,0.5,8.0,8.0,0,1,2,0,0,,,,0.0,50.0,100.0,0.0,0.0
Q30337748,6,94.0,240.0,1.0,1.0,0.0,0.33,4.0,4.67,2,4,4,1,1,,,,33.33,66.67,66.67,16.67,16.67
Q303618,6,105.5,134.67,1.0,1.17,0.0,0.0,5.5,8.83,1,6,6,1,1,,,,16.67,100.0,100.0,16.67,16.67
Q3037794,1,299.0,299.0,1.0,1.0,1.0,1.0,11.0,11.0,0,0,0,0,0,,,,0.0,0.0,0.0,0.0,0.0
Q3045134,1,121.0,121.0,1.0,1.0,1.0,1.0,10.0,10.0,0,0,1,0,0,,,,0.0,0.0,100.0,0.0,0.0
Q30461,2,1229.5,1229.5,7.0,7.0,2.5,2.5,49.0,49.0,0,1,0,0,0,,,,0.0,50.0,0.0,0.0,0.0
Q3046146,3,566.0,525.33,4.0,4.0,0.0,0.0,23.0,23.33,0,3,1,0,0,,,,0.0,100.0,33.33,0.0,0.0
Q3048444,6,196.0,268.83,1.0,1.5,0.0,0.17,11.0,11.17,0,5,4,0,0,,,,0.0,83.33,66.67,0.0,0.0
Q3049010,2,152.0,152.0,1.5,1.5,0.0,0.0,12.5,12.5,0,2,2,0,0,,,,0.0,100.0,100.0,0.0,0.0
Q30506015,1,190.0,190.0,3.0,3.0,2.0,2.0,10.0,10.0,0,0,1,0,0,,,,0.0,0.0,100.0,0.0,0.0
Q30515,3,196.0,203.33,4.0,3.33,1.0,1.33,9.0,7.67,0,0,2,0,0,,,,0.0,0.0,66.67,0.0,0.0
Q30537366,1,305.0,305.0,2.0,2.0,1.0,1.0,6.0,6.0,0,0,0,0,0,,,,0.0,0.0,0.0,0.0,0.0
Q3054014,1,1972.0,1972.0,8.0,8.0,5.0,5.0,48.0,48.0,0,0,0,0,0,,,,0.0,0.0,0.0,0.0,0.0
Q3054037,1,58.0,58.0,0.0,0.0,0.0,0.0,17.0,17.0,1,1,1,1,1,,,,100.0,100.0,100.0,100.0,100.0
Q3054261,1,1535.0,1535.0,9.0,9.0,4.0,4.0,106.0,106.0,0,0,0,0,0,,,,0.0,0.0,0.0,0.0,0.0
Q3055118,1,247.0,247.0,0.0,0.0,0.0,0.0,5.0,5.0,1,1,1,1,1,,,,100.0,100.0,100.0,100.0,100.0
Q3055155,1,88.0,88.0,1.0,1.0,1.0,1.0,0.0,0.0,0,0,1,0,0,,,,0.0,0.0,100.0,0.0,0.0
Q30559493,1,749.0,749.0,7.0,7.0,0.0,0.0,14.0,14.0,0,1,0,0,0,,,,0.0,100.0,0.0,0.0,0.0
Q30588142,5,1591.0,2118.6,40.0,56.2,1.0,2.4,61.0,68.6,0,2,0,0,0,,,,0.0,40.0,0.0,0.0,0.0
Q3059255,1,171.0,171.0,0.0,0.0,1.0,1.0,9.0,9.0,1,0,1,1,0,,,,100.0,0.0,100.0,100.0,0.0
Q30603936,1,400.0,400.0,14.0,14.0,0.0,0.0,17.0,17.0,0,1,0,0,0,,,,0.0,100.0,0.0,0.0,0.0
Q306103,1,46.0,46.0,1.0,1.0,0.0,0.0,3.0,3.0,0,1,1,0,0,,,,0.0,100.0,100.0,0.0,0.0
Q3062294,18,104.5,496.89,1.0,7.56,0.0,0.44,5.0,21.17,4,13,14,3,2,,,,22.22,72.22,77.78,16.67,11.11
Q30634609,4,704.5,1270.75,3.0,3.0,4.0,15.5,19.5,27.0,0,0,1,0,0,,,,0.0,0.0,25.0,0.0,0.0
Q30681582,1,394.0,394.0,2.0,2.0,1.0,1.0,17.0,17.0,0,0,0,0,0,,,,0.0,0.0,0.0,0.0,0.0
Q30682671,1,257.0,257.0,0.0,0.0,1.0,1.0,18.0,18.0,1,0,0,0,0,,,,100.0,0.0,0.0,0.0,0.0
Q308492,3,274.0,265.67,0.0,0.0,0.0,0.0,18.0,16.67,3,3,1,1,1,,,,100.0,100.0,33.33,33.33,33.33
Q3084961,1,231.0,231.0,1.0,1.0,0.0,0.0,2.0,2.0,0,1,1,0,0,,,,0.0,100.0,100.0,0.0,0.0
Q3087607,2,51.0,51.0,1.0,1.0,0.0,0.0,5.5,5.5,0,2,2,0,0,,,,0.0,100.0,100.0,0.0,0.0
Q30892994,3,69.0,265.0,2.0,1.33,0.0,0.33,6.0,12.0,1,2,2,1,0,,,,33.33,66.67,66.67,33.33,0.0
Q30897648,5,98.0,101.8,1.0,1.2,0.0,0.0,3.0,3.0,0,5,5,0,0,,,,0.0,100.0,100.0,0.0,0.0
Q308980,1,317.0,317.0,2.0,2.0,0.0,0.0,9.0,9.0,0,1,0,0,0,,,,0.0,100.0,0.0,0.0,0.0
Q30904412,1,250.0,250.0,1.0,1.0,0.0,0.0,11.0,11.0,0,1,0,0,0,,,,0.0,100.0,0.0,0.0,0.0
Q309100,3,483.0,396.67,1.0,1.67,0.0,0.33,6.0,11.67,1,2,1,1,1,,,,33.33,66.67,33.33,33.33,33.33
Q309118,1,4171.0,4171.0,22.0,22.0,3.0,3.0,987.0,987.0,0,0,0,0,0,,,,0.0,0.0,0.0,0.0,0.0
Q3091608,3,62.0,162.33,0.0,0.33,0.0,0.33,4.0,7.0,2,2,2,2,2,,,,66.67,66.67,66.67,66.67,66.67
Q309166,1,1005.0,1005.0,3.0,3.0,5.0,5.0,112.0,112.0,0,0,0,0,0,,,,0.0,0.0,0.0,0.0,0.0
Q3098609,1,265.0,265.0,0.0,0.0,0.0,0.0,2.0,2.0,1,1,0,0,0,,,,100.0,100.0,0.0,0.0,0.0
Q3099911,3,99.0,227.67,1.0,1.0,0.0,0.33,5.0,4.67,0,2,2,0,0,,,,0.0,66.67,66.67,0.0,0.0
Q3100180,6,185.5,164.67,1.0,1.5,0.0,0.33,8.5,10.67,0,4,5,0,0,,,,0.0,66.67,83.33,0.0,0.0
Q3100808,5,122.0,259.2,1.0,1.2,1.0,1.0,2.0,6.4,1,2,3,1,1,,,,20.0,40.0,60.0,20.0,20.0
Q31049169,1,85.0,85.0,1.0,1.0,0.0,0.0,5.0,5.0,0,1,1,0,0,,,,0.0,100.0,100.0,0.0,0.0
Q310890,35,169.0,192.89,1.0,1.06,0.0,0.4,9.0,10.26,7,22,29,6,5,,,,20.0,62.86,82.86,17.14,14.29
Q3115110,2,206.5,206.5,2.5,2.5,0.0,0.0,11.0,11.0,0,2,1,0,0,,,,0.0,100.0,50.0,0.0,0.0
Q3116906,2,198.0,198.0,0.5,0.5,1.0,1.0,10.5,10.5,1,1,1,0,0,,,,50.0,50.0,50.0,0.0,0.0
Q31172650,2,647.0,647.0,9.0,9.0,2.0,2.0,36.5,36.5,0,1,1,0,0,,,,0.0,50.0,50.0,0.0,0.0
Q3117863,35,296.0,476.03,5.0,4.66,1.0,1.14,11.0,12.51,8,15,14,7,5,,,,22.86,42.86,40.0,20.0,14.29
Q3123011,1,166.0,166.0,0.0,0.0,0.0,0.0,19.0,19.0,1,1,1,1,1,,,,100.0,100.0,100.0,100.0,100.0
Q3123616,1,867.0,867.0,10.0,10.0,1.0,1.0,15.0,15.0,0,0,0,0,0,,,,0.0,0.0,0.0,0.0,0.0
Q312461,1,1736.0,1736.0,0.0,0.0,2.0,2.0,12.0,12.0,1,0,0,0,0,,,,100.0,0.0,0.0,0.0,0.0
Q312466,2,330.5,330.5,2.0,2.0,0.5,0.5,9.0,9.0,0,1,0,0,0,,,,0.0,50.0,0.0,0.0,0.0
Q312468,6,186.5,146.0,1.0,1.5,0.5,0.5,12.0,11.67,0,3,6,0,0,,,,0.0,50.0,100.0,0.0,0.0
Q3128632,2,138.0,138.0,0.0,0.0,1.5,1.5,7.0,7.0,2,0,2,2,0,,,,100.0,0.0,100.0,100.0,0.0
Q31338769,7,79.0,97.0,0.0,0.57,0.0,0.57,3.0,3.86,4,4,7,4,3,,,,57.14,57.14,100.0,57.14,42.86
Q3139104,2,217.0,217.0,1.0,1.0,1.5,1.5,13.0,13.0,1,0,2,1,0,,,,50.0,0.0,100.0,50.0,0.0
Q3139516,7,118.0,108.86,1.0,0.86,1.0,0.86,5.0,5.14,1,2,7,1,0,,,,14.29,28.57,100.0,14.29,0.0
Q3141478,53,124.0,132.57,0.0,0.0,0.0,0.13,13.0,15.6,53,49,53,53,49,,,,100.0,92.45,100.0,100.0,92.45
Q3144351,7,102.0,111.43,1.0,0.71,0.0,0.29,5.0,5.57,2,5,6,1,0,,,,28.57,71.43,85.71,14.29,0.0
Q314676,1,365.0,365.0,2.0,2.0,2.0,2.0,6.0,6.0,0,0,0,0,0,,,,0.0,0.0,0.0,0.0,0.0
Q3148864,3,61.0,63.67,0.0,0.33,0.0,0.0,2.0,4.67,2,3,3,2,2,,,,66.67,100.0,100.0,66.67,66.67
Q3149875,1,942.0,942.0,21.0,21.0,3.0,3.0,48.0,48.0,0,0,0,0,0,,,,0.0,0.0,0.0,0.0,0.0
Q3150005,2,117.5,117.5,2.0,2.0,0.5,0.5,9.5,9.5,0,1,2,0,0,,,,0.0,50.0,100.0,0.0,0.0
Q3152824,8,240.5,318.25,1.0,2.38,0.0,0.38,5.0,12.5,1,6,5,1,1,cultural institution,cultural institution,учреждение культуры,12.5,75.0,62.5,12.5,12.5
Q3153309,1,44.0,44.0,1.0,1.0,0.0,0.0,1.0,1.0,0,1,1,0,0,,,,0.0,100.0,100.0,0.0,0.0
Q31566,2,94.0,94.0,0.5,0.5,0.5,0.5,8.5,8.5,1,1,2,1,1,,,,50.0,50.0,100.0,50.0,50.0
Q31615,1,470.0,470.0,0.0,0.0,3.0,3.0,30.0,30.0,1,0,0,0,0,,,,100.0,0.0,0.0,0.0,0.0
Q31629,89,203.0,392.63,1.0,1.75,1.0,1.61,7.0,16.26,19,16,58,14,3,type of sport,type of sport,вид спорта,21.35,17.98,65.17,15.73,3.37
Q317088,4,575.0,1035.5,4.0,4.0,1.5,2.75,35.5,59.75,0,0,0,0,0,,,,0.0,0.0,0.0,0.0,0.0
Q3172759,2,1137.0,1137.0,6.0,6.0,1.0,1.0,0.0,0.0,0,1,1,0,0,,,,0.0,50.0,50.0,0.0,0.0
Q31728,1,597.0,597.0,3.0,3.0,1.0,1.0,16.0,16.0,0,0,0,0,0,,,,0.0,0.0,0.0,0.0,0.0
Q317548,18,292.0,285.67,1.0,1.06,0.0,0.28,6.0,6.06,6,13,4,1,1,,,,33.33,72.22,22.22,5.56,5.56
Q3175539,1,96.0,96.0,0.0,0.0,9.0,9.0,29.0,29.0,1,0,1,1,0,,,,100.0,0.0,100.0,100.0,0.0
Q317557,1,367.0,367.0,0.0,0.0,0.0,0.0,10.0,10.0,1,1,0,0,0,,,,100.0,100.0,0.0,0.0,0.0
Q317617,1,176.0,176.0,2.0,2.0,1.0,1.0,10.0,10.0,0,0,1,0,0,,,,0.0,0.0,100.0,0.0,0.0
Q317623,20,216.5,393.4,1.0,1.3,1.0,1.05,2.5,6.7,9,7,10,3,2,,,,45.0,35.0,50.0,15.0,10.0
Q3176665,1,1381.0,1381.0,3.0,3.0,7.0,7.0,16.0,16.0,0,0,0,0,0,nationality law,nationality law,закон о гражданстве,0.0,0.0,0.0,0.0,0.0
Q3177687,1,255.0,255.0,1.0,1.0,0.0,0.0,15.0,15.0,0,1,0,0,0,,,,0.0,100.0,0.0,0.0,0.0
Q3179682,3,295.0,299.0,0.0,0.0,0.0,1.0,15.0,13.33,3,2,0,0,0,,,,100.0,66.67,0.0,0.0,0.0
Q318,3449,242.0,243.65,0.0,0.0,0.0,0.0,13.0,13.42,3447,3448,2058,2058,2057,,,,99.94,99.97,59.67,59.67,59.64
Q31804375,1,284.0,284.0,0.0,0.0,0.0,0.0,24.0,24.0,1,1,0,0,0,,,,100.0,100.0,0.0,0.0,0.0
Q318296,2,825.5,825.5,17.5,17.5,0.5,0.5,32.0,32.0,0,1,0,0,0,,,,0.0,50.0,0.0,0.0,0.0
Q31839438,3,594.0,755.67,1.0,1.0,0.0,1.33,56.0,44.67,0,2,0,0,0,,,,0.0,66.67,0.0,0.0,0.0
Q3184121,4597,268.0,269.24,0.0,0.01,0.0,0.12,7.0,6.75,4585,4049,34,33,32,,,,99.74,88.08,0.74,0.72,0.7
Q31855,32,438.5,566.19,1.0,2.81,0.0,0.56,12.0,19.44,11,22,13,6,5,research institute,ғылыми-зерттеу институты,научно-исследовательский институт,34.38,68.75,40.62,18.75,15.62
Q3186692,515,68.0,240.35,0.0,0.83,0.0,0.49,2.0,26.21,488,464,435,434,434,,,,94.76,90.1,84.47,84.27,84.27
Q318727,2,288.0,288.0,1.0,1.0,0.0,0.0,32.0,32.0,0,2,1,0,0,,,,0.0,100.0,50.0,0.0,0.0
Q319120,1,82.0,82.0,0.0,0.0,0.0,0.0,3.0,3.0,1,1,1,1,1,,,,100.0,100.0,100.0,100.0,100.0
Q319141,4,463.5,692.75,1.5,4.5,0.5,0.5,9.5,15.5,1,2,1,0,0,,,,25.0,50.0,25.0,0.0,0.0
Q3191695,1,233.0,233.0,7.0,7.0,0.0,0.0,7.0,7.0,0,1,1,0,0,,,,0.0,100.0,100.0,0.0,0.0
Q3193890,2,544.5,544.5,1.5,1.5,1.5,1.5,10.5,10.5,1,0,1,1,0,environmental disaster,Экологиялық Апат аймақтары,экологическая катастрофа,50.0,0.0,50.0,50.0,0.0
Q3196771,4,496.5,489.25,5.0,4.0,2.5,2.5,4.0,4.0,1,2,1,1,1,,,,25.0,50.0,25.0,25.0,25.0
Q3196867,2,102.5,102.5,1.0,1.0,0.0,0.0,5.0,5.0,0,2,2,0,0,,,,0.0,100.0,100.0,0.0,0.0
Q319796,6,69.5,161.33,0.0,0.33,1.0,0.83,6.5,15.17,5,1,5,5,1,,,,83.33,16.67,83.33,83.33,16.67
Q319845,3,4043.0,3579.33,87.0,88.0,4.0,2.67,116.0,92.33,0,1,0,0,0,,,,0.0,33.33,0.0,0.0,0.0
Q3199141,2,293.0,293.0,0.0,0.0,1.5,1.5,12.0,12.0,2,0,1,1,0,,,,100.0,0.0,50.0,50.0,0.0
Q3199915,8,336.5,787.0,6.0,8.88,1.0,1.0,17.0,17.5,1,3,3,1,0,massacre,massacre,бойня,12.5,37.5,37.5,12.5,0.0
Q32015063,1,51.0,51.0,1.0,1.0,0.0,0.0,3.0,3.0,0,1,1,0,0,,,,0.0,100.0,100.0,0.0,0.0
Q320357,1,79.0,79.0,1.0,1.0,1.0,1.0,1.0,1.0,0,0,1,0,0,,,,0.0,0.0,100.0,0.0,0.0
Q32090,13,644.0,806.31,1.0,3.31,1.0,1.08,23.0,23.62,2,5,4,1,0,,,,15.38,38.46,30.77,7.69,0.0
Q32098,1,72.0,72.0,1.0,1.0,0.0,0.0,3.0,3.0,0,1,1,0,0,,,,0.0,100.0,100.0,0.0,0.0
Q3215290,1,200.0,200.0,0.0,0.0,0.0,0.0,4.0,4.0,1,1,1,1,1,,,,100.0,100.0,100.0,100.0,100.0
Q32178211,1,145.0,145.0,2.0,2.0,0.0,0.0,16.0,16.0,0,1,1,0,0,,,,0.0,100.0,100.0,0.0,0.0
Q321839,5,213.0,964.8,1.0,1.4,0.0,1.0,7.0,7.8,0,3,3,0,0,,,,0.0,60.0,60.0,0.0,0.0
Q3220391,16,449.0,872.56,7.0,12.75,0.0,1.25,22.5,34.25,3,11,4,2,2,,,,18.75,68.75,25.0,12.5,12.5
Q3231690,49,392.0,852.47,1.0,8.9,1.0,1.67,12.0,16.65,23,24,12,10,6,,,,46.94,48.98,24.49,20.41,12.24
Q3233738,1,32.0,32.0,1.0,1.0,0.0,0.0,2.0,2.0,0,1,1,0,0,,,,0.0,100.0,100.0,0.0,0.0
Q3233801,1,241.0,241.0,0.0,0.0,1.0,1.0,14.0,14.0,1,0,1,1,0,,,,100.0,0.0,100.0,100.0,0.0
Q3235978,2,2095.5,2095.5,19.5,19.5,6.0,6.0,77.5,77.5,0,0,0,0,0,,,,0.0,0.0,0.0,0.0,0.0
Q3236487,2,231.0,231.0,0.5,0.5,0.0,0.0,6.0,6.0,1,2,1,0,0,,,,50.0,100.0,50.0,0.0,0.0
Q3237390,2,249.5,249.5,0.0,0.0,0.0,0.0,17.0,17.0,2,2,1,1,1,,,,100.0,100.0,50.0,50.0,50.0
Q3237519,3,375.0,404.0,1.0,1.0,0.0,0.33,20.0,18.67,1,2,0,0,0,,,,33.33,66.67,0.0,0.0,0.0
Q3238057,1,69.0,69.0,2.0,2.0,0.0,0.0,5.0,5.0,0,1,1,0,0,,,,0.0,100.0,100.0,0.0,0.0
Q3238337,6,416.0,475.33,1.5,4.5,0.0,0.33,8.5,10.33,0,4,2,0,0,,,,0.0,66.67,33.33,0.0,0.0
Q3238445,3,142.0,3394.0,2.0,3.0,0.0,2.67,10.0,111.67,1,2,2,1,1,security agency,security agency,служба безопасности,33.33,66.67,66.67,33.33,33.33
Q3239681,22,141.0,326.68,1.0,1.91,1.0,1.09,8.0,15.64,3,10,14,2,2,,,,13.64,45.45,63.64,9.09,9.09
Q3240539,1,49.0,49.0,1.0,1.0,0.0,0.0,1.0,1.0,0,1,1,0,0,,,,0.0,100.0,100.0,0.0,0.0
Q3240715,1,126.0,126.0,0.0,0.0,2.0,2.0,4.0,4.0,1,0,1,1,0,crater,crater,кратер,100.0,0.0,100.0,100.0,0.0
Q3241045,6,865.5,2346.33,13.5,53.67,0.5,0.67,24.0,24.5,0,3,0,0,0,disease outbreak,disease outbreak,вспышка эпидемии,0.0,50.0,0.0,0.0,0.0
Q3241107,1,453.0,453.0,5.0,5.0,2.0,2.0,15.0,15.0,0,0,0,0,0,,,,0.0,0.0,0.0,0.0,0.0
Q3241972,4,77.5,128.5,0.5,0.5,1.0,0.75,5.5,5.75,2,1,3,1,0,,,,50.0,25.0,75.0,25.0,0.0
Q324257,1,231.0,231.0,0.0,0.0,0.0,0.0,4.0,4.0,1,1,1,1,1,,,,100.0,100.0,100.0,100.0,100.0
Q3243765,1,246.0,246.0,1.0,1.0,1.0,1.0,1.0,1.0,0,0,1,0,0,,,,0.0,0.0,100.0,0.0,0.0
Q3244175,2,206.0,206.0,0.5,0.5,0.5,0.5,3.5,3.5,1,1,1,0,0,,,,50.0,50.0,50.0,0.0,0.0
Q3244203,1,610.0,610.0,3.0,3.0,0.0,0.0,34.0,34.0,0,1,0,0,0,,,,0.0,100.0,0.0,0.0,0.0
Q3244907,2,77.5,77.5,0.0,0.0,0.0,0.0,3.5,3.5,2,2,2,2,2,,,,100.0,100.0,100.0,100.0,100.0
Q3246109,1,424.0,424.0,1.0,1.0,0.0,0.0,17.0,17.0,0,1,0,0,0,,,,0.0,100.0,0.0,0.0,0.0
Q3246609,1,79.0,79.0,1.0,1.0,0.0,0.0,6.0,6.0,0,1,1,0,0,,,,0.0,100.0,100.0,0.0,0.0
Q3247173,1,60.0,60.0,0.0,0.0,1.0,1.0,9.0,9.0,1,0,1,1,0,,,,100.0,0.0,100.0,100.0,0.0
Q3247516,1,27.0,27.0,1.0,1.0,0.0,0.0,4.0,4.0,0,1,1,0,0,,,,0.0,100.0,100.0,0.0,0.0
Q32483,1,147.0,147.0,1.0,1.0,0.0,0.0,3.0,3.0,0,1,1,0,0,,,,0.0,100.0,100.0,0.0,0.0
Q3249005,2,177.0,177.0,0.5,0.5,1.5,1.5,3.5,3.5,1,0,1,0,0,,,,50.0,0.0,50.0,0.0,0.0
Q3249551,29,97.0,278.86,1.0,1.38,0.0,0.72,5.0,9.72,2,17,22,2,1,,,,6.9,58.62,75.86,6.9,3.45
Q3250516,5,54.0,60.6,1.0,1.0,1.0,1.2,3.0,3.4,0,0,5,0,0,,,,0.0,0.0,100.0,0.0,0.0
Q3250615,1,772.0,772.0,0.0,0.0,0.0,0.0,18.0,18.0,1,1,0,0,0,,,,100.0,100.0,0.0,0.0,0.0
Q325261,1,373.0,373.0,4.0,4.0,0.0,0.0,20.0,20.0,0,1,0,0,0,,,,0.0,100.0,0.0,0.0,0.0
Q3253281,2,404.5,404.5,4.5,4.5,0.5,0.5,13.0,13.0,0,1,1,0,0,pond,pond,пруд,0.0,50.0,50.0,0.0,0.0
Q3254959,2,264.0,264.0,0.0,0.0,1.5,1.5,30.5,30.5,2,0,1,1,0,,,,100.0,0.0,50.0,50.0,0.0
Q3257686,40,281.0,271.4,0.0,0.45,0.0,0.28,6.0,6.92,28,31,8,2,2,locality,locality,обжитая местность,70.0,77.5,20.0,5.0,5.0
Q3258494,1,398.0,398.0,1.0,1.0,0.0,0.0,10.0,10.0,0,1,0,0,0,,,,0.0,100.0,0.0,0.0,0.0
Q325944,2,190.0,190.0,1.5,1.5,0.5,0.5,3.5,3.5,0,1,1,0,0,,,,0.0,50.0,50.0,0.0,0.0
Q32602941,3,81.0,84.0,1.0,1.0,0.0,0.0,4.0,3.67,0,3,3,0,0,,,,0.0,100.0,100.0,0.0,0.0
Q3267791,3,527.0,478.0,7.0,6.0,0.0,0.33,0.0,7.33,0,2,0,0,0,,,,0.0,66.67,0.0,0.0,0.0
Q3268571,3,303.0,412.0,1.0,2.0,0.0,6.67,6.0,7.0,1,2,1,1,1,,,,33.33,66.67,33.33,33.33,33.33
Q3268848,10,70.5,127.0,1.0,1.3,0.0,0.4,3.0,3.7,3,6,8,3,2,,,,30.0,60.0,80.0,30.0,20.0
Q3269648,2,240.5,240.5,3.5,3.5,0.0,0.0,7.5,7.5,0,2,1,0,0,,,,0.0,100.0,50.0,0.0,0.0
Q327000,1,123.0,123.0,1.0,1.0,0.0,0.0,5.0,5.0,0,1,1,0,0,,,,0.0,100.0,100.0,0.0,0.0
Q3270632,4,455.0,515.5,0.0,0.0,0.0,0.0,13.0,17.75,4,4,1,1,1,national championship,national championship,национальный чемпионат,100.0,100.0,25.0,25.0,25.0
Q327132,1,139.0,139.0,0.0,0.0,1.0,1.0,4.0,4.0,1,0,1,1,0,,,,100.0,0.0,100.0,100.0,0.0
Q327245,3,135.0,226.67,1.0,1.33,1.0,1.0,7.0,5.67,1,1,2,1,1,,,,33.33,33.33,66.67,33.33,33.33
Q3272595,15,264.0,265.07,0.0,0.0,0.0,0.0,16.0,15.87,15,15,0,0,0,,,,100.0,100.0,0.0,0.0,0.0
Q3273292,1,369.0,369.0,0.0,0.0,0.0,0.0,19.0,19.0,1,1,0,0,0,,,,100.0,100.0,0.0,0.0,0.0
Q327333,41,613.0,759.66,2.0,3.56,0.0,4.95,15.0,33.95,4,28,13,2,2,government agency,government agency,орган публичной власти,9.76,68.29,31.71,4.88,4.88
Q3273417,28,2165.5,2592.39,0.0,9.14,0.0,8.36,390.0,491.46,20,21,1,1,1,lists of sportspeople,lists of sportspeople,список спортсменов,71.43,75.0,3.57,3.57,3.57
Q327349,1,166.0,166.0,0.0,0.0,1.0,1.0,4.0,4.0,1,0,1,1,0,,,,100.0,0.0,100.0,100.0,0.0
Q327496,3,116.0,155.0,1.0,1.0,0.0,0.0,8.0,7.33,0,3,2,0,0,,,,0.0,100.0,66.67,0.0,0.0
Q3275581,1,1751.0,1751.0,70.0,70.0,1.0,1.0,148.0,148.0,0,0,0,0,0,,,,0.0,0.0,0.0,0.0,0.0
Q327618,1,742.0,742.0,4.0,4.0,0.0,0.0,34.0,34.0,0,1,0,0,0,,,,0.0,100.0,0.0,0.0,0.0
Q32766,1,1861.0,1861.0,9.0,9.0,6.0,6.0,54.0,54.0,0,0,0,0,0,constitutional court,Конституциялық Сот,конституционный суд,0.0,0.0,0.0,0.0,0.0
Q327835,1,363.0,363.0,5.0,5.0,0.0,0.0,24.0,24.0,0,1,0,0,0,,,,0.0,100.0,0.0,0.0,0.0
Q327954,1,92.0,92.0,1.0,1.0,2.0,2.0,0.0,0.0,0,0,1,0,0,,,,0.0,0.0,100.0,0.0,0.0
Q327968,1,247.0,247.0,0.0,0.0,0.0,0.0,1.0,1.0,1,1,1,1,1,,,,100.0,100.0,100.0,100.0,100.0
Q3280375,1,273.0,273.0,0.0,0.0,0.0,0.0,29.0,29.0,1,1,0,0,0,,,,100.0,100.0,0.0,0.0,0.0
Q32815,138,340.0,440.92,1.0,2.12,0.0,0.93,6.5,9.2,48,78,43,23,11,mosque,мешіт,мечеть,34.78,56.52,31.16,16.67,7.97
Q3282637,1,891.0,891.0,25.0,25.0,2.0,2.0,39.0,39.0,0,0,0,0,0,,,,0.0,0.0,0.0,0.0,0.0
Q3284499,1,94.0,94.0,1.0,1.0,1.0,1.0,7.0,7.0,0,0,1,0,0,,,,0.0,0.0,100.0,0.0,0.0
Q328468,2,173.5,173.5,0.5,0.5,0.5,0.5,2.0,2.0,1,1,1,0,0,,,,50.0,50.0,50.0,0.0,0.0
Q32880,27,275.0,410.33,1.0,2.0,1.0,1.3,10.0,18.3,5,12,12,0,0,,,,18.52,44.44,44.44,0.0,0.0
Q3289720,1,885.0,885.0,0.0,0.0,2.0,2.0,28.0,28.0,1,0,0,0,0,,,,100.0,0.0,0.0,0.0,0.0
Q329285,1,47.0,47.0,1.0,1.0,0.0,0.0,1.0,1.0,0,1,1,0,0,,,,0.0,100.0,100.0,0.0,0.0
Q329425,1,913.0,913.0,12.0,12.0,10.0,10.0,39.0,39.0,0,0,0,0,0,,,,0.0,0.0,0.0,0.0,0.0
Q3294789,1,40.0,40.0,0.0,0.0,0.0,0.0,4.0,4.0,1,1,1,1,1,,,,100.0,100.0,100.0,100.0,100.0
Q32966,1,302.0,302.0,0.0,0.0,0.0,0.0,16.0,16.0,1,1,0,0,0,,,,100.0,100.0,0.0,0.0,0.0
Q3297051,1,311.0,311.0,0.0,0.0,0.0,0.0,14.0,14.0,1,1,0,0,0,,,,100.0,100.0,0.0,0.0,0.0
Q3297186,1,66.0,66.0,0.0,0.0,0.0,0.0,8.0,8.0,1,1,1,1,1,,,,100.0,100.0,100.0,100.0,100.0
Q3298871,1,237.0,237.0,0.0,0.0,0.0,0.0,2.0,2.0,1,1,1,1,1,,,,100.0,100.0,100.0,100.0,100.0
Q3300022,1,165.0,165.0,1.0,1.0,0.0,0.0,20.0,20.0,0,1,1,0,0,,,,0.0,100.0,100.0,0.0,0.0
Q3300034,3,47.0,60.67,1.0,1.33,0.0,0.33,2.0,2.67,0,2,3,0,0,,,,0.0,66.67,100.0,0.0,0.0
Q33005,1,172.0,172.0,0.0,0.0,1.0,1.0,15.0,15.0,1,0,1,1,0,,,,100.0,0.0,100.0,100.0,0.0
Q3301053,13,256.0,356.46,0.0,0.23,0.0,0.46,2.0,7.23,10,10,6,6,5,,,,76.92,76.92,46.15,46.15,38.46
Q3302125,2,198.0,198.0,5.5,5.5,0.5,0.5,9.5,9.5,0,1,2,0,0,state decoration,state decoration,государственная награда,0.0,50.0,100.0,0.0,0.0
Q3303230,1,1038.0,1038.0,6.0,6.0,2.0,2.0,36.0,36.0,0,0,0,0,0,,,,0.0,0.0,0.0,0.0,0.0
Q3305213,34,211.0,281.53,1.0,1.24,1.0,0.74,7.0,7.0,15,14,20,7,2,,,,44.12,41.18,58.82,20.59,5.88
Q3305339,4,71.0,67.75,1.0,0.75,1.0,1.0,5.5,5.25,1,1,4,1,0,,,,25.0,25.0,100.0,25.0,0.0
Q33059434,1,65.0,65.0,3.0,3.0,1.0,1.0,0.0,0.0,0,0,1,0,0,,,,0.0,0.0,100.0,0.0,0.0
Q33060455,1,145.0,145.0,1.0,1.0,1.0,1.0,10.0,10.0,0,0,1,0,0,,,,0.0,0.0,100.0,0.0,0.0
Q3306046,1,106.0,106.0,0.0,0.0,3.0,3.0,1.0,1.0,1,0,1,1,0,,,,100.0,0.0,100.0,100.0,0.0
Q3307487,1,52.0,52.0,1.0,1.0,0.0,0.0,0.0,0.0,0,1,1,0,0,,,,0.0,100.0,100.0,0.0,0.0
Q3307578,3,510.0,554.0,7.0,6.67,0.0,0.33,11.0,11.0,0,2,0,0,0,,,,0.0,66.67,0.0,0.0,0.0
Q33104069,23,136.0,268.96,1.0,2.17,0.0,0.26,6.0,10.65,1,17,14,1,1,,,,4.35,73.91,60.87,4.35,4.35
Q33104129,16,223.0,368.75,1.5,1.56,0.0,0.19,5.5,10.19,4,14,10,3,3,,,,25.0,87.5,62.5,18.75,18.75
Q33104279,67,180.0,542.37,1.0,4.9,0.0,0.72,7.0,16.51,4,49,43,2,2,,,,5.97,73.13,64.18,2.99,2.99
Q33104303,15,433.0,563.93,1.0,2.73,0.0,1.13,17.0,27.27,0,8,6,0,0,,,,0.0,53.33,40.0,0.0,0.0
Q3311614,2,901.0,901.0,2.5,2.5,4.0,4.0,119.0,119.0,1,1,1,1,1,,,,50.0,50.0,50.0,50.0,50.0
Q33120876,3,267.0,305.33,1.0,1.0,0.0,0.0,8.0,10.0,1,3,1,1,1,,,,33.33,100.0,33.33,33.33,33.33
Q33120885,1,787.0,787.0,0.0,0.0,12.0,12.0,120.0,120.0,1,0,0,0,0,,,,100.0,0.0,0.0,0.0,0.0
Q33125444,3,305.0,830.67,0.0,0.0,1.0,0.67,9.0,9.67,3,1,1,1,1,,,,100.0,33.33,33.33,33.33,33.33
Q3314483,7,351.0,660.57,2.0,1.86,3.0,2.29,17.0,25.0,0,2,3,0,0,,,,0.0,28.57,42.86,0.0,0.0
Q33146843,395,262.0,268.12,0.0,0.05,0.0,0.17,7.0,7.15,392,337,12,12,12,,,,99.24,85.32,3.04,3.04,3.04
Q331644,17,800.0,1345.41,1.0,1.94,1.0,3.35,50.0,73.35,6,6,0,0,0,,,,35.29,35.29,0.0,0.0,0.0
Q331769,2,188.0,188.0,1.0,1.0,0.5,0.5,13.0,13.0,0,1,1,0,0,,,,0.0,50.0,50.0,0.0,0.0
Q33179355,5,168.0,180.6,0.0,0.0,1.0,0.6,4.0,4.8,5,2,4,4,2,,,,100.0,40.0,80.0,80.0,40.0
Q3317976,2,451.5,451.5,0.0,0.0,3.0,3.0,27.5,27.5,2,0,0,0,0,,,,100.0,0.0,0.0,0.0,0.0
Q3318059,2,2031.5,2031.5,16.0,16.0,3.0,3.0,68.5,68.5,0,1,0,0,0,,,,0.0,50.0,0.0,0.0,0.0
Q3320166,1,157.0,157.0,0.0,0.0,0.0,0.0,3.0,3.0,1,1,1,1,1,,,,100.0,100.0,100.0,100.0,100.0
Q3320743,46,179.0,404.98,1.0,1.57,0.0,0.57,9.5,31.72,13,32,29,9,6,title of honor,құрметті атақ,почётное звание,28.26,69.57,63.04,19.57,13.04
Q332102,2,282.5,282.5,1.0,1.0,0.5,0.5,9.5,9.5,0,1,1,0,0,,,,0.0,50.0,50.0,0.0,0.0
Q3321400,3,57.0,62.33,0.0,0.0,2.0,1.67,11.0,10.67,3,1,3,3,1,,,,100.0,33.33,100.0,100.0,33.33
Q33215,8,340.5,904.62,1.0,3.0,0.5,0.5,8.5,13.5,3,4,3,2,1,,,,37.5,50.0,37.5,25.0,12.5
Q3323432,1,745.0,745.0,7.0,7.0,2.0,2.0,26.0,26.0,0,0,0,0,0,,,,0.0,0.0,0.0,0.0,0.0
Q33260112,1,70.0,70.0,1.0,1.0,1.0,1.0,5.0,5.0,0,0,1,0,0,,,,0.0,0.0,100.0,0.0,0.0
Q332614,1,191.0,191.0,1.0,1.0,0.0,0.0,3.0,3.0,0,1,1,0,0,,,,0.0,100.0,100.0,0.0,0.0
Q3326454,1,30.0,30.0,1.0,1.0,0.0,0.0,1.0,1.0,0,1,1,0,0,,,,0.0,100.0,100.0,0.0,0.0
Q3326554,1,180.0,180.0,1.0,1.0,1.0,1.0,5.0,5.0,0,0,1,0,0,,,,0.0,0.0,100.0,0.0,0.0
Q3326717,16,282.5,610.12,1.0,1.38,0.0,1.12,12.5,21.0,6,9,7,4,2,,,,37.5,56.25,43.75,25.0,12.5
Q3326867,5,160.0,246.0,1.0,1.0,1.0,0.8,7.0,7.2,2,2,4,2,0,,,,40.0,40.0,80.0,40.0,0.0
Q3327228,2,259.0,259.0,0.0,0.0,0.5,0.5,40.5,40.5,2,1,1,1,0,,,,100.0,50.0,50.0,50.0,0.0
Q3327521,2,402.0,402.0,3.5,3.5,1.0,1.0,21.0,21.0,1,0,1,1,0,,,,50.0,0.0,50.0,50.0,0.0
Q3327862,11,280.0,209.36,0.0,0.36,0.0,0.09,6.0,7.45,7,10,5,3,3,,,,63.64,90.91,45.45,27.27,27.27
Q3327913,1,260.0,260.0,0.0,0.0,5.0,5.0,30.0,30.0,1,0,0,0,0,,,,100.0,0.0,0.0,0.0,0.0
Q332828,1,44.0,44.0,1.0,1.0,0.0,0.0,5.0,5.0,0,1,1,0,0,,,,0.0,100.0,100.0,0.0,0.0
Q3329375,2,558.0,558.0,0.0,0.0,0.0,0.0,49.0,49.0,2,2,1,1,1,,,,100.0,100.0,50.0,50.0,50.0
Q33294038,2,395.5,395.5,2.5,2.5,1.5,1.5,7.0,7.0,1,0,0,0,0,,,,50.0,0.0,0.0,0.0,0.0
Q3329412,8,596.0,729.88,4.5,4.62,0.0,0.38,19.5,18.38,1,6,0,0,0,archaeological museum,archaeological museum,археологический музей,12.5,75.0,0.0,0.0,0.0
Q33297169,3,374.0,397.33,0.0,0.0,1.0,0.67,6.0,6.67,3,1,0,0,0,,,,100.0,33.33,0.0,0.0,0.0
Q3331189,6,190.5,299.0,1.0,2.5,1.0,0.67,8.0,16.5,1,2,4,1,0,,,,16.67,33.33,66.67,16.67,0.0
Q333634,1,856.0,856.0,29.0,29.0,1.0,1.0,32.0,32.0,0,0,0,0,0,,,,0.0,0.0,0.0,0.0,0.0
Q3336843,4,1141.0,1018.0,5.5,4.75,2.5,3.5,47.0,53.0,1,0,0,0,0,,,,25.0,0.0,0.0,0.0,0.0
Q3337001,3,1146.0,1240.33,1.0,1.67,3.0,2.67,27.0,48.33,1,1,0,0,0,,,,33.33,33.33,0.0,0.0,0.0
Q33384,13,281.0,318.54,1.0,1.62,0.0,0.46,11.0,15.08,6,8,6,4,2,dialect,диалект,диалект,46.15,61.54,46.15,30.77,15.38
Q333921,1,96.0,96.0,1.0,1.0,0.0,0.0,2.0,2.0,0,1,1,0,0,,,,0.0,100.0,100.0,0.0,0.0
Q334166,7,416.0,432.29,1.0,2.0,1.0,1.57,22.0,17.29,2,1,3,1,0,,,,28.57,14.29,42.86,14.29,0.0
Q3343298,3,111.0,204.67,1.0,1.0,0.0,0.67,16.0,17.0,1,2,2,1,1,,,,33.33,66.67,66.67,33.33,33.33
Q334383,1,187.0,187.0,1.0,1.0,1.0,1.0,3.0,3.0,0,0,1,0,0,,,,0.0,0.0,100.0,0.0,0.0
Q334451,1,213.0,213.0,3.0,3.0,0.0,0.0,18.0,18.0,0,1,1,0,0,,,,0.0,100.0,100.0,0.0,0.0
Q334453,7,494.0,556.71,2.0,4.57,0.0,2.0,19.0,26.0,2,4,1,1,0,,,,28.57,57.14,14.29,14.29,0.0
Q334486,1,180.0,180.0,0.0,0.0,1.0,1.0,8.0,8.0,1,0,1,1,0,,,,100.0,0.0,100.0,100.0,0.0
Q3346693,2,735.5,735.5,3.0,3.0,3.5,3.5,14.0,14.0,0,1,1,0,0,,,,0.0,50.0,50.0,0.0,0.0
Q3348196,24,71.5,279.21,0.0,0.71,0.0,3.46,6.5,13.96,21,18,18,18,16,,,,87.5,75.0,75.0,75.0,66.67
Q33506,113,422.0,472.51,1.0,2.81,0.0,0.77,8.0,11.78,26,65,31,13,6,museum,мұражай,музей,23.01,57.52,27.43,11.5,5.31
Q33513999,1,253.0,253.0,1.0,1.0,2.0,2.0,8.0,8.0,0,0,0,0,0,,,,0.0,0.0,0.0,0.0,0.0
Q3352470,1,511.0,511.0,1.0,1.0,0.0,0.0,6.0,6.0,0,1,0,0,0,,,,0.0,100.0,0.0,0.0,0.0
Q335261,3,56.0,67.67,1.0,1.0,1.0,1.33,4.0,7.67,1,0,3,1,0,,,,33.33,0.0,100.0,33.33,0.0
Q33532284,5,492.0,448.2,0.0,0.0,1.0,3.0,65.0,52.4,5,2,2,2,2,,,,100.0,40.0,40.0,40.0,40.0
Q3354859,4,1186.5,3597.0,5.0,57.5,8.0,9.5,38.0,192.5,1,0,0,0,0,,,,25.0,0.0,0.0,0.0,0.0
Q3355930,1,1504.0,1504.0,2.0,2.0,2.0,2.0,25.0,25.0,0,0,0,0,0,,,,0.0,0.0,0.0,0.0,0.0
Q3356081,1,175.0,175.0,1.0,1.0,0.0,0.0,53.0,53.0,0,1,1,0,0,,,,0.0,100.0,100.0,0.0,0.0
Q335806,2,775.5,775.5,0.5,0.5,1.5,1.5,14.0,14.0,1,0,1,1,0,,,,50.0,0.0,50.0,50.0,0.0
Q336,10,274.0,496.3,1.0,1.0,0.5,0.8,7.5,19.5,2,5,3,0,0,,,,20.0,50.0,30.0,0.0,0.0
Q3361209,1,67.0,67.0,1.0,1.0,0.0,0.0,0.0,0.0,0,1,1,0,0,,,,0.0,100.0,100.0,0.0,0.0
Q3361747,1,102.0,102.0,2.0,2.0,0.0,0.0,3.0,3.0,0,1,1,0,0,,,,0.0,100.0,100.0,0.0,0.0
Q3362987,2,2082.0,2082.0,6.0,6.0,4.5,4.5,30.0,30.0,0,0,0,0,0,,,,0.0,0.0,0.0,0.0,0.0
Q3363945,1,189.0,189.0,0.0,0.0,1.0,1.0,2.0,2.0,1,0,1,1,0,,,,100.0,0.0,100.0,100.0,0.0
Q3364296,1,805.0,805.0,8.0,8.0,3.0,3.0,15.0,15.0,0,0,0,0,0,,,,0.0,0.0,0.0,0.0,0.0
Q336473,2,1110.5,1110.5,2.5,2.5,3.0,3.0,87.0,87.0,0,0,1,0,0,,,,0.0,0.0,50.0,0.0,0.0
Q3368210,1,37.0,37.0,1.0,1.0,1.0,1.0,2.0,2.0,0,0,1,0,0,,,,0.0,0.0,100.0,0.0,0.0
Q337060,1,153.0,153.0,1.0,1.0,0.0,0.0,4.0,4.0,0,1,1,0,0,perceptible physical object,perceptible physical object,предмет,0.0,100.0,100.0,0.0,0.0
Q33742,120,373.0,593.52,1.0,2.71,0.0,0.94,17.5,28.32,38,74,39,20,12,natural language,natural language,естественный язык,31.67,61.67,32.5,16.67,10.0
Q3374262,2,561.5,561.5,3.5,3.5,0.0,0.0,21.0,21.0,0,2,1,0,0,,,,0.0,100.0,50.0,0.0,0.0
Q3375722,9,168.0,247.67,0.0,0.22,1.0,0.56,4.0,6.22,7,4,5,3,2,,,,77.78,44.44,55.56,33.33,22.22
Q3378136,1,1656.0,1656.0,25.0,25.0,6.0,6.0,47.0,47.0,0,0,0,0,0,,,,0.0,0.0,0.0,0.0,0.0
Q337986,1,204.0,204.0,2.0,2.0,1.0,1.0,8.0,8.0,0,0,1,0,0,,,,0.0,0.0,100.0,0.0,0.0
Q3380760,1,201.0,201.0,1.0,1.0,1.0,1.0,12.0,12.0,0,0,1,0,0,,,,0.0,0.0,100.0,0.0,0.0
Q3382117,1,333.0,333.0,2.0,2.0,1.0,1.0,7.0,7.0,0,0,0,0,0,,,,0.0,0.0,0.0,0.0,0.0
Q33829,86,724.5,865.09,8.0,8.41,1.0,1.69,15.0,21.0,12,32,15,10,9,human population,human population,население,13.95,37.21,17.44,11.63,10.47
Q338313,1,1302.0,1302.0,22.0,22.0,0.0,0.0,15.0,15.0,0,1,0,0,0,business park,business park,бизнес-парк,0.0,100.0,0.0,0.0,0.0
Q33837,45,264.0,400.11,0.0,0.84,0.0,0.71,9.0,20.91,29,30,19,13,11,archipelago,Топарал,архипелаг,64.44,66.67,42.22,28.89,24.44
Q33881,1,1141.0,1141.0,2.0,2.0,27.0,27.0,163.0,163.0,0,0,0,0,0,,,,0.0,0.0,0.0,0.0,0.0
Q3390477,3,520.0,584.67,1.0,2.0,1.0,1.33,29.0,22.0,1,1,1,1,0,,,,33.33,33.33,33.33,33.33,0.0
Q339062,2,86.0,86.0,1.0,1.0,0.5,0.5,3.5,3.5,0,1,2,0,0,,,,0.0,50.0,100.0,0.0,0.0
Q339072,1,690.0,690.0,0.0,0.0,0.0,0.0,1.0,1.0,1,1,0,0,0,,,,100.0,100.0,0.0,0.0,0.0
Q3391448,1,688.0,688.0,1.0,1.0,1.0,1.0,44.0,44.0,0,0,0,0,0,,,,0.0,0.0,0.0,0.0,0.0
Q3391469,1,190.0,190.0,1.0,1.0,0.0,0.0,10.0,10.0,0,1,1,0,0,,,,0.0,100.0,100.0,0.0,0.0
Q339180,2,265.0,265.0,0.5,0.5,0.0,0.0,10.0,10.0,1,2,1,0,0,,,,50.0,100.0,50.0,0.0,0.0
Q3392253,2,131.0,131.0,0.5,0.5,1.0,1.0,4.5,4.5,1,0,2,1,0,,,,50.0,0.0,100.0,50.0,0.0
Q3392263,4,88.5,171.0,1.0,1.0,0.0,0.5,3.5,3.25,0,3,3,0,0,,,,0.0,75.0,75.0,0.0,0.0
Q339230,1,457.0,457.0,5.0,5.0,0.0,0.0,2.0,2.0,0,1,0,0,0,,,,0.0,100.0,0.0,0.0,0.0
Q3393392,3,309.0,442.67,1.0,0.67,2.0,1.33,9.0,11.0,1,1,1,0,0,,,,33.33,33.33,33.33,0.0,0.0
Q3395377,1,786.0,786.0,1.0,1.0,1.0,1.0,10.0,10.0,0,0,0,0,0,,,,0.0,0.0,0.0,0.0,0.0
Q3395383,1,477.0,477.0,1.0,1.0,0.0,0.0,7.0,7.0,0,1,0,0,0,,,,0.0,100.0,0.0,0.0,0.0
Q3397516,2,154.5,154.5,1.0,1.0,1.0,1.0,7.5,7.5,0,0,2,0,0,,,,0.0,0.0,100.0,0.0,0.0
Q3397519,1,959.0,959.0,11.0,11.0,1.0,1.0,21.0,21.0,0,0,0,0,0,,,,0.0,0.0,0.0,0.0,0.0
Q3397526,6,127.0,175.83,1.5,2.0,1.0,1.33,7.0,6.33,0,0,5,0,0,,,,0.0,0.0,83.33,0.0,0.0
Q3397551,2,134.5,134.5,1.0,1.0,1.0,1.0,8.0,8.0,0,0,2,0,0,,,,0.0,0.0,100.0,0.0,0.0
Q339834,1,6277.0,6277.0,39.0,39.0,17.0,17.0,389.0,389.0,0,0,0,0,0,,,,0.0,0.0,0.0,0.0,0.0
Q3399338,1,93.0,93.0,1.0,1.0,0.0,0.0,6.0,6.0,0,1,1,0,0,,,,0.0,100.0,100.0,0.0,0.0
Q3399646,1,136.0,136.0,3.0,3.0,1.0,1.0,4.0,4.0,0,0,1,0,0,,,,0.0,0.0,100.0,0.0,0.0
Q3399774,2,1575.0,1575.0,33.5,33.5,1.5,1.5,49.0,49.0,0,0,0,0,0,,,,0.0,0.0,0.0,0.0,0.0
Q3400794,2,305.5,305.5,2.0,2.0,1.5,1.5,20.0,20.0,0,0,1,0,0,,,,0.0,0.0,50.0,0.0,0.0
Q340169,7,191.0,1674.86,1.0,18.0,1.0,1.43,5.0,61.57,0,2,4,0,0,,,,0.0,28.57,57.14,0.0,0.0
Q34023,1,315.0,315.0,3.0,3.0,2.0,2.0,1.0,1.0,0,0,0,0,0,tumulus,tumulus,тумулус,0.0,0.0,0.0,0.0,0.0
Q34038,34,110.5,189.88,0.5,1.79,1.0,1.0,3.0,4.41,17,15,25,16,6,waterfall,Сарқырама,водопад,50.0,44.12,73.53,47.06,17.65
Q3405599,1,150.0,150.0,1.0,1.0,0.0,0.0,5.0,5.0,0,1,1,0,0,,,,0.0,100.0,100.0,0.0,0.0
Q3406659,1,98.0,98.0,1.0,1.0,1.0,1.0,8.0,8.0,0,0,1,0,0,,,,0.0,0.0,100.0,0.0,0.0
Q3406743,1,78.0,78.0,1.0,1.0,1.0,1.0,4.0,4.0,0,0,1,0,0,,,,0.0,0.0,100.0,0.0,0.0
Q3408368,1,287.0,287.0,1.0,1.0,1.0,1.0,13.0,13.0,0,0,0,0,0,,,,0.0,0.0,0.0,0.0,0.0
Q3409269,1,1221.0,1221.0,2.0,2.0,1.0,1.0,66.0,66.0,0,0,0,0,0,,,,0.0,0.0,0.0,0.0,0.0
Q341,21,317.0,613.1,1.0,5.19,1.0,0.76,10.0,15.86,7,10,8,5,2,,,,33.33,47.62,38.1,23.81,9.52
Q34262807,27,347.0,361.78,1.0,0.74,0.0,0.07,25.0,31.74,11,25,9,1,1,national association football super cup,national association football super cup,суперкубок страны по футболу,40.74,92.59,33.33,3.7,3.7
Q34315358,1,3770.0,3770.0,24.0,24.0,0.0,0.0,39.0,39.0,0,1,0,0,0,,,,0.0,100.0,0.0,0.0,0.0
Q3434769,1,78.0,78.0,1.0,1.0,0.0,0.0,6.0,6.0,0,1,1,0,0,,,,0.0,100.0,100.0,0.0,0.0
Q3435924,2,1017.5,1017.5,4.5,4.5,1.0,1.0,3.0,3.0,1,1,1,1,1,,,,50.0,50.0,50.0,50.0,50.0
Q34379,9,119.0,225.0,1.0,1.11,1.0,0.78,10.0,11.44,2,2,6,2,0,,,,22.22,22.22,66.67,22.22,0.0
Q34379419,88,154.0,158.59,1.0,1.09,0.0,0.01,7.0,7.43,1,87,86,1,1,sand area,sand area,песчаный массив,1.14,98.86,97.73,1.14,1.14
Q34394,5,350.0,936.8,1.0,0.8,0.0,0.6,8.0,12.4,2,4,2,0,0,,,,40.0,80.0,40.0,0.0,0.0
Q34439356,1,647.0,647.0,16.0,16.0,0.0,0.0,21.0,21.0,0,1,0,0,0,hurricane,hurricane,ураган,0.0,100.0,0.0,0.0,0.0
Q34442,16,204.5,254.88,1.0,1.5,0.0,3.25,14.5,23.62,5,10,12,5,2,road,автомобиль жолы,дорога,31.25,62.5,75.0,31.25,12.5
Q3446134,1,151.0,151.0,0.0,0.0,1.0,1.0,13.0,13.0,1,0,1,1,0,,,,100.0,0.0,100.0,100.0,0.0
Q34486,1,523.0,523.0,3.0,3.0,0.0,0.0,1.0,1.0,0,1,0,0,0,,,,0.0,100.0,0.0,0.0,0.0
Q3448837,1,1007.0,1007.0,1.0,1.0,2.0,2.0,27.0,27.0,0,0,0,0,0,,,,0.0,0.0,0.0,0.0,0.0
Q3449092,1,576.0,576.0,3.0,3.0,2.0,2.0,73.0,73.0,0,0,0,0,0,,,,0.0,0.0,0.0,0.0,0.0
Q3449457,5,709.0,741.6,10.0,9.8,0.0,0.4,17.0,22.6,0,3,0,0,0,,,,0.0,60.0,0.0,0.0,0.0
Q3451071,1,63.0,63.0,1.0,1.0,3.0,3.0,6.0,6.0,0,0,1,0,0,,,,0.0,0.0,100.0,0.0,0.0
Q34542757,12,807.5,1030.5,0.0,3.83,0.0,0.75,83.0,120.33,10,8,1,1,1,,,,83.33,66.67,8.33,8.33,8.33
Q34542788,2,1094.0,1094.0,0.0,0.0,0.5,0.5,231.5,231.5,2,1,0,0,0,,,,100.0,50.0,0.0,0.0,0.0
Q34542827,7,977.0,1730.14,0.0,2.57,1.0,14.43,116.0,134.57,4,3,1,1,1,,,,57.14,42.86,14.29,14.29,14.29
Q34548322,1,170.0,170.0,1.0,1.0,0.0,0.0,12.0,12.0,0,1,1,0,0,national association football competition,national association football competition,национальный футбольный турнир,0.0,100.0,100.0,0.0,0.0
Q34548345,1,860.0,860.0,1.0,1.0,1.0,1.0,123.0,123.0,0,0,0,0,0,,,,0.0,0.0,0.0,0.0,0.0
Q3455524,1,2319.0,2319.0,9.0,9.0,14.0,14.0,77.0,77.0,0,0,0,0,0,,,,0.0,0.0,0.0,0.0,0.0
Q3457057,1,253.0,253.0,2.0,2.0,2.0,2.0,15.0,15.0,0,0,0,0,0,,,,0.0,0.0,0.0,0.0,0.0
Q3457198,3,281.0,253.0,1.0,1.0,1.0,0.67,16.0,14.0,1,1,1,0,0,,,,33.33,33.33,33.33,0.0,0.0
Q34581,1,907.0,907.0,10.0,10.0,4.0,4.0,65.0,65.0,0,0,0,0,0,,,,0.0,0.0,0.0,0.0,0.0
Q34627,1,5115.0,5115.0,46.0,46.0,8.0,8.0,157.0,157.0,0,0,0,0,0,,,,0.0,0.0,0.0,0.0,0.0
Q3465,3,227.0,247.33,1.0,1.33,1.0,0.67,11.0,12.33,0,1,2,0,0,,,,0.0,33.33,66.67,0.0,0.0
Q34651,2,390.0,390.0,6.0,6.0,2.5,2.5,21.0,21.0,0,0,0,0,0,,,,0.0,0.0,0.0,0.0,0.0
Q34669510,1,254.0,254.0,0.0,0.0,1.0,1.0,6.0,6.0,1,0,0,0,0,,,,100.0,0.0,0.0,0.0,0.0
Q3467906,1,1017.0,1017.0,14.0,14.0,0.0,0.0,7.0,7.0,0,1,0,0,0,,,,0.0,100.0,0.0,0.0,0.0
Q3469910,2,316.0,316.0,2.0,2.0,1.5,1.5,24.5,24.5,1,0,0,0,0,,,,50.0,0.0,0.0,0.0,0.0
Q34760007,1,26.0,26.0,0.0,0.0,0.0,0.0,4.0,4.0,1,1,1,1,1,,,,100.0,100.0,100.0,100.0,100.0
Q34763,56,209.0,281.64,1.0,1.05,0.0,0.86,10.5,15.05,20,33,36,16,9,peninsula,түбек,полуостров,35.71,58.93,64.29,28.57,16.07
Q3476533,1,538.0,538.0,2.0,2.0,1.0,1.0,25.0,25.0,0,0,0,0,0,,,,0.0,0.0,0.0,0.0,0.0
Q34770,79,370.0,494.11,2.0,2.51,0.0,1.04,14.0,23.89,26,49,26,17,11,language,тіл,язык,32.91,62.03,32.91,21.52,13.92
Q3477381,1,183.0,183.0,9.0,9.0,0.0,0.0,11.0,11.0,0,1,1,0,0,,,,0.0,100.0,100.0,0.0,0.0
Q3480408,1,1615.0,1615.0,5.0,5.0,1.0,1.0,46.0,46.0,0,0,0,0,0,,,,0.0,0.0,0.0,0.0,0.0
Q3480697,1,236.0,236.0,0.0,0.0,1.0,1.0,19.0,19.0,1,0,1,1,0,,,,100.0,0.0,100.0,100.0,0.0
Q348091,5,111.0,485.6,1.0,3.4,1.0,1.8,9.0,33.0,1,0,3,1,0,,,,20.0,0.0,60.0,20.0,0.0
Q34812,1,162.0,162.0,2.0,2.0,0.0,0.0,0.0,0.0,0,1,1,0,0,,,,0.0,100.0,100.0,0.0,0.0
Q34843301,3,120.0,230.0,0.0,1.33,1.0,0.67,11.0,13.33,2,1,2,2,1,,,,66.67,33.33,66.67,66.67,33.33
Q34876,3,102.0,229.67,0.0,0.33,1.0,1.67,5.0,26.0,2,1,2,1,1,,,,66.67,33.33,66.67,33.33,33.33
Q349,11,249.0,864.55,1.0,4.09,1.0,0.64,8.0,17.18,2,5,6,2,1,sport,спорт,спорт,18.18,45.45,54.55,18.18,9.09
Q3491088,1,64.0,64.0,1.0,1.0,1.0,1.0,10.0,10.0,0,0,1,0,0,,,,0.0,0.0,100.0,0.0,0.0
Q3491832,2,542.5,542.5,4.5,4.5,0.0,0.0,35.0,35.0,0,2,0,0,0,,,,0.0,100.0,0.0,0.0,0.0
Q34918903,4,447.0,1728.75,0.5,15.75,1.5,6.5,13.5,42.5,2,1,2,2,1,,,,50.0,25.0,50.0,50.0,25.0
Q3491915,1,262.0,262.0,0.0,0.0,0.0,0.0,0.0,0.0,1,1,0,0,0,,,,100.0,100.0,0.0,0.0,0.0
Q3496097,1,8604.0,8604.0,209.0,209.0,7.0,7.0,228.0,228.0,0,0,0,0,0,,,,0.0,0.0,0.0,0.0,0.0
Q3497167,2,215.0,215.0,3.0,3.0,1.5,1.5,3.5,3.5,0,0,1,0,0,,,,0.0,0.0,50.0,0.0,0.0
Q3497366,1,93.0,93.0,0.0,0.0,0.0,0.0,2.0,2.0,1,1,1,1,1,,,,100.0,100.0,100.0,100.0,100.0
Q3497659,2,220.0,220.0,2.0,2.0,0.5,0.5,14.5,14.5,0,1,2,0,0,,,,0.0,50.0,100.0,0.0,0.0
Q3497768,2,127.0,127.0,1.0,1.0,0.0,0.0,5.5,5.5,0,2,2,0,0,dry lake,dry lake,бессточная западина,0.0,100.0,100.0,0.0,0.0
Q3498109,4,330.5,325.75,1.5,2.0,0.0,0.25,19.5,20.25,1,3,2,0,0,,,,25.0,75.0,50.0,0.0,0.0
Q34985575,1,185.0,185.0,0.0,0.0,3.0,3.0,7.0,7.0,1,0,1,1,0,,,,100.0,0.0,100.0,100.0,0.0
Q350151,1,430.0,430.0,6.0,6.0,0.0,0.0,13.0,13.0,0,1,0,0,0,,,,0.0,100.0,0.0,0.0,0.0
Q3502482,44,526.5,661.59,1.0,2.32,2.0,2.41,28.5,38.86,16,8,11,7,1,cultural region,cultural region,культурный регион,36.36,18.18,25.0,15.91,2.27
Q3502645,1,101.0,101.0,1.0,1.0,1.0,1.0,0.0,0.0,0,0,1,0,0,,,,0.0,0.0,100.0,0.0,0.0
Q35034452,1,286.0,286.0,1.0,1.0,0.0,0.0,6.0,6.0,0,1,0,0,0,,,,0.0,100.0,0.0,0.0,0.0
Q3503934,1,104.0,104.0,1.0,1.0,1.0,1.0,7.0,7.0,0,0,1,0,0,,,,0.0,0.0,100.0,0.0,0.0
Q3504085,1,378.0,378.0,2.0,2.0,0.0,0.0,0.0,0.0,0,1,0,0,0,,,,0.0,100.0,0.0,0.0,0.0
Q3504248,4,1314.0,3004.0,9.5,49.0,3.5,6.25,89.0,148.75,1,0,0,0,0,,,,25.0,0.0,0.0,0.0,0.0
Q350453,1,55.0,55.0,1.0,1.0,0.0,0.0,5.0,5.0,0,1,1,0,0,,,,0.0,100.0,100.0,0.0,0.0
Q3505239,1,67.0,67.0,1.0,1.0,1.0,1.0,4.0,4.0,0,0,1,0,0,,,,0.0,0.0,100.0,0.0,0.0
Q35054,1,989.0,989.0,18.0,18.0,0.0,0.0,8.0,8.0,0,1,0,0,0,,,,0.0,100.0,0.0,0.0,0.0
Q3505788,2,1224.0,1224.0,6.5,6.5,3.0,3.0,36.0,36.0,0,0,0,0,0,,,,0.0,0.0,0.0,0.0,0.0
Q3505845,3,48.0,167.67,1.0,1.0,0.0,0.0,2.0,5.67,0,3,2,0,0,,,,0.0,100.0,66.67,0.0,0.0
Q3505887,3,250.0,274.33,1.0,1.33,0.0,0.67,3.0,4.0,1,2,1,0,0,,,,33.33,66.67,33.33,0.0,0.0
Q350604,9,1596.0,1879.33,12.0,26.0,2.0,24.0,33.0,53.67,1,4,0,0,0,armed conflict,қарулы қақтығыс,вооружённый конфликт,11.11,44.44,0.0,0.0,0.0
Q350895,5,193.0,194.6,1.0,0.6,0.0,0.0,7.0,7.2,2,5,4,1,1,,,,40.0,100.0,80.0,20.0,20.0
Q3511132,2,318.5,318.5,5.5,5.5,0.5,0.5,20.5,20.5,0,1,1,0,0,,,,0.0,50.0,50.0,0.0,0.0
Q35112127,9,190.0,270.89,1.0,1.44,0.0,0.78,7.0,8.0,2,5,5,1,0,,,,22.22,55.56,55.56,11.11,0.0
Q3511952,1,75.0,75.0,1.0,1.0,1.0,1.0,3.0,3.0,0,0,1,0,0,,,,0.0,0.0,100.0,0.0,0.0
Q35127,81,288.0,526.6,2.0,7.41,0.0,0.54,11.0,19.68,15,55,36,11,7,website,Сайт,сайт,18.52,67.9,44.44,13.58,8.64
Q351389,2,306.0,306.0,6.0,6.0,1.5,1.5,18.0,18.0,1,1,1,1,1,,,,50.0,50.0,50.0,50.0,50.0
Q35145263,1,84.0,84.0,1.0,1.0,0.0,0.0,2.0,2.0,0,1,1,0,0,,,,0.0,100.0,100.0,0.0,0.0
Q351507,1,91.0,91.0,1.0,1.0,1.0,1.0,11.0,11.0,0,0,1,0,0,,,,0.0,0.0,100.0,0.0,0.0
Q351682,1,3683.0,3683.0,0.0,0.0,3.0,3.0,8.0,8.0,1,0,0,0,0,,,,100.0,0.0,0.0,0.0,0.0
Q3516833,2,290.5,290.5,2.5,2.5,1.0,1.0,13.5,13.5,0,1,1,0,0,,,,0.0,50.0,50.0,0.0,0.0
Q3516847,1,95.0,95.0,1.0,1.0,0.0,0.0,3.0,3.0,0,1,1,0,0,,,,0.0,100.0,100.0,0.0,0.0
Q3516862,3,148.0,149.33,1.0,1.0,2.0,1.33,9.0,9.33,1,1,3,1,0,,,,33.33,33.33,100.0,33.33,0.0
Q3516872,1,77.0,77.0,1.0,1.0,1.0,1.0,2.0,2.0,0,0,1,0,0,,,,0.0,0.0,100.0,0.0,0.0
Q351764,1,1916.0,1916.0,65.0,65.0,2.0,2.0,46.0,46.0,0,0,0,0,0,e-commerce payment system,e-commerce payment system,электронная платёжная система,0.0,0.0,0.0,0.0,0.0
Q3518248,1,182.0,182.0,1.0,1.0,1.0,1.0,21.0,21.0,0,0,1,0,0,,,,0.0,0.0,100.0,0.0,0.0
Q3518464,1,183.0,183.0,1.0,1.0,1.0,1.0,9.0,9.0,0,0,1,0,0,,,,0.0,0.0,100.0,0.0,0.0
Q3523867,8,84.5,95.38,2.0,1.88,0.0,0.0,8.0,7.62,0,8,8,0,0,,,,0.0,100.0,100.0,0.0,0.0
Q3525550,1,142.0,142.0,1.0,1.0,1.0,1.0,12.0,12.0,0,0,1,0,0,,,,0.0,0.0,100.0,0.0,0.0
Q3526250,1,793.0,793.0,0.0,0.0,0.0,0.0,187.0,187.0,1,1,0,0,0,,,,100.0,100.0,0.0,0.0,0.0
Q35277,1,214.0,214.0,2.0,2.0,0.0,0.0,13.0,13.0,0,1,1,0,0,,,,0.0,100.0,100.0,0.0,0.0
Q3529419,1,158.0,158.0,0.0,0.0,1.0,1.0,8.0,8.0,1,0,1,1,0,,,,100.0,0.0,100.0,100.0,0.0
Q3529618,1,104.0,104.0,0.0,0.0,0.0,0.0,3.0,3.0,1,1,1,1,1,,,,100.0,100.0,100.0,100.0,100.0
Q353240,1,196.0,196.0,0.0,0.0,1.0,1.0,2.0,2.0,1,0,1,1,0,,,,100.0,0.0,100.0,100.0,0.0
Q3532816,4,113.0,160.5,1.0,1.25,1.0,1.0,4.0,4.75,1,0,3,1,0,,,,25.0,0.0,75.0,25.0,0.0
Q353344,1,283.0,283.0,1.0,1.0,0.0,0.0,6.0,6.0,0,1,0,0,0,,,,0.0,100.0,0.0,0.0,0.0
Q3533467,3,795.0,596.33,1.0,2.0,0.0,0.67,28.0,23.0,0,2,1,0,0,,,,0.0,66.67,33.33,0.0,0.0
Q3536928,1,607.0,607.0,14.0,14.0,0.0,0.0,19.0,19.0,0,1,0,0,0,,,,0.0,100.0,0.0,0.0,0.0
Q353834,1,239.0,239.0,0.0,0.0,0.0,0.0,13.0,13.0,1,1,1,1,1,,,,100.0,100.0,100.0,100.0,100.0
Q3539169,1,69.0,69.0,1.0,1.0,0.0,0.0,5.0,5.0,0,1,1,0,0,,,,0.0,100.0,100.0,0.0,0.0
Q35395,1,373.0,373.0,3.0,3.0,0.0,0.0,11.0,11.0,0,1,0,0,0,,,,0.0,100.0,0.0,0.0,0.0
Q354091,1,58.0,58.0,1.0,1.0,0.0,0.0,6.0,6.0,0,1,1,0,0,,,,0.0,100.0,100.0,0.0,0.0
Q35456,6,77.0,177.83,1.0,0.83,1.0,1.0,2.5,5.83,2,1,5,2,1,,,,33.33,16.67,83.33,33.33,16.67
Q3546112,3,166.0,149.33,2.0,2.0,0.0,0.0,5.0,5.67,0,3,3,0,0,,,,0.0,100.0,100.0,0.0,0.0
Q3546121,1,71.0,71.0,1.0,1.0,0.0,0.0,3.0,3.0,0,1,1,0,0,,,,0.0,100.0,100.0,0.0,0.0
Q354869,1,652.0,652.0,0.0,0.0,0.0,0.0,6.0,6.0,1,1,0,0,0,,,,100.0,100.0,0.0,0.0,0.0
Q355020,1,239.0,239.0,0.0,0.0,1.0,1.0,6.0,6.0,1,0,1,1,0,,,,100.0,0.0,100.0,100.0,0.0
Q3550873,8,82.5,156.38,0.5,0.62,0.0,0.12,4.5,7.0,4,7,6,4,4,,,,50.0,87.5,75.0,50.0,50.0
Q35509,30,333.0,501.63,2.0,4.57,0.0,0.53,5.0,11.7,4,23,10,2,2,cave,үңгір,пещера,13.33,76.67,33.33,6.67,6.67
Q3551519,1,218.0,218.0,0.0,0.0,1.0,1.0,1.0,1.0,1,0,1,1,0,,,,100.0,0.0,100.0,100.0,0.0
Q3551775,12,248.5,237.83,1.0,1.25,1.0,0.75,3.0,3.58,5,5,6,4,3,,,,41.67,41.67,50.0,33.33,25.0
Q3551872,1,82.0,82.0,0.0,0.0,1.0,1.0,2.0,2.0,1,0,1,1,0,,,,100.0,0.0,100.0,100.0,0.0
Q355304,9,142.0,189.89,1.0,1.0,0.0,0.11,6.0,7.67,3,8,8,3,2,watercourse,Су ағыны,водоток,33.33,88.89,88.89,33.33,22.22
Q35535,1,125.0,125.0,2.0,2.0,1.0,1.0,26.0,26.0,0,0,1,0,0,police,Полиция,полиция,0.0,0.0,100.0,0.0,0.0
Q355567,48,158.0,276.62,1.0,1.73,0.0,0.77,7.0,15.44,19,28,32,14,7,,,,39.58,58.33,66.67,29.17,14.58
Q3557982,2,272.0,272.0,1.0,1.0,1.0,1.0,14.0,14.0,0,0,1,0,0,,,,0.0,0.0,50.0,0.0,0.0
Q3558970,1,91.0,91.0,1.0,1.0,0.0,0.0,7.0,7.0,0,1,1,0,0,,,,0.0,100.0,100.0,0.0,0.0
Q3559,1,435.0,435.0,3.0,3.0,3.0,3.0,15.0,15.0,0,0,0,0,0,,,,0.0,0.0,0.0,0.0,0.0
Q3559093,2,953.5,953.5,20.0,20.0,0.0,0.0,7.0,7.0,1,2,1,1,1,,,,50.0,100.0,50.0,50.0,50.0
Q35657,50,383.5,848.5,1.5,10.3,0.0,2.34,19.5,43.06,17,28,12,9,8,,,,34.0,56.0,24.0,18.0,16.0
Q3566043,1,76.0,76.0,1.0,1.0,0.0,0.0,4.0,4.0,0,1,1,0,0,,,,0.0,100.0,100.0,0.0,0.0
Q35666,37,161.0,169.89,1.0,1.27,0.0,0.0,4.0,4.92,0,37,36,0,0,glacier,мұздық,ледник,0.0,100.0,97.3,0.0,0.0
Q356674,1,345.0,345.0,0.0,0.0,0.0,0.0,14.0,14.0,1,1,0,0,0,,,,100.0,100.0,0.0,0.0,0.0
Q3567586,4,82.5,168.0,1.0,1.0,0.5,0.75,2.5,2.75,0,2,3,0,0,,,,0.0,50.0,75.0,0.0,0.0
Q3573839,6,83.0,89.0,0.0,0.0,0.0,0.0,26.0,28.33,6,6,6,6,6,,,,100.0,100.0,100.0,100.0,100.0
Q357384,2,107.5,107.5,0.5,0.5,2.0,2.0,0.0,0.0,1,0,2,1,0,,,,50.0,0.0,100.0,50.0,0.0
Q35749,5,441.0,550.4,3.0,3.6,0.0,0.4,17.0,24.0,0,3,1,0,0,,,,0.0,60.0,20.0,0.0,0.0
Q3575260,1,105.0,105.0,3.0,3.0,0.0,0.0,5.0,5.0,0,1,1,0,0,bijou,bijou,бижутерия,0.0,100.0,100.0,0.0,0.0
Q357679,1,672.0,672.0,5.0,5.0,3.0,3.0,16.0,16.0,0,0,0,0,0,,,,0.0,0.0,0.0,0.0,0.0
Q3577649,1,124.0,124.0,1.0,1.0,1.0,1.0,9.0,9.0,0,0,1,0,0,,,,0.0,0.0,100.0,0.0,0.0
Q3577883,1,215.0,215.0,3.0,3.0,0.0,0.0,4.0,4.0,0,1,1,0,0,,,,0.0,100.0,100.0,0.0,0.0
Q35798,7,916.0,1059.29,2.0,9.14,2.0,8.14,33.0,44.0,1,3,2,1,1,executive branch,атқарушы билік,исполнительная власть,14.29,42.86,28.57,14.29,14.29
Q358,5,537.0,2517.0,2.0,4.6,1.0,39.8,13.0,114.6,1,2,1,1,1,heritage site,heritage site,национальный объект культурного наследия,20.0,40.0,20.0,20.0,20.0
Q35825432,2,296.0,296.0,1.0,1.0,0.0,0.0,16.5,16.5,0,2,1,0,0,,,,0.0,100.0,50.0,0.0,0.0
Q3586152,1,490.0,490.0,1.0,1.0,2.0,2.0,18.0,18.0,0,0,0,0,0,,,,0.0,0.0,0.0,0.0,0.0
Q35865,1,120.0,120.0,1.0,1.0,0.0,0.0,0.0,0.0,0,1,1,0,0,,,,0.0,100.0,100.0,0.0,0.0
Q3587148,1,2425.0,2425.0,26.0,26.0,2.0,2.0,115.0,115.0,0,0,0,0,0,,,,0.0,0.0,0.0,0.0,0.0
Q3588250,3,515.0,659.0,3.0,5.0,0.0,0.67,5.0,9.33,0,2,1,0,0,,,,0.0,66.67,33.33,0.0,0.0
Q3588251,1,128.0,128.0,2.0,2.0,0.0,0.0,4.0,4.0,0,1,1,0,0,,,,0.0,100.0,100.0,0.0,0.0
Q3589422,1,87.0,87.0,1.0,1.0,0.0,0.0,15.0,15.0,0,1,1,0,0,,,,0.0,100.0,100.0,0.0,0.0
Q358976,1,523.0,523.0,5.0,5.0,0.0,0.0,1.0,1.0,0,1,0,0,0,,,,0.0,100.0,0.0,0.0,0.0
Q3591867,2,376.0,376.0,2.0,2.0,0.5,0.5,22.5,22.5,0,1,1,0,0,,,,0.0,50.0,50.0,0.0,0.0
Q360418,1,279.0,279.0,0.0,0.0,1.0,1.0,1.0,1.0,1,0,0,0,0,,,,100.0,0.0,0.0,0.0,0.0
Q3606845,1,410.0,410.0,1.0,1.0,0.0,0.0,22.0,22.0,0,1,0,0,0,,,,0.0,100.0,0.0,0.0,0.0
Q3607962,2,155.0,155.0,1.0,1.0,0.0,0.0,9.5,9.5,0,2,2,0,0,,,,0.0,100.0,100.0,0.0,0.0
Q361132,1,49.0,49.0,1.0,1.0,1.0,1.0,5.0,5.0,0,0,1,0,0,,,,0.0,0.0,100.0,0.0,0.0
Q36133,1,82.0,82.0,1.0,1.0,0.0,0.0,11.0,11.0,0,1,1,0,0,,,,0.0,100.0,100.0,0.0,0.0
Q36161,3,124.0,159.67,1.0,1.0,1.0,0.67,9.0,6.33,0,1,2,0,0,,,,0.0,33.33,66.67,0.0,0.0
Q36180,1,856.0,856.0,29.0,29.0,1.0,1.0,32.0,32.0,0,0,0,0,0,,,,0.0,0.0,0.0,0.0,0.0
Q361909,1,1247.0,1247.0,15.0,15.0,5.0,5.0,95.0,95.0,0,0,0,0,0,,,,0.0,0.0,0.0,0.0,0.0
Q36205316,1,1656.0,1656.0,0.0,0.0,0.0,0.0,297.0,297.0,1,1,0,0,0,,,,100.0,100.0,0.0,0.0,0.0
Q362111,1,81.0,81.0,1.0,1.0,0.0,0.0,8.0,8.0,0,1,1,0,0,,,,0.0,100.0,100.0,0.0,0.0
Q3621673,1,274.0,274.0,1.0,1.0,0.0,0.0,0.0,0.0,0,1,0,0,0,,,,0.0,100.0,0.0,0.0,0.0
Q36218176,1,474.0,474.0,3.0,3.0,0.0,0.0,4.0,4.0,0,1,0,0,0,,,,0.0,100.0,0.0,0.0,0.0
Q362200,3,152.0,186.0,1.0,1.0,1.0,0.67,6.0,7.33,1,1,2,0,0,,,,33.33,33.33,66.67,0.0,0.0
Q3622002,2,420.0,420.0,1.5,1.5,1.5,1.5,27.0,27.0,0,0,0,0,0,,,,0.0,0.0,0.0,0.0,0.0
Q3622070,1,641.0,641.0,0.0,0.0,1.0,1.0,93.0,93.0,1,0,0,0,0,,,,100.0,0.0,0.0,0.0,0.0
Q3622126,1,588.0,588.0,9.0,9.0,0.0,0.0,8.0,8.0,0,1,0,0,0,,,,0.0,100.0,0.0,0.0,0.0
Q3623716,1,377.0,377.0,2.0,2.0,0.0,0.0,26.0,26.0,0,1,0,0,0,,,,0.0,100.0,0.0,0.0,0.0
Q3623811,1,5006.0,5006.0,95.0,95.0,9.0,9.0,206.0,206.0,0,0,0,0,0,,,,0.0,0.0,0.0,0.0,0.0
Q3624078,196,1285.5,2023.31,7.0,12.48,1.0,3.56,63.5,102.61,0,76,0,0,0,sovereign state,тәуелсіз мемлекет,суверенное государство,0.0,38.78,0.0,0.0,0.0
Q362482,1,83.0,83.0,0.0,0.0,0.0,0.0,7.0,7.0,1,1,1,1,1,,,,100.0,100.0,100.0,100.0,100.0
Q3624938,1,244.0,244.0,0.0,0.0,0.0,0.0,6.0,6.0,1,1,1,1,1,,,,100.0,100.0,100.0,100.0,100.0
Q3629395,1,503.0,503.0,2.0,2.0,1.0,1.0,1.0,1.0,0,0,0,0,0,,,,0.0,0.0,0.0,0.0,0.0
Q363511,2,165.0,165.0,1.0,1.0,0.0,0.0,2.0,2.0,0,2,2,0,0,,,,0.0,100.0,100.0,0.0,0.0
Q36382,1,228.0,228.0,2.0,2.0,1.0,1.0,12.0,12.0,0,0,1,0,0,,,,0.0,0.0,100.0,0.0,0.0
Q363948,1,22.0,22.0,0.0,0.0,0.0,0.0,2.0,2.0,1,1,1,1,1,,,,100.0,100.0,100.0,100.0,100.0
Q36442,2,563.5,563.5,1.5,1.5,0.0,0.0,8.0,8.0,0,2,1,0,0,,,,0.0,100.0,50.0,0.0,0.0
Q3647172,16,74.5,78.12,1.0,0.75,0.0,0.19,2.5,4.88,4,13,16,4,2,,,,25.0,81.25,100.0,25.0,12.5
Q36509592,6,310.5,542.83,1.5,4.17,0.5,1.0,16.5,25.0,2,3,3,2,1,,,,33.33,50.0,50.0,33.33,16.67
Q36524,2,677.5,677.5,3.5,3.5,1.0,1.0,17.0,17.0,0,1,0,0,0,,,,0.0,50.0,0.0,0.0,0.0
Q36539,2,54.0,54.0,1.0,1.0,1.0,1.0,2.5,2.5,0,0,2,0,0,,,,0.0,0.0,100.0,0.0,0.0
Q3656924,1,348.0,348.0,1.0,1.0,0.0,0.0,7.0,7.0,0,1,0,0,0,,,,0.0,100.0,0.0,0.0,0.0
Q3658341,40,214.0,379.1,0.0,1.25,1.0,0.92,4.0,9.95,21,17,21,11,7,,,,52.5,42.5,52.5,27.5,17.5
Q3658631,3,351.0,463.0,0.0,0.33,1.0,0.67,23.0,23.67,2,1,0,0,0,,,,66.67,33.33,0.0,0.0,0.0
Q3660535,1,377.0,377.0,0.0,0.0,1.0,1.0,1.0,1.0,1,0,0,0,0,,,,100.0,0.0,0.0,0.0,0.0
Q36646373,3,353.0,513.33,1.0,2.0,0.0,0.33,10.0,11.33,0,2,1,0,0,,,,0.0,66.67,33.33,0.0,0.0
Q367293,3,110.0,154.33,1.0,0.67,0.0,0.33,6.0,7.0,1,2,2,0,0,,,,33.33,66.67,66.67,0.0,0.0
Q367359,1,104.0,104.0,1.0,1.0,0.0,0.0,2.0,2.0,0,1,1,0,0,,,,0.0,100.0,100.0,0.0,0.0
Q36784,30,495.0,630.37,0.5,2.13,1.0,3.83,27.0,38.57,15,13,6,6,3,,,,50.0,43.33,20.0,20.0,10.0
Q3678424,5,303.0,338.8,0.0,0.2,0.0,0.0,8.0,8.8,4,5,0,0,0,,,,80.0,100.0,0.0,0.0,0.0
Q368290,2,365.0,365.0,2.0,2.0,0.0,0.0,7.0,7.0,0,2,0,0,0,film distributor,film distributor,кинодистрибьютор,0.0,100.0,0.0,0.0,0.0
Q3685462,1,649.0,649.0,0.0,0.0,1.0,1.0,1.0,1.0,1,0,0,0,0,,,,100.0,0.0,0.0,0.0,0.0
Q3685476,279,277.0,278.93,0.0,0.02,0.0,0.03,3.0,3.14,278,272,0,0,0,,,,99.64,97.49,0.0,0.0,0.0
Q3685477,6,267.0,267.67,0.0,0.0,0.0,0.0,3.0,3.0,6,6,0,0,0,,,,100.0,100.0,0.0,0.0,0.0
Q368716,1,289.0,289.0,1.0,1.0,2.0,2.0,23.0,23.0,0,0,0,0,0,,,,0.0,0.0,0.0,0.0,0.0
Q36906466,1,3768.0,3768.0,14.0,14.0,4.0,4.0,159.0,159.0,0,0,0,0,0,,,,0.0,0.0,0.0,0.0,0.0
Q3695082,2,86.0,86.0,1.5,1.5,0.5,0.5,6.5,6.5,0,1,2,0,0,sign,Сигнификат,знак,0.0,50.0,100.0,0.0,0.0
Q36956983,1,202.0,202.0,3.0,3.0,1.0,1.0,6.0,6.0,0,0,1,0,0,,,,0.0,0.0,100.0,0.0,0.0
Q36963,1,88.0,88.0,0.0,0.0,0.0,0.0,1.0,1.0,1,1,1,1,1,,,,100.0,100.0,100.0,100.0,100.0
Q369730,1,161.0,161.0,3.0,3.0,1.0,1.0,11.0,11.0,0,0,1,0,0,,,,0.0,0.0,100.0,0.0,0.0
Q36975,2,177.5,177.5,1.0,1.0,0.0,0.0,4.0,4.0,1,2,1,0,0,,,,50.0,100.0,50.0,0.0,0.0
Q36993249,1,99.0,99.0,1.0,1.0,1.0,1.0,13.0,13.0,0,0,1,0,0,,,,0.0,0.0,100.0,0.0,0.0
Q3699460,1,334.0,334.0,1.0,1.0,1.0,1.0,12.0,12.0,0,0,0,0,0,defile,defile,defile,0.0,0.0,0.0,0.0,0.0
Q37002670,13,507.0,617.31,2.0,4.31,1.0,3.54,21.0,24.15,2,5,5,2,0,unicameral legislature,unicameral legislature,однопалатный парламент,15.38,38.46,38.46,15.38,0.0
Q3702971,2,328.5,328.5,5.0,5.0,0.5,0.5,11.5,11.5,0,1,1,0,0,,,,0.0,50.0,50.0,0.0,0.0
Q3703274,2,163.5,163.5,0.0,0.0,5.0,5.0,26.5,26.5,2,0,2,2,0,,,,100.0,0.0,100.0,100.0,0.0
Q3704243,3,351.0,325.0,2.0,2.67,0.0,0.33,12.0,15.33,1,2,1,1,0,,,,33.33,66.67,33.33,33.33,0.0
Q37045,6,373.0,384.5,0.5,0.67,1.0,1.5,10.5,9.5,3,0,1,1,0,,,,50.0,0.0,16.67,16.67,0.0
Q3706138,1,179.0,179.0,1.0,1.0,0.0,0.0,4.0,4.0,0,1,1,0,0,,,,0.0,100.0,100.0,0.0,0.0
Q3706669,1,73.0,73.0,1.0,1.0,0.0,0.0,2.0,2.0,0,1,1,0,0,,,,0.0,100.0,100.0,0.0,0.0
Q3707571,4,235.5,373.5,3.0,5.5,0.0,0.5,9.0,10.25,0,3,2,0,0,,,,0.0,75.0,50.0,0.0,0.0
Q37105,1,119.0,119.0,1.0,1.0,3.0,3.0,6.0,6.0,0,0,1,0,0,,,,0.0,0.0,100.0,0.0,0.0
Q37172,1,142.0,142.0,1.0,1.0,0.0,0.0,21.0,21.0,0,1,1,0,0,,,,0.0,100.0,100.0,0.0,0.0
Q37178026,2,1416.5,1416.5,0.5,0.5,1.5,1.5,88.0,88.0,1,1,0,0,0,,,,50.0,50.0,0.0,0.0,0.0
Q3718755,1,1204.0,1204.0,1.0,1.0,3.0,3.0,50.0,50.0,0,0,0,0,0,,,,0.0,0.0,0.0,0.0,0.0
Q371983,1,75.0,75.0,1.0,1.0,0.0,0.0,4.0,4.0,0,1,1,0,0,,,,0.0,100.0,100.0,0.0,0.0
Q372363,1,457.0,457.0,5.0,5.0,0.0,0.0,2.0,2.0,0,1,0,0,0,,,,0.0,100.0,0.0,0.0,0.0
Q372923,3,71.0,90.67,1.0,1.0,1.0,1.0,3.0,4.33,1,1,3,1,0,,,,33.33,33.33,100.0,33.33,0.0
Q373315,10,303.0,305.2,3.0,3.0,0.0,0.0,10.0,10.0,0,10,0,0,0,,,,0.0,100.0,0.0,0.0,0.0
Q373442,1,89.0,89.0,0.0,0.0,0.0,0.0,2.0,2.0,1,1,1,1,1,,,,100.0,100.0,100.0,100.0,100.0
Q3736076,1,465.0,465.0,9.0,9.0,0.0,0.0,10.0,10.0,0,1,0,0,0,,,,0.0,100.0,0.0,0.0,0.0
Q373609,4,157.5,138.5,1.5,1.5,0.0,0.25,9.5,10.0,0,3,4,0,0,water pipeline,Су жүргізгіш,водопровод,0.0,75.0,100.0,0.0,0.0
Q3736859,1,382.0,382.0,0.0,0.0,0.0,0.0,33.0,33.0,1,1,0,0,0,,,,100.0,100.0,0.0,0.0,0.0
Q3737914,1,350.0,350.0,1.0,1.0,3.0,3.0,20.0,20.0,0,0,0,0,0,,,,0.0,0.0,0.0,0.0,0.0
Q373822,1,97.0,97.0,1.0,1.0,0.0,0.0,3.0,3.0,0,1,1,0,0,,,,0.0,100.0,100.0,0.0,0.0
Q3738939,1,77.0,77.0,1.0,1.0,0.0,0.0,10.0,10.0,0,1,1,0,0,,,,0.0,100.0,100.0,0.0,0.0
Q373899,1,1298.0,1298.0,9.0,9.0,1.0,1.0,102.0,102.0,0,0,0,0,0,,,,0.0,0.0,0.0,0.0,0.0
Q374182,1,330.0,330.0,0.0,0.0,1.0,1.0,2.0,2.0,1,0,0,0,0,,,,100.0,0.0,0.0,0.0,0.0
Q374259,1,149.0,149.0,1.0,1.0,1.0,1.0,11.0,11.0,0,0,1,0,0,,,,0.0,0.0,100.0,0.0,0.0
Q3742928,1,2787.0,2787.0,3.0,3.0,7.0,7.0,176.0,176.0,0,0,0,0,0,folk culture,folk culture,народная культура,0.0,0.0,0.0,0.0,0.0
Q3743695,2,77.0,77.0,1.0,1.0,0.5,0.5,9.0,9.0,0,1,2,0,0,,,,0.0,50.0,100.0,0.0,0.0
Q374445,1,74.0,74.0,1.0,1.0,0.0,0.0,0.0,0.0,0,1,1,0,0,,,,0.0,100.0,100.0,0.0,0.0
Q3744866,1,214.0,214.0,8.0,8.0,2.0,2.0,17.0,17.0,0,0,1,0,0,,,,0.0,0.0,100.0,0.0,0.0
Q374814,1,455.0,455.0,0.0,0.0,0.0,0.0,14.0,14.0,1,1,0,0,0,,,,100.0,100.0,0.0,0.0,0.0
Q37484,11,484.0,765.45,1.0,2.73,1.0,0.64,13.0,17.55,2,5,4,0,0,,,,18.18,45.45,36.36,0.0,0.0
Q375011,10,252.0,588.9,1.0,8.5,0.0,0.4,10.5,21.4,2,8,5,1,1,,,,20.0,80.0,50.0,10.0,10.0
Q37501518,1,95.0,95.0,1.0,1.0,1.0,1.0,2.0,2.0,0,0,1,0,0,,,,0.0,0.0,100.0,0.0,0.0
Q375336,10,280.0,516.6,1.5,2.2,0.0,0.5,7.0,20.1,3,9,3,0,0,,,,30.0,90.0,30.0,0.0,0.0
Q375355,11,83.0,220.64,0.0,0.36,1.0,0.64,8.0,26.18,8,4,7,6,0,,,,72.73,36.36,63.64,54.55,0.0
Q375471,2,144.5,144.5,0.0,0.0,0.0,0.0,2.5,2.5,2,2,2,2,2,,,,100.0,100.0,100.0,100.0,100.0
Q3757179,1,192.0,192.0,0.0,0.0,1.0,1.0,32.0,32.0,1,0,1,1,0,,,,100.0,0.0,100.0,100.0,0.0
Q3757442,1,273.0,273.0,0.0,0.0,0.0,0.0,18.0,18.0,1,1,0,0,0,,,,100.0,100.0,0.0,0.0,0.0
Q375843,3,321.0,238.0,1.0,1.0,0.0,0.33,7.0,10.33,1,2,1,1,1,,,,33.33,66.67,33.33,33.33,33.33
Q375928,7,271.0,849.86,2.0,2.71,1.0,1.29,13.0,31.86,1,3,3,1,1,lower house,lower house,нижняя палата парламента,14.29,42.86,42.86,14.29,14.29
Q376,2,364.0,364.0,2.5,2.5,1.5,1.5,27.5,27.5,0,0,1,0,0,,,,0.0,0.0,50.0,0.0,0.0
Q376346,1,46.0,46.0,1.0,1.0,0.0,0.0,1.0,1.0,0,1,1,0,0,,,,0.0,100.0,100.0,0.0,0.0
Q3764344,1,318.0,318.0,1.0,1.0,0.0,0.0,3.0,3.0,0,1,0,0,0,,,,0.0,100.0,0.0,0.0,0.0
Q37654,1,530.0,530.0,0.0,0.0,0.0,0.0,0.0,0.0,1,1,0,0,0,,,,100.0,100.0,0.0,0.0,0.0
Q376657,2,204.5,204.5,2.0,2.0,0.5,0.5,1.5,1.5,1,1,1,1,1,,,,50.0,50.0,50.0,50.0,50.0
Q376799,2,227.5,227.5,2.5,2.5,0.0,0.0,6.0,6.0,0,2,1,0,0,,,,0.0,100.0,50.0,0.0,0.0
Q3769299,5,138.0,393.4,1.0,0.8,0.0,0.0,4.0,6.0,2,5,3,0,0,,,,40.0,100.0,60.0,0.0,0.0
Q376935,1,259.0,259.0,0.0,0.0,0.0,0.0,3.0,3.0,1,1,0,0,0,deposit insurance,deposit insurance,система страхования вкладов,100.0,100.0,0.0,0.0,0.0
Q3771738,2,1331.5,1331.5,27.0,27.0,2.5,2.5,36.0,36.0,0,0,0,0,0,,,,0.0,0.0,0.0,0.0,0.0
Q37726,6,413.5,996.83,2.0,6.5,6.5,7.5,27.5,33.5,0,0,1,0,0,army,армия,сухопутные войска,0.0,0.0,16.67,0.0,0.0
Q37736399,1,3110.0,3110.0,14.0,14.0,3.0,3.0,125.0,125.0,0,0,0,0,0,traditional craft,traditional craft,traditional craft,0.0,0.0,0.0,0.0,0.0
Q37756,6,74.0,84.17,1.0,1.0,0.0,0.17,3.0,2.67,1,5,6,1,1,,,,16.67,83.33,100.0,16.67,16.67
Q3775649,2,324.5,324.5,1.0,1.0,0.0,0.0,7.5,7.5,1,2,1,1,1,,,,50.0,100.0,50.0,50.0,50.0
Q377688,1,744.0,744.0,1.0,1.0,0.0,0.0,128.0,128.0,0,1,0,0,0,,,,0.0,100.0,0.0,0.0,0.0
Q3778211,2,206.5,206.5,2.5,2.5,1.0,1.0,7.5,7.5,0,1,2,0,0,,,,0.0,50.0,100.0,0.0,0.0
Q3778417,1,277.0,277.0,1.0,1.0,1.0,1.0,13.0,13.0,0,0,0,0,0,,,,0.0,0.0,0.0,0.0,0.0
Q37800986,3,220.0,223.0,0.0,0.0,0.0,0.0,5.0,3.67,3,3,2,2,2,,,,100.0,100.0,66.67,66.67,66.67
Q378078,1,214.0,214.0,2.0,2.0,0.0,0.0,13.0,13.0,0,1,1,0,0,,,,0.0,100.0,100.0,0.0,0.0
Q37813,3,462.0,369.0,1.0,1.33,1.0,1.67,39.0,32.0,0,0,1,0,0,,,,0.0,0.0,33.33,0.0,0.0
Q378427,3,596.0,568.0,6.0,6.0,1.0,1.33,36.0,30.67,0,0,1,0,0,,,,0.0,0.0,33.33,0.0,0.0
Q378636,3,272.0,288.33,0.0,0.33,0.0,0.0,6.0,6.67,2,3,0,0,0,,,,66.67,100.0,0.0,0.0,0.0
Q37866906,1,94.0,94.0,3.0,3.0,0.0,0.0,4.0,4.0,0,1,1,0,0,,,,0.0,100.0,100.0,0.0,0.0
Q37901,40,161.5,204.2,0.0,0.75,0.0,0.35,8.0,8.2,26,27,32,22,12,strait,бұғаз,пролив,65.0,67.5,80.0,55.0,30.0
Q379231,6,155.5,227.0,0.0,0.17,0.0,0.33,2.5,4.17,5,5,5,4,3,,,,83.33,83.33,83.33,66.67,50.0
Q37933789,3,107.0,113.33,1.0,0.67,1.0,1.0,3.0,4.33,1,1,3,1,0,,,,33.33,33.33,100.0,33.33,0.0
Q37947496,2,364.0,364.0,0.5,0.5,0.5,0.5,38.0,38.0,1,1,1,1,0,,,,50.0,50.0,50.0,50.0,0.0
Q37947505,1,694.0,694.0,1.0,1.0,0.0,0.0,73.0,73.0,0,1,0,0,0,,,,0.0,100.0,0.0,0.0,0.0
Q379817,1,291.0,291.0,0.0,0.0,0.0,0.0,2.0,2.0,1,1,0,0,0,,,,100.0,100.0,0.0,0.0,0.0
Q37985280,1,197.0,197.0,0.0,0.0,2.0,2.0,6.0,6.0,1,0,1,1,0,,,,100.0,0.0,100.0,100.0,0.0
Q380093,2,450.5,450.5,1.5,1.5,0.5,0.5,35.0,35.0,0,1,1,0,0,,,,0.0,50.0,50.0,0.0,0.0
Q38033430,23,1794.0,2206.7,3.0,22.3,1.0,16.22,116.0,262.48,1,10,2,0,0,,,,4.35,43.48,8.7,0.0,0.0
Q38048707,2,186.5,186.5,0.5,0.5,1.5,1.5,9.0,9.0,1,0,1,0,0,,,,50.0,0.0,50.0,0.0,0.0
Q38048753,1,392.0,392.0,3.0,3.0,2.0,2.0,7.0,7.0,0,0,0,0,0,,,,0.0,0.0,0.0,0.0,0.0
Q38058796,14,170.5,349.79,0.0,0.93,0.0,0.36,14.5,15.57,9,9,8,6,4,,,,64.29,64.29,57.14,42.86,28.57
Q380782,1,1787.0,1787.0,18.0,18.0,3.0,3.0,77.0,77.0,0,0,0,0,0,,,,0.0,0.0,0.0,0.0,0.0
Q380962,1,1252.0,1252.0,16.0,16.0,3.0,3.0,22.0,22.0,0,0,0,0,0,,,,0.0,0.0,0.0,0.0,0.0
Q381045,1,70.0,70.0,1.0,1.0,0.0,0.0,1.0,1.0,0,1,1,0,0,,,,0.0,100.0,100.0,0.0,0.0
Q381148,1,191.0,191.0,1.0,1.0,1.0,1.0,8.0,8.0,0,0,1,0,0,,,,0.0,0.0,100.0,0.0,0.0
Q381160,1,32.0,32.0,1.0,1.0,0.0,0.0,2.0,2.0,0,1,1,0,0,,,,0.0,100.0,100.0,0.0,0.0
Q381165,2,320.0,320.0,0.0,0.0,0.0,0.0,15.5,15.5,2,2,1,1,1,,,,100.0,100.0,50.0,50.0,50.0
Q381243,1,310.0,310.0,0.0,0.0,0.0,0.0,3.0,3.0,1,1,0,0,0,,,,100.0,100.0,0.0,0.0,0.0
Q381360,2,87.5,87.5,1.0,1.0,1.5,1.5,5.5,5.5,0,0,2,0,0,,,,0.0,0.0,100.0,0.0,0.0
Q3814081,2,388.0,388.0,3.0,3.0,0.5,0.5,29.5,29.5,0,1,0,0,0,,,,0.0,50.0,0.0,0.0,0.0
Q381885,6,625.0,1384.33,1.0,8.33,0.0,1.83,7.0,31.5,2,4,2,1,0,,,,33.33,66.67,33.33,16.67,0.0
Q382927,7,403.0,346.43,0.0,0.14,1.0,2.29,38.0,36.14,6,2,2,2,0,,,,85.71,28.57,28.57,28.57,0.0
Q383092,1,234.0,234.0,1.0,1.0,1.0,1.0,39.0,39.0,0,0,1,0,0,,,,0.0,0.0,100.0,0.0,0.0
Q3832952,1,361.0,361.0,0.0,0.0,0.0,0.0,6.0,6.0,1,1,0,0,0,,,,100.0,100.0,0.0,0.0,0.0
Q383340,1,841.0,841.0,9.0,9.0,0.0,0.0,10.0,10.0,0,1,0,0,0,,,,0.0,100.0,0.0,0.0,0.0
Q3834991,1,80.0,80.0,1.0,1.0,0.0,0.0,0.0,0.0,0,1,1,0,0,,,,0.0,100.0,100.0,0.0,0.0
Q3835961,11,277.0,272.82,0.0,0.0,0.0,0.0,3.0,3.0,11,11,0,0,0,,,,100.0,100.0,0.0,0.0,0.0
Q3839081,11,315.0,321.91,3.0,3.73,0.0,0.27,11.0,19.18,2,8,5,2,1,disaster,апат,катастрофа,18.18,72.73,45.45,18.18,9.09
Q3839507,3,524.0,640.67,3.0,2.67,1.0,0.67,37.0,40.0,0,1,0,0,0,,,,0.0,33.33,0.0,0.0,0.0
Q383973,1,713.0,713.0,4.0,4.0,1.0,1.0,21.0,21.0,0,0,0,0,0,,,,0.0,0.0,0.0,0.0,0.0
Q3841820,18,298.0,283.72,2.0,2.0,2.0,1.89,6.0,6.22,1,1,5,1,1,,,,5.56,5.56,27.78,5.56,5.56
Q3844310,1,503.0,503.0,5.0,5.0,1.0,1.0,3.0,3.0,0,0,0,0,0,,,,0.0,0.0,0.0,0.0,0.0
Q384515,2,385.0,385.0,6.0,6.0,1.0,1.0,11.0,11.0,0,1,0,0,0,,,,0.0,50.0,0.0,0.0,0.0
Q3855553,1,399.0,399.0,2.0,2.0,0.0,0.0,6.0,6.0,0,1,0,0,0,,,,0.0,100.0,0.0,0.0,0.0
Q385853,4,506.0,713.0,2.0,2.75,1.0,4.25,4.0,5.5,1,1,2,1,1,,,,25.0,25.0,50.0,25.0,25.0
Q38593919,1,861.0,861.0,4.0,4.0,3.0,3.0,15.0,15.0,0,0,0,0,0,,,,0.0,0.0,0.0,0.0,0.0
Q3859407,1,37.0,37.0,1.0,1.0,0.0,0.0,4.0,4.0,0,1,1,0,0,,,,0.0,100.0,100.0,0.0,0.0
Q386208,2,224.0,224.0,1.5,1.5,1.0,1.0,11.5,11.5,1,0,1,1,0,,,,50.0,0.0,50.0,50.0,0.0
Q3863,1368,233.0,237.7,1.0,1.04,1.0,1.14,8.0,8.04,4,338,1177,3,2,,,,0.29,24.71,86.04,0.22,0.15
Q386426,1,259.0,259.0,0.0,0.0,0.0,0.0,6.0,6.0,1,1,0,0,0,,,,100.0,100.0,0.0,0.0,0.0
Q38672,3,125.0,140.0,1.0,0.67,1.0,1.0,2.0,2.33,1,1,3,1,0,,,,33.33,33.33,100.0,33.33,0.0
Q386724,2,260.5,260.5,5.0,5.0,0.0,0.0,6.5,6.5,0,2,1,0,0,,,,0.0,100.0,50.0,0.0,0.0
Q3867560,3,189.0,311.33,0.0,0.67,2.0,1.67,9.0,7.33,2,0,2,1,0,,,,66.67,0.0,66.67,33.33,0.0
Q38723,20,384.5,473.95,0.5,1.45,0.5,1.25,15.5,15.3,10,10,7,5,3,,,,50.0,50.0,35.0,25.0,15.0
Q38786485,3,224.0,352.0,1.0,1.67,0.0,0.33,6.0,4.67,0,2,2,0,0,,,,0.0,66.67,66.67,0.0,0.0
Q3879425,1,694.0,694.0,1.0,1.0,0.0,0.0,73.0,73.0,0,1,0,0,0,,,,0.0,100.0,0.0,0.0,0.0
Q3882219,4,591.0,542.25,7.5,7.25,0.0,0.5,8.5,14.5,0,3,1,0,0,,,,0.0,75.0,25.0,0.0,0.0
Q388330,1,59.0,59.0,1.0,1.0,0.0,0.0,6.0,6.0,0,1,1,0,0,,,,0.0,100.0,100.0,0.0,0.0
Q3884033,2,124.0,124.0,1.0,1.0,0.5,0.5,4.0,4.0,0,1,2,0,0,,,,0.0,50.0,100.0,0.0,0.0
Q3889692,3,289.0,325.67,3.0,2.67,0.0,0.33,7.0,7.0,0,2,1,0,0,,,,0.0,66.67,33.33,0.0,0.0
Q3890208,2,2055.5,2055.5,8.0,8.0,6.5,6.5,30.0,30.0,0,0,0,0,0,,,,0.0,0.0,0.0,0.0,0.0
Q38911,1,2420.0,2420.0,31.0,31.0,6.0,6.0,70.0,70.0,0,0,0,0,0,,,,0.0,0.0,0.0,0.0,0.0
Q389459,2,723.0,723.0,8.5,8.5,5.5,5.5,29.5,29.5,0,0,0,0,0,,,,0.0,0.0,0.0,0.0,0.0
Q389772,1,145.0,145.0,1.0,1.0,0.0,0.0,0.0,0.0,0,1,1,0,0,,,,0.0,100.0,100.0,0.0,0.0
Q3901935,2,960.5,960.5,4.0,4.0,3.5,3.5,51.5,51.5,1,0,0,0,0,,,,50.0,0.0,0.0,0.0,0.0
Q390248,2,1014.5,1014.5,8.0,8.0,0.5,0.5,6.0,6.0,0,1,1,0,0,,,,0.0,50.0,50.0,0.0,0.0
Q3908403,1,236.0,236.0,0.0,0.0,1.0,1.0,0.0,0.0,1,0,1,1,0,,,,100.0,0.0,100.0,100.0,0.0
Q391009,1,74.0,74.0,1.0,1.0,1.0,1.0,4.0,4.0,0,0,1,0,0,,,,0.0,0.0,100.0,0.0,0.0
Q3914,9,177.0,218.67,1.0,1.44,1.0,0.78,5.0,7.11,3,3,6,2,0,school,мектеп,школа,33.33,33.33,66.67,22.22,0.0
Q391414,14,109.5,265.64,1.0,1.86,1.0,0.86,6.0,8.29,2,6,10,1,0,architectural element,architectural element,строительный блок,14.29,42.86,71.43,7.14,0.0
Q3917681,10,174.5,216.2,1.0,1.3,0.0,0.6,4.5,6.3,0,7,7,0,0,embassy,елшілік,посольство,0.0,70.0,70.0,0.0,0.0
Q3918,147,408.0,797.38,1.0,4.23,1.0,1.15,9.0,21.03,69,68,44,38,26,university,университет,университет,46.94,46.26,29.93,25.85,17.69
Q3918374,3,101.0,110.0,1.0,1.0,0.0,0.33,8.0,8.0,0,2,3,0,0,,,,0.0,66.67,100.0,0.0,0.0
Q39201,1,297.0,297.0,0.0,0.0,1.0,1.0,3.0,3.0,1,0,0,0,0,,,,100.0,0.0,0.0,0.0,0.0
Q3920906,1,161.0,161.0,0.0,0.0,1.0,1.0,16.0,16.0,1,0,1,1,0,,,,100.0,0.0,100.0,100.0,0.0
Q3922583,6,169.0,290.67,1.0,1.67,0.0,0.33,2.5,6.17,1,4,4,1,1,,,,16.67,66.67,66.67,16.67,16.67
Q3924032,5,79.0,81.0,1.0,0.8,0.0,0.2,2.0,2.4,1,4,5,1,0,,,,20.0,80.0,100.0,20.0,0.0
Q3924474,1,218.0,218.0,0.0,0.0,0.0,0.0,5.0,5.0,1,1,1,1,1,,,,100.0,100.0,100.0,100.0,100.0
Q392648,1,58.0,58.0,1.0,1.0,0.0,0.0,5.0,5.0,0,1,1,0,0,,,,0.0,100.0,100.0,0.0,0.0
Q392928,14,598.5,754.21,2.0,2.0,0.0,0.79,33.0,40.86,0,10,3,0,0,,,,0.0,71.43,21.43,0.0,0.0
Q39293,1,615.0,615.0,0.0,0.0,0.0,0.0,26.0,26.0,1,1,0,0,0,,,,100.0,100.0,0.0,0.0,0.0
Q3932025,3,330.0,268.67,1.0,0.67,1.0,0.67,7.0,6.0,1,1,1,0,0,,,,33.33,33.33,33.33,0.0,0.0
Q3932035,2,351.0,351.0,0.5,0.5,0.5,0.5,9.0,9.0,1,1,0,0,0,,,,50.0,50.0,0.0,0.0,0.0
Q3932296,4,3219.5,3075.0,1.0,10.0,0.5,1.0,22.5,28.5,2,2,0,0,0,,,,50.0,50.0,0.0,0.0,0.0
Q393308,3,97.0,97.0,1.0,1.0,0.0,0.0,3.0,4.0,0,3,3,0,0,,,,0.0,100.0,100.0,0.0,0.0
Q393351,1,376.0,376.0,7.0,7.0,0.0,0.0,3.0,3.0,0,1,0,0,0,,,,0.0,100.0,0.0,0.0,0.0
Q3935690,12,267.0,321.83,2.0,2.0,0.0,0.5,7.0,10.0,2,8,6,1,1,,,,16.67,66.67,50.0,8.33,8.33
Q39367,22,307.0,722.14,0.5,1.91,1.0,1.73,5.0,13.0,11,10,9,7,5,,,,50.0,45.45,40.91,31.82,22.73
Q3947,2,474.5,474.5,3.0,3.0,0.0,0.0,7.5,7.5,0,2,1,0,0,,,,0.0,100.0,50.0,0.0,0.0
Q39495,1,39.0,39.0,1.0,1.0,0.0,0.0,3.0,3.0,0,1,1,0,0,,,,0.0,100.0,100.0,0.0,0.0
Q3950801,1,571.0,571.0,1.0,1.0,0.0,0.0,31.0,31.0,0,1,0,0,0,,,,0.0,100.0,0.0,0.0,0.0
Q3953107,7,73.0,159.14,1.0,0.57,0.0,0.43,5.0,8.29,3,4,5,2,2,,,,42.86,57.14,71.43,28.57,28.57
Q39546,11,98.0,181.27,1.0,1.27,0.0,0.27,5.0,9.36,0,8,9,0,0,,,,0.0,72.73,81.82,0.0,0.0
Q3955017,2,135.5,135.5,1.0,1.0,1.0,1.0,4.5,4.5,0,0,2,0,0,,,,0.0,0.0,100.0,0.0,0.0
Q3955369,1,106.0,106.0,1.0,1.0,0.0,0.0,3.0,3.0,0,1,1,0,0,,,,0.0,100.0,100.0,0.0,0.0
Q39558,1,93.0,93.0,1.0,1.0,0.0,0.0,5.0,5.0,0,1,1,0,0,,,,0.0,100.0,100.0,0.0,0.0
Q3957,450,298.0,311.51,1.0,0.99,0.0,0.38,6.0,7.91,188,320,102,52,32,,,,41.78,71.11,22.67,11.56,7.11
Q3958441,11,578.0,968.82,2.0,2.27,2.0,1.91,25.0,24.64,1,4,3,1,0,,,,9.09,36.36,27.27,9.09,0.0
Q39594,56,187.5,205.02,1.0,0.96,0.0,0.43,6.0,8.29,23,44,45,20,14,bay,шығанақ,залив,41.07,78.57,80.36,35.71,25.0
Q395994,2,549.0,549.0,3.0,3.0,2.5,2.5,2.5,2.5,0,1,0,0,0,,,,0.0,50.0,0.0,0.0,0.0
Q39604065,4,128.0,127.75,1.0,1.0,0.5,1.0,8.5,8.25,0,2,4,0,0,,,,0.0,50.0,100.0,0.0,0.0
Q39604693,1,79.0,79.0,1.0,1.0,1.0,1.0,1.0,1.0,0,0,1,0,0,,,,0.0,0.0,100.0,0.0,0.0
Q39614,12,234.0,281.5,1.0,1.5,0.0,0.42,11.5,16.42,4,10,7,2,2,cemetery,зират,кладбище,33.33,83.33,58.33,16.67,16.67
Q3963243,1,376.0,376.0,7.0,7.0,0.0,0.0,3.0,3.0,0,1,0,0,0,,,,0.0,100.0,0.0,0.0,0.0
Q3965272,3,109.0,116.33,1.0,1.33,0.0,0.67,11.0,10.0,0,2,3,0,0,,,,0.0,66.67,100.0,0.0,0.0
Q3965281,8,178.5,210.0,1.0,1.5,0.5,0.5,9.5,10.75,2,4,6,2,1,,,,25.0,50.0,75.0,25.0,12.5
Q3966,2,166.0,166.0,0.5,0.5,0.5,0.5,7.5,7.5,1,1,2,1,0,,,,50.0,50.0,100.0,50.0,0.0
Q3968640,3,478.0,517.33,4.0,9.0,0.0,0.0,10.0,13.0,0,3,0,0,0,,,,0.0,100.0,0.0,0.0,0.0
Q39699875,2,137.5,137.5,2.0,2.0,0.5,0.5,2.5,2.5,0,1,2,0,0,,,,0.0,50.0,100.0,0.0,0.0
Q39715,6,668.5,672.5,4.0,7.17,2.5,2.67,5.5,12.0,1,2,2,0,0,lighthouse,Шамшырақ,маяк,16.67,33.33,33.33,0.0,0.0
Q39725049,7,267.0,312.14,2.0,1.57,1.0,0.71,12.0,12.43,1,3,3,1,1,,,,14.29,42.86,42.86,14.29,14.29
Q3976641,1,471.0,471.0,5.0,5.0,0.0,0.0,14.0,14.0,0,1,0,0,0,,,,0.0,100.0,0.0,0.0,0.0
Q3977918,3,431.0,428.0,4.0,5.33,1.0,1.67,21.0,17.67,0,0,1,0,0,,,,0.0,0.0,33.33,0.0,0.0
Q3979448,2,85.0,85.0,1.0,1.0,0.0,0.0,3.0,3.0,0,2,2,0,0,,,,0.0,100.0,100.0,0.0,0.0
Q39804,20,416.5,460.6,2.0,2.7,2.0,1.7,21.5,22.55,0,3,1,0,0,,,,0.0,15.0,5.0,0.0,0.0
Q39816,36,140.5,200.72,0.0,0.64,0.0,0.92,9.5,12.83,20,19,26,19,10,valley,аңғар,долина,55.56,52.78,72.22,52.78,27.78
Q3982337,1,475.0,475.0,1.0,1.0,0.0,0.0,25.0,25.0,0,1,0,0,0,,,,0.0,100.0,0.0,0.0,0.0
Q39825,10,2415.5,2447.6,0.0,4.0,1.0,4.4,74.5,88.9,6,3,1,1,0,census,Халық санағы,перепись населения,60.0,30.0,10.0,10.0,0.0
Q39833,1,111.0,111.0,1.0,1.0,1.0,1.0,1.0,1.0,0,0,1,0,0,,,,0.0,0.0,100.0,0.0,0.0
Q39911,8,48.0,90.88,0.0,0.12,0.0,0.38,2.0,15.62,7,7,7,7,7,,,,87.5,87.5,87.5,87.5,87.5
Q399445,1,319.0,319.0,1.0,1.0,0.0,0.0,6.0,6.0,0,1,0,0,0,,,,0.0,100.0,0.0,0.0,0.0
Q399495,9,114.0,795.0,1.0,1.44,1.0,1.11,17.0,35.33,4,4,5,4,1,standard language,әдеби тіл,стандартный язык,44.44,44.44,55.56,44.44,11.11
Q3998530,1,498.0,498.0,0.0,0.0,2.0,2.0,21.0,21.0,1,0,0,0,0,,,,100.0,0.0,0.0,0.0,0.0
Q399984,3,242.0,247.33,0.0,0.0,2.0,1.67,25.0,34.0,3,0,2,2,0,,,,100.0,0.0,66.67,66.67,0.0
Q39999225,3,141.0,286.67,0.0,0.67,0.0,0.33,12.0,12.33,2,2,2,1,1,,,,66.67,66.67,66.67,33.33,33.33
Q4,1,748.0,748.0,21.0,21.0,0.0,0.0,56.0,56.0,0,1,0,0,0,death,өлім,смерть,0.0,100.0,0.0,0.0,0.0
Q40034430,1,96.0,96.0,1.0,1.0,2.0,2.0,4.0,4.0,0,0,1,0,0,,,,0.0,0.0,100.0,0.0,0.0
Q4004706,21,187.0,473.24,1.0,1.29,1.0,4.29,11.0,15.48,4,7,12,3,2,,,,19.05,33.33,57.14,14.29,9.52
Q40050,7,61.0,133.14,1.0,1.0,0.0,0.43,3.0,5.71,1,4,6,1,0,drink,сусындар,напиток,14.29,57.14,85.71,14.29,0.0
Q40056,2,2417.5,2417.5,33.0,33.0,1.5,1.5,87.0,87.0,1,1,0,0,0,,,,50.0,50.0,0.0,0.0,0.0
Q4005772,1,68.0,68.0,1.0,1.0,0.0,0.0,3.0,3.0,0,1,1,0,0,,,,0.0,100.0,100.0,0.0,0.0
Q4006,3,70.0,304.0,1.0,2.67,0.0,0.33,0.0,1.33,0,2,2,0,0,,,,0.0,66.67,66.67,0.0,0.0
Q40080,2,74.5,74.5,0.0,0.0,1.0,1.0,2.0,2.0,2,0,2,2,0,,,,100.0,0.0,100.0,100.0,0.0
Q402092,1,664.0,664.0,2.0,2.0,5.0,5.0,34.0,34.0,0,0,0,0,0,,,,0.0,0.0,0.0,0.0,0.0
Q40218,2,140.5,140.5,1.0,1.0,1.0,1.0,8.5,8.5,0,0,2,0,0,,,,0.0,0.0,100.0,0.0,0.0
Q4022,23712,295.0,293.88,3.0,2.91,0.0,0.01,11.0,11.06,168,23555,802,133,71,river,өзен,река,0.71,99.34,3.38,0.56,0.3
Q40231,10,2373.5,2165.6,21.5,26.9,1.5,7.3,75.0,85.1,1,3,1,1,0,public election,сайлау,выборы,10.0,30.0,10.0,10.0,0.0
Q40244,1,2448.0,2448.0,40.0,40.0,0.0,0.0,5.0,5.0,0,1,0,0,0,marathon,Марафон,марафон,0.0,100.0,0.0,0.0,0.0
Q4026292,4,208.0,209.5,2.5,2.25,0.0,0.25,11.0,23.5,0,3,2,0,0,,,,0.0,75.0,50.0,0.0,0.0
Q4030620,1,223.0,223.0,1.0,1.0,1.0,1.0,8.0,8.0,0,0,1,0,0,,,,0.0,0.0,100.0,0.0,0.0
Q403523,14,598.5,754.21,2.0,2.0,0.0,0.79,33.0,40.86,0,10,3,0,0,,,,0.0,71.43,21.43,0.0,0.0
Q40357,4,144.5,233.25,1.0,2.25,0.5,1.0,1.0,1.5,2,2,3,2,1,,,,50.0,50.0,75.0,50.0,25.0
Q40397,3,135.0,148.67,1.0,1.67,1.0,0.67,11.0,8.67,0,1,3,0,0,,,,0.0,33.33,100.0,0.0,0.0
Q40434727,1,424.0,424.0,1.0,1.0,0.0,0.0,17.0,17.0,0,1,0,0,0,,,,0.0,100.0,0.0,0.0,0.0
Q40482169,2,569.0,569.0,9.0,9.0,1.5,1.5,24.5,24.5,0,1,1,0,0,,,,0.0,50.0,50.0,0.0,0.0
Q405155,1,5056.0,5056.0,4.0,4.0,3.0,3.0,100.0,100.0,0,0,0,0,0,trade route,trade route,торговый путь,0.0,0.0,0.0,0.0,0.0
Q4056382,1,205.0,205.0,1.0,1.0,0.0,0.0,7.0,7.0,0,1,1,0,0,,,,0.0,100.0,100.0,0.0,0.0
Q4056396,1,2622.0,2622.0,5.0,5.0,2.0,2.0,75.0,75.0,0,0,0,0,0,,,,0.0,0.0,0.0,0.0,0.0
Q4057633,1,513.0,513.0,3.0,3.0,9.0,9.0,33.0,33.0,0,0,0,0,0,,,,0.0,0.0,0.0,0.0,0.0
Q4057732,2,2486.0,2486.0,13.0,13.0,11.5,11.5,84.5,84.5,1,0,0,0,0,,,,50.0,0.0,0.0,0.0,0.0
Q4063087,1,421.0,421.0,0.0,0.0,0.0,0.0,59.0,59.0,1,1,0,0,0,,,,100.0,100.0,0.0,0.0,0.0
Q4070702,1,350.0,350.0,1.0,1.0,1.0,1.0,14.0,14.0,0,0,0,0,0,,,,0.0,0.0,0.0,0.0,0.0
Q4072190,2,259.0,259.0,0.5,0.5,1.0,1.0,7.5,7.5,1,0,1,1,0,,,,50.0,0.0,50.0,50.0,0.0
Q4073603,1,272.0,272.0,3.0,3.0,0.0,0.0,8.0,8.0,0,1,0,0,0,,,,0.0,100.0,0.0,0.0,0.0
Q407384,1,54.0,54.0,1.0,1.0,0.0,0.0,5.0,5.0,0,1,1,0,0,,,,0.0,100.0,100.0,0.0,0.0
Q40763,1,486.0,486.0,0.0,0.0,1.0,1.0,4.0,4.0,1,0,0,0,0,,,,100.0,0.0,0.0,0.0,0.0
Q4077390,1,22.0,22.0,0.0,0.0,0.0,0.0,7.0,7.0,1,1,1,1,1,,,,100.0,100.0,100.0,100.0,100.0
Q40843,2,268.0,268.0,1.5,1.5,1.0,1.0,15.0,15.0,0,0,1,0,0,,,,0.0,0.0,50.0,0.0,0.0
Q4085712,1,317.0,317.0,1.0,1.0,0.0,0.0,11.0,11.0,0,1,0,0,0,,,,0.0,100.0,0.0,0.0,0.0
Q408804,2,863.0,863.0,1.0,1.0,3.0,3.0,25.0,25.0,0,1,0,0,0,,,,0.0,50.0,0.0,0.0,0.0
Q4088159,1,545.0,545.0,0.0,0.0,1.0,1.0,56.0,56.0,1,0,0,0,0,,,,100.0,0.0,0.0,0.0,0.0
Q408891,8,270.5,315.12,1.0,1.0,0.0,0.5,8.5,11.5,3,5,3,0,0,,,,37.5,62.5,37.5,0.0,0.0
Q4089509,1,36.0,36.0,1.0,1.0,1.0,1.0,4.0,4.0,0,0,1,0,0,,,,0.0,0.0,100.0,0.0,0.0
Q40953,4,1112.0,949.0,1.5,1.5,1.0,1.25,41.5,42.0,1,1,1,0,0,,,,25.0,25.0,25.0,0.0,0.0
Q4099851,1,67.0,67.0,1.0,1.0,0.0,0.0,2.0,2.0,0,1,1,0,0,,,,0.0,100.0,100.0,0.0,0.0
Q4100864,3,579.0,605.0,5.0,5.33,0.0,0.0,26.0,28.0,0,3,0,0,0,,,,0.0,100.0,0.0,0.0,0.0
Q41014950,5,133.0,128.8,1.0,1.2,0.0,0.4,4.0,7.6,1,4,4,1,1,,,,20.0,80.0,80.0,20.0,20.0
Q4105914,1,30.0,30.0,1.0,1.0,0.0,0.0,1.0,1.0,0,1,1,0,0,,,,0.0,100.0,100.0,0.0,0.0
Q41067667,8,187.0,297.62,0.5,0.5,0.0,0.38,9.0,14.62,4,7,4,3,3,,,,50.0,87.5,50.0,37.5,37.5
Q41068772,3,151.0,293.0,1.0,1.0,1.0,0.67,19.0,31.67,1,1,2,1,0,,,,33.33,33.33,66.67,33.33,0.0
Q41108733,1,1175.0,1175.0,6.0,6.0,1.0,1.0,31.0,31.0,0,0,0,0,0,,,,0.0,0.0,0.0,0.0,0.0
Q4114178,3,1779.0,1778.33,1.0,1.0,1.0,1.0,203.0,183.67,0,0,0,0,0,,,водохозяйственный участок,0.0,0.0,0.0,0.0,0.0
Q4115113,9,341.0,374.22,2.0,1.67,1.0,0.67,14.0,11.89,0,3,4,0,0,,,,0.0,33.33,44.44,0.0,0.0
Q4115658,1,214.0,214.0,0.0,0.0,0.0,0.0,6.0,6.0,1,1,1,1,1,,,,100.0,100.0,100.0,100.0,100.0
Q4115680,5,306.0,580.8,0.0,0.4,2.0,2.2,5.0,6.2,3,0,0,0,0,,,,60.0,0.0,0.0,0.0,0.0
Q41162,23,1043.0,1161.96,3.0,5.3,3.0,4.35,52.0,80.0,4,1,3,0,0,,,,17.39,4.35,13.04,0.0,0.0
Q4117139,3,195.0,335.0,2.0,3.33,0.0,0.0,3.0,6.67,1,3,2,0,0,,,,33.33,100.0,66.67,0.0,0.0
Q41172303,4,196.0,407.75,3.5,5.5,0.0,0.75,6.0,10.25,0,3,2,0,0,,,,0.0,75.0,50.0,0.0,0.0
Q41176,30,517.5,531.83,2.0,4.4,1.0,1.0,8.0,11.2,6,12,9,3,1,building,building,здание,20.0,40.0,30.0,10.0,3.33
Q4120211,9,1094.0,1137.44,4.0,11.0,2.0,2.11,59.0,58.89,1,2,2,1,1,,,,11.11,22.22,22.22,11.11,11.11
Q4120420,1,212.0,212.0,1.0,1.0,1.0,1.0,18.0,18.0,0,0,1,0,0,,,,0.0,0.0,100.0,0.0,0.0
Q4120621,1,262.0,262.0,1.0,1.0,0.0,0.0,4.0,4.0,0,1,0,0,0,,,,0.0,100.0,0.0,0.0,0.0
Q41207,1,337.0,337.0,3.0,3.0,6.0,6.0,18.0,18.0,0,0,0,0,0,,,,0.0,0.0,0.0,0.0,0.0
Q4121104,2,351.0,351.0,1.0,1.0,1.5,1.5,12.5,12.5,0,0,0,0,0,sports title,sports title,спортивное звание,0.0,0.0,0.0,0.0,0.0
Q41253,4,245.5,320.75,3.0,3.75,0.0,0.25,3.5,7.0,0,3,2,0,0,,,,0.0,75.0,50.0,0.0,0.0
Q41254,5,5542.0,4871.6,62.0,53.6,65.0,46.8,789.0,790.2,0,0,0,0,0,,,,0.0,0.0,0.0,0.0,0.0
Q4128600,1,1201.0,1201.0,10.0,10.0,0.0,0.0,53.0,53.0,0,1,0,0,0,,,,0.0,100.0,0.0,0.0,0.0
Q4128699,2,2895.5,2895.5,32.5,32.5,18.0,18.0,142.0,142.0,0,0,0,0,0,,,,0.0,0.0,0.0,0.0,0.0
Q41291,2,364.5,364.5,6.0,6.0,1.5,1.5,4.5,4.5,0,0,1,0,0,,,,0.0,0.0,50.0,0.0,0.0
Q41298,100,95.5,182.45,1.0,1.58,0.0,0.06,6.0,11.71,23,94,84,21,20,magazine,журнал,журнал,23.0,94.0,84.0,21.0,20.0
Q4129802,2,2675.5,2675.5,1.0,1.0,0.5,0.5,243.0,243.0,0,1,0,0,0,,,,0.0,50.0,0.0,0.0,0.0
Q413,1,31.0,31.0,0.0,0.0,0.0,0.0,0.0,0.0,1,1,1,1,1,,,,100.0,100.0,100.0,100.0,100.0
Q4135597,1,229.0,229.0,0.0,0.0,0.0,0.0,13.0,13.0,1,1,1,1,1,,,,100.0,100.0,100.0,100.0,100.0
Q41362222,11,159.0,207.91,1.0,0.91,1.0,0.64,7.0,6.55,3,4,8,1,1,,,,27.27,36.36,72.73,9.09,9.09
Q41364,1,171.0,171.0,1.0,1.0,0.0,0.0,18.0,18.0,0,1,1,0,0,,,,0.0,100.0,100.0,0.0,0.0
Q4138169,1,93.0,93.0,0.0,0.0,0.0,0.0,0.0,0.0,1,1,1,1,1,hydraulic complex,hydraulic complex,гидроузел,100.0,100.0,100.0,100.0,100.0
Q41397,4,905.5,957.5,15.5,22.5,1.5,2.0,17.5,24.25,1,0,1,1,0,,,,25.0,0.0,25.0,25.0,0.0
Q414147,11,374.0,696.73,1.0,5.45,1.0,0.91,7.0,25.82,3,4,4,2,2,academy of sciences,academy of sciences,академия наук,27.27,36.36,36.36,18.18,18.18
Q41415,1,118.0,118.0,1.0,1.0,0.0,0.0,5.0,5.0,0,1,1,0,0,,,,0.0,100.0,100.0,0.0,0.0
Q4144557,3,158.0,134.0,0.0,0.33,0.0,0.0,9.0,10.33,2,3,3,2,2,mining and processing plant,mining and processing plant,горно-обогатительный комбинат,66.67,100.0,100.0,66.67,66.67
Q4146697,1,1748.0,1748.0,16.0,16.0,8.0,8.0,147.0,147.0,0,0,0,0,0,,,,0.0,0.0,0.0,0.0,0.0
Q4146825,1,9913.0,9913.0,7.0,7.0,8.0,8.0,324.0,324.0,0,0,0,0,0,,,,0.0,0.0,0.0,0.0,0.0
Q4146861,1,19.0,19.0,0.0,0.0,0.0,0.0,4.0,4.0,1,1,1,1,1,,,,100.0,100.0,100.0,100.0,100.0
Q41487,1,337.0,337.0,0.0,0.0,0.0,0.0,14.0,14.0,1,1,0,0,0,,,,100.0,100.0,0.0,0.0,0.0
Q41494,1,181.0,181.0,5.0,5.0,0.0,0.0,10.0,10.0,0,1,1,0,0,,,,0.0,100.0,100.0,0.0,0.0
Q4150646,1,552.0,552.0,2.0,2.0,0.0,0.0,28.0,28.0,0,1,0,0,0,,,,0.0,100.0,0.0,0.0,0.0
Q41534,1,80.0,80.0,1.0,1.0,1.0,1.0,5.0,5.0,0,0,1,0,0,,,,0.0,0.0,100.0,0.0,0.0
Q41534339,1,240.0,240.0,0.0,0.0,0.0,0.0,5.0,5.0,1,1,1,1,1,,,,100.0,100.0,100.0,100.0,100.0
Q41537118,1,164.0,164.0,1.0,1.0,1.0,1.0,5.0,5.0,0,0,1,0,0,,,,0.0,0.0,100.0,0.0,0.0
Q4157074,1,2176.0,2176.0,5.0,5.0,4.0,4.0,205.0,205.0,0,0,0,0,0,,,,0.0,0.0,0.0,0.0,0.0
Q4157632,1,465.0,465.0,5.0,5.0,0.0,0.0,12.0,12.0,0,1,0,0,0,,,,0.0,100.0,0.0,0.0,0.0
Q41595400,2,137.0,137.0,0.5,0.5,0.5,0.5,4.0,4.0,1,1,2,1,1,,,,50.0,50.0,100.0,50.0,50.0
Q41614,6,1019.0,1296.67,7.5,6.83,1.0,1.67,95.0,99.33,1,2,0,0,0,,,,16.67,33.33,0.0,0.0,0.0
Q4162386,1,937.0,937.0,1.0,1.0,2.0,2.0,20.0,20.0,0,0,0,0,0,,,,0.0,0.0,0.0,0.0,0.0
Q4162444,48,269.0,392.1,1.0,1.71,0.0,0.71,11.0,18.67,10,29,22,4,3,,,,20.83,60.42,45.83,8.33,6.25
Q4164871,158,191.5,377.08,1.0,2.7,0.0,2.73,10.0,22.05,42,90,94,28,16,position,лауазым,должность,26.58,56.96,59.49,17.72,10.13
Q41653490,1,105.0,105.0,1.0,1.0,0.0,0.0,11.0,11.0,0,1,1,0,0,,,,0.0,100.0,100.0,0.0,0.0
Q416796,1,365.0,365.0,3.0,3.0,1.0,1.0,32.0,32.0,0,0,0,0,0,,,,0.0,0.0,0.0,0.0,0.0
Q41691,1,134.0,134.0,0.0,0.0,3.0,3.0,7.0,7.0,1,0,1,1,0,,,,100.0,0.0,100.0,100.0,0.0
Q416997,4,77.5,99.25,1.0,1.0,0.5,0.5,4.0,4.75,0,2,4,0,0,,,,0.0,50.0,100.0,0.0,0.0
Q41710,1029,424.0,646.4,6.0,7.12,0.0,1.11,13.0,17.1,92,573,159,84,77,ethnic group,этникалық топ,этническая группа,8.94,55.69,15.45,8.16,7.48
Q4171307,4,703.0,620.25,1.5,1.75,1.0,1.25,21.5,22.75,2,1,1,1,0,Spiritual Administration of the Muslims,Мұсылмандар діни басқармасы,Духовное управление мусульман,50.0,25.0,25.0,25.0,0.0
Q4171318,1,357.0,357.0,0.0,0.0,0.0,0.0,9.0,9.0,1,1,0,0,0,,,,100.0,100.0,0.0,0.0,0.0
Q41713761,3,56.0,96.33,0.0,0.33,1.0,1.0,4.0,3.67,2,0,3,2,0,,,,66.67,0.0,100.0,66.67,0.0
Q417175,14,218.5,925.71,1.0,5.14,1.0,2.14,16.5,54.57,3,4,7,3,1,,,,21.43,28.57,50.0,21.43,7.14
Q41719,8,243.0,323.75,1.0,2.25,0.0,0.38,4.0,7.38,3,7,4,1,1,,,,37.5,87.5,50.0,12.5,12.5
Q4173144,1,59.0,59.0,1.0,1.0,0.0,0.0,7.0,7.0,0,1,1,0,0,,,,0.0,100.0,100.0,0.0,0.0
Q4173969,5,66.0,129.0,1.0,0.8,0.0,0.2,4.0,6.0,2,4,4,2,2,,,,40.0,80.0,80.0,40.0,40.0
Q41757766,1,66.0,66.0,0.0,0.0,0.0,0.0,2.0,2.0,1,1,1,1,1,,,,100.0,100.0,100.0,100.0,100.0
Q4176199,1,7312.0,7312.0,1.0,1.0,1.0,1.0,179.0,179.0,0,0,0,0,0,,,,0.0,0.0,0.0,0.0,0.0
Q4176368,4,295.0,297.25,3.0,3.0,0.0,0.0,11.0,10.5,0,4,0,0,0,,,,0.0,100.0,0.0,0.0,0.0
Q41778911,118,300.0,301.08,1.0,0.95,0.0,0.1,6.0,6.0,6,106,0,0,0,,,,5.08,89.83,0.0,0.0,0.0
Q4178140,1,1493.0,1493.0,24.0,24.0,5.0,5.0,54.0,54.0,0,0,0,0,0,,,,0.0,0.0,0.0,0.0,0.0
Q417841,8,303.0,500.38,1.5,7.88,1.0,1.12,8.0,20.88,2,3,3,1,1,,,,25.0,37.5,37.5,12.5,12.5
Q41790171,2,88.0,88.0,0.0,0.0,5.0,5.0,28.0,28.0,2,0,2,2,0,,,,100.0,0.0,100.0,100.0,0.0
Q41790307,1,62.0,62.0,0.0,0.0,0.0,0.0,19.0,19.0,1,1,1,1,1,,,,100.0,100.0,100.0,100.0,100.0
Q4179433,1,534.0,534.0,3.0,3.0,0.0,0.0,15.0,15.0,0,1,0,0,0,,,,0.0,100.0,0.0,0.0,0.0
Q41795188,2,73.0,73.0,0.0,0.0,0.0,0.0,0.0,0.0,2,2,2,2,2,,,,100.0,100.0,100.0,100.0,100.0
Q41796,1,104.0,104.0,1.0,1.0,0.0,0.0,3.0,3.0,0,1,1,0,0,,,,0.0,100.0,100.0,0.0,0.0
Q41799425,1,65.0,65.0,0.0,0.0,1.0,1.0,1.0,1.0,1,0,1,1,0,,,,100.0,0.0,100.0,100.0,0.0
Q418,1,159.0,159.0,1.0,1.0,0.0,0.0,11.0,11.0,0,1,1,0,0,,,,0.0,100.0,100.0,0.0,0.0
Q4182287,3,238.0,1214.67,5.0,31.67,1.0,1.67,9.0,35.67,1,1,2,1,1,,,,33.33,33.33,66.67,33.33,33.33
Q41825,7,85.0,97.86,0.0,0.43,0.0,0.0,6.0,6.29,5,7,7,5,5,,,,71.43,100.0,100.0,71.43,71.43
Q4183828,1,31.0,31.0,1.0,1.0,0.0,0.0,1.0,1.0,0,1,1,0,0,,,,0.0,100.0,100.0,0.0,0.0
Q4185164,1,47.0,47.0,1.0,1.0,0.0,0.0,2.0,2.0,0,1,1,0,0,,,,0.0,100.0,100.0,0.0,0.0
Q41863069,9,140.0,229.22,1.0,1.22,1.0,1.67,6.0,15.33,4,2,7,4,0,,,,44.44,22.22,77.78,44.44,0.0
Q41872,37,241.0,233.89,0.0,0.05,0.0,0.03,14.0,13.76,36,36,27,26,26,,,,97.3,97.3,72.97,70.27,70.27
Q41885931,1,43.0,43.0,1.0,1.0,0.0,0.0,4.0,4.0,0,1,1,0,0,,,,0.0,100.0,100.0,0.0,0.0
Q4193029,11,149.0,563.73,1.0,1.55,1.0,0.82,14.0,30.45,4,5,8,4,2,,,,36.36,45.45,72.73,36.36,18.18
Q4198907,1,1036.0,1036.0,6.0,6.0,1.0,1.0,47.0,47.0,0,0,0,0,0,,,,0.0,0.0,0.0,0.0,0.0
Q42014143,6,187.0,208.0,1.0,0.83,0.0,0.17,3.5,2.83,2,5,4,1,1,,,,33.33,83.33,66.67,16.67,16.67
Q4201890,1,108.0,108.0,1.0,1.0,0.0,0.0,0.0,0.0,0,1,1,0,0,,,,0.0,100.0,100.0,0.0,0.0
Q42032,8,197.5,209.12,0.0,1.5,1.0,0.62,13.5,17.38,6,3,5,5,2,country code top-level domain,country code top-level domain,национальный домен верхнего уровня,75.0,37.5,62.5,62.5,25.0
Q420330,3,474.0,635.0,2.0,2.0,0.0,0.0,4.0,5.0,0,3,0,0,0,,,,0.0,100.0,0.0,0.0,0.0
Q4203973,4,197.5,190.75,1.0,1.0,1.0,0.75,9.0,9.5,1,1,4,1,1,,,,25.0,25.0,100.0,25.0,25.0
Q4204060,2,6788.5,6788.5,105.0,105.0,6.5,6.5,217.5,217.5,0,0,0,0,0,,,,0.0,0.0,0.0,0.0,0.0
Q4204491,1,1565.0,1565.0,6.0,6.0,3.0,3.0,26.0,26.0,0,0,0,0,0,,,,0.0,0.0,0.0,0.0,0.0
Q4204501,54,172.0,396.67,1.0,1.26,1.0,0.98,10.5,21.59,23,20,35,17,7,,,,42.59,37.04,64.81,31.48,12.96
Q4204511,2,390.0,390.0,6.0,6.0,2.5,2.5,21.0,21.0,0,0,0,0,0,,,,0.0,0.0,0.0,0.0,0.0
Q42045197,3,658.0,617.33,0.0,0.33,6.0,5.0,56.0,49.33,2,0,0,0,0,,,,66.67,0.0,0.0,0.0,0.0
Q4208088,1,1475.0,1475.0,1.0,1.0,1.0,1.0,50.0,50.0,0,0,0,0,0,Kazakh traditions,Қазақ халқының әдет-ғұрпы мен салт-дәстүрлері,Казахские традиции,0.0,0.0,0.0,0.0,0.0
Q4208097,4,721.0,743.0,1.5,1.5,0.0,0.0,15.0,23.0,2,4,1,1,1,Kazakh tribes,Қазақ рулары,Казахские рода,50.0,100.0,25.0,25.0,25.0
Q4209223,4,2194.0,3473.25,18.5,44.5,5.5,13.5,133.5,231.5,0,0,0,0,0,,,,0.0,0.0,0.0,0.0,0.0
Q420927,2,80.0,80.0,1.0,1.0,0.5,0.5,3.5,3.5,0,1,2,0,0,,,,0.0,50.0,100.0,0.0,0.0
Q42106,29,143.0,143.97,1.0,0.97,0.0,0.28,3.0,5.38,4,22,26,3,2,,,,13.79,75.86,89.66,10.34,6.9
Q4213,1,101.0,101.0,1.0,1.0,0.0,0.0,6.0,6.0,0,1,1,0,0,,,,0.0,100.0,100.0,0.0,0.0
Q42138,2,1399.5,1399.5,14.5,14.5,1.5,1.5,47.5,47.5,0,1,0,0,0,,,,0.0,50.0,0.0,0.0,0.0
Q42178,1,187.0,187.0,0.0,0.0,0.0,0.0,11.0,11.0,1,1,1,1,1,,,,100.0,100.0,100.0,100.0,100.0
Q4218455,2,161.5,161.5,1.5,1.5,0.5,0.5,6.0,6.0,0,1,2,0,0,,,,0.0,50.0,100.0,0.0,0.0
Q42195,8,208.0,535.38,1.5,1.62,0.0,0.88,5.5,7.75,1,5,5,1,1,petroglyph,Петроглиф,петроглиф,12.5,62.5,62.5,12.5,12.5
Q42195763,1,79.0,79.0,1.0,1.0,0.0,0.0,0.0,0.0,0,1,1,0,0,,,,0.0,100.0,100.0,0.0,0.0
Q422007,1,226.0,226.0,8.0,8.0,2.0,2.0,43.0,43.0,0,0,1,0,0,,,,0.0,0.0,100.0,0.0,0.0
Q4220917,8,998.5,925.25,3.5,3.88,0.0,0.38,17.5,73.62,2,5,3,2,1,,,,25.0,62.5,37.5,25.0,12.5
Q4220920,6,122.0,155.67,0.5,0.5,1.0,1.0,5.5,5.67,3,1,4,2,0,,,,50.0,16.67,66.67,33.33,0.0
Q42211429,3,241.0,239.67,0.0,0.0,0.0,0.0,2.0,2.0,3,3,3,3,3,,,,100.0,100.0,100.0,100.0,100.0
Q422211,1,142.0,142.0,1.0,1.0,0.0,0.0,4.0,4.0,0,1,1,0,0,,,,0.0,100.0,100.0,0.0,0.0
Q4223017,1,38.0,38.0,0.0,0.0,0.0,0.0,2.0,2.0,1,1,1,1,1,hierarchical classifier,hierarchical classifier,иерархический классификатор,100.0,100.0,100.0,100.0,100.0
Q42240,1,207.0,207.0,1.0,1.0,0.0,0.0,12.0,12.0,0,1,1,0,0,,,,0.0,100.0,100.0,0.0,0.0
Q4224624,2790,276.0,275.72,0.0,0.0,0.0,0.0,5.0,5.01,2786,2787,1,1,1,,,,99.86,99.89,0.04,0.04,0.04
Q42250,1,58.0,58.0,1.0,1.0,0.0,0.0,2.0,2.0,0,1,1,0,0,,,,0.0,100.0,100.0,0.0,0.0
Q422584,1,51.0,51.0,1.0,1.0,2.0,2.0,4.0,4.0,0,0,1,0,0,,,,0.0,0.0,100.0,0.0,0.0
Q4226220,1,266.0,266.0,2.0,2.0,0.0,0.0,15.0,15.0,0,1,0,0,0,,,,0.0,100.0,0.0,0.0,0.0
Q422695,6,157.0,243.5,1.0,2.17,0.0,0.5,6.5,6.17,2,5,4,1,1,awareness day,awareness day,памятная дата,33.33,83.33,66.67,16.67,16.67
Q422710,3,103.0,111.0,1.0,1.33,0.0,0.33,6.0,10.67,0,2,3,0,0,center of action,center of action,центр активности,0.0,66.67,100.0,0.0,0.0
Q4229700,1,9913.0,9913.0,7.0,7.0,8.0,8.0,324.0,324.0,0,0,0,0,0,,,,0.0,0.0,0.0,0.0,0.0
Q4229812,1,1023.0,1023.0,6.0,6.0,1.0,1.0,49.0,49.0,0,0,0,0,0,,,,0.0,0.0,0.0,0.0,0.0
Q42298422,2,331.0,331.0,10.5,10.5,0.0,0.0,13.5,13.5,0,2,0,0,0,,,,0.0,100.0,0.0,0.0,0.0
Q42303753,31,189.0,248.84,1.0,1.39,0.0,0.48,3.0,6.32,5,22,21,2,1,,,,16.13,70.97,67.74,6.45,3.23
Q42310380,2,196.5,196.5,2.5,2.5,0.5,0.5,12.0,12.0,0,1,2,0,0,,,,0.0,50.0,100.0,0.0,0.0
Q42314054,6,161.5,249.83,2.0,2.83,1.0,1.17,3.5,6.83,0,1,4,0,0,,,,0.0,16.67,66.67,0.0,0.0
Q42320,1,202.0,202.0,0.0,0.0,0.0,0.0,14.0,14.0,1,1,1,1,1,,,,100.0,100.0,100.0,100.0,100.0
Q423208,1,429.0,429.0,0.0,0.0,0.0,0.0,0.0,0.0,1,1,0,0,0,,,,100.0,100.0,0.0,0.0,0.0
Q4232578,1,303.0,303.0,1.0,1.0,1.0,1.0,17.0,17.0,0,0,0,0,0,,,,0.0,0.0,0.0,0.0,0.0
Q42332,1,120.0,120.0,1.0,1.0,0.0,0.0,5.0,5.0,0,1,1,0,0,,,,0.0,100.0,100.0,0.0,0.0
Q42346390,2,730.0,730.0,0.0,0.0,0.0,0.0,35.5,35.5,2,2,0,0,0,,,,100.0,100.0,0.0,0.0,0.0
Q42372,9,247.0,242.67,0.0,0.0,0.0,0.0,16.0,14.22,9,9,5,5,5,,,,100.0,100.0,55.56,55.56,55.56
Q42378719,1,1070.0,1070.0,29.0,29.0,0.0,0.0,25.0,25.0,0,1,0,0,0,,,,0.0,100.0,0.0,0.0,0.0
Q42402646,1,92.0,92.0,0.0,0.0,0.0,0.0,2.0,2.0,1,1,1,1,1,,,,100.0,100.0,100.0,100.0,100.0
Q4240305,1,88.0,88.0,0.0,0.0,2.0,2.0,4.0,4.0,1,0,1,1,0,,,,100.0,0.0,100.0,100.0,0.0
Q42421242,3,75.0,68.67,1.0,1.0,0.0,0.0,1.0,2.33,1,3,3,1,1,field hockey club,field hockey club,команда по хоккею на траве,33.33,100.0,100.0,33.33,33.33
Q424370,1,314.0,314.0,2.0,2.0,5.0,5.0,17.0,17.0,0,0,0,0,0,,,,0.0,0.0,0.0,0.0,0.0
Q42470,5,127.0,526.0,1.0,9.0,2.0,1.6,5.0,18.0,1,2,3,1,0,,,,20.0,40.0,60.0,20.0,0.0
Q4249901,1,246.0,246.0,0.0,0.0,0.0,0.0,4.0,4.0,1,1,1,1,1,,,,100.0,100.0,100.0,100.0,100.0
Q42523,6,250.5,284.33,0.0,0.17,0.5,0.5,2.5,3.17,5,3,3,2,1,,,,83.33,50.0,50.0,33.33,16.67
Q42527,2,109.0,109.0,1.5,1.5,1.0,1.0,7.5,7.5,0,1,2,0,0,,,,0.0,50.0,100.0,0.0,0.0
Q42621,4,210.5,478.75,1.0,1.0,0.5,0.75,3.0,10.75,1,2,2,1,1,,,,25.0,50.0,50.0,25.0,25.0
Q42622779,1,103.0,103.0,0.0,0.0,1.0,1.0,5.0,5.0,1,0,1,1,0,,,,100.0,0.0,100.0,100.0,0.0
Q4263830,21,295.0,463.1,1.0,2.29,0.0,0.33,12.0,18.14,4,16,9,2,1,,,,19.05,76.19,42.86,9.52,4.76
Q42643444,1,1136.0,1136.0,2.0,2.0,2.0,2.0,45.0,45.0,0,0,0,0,0,,,,0.0,0.0,0.0,0.0,0.0
Q426759,3,537.0,639.67,5.0,5.0,0.0,0.0,14.0,13.67,0,3,0,0,0,,,,0.0,100.0,0.0,0.0,0.0
Q427085,1,311.0,311.0,1.0,1.0,2.0,2.0,1.0,1.0,0,0,0,0,0,,,,0.0,0.0,0.0,0.0,0.0
Q4271324,18,225.0,449.5,1.0,2.94,1.0,0.72,6.5,13.94,2,8,11,1,0,mythical character,mythical character,мифический персонаж,11.11,44.44,61.11,5.56,0.0
Q427287,1,126.0,126.0,2.0,2.0,1.0,1.0,5.0,5.0,0,0,1,0,0,,,,0.0,0.0,100.0,0.0,0.0
Q4274059,1,501.0,501.0,1.0,1.0,1.0,1.0,21.0,21.0,0,0,0,0,0,,,,0.0,0.0,0.0,0.0,0.0
Q42744322,1428,306.0,313.41,1.0,0.74,0.0,0.36,6.0,7.44,426,966,1,0,0,,,,29.83,67.65,0.07,0.0,0.0
Q42750320,2,489.5,489.5,5.0,5.0,0.0,0.0,11.5,11.5,0,2,1,0,0,,,,0.0,100.0,50.0,0.0,0.0
Q427581,2,331.5,331.5,1.5,1.5,0.0,0.0,11.5,11.5,0,2,1,0,0,,,,0.0,100.0,50.0,0.0,0.0
Q42762,1,168.0,168.0,2.0,2.0,0.0,0.0,18.0,18.0,0,1,1,0,0,,,,0.0,100.0,100.0,0.0,0.0
Q427626,10,175.0,173.8,1.0,1.3,0.0,0.3,9.5,10.9,1,7,8,1,1,,,,10.0,70.0,80.0,10.0,10.0
Q428148,1,173.0,173.0,1.0,1.0,0.0,0.0,13.0,13.0,0,1,1,0,0,,,,0.0,100.0,100.0,0.0,0.0
Q4283953,2,1059.5,1059.5,14.0,14.0,0.5,0.5,43.0,43.0,0,1,0,0,0,Mäslihat,Мәслихат,Маслихат,0.0,50.0,0.0,0.0,0.0
Q42855995,1,213.0,213.0,2.0,2.0,0.0,0.0,12.0,12.0,0,1,1,0,0,,,,0.0,100.0,100.0,0.0,0.0
Q4286337,3,390.0,378.33,2.0,1.33,2.0,2.0,16.0,23.33,1,1,0,0,0,,,,33.33,33.33,0.0,0.0,0.0
Q428653,1,185.0,185.0,0.0,0.0,1.0,1.0,11.0,11.0,1,0,1,1,0,,,,100.0,0.0,100.0,100.0,0.0
Q428661,1,175.0,175.0,0.0,0.0,0.0,0.0,0.0,0.0,1,1,1,1,1,,,,100.0,100.0,100.0,100.0,100.0
Q428759,1,100.0,100.0,1.0,1.0,1.0,1.0,4.0,4.0,0,0,1,0,0,,,,0.0,0.0,100.0,0.0,0.0
Q4287745,1,24.0,24.0,0.0,0.0,0.0,0.0,3.0,3.0,1,1,1,1,1,medical organization,medical organization,медицинская организация,100.0,100.0,100.0,100.0,100.0
Q428830,6,686.0,763.5,1.5,2.17,1.5,2.33,18.5,21.0,2,1,1,0,0,,,,33.33,16.67,16.67,0.0,0.0
Q42889,2,136.0,136.0,1.0,1.0,1.5,1.5,2.0,2.0,0,0,2,0,0,,,,0.0,0.0,100.0,0.0,0.0
Q428986,1,512.0,512.0,4.0,4.0,0.0,0.0,22.0,22.0,0,1,0,0,0,,,,0.0,100.0,0.0,0.0,0.0
Q429088,1,129.0,129.0,2.0,2.0,2.0,2.0,6.0,6.0,0,0,1,0,0,,,,0.0,0.0,100.0,0.0,0.0
Q4291415,4,288.0,275.5,0.5,0.5,0.0,0.0,15.5,13.5,2,4,1,1,1,oil and gas field,Мұнай және газ кеніштері,месторождение нефти и газа,50.0,100.0,25.0,25.0,25.0
Q4291554,1,41.0,41.0,1.0,1.0,0.0,0.0,0.0,0.0,0,1,1,0,0,,,,0.0,100.0,100.0,0.0,0.0
Q42918,1,49.0,49.0,1.0,1.0,0.0,0.0,5.0,5.0,0,1,1,0,0,,,,0.0,100.0,100.0,0.0,0.0
Q4292136,4,236.0,367.25,3.0,3.25,0.5,0.75,7.5,10.0,0,2,2,0,0,,,,0.0,50.0,50.0,0.0,0.0
Q429785,3,196.0,203.33,2.0,2.67,1.0,1.33,5.0,6.33,0,0,2,0,0,,,,0.0,0.0,66.67,0.0,0.0
Q429795,27,125.0,176.33,1.0,1.48,1.0,0.67,9.0,10.37,3,10,22,2,1,,,,11.11,37.04,81.48,7.41,3.7
Q4299613,1,404.0,404.0,1.0,1.0,1.0,1.0,9.0,9.0,0,0,0,0,0,,,,0.0,0.0,0.0,0.0,0.0
Q42998,5,195.0,270.6,2.0,4.2,0.0,0.4,17.0,22.0,0,4,4,0,0,orchestra,оркестр,оркестр,0.0,80.0,80.0,0.0,0.0
Q43001876,18,219.5,218.28,0.0,0.0,0.0,0.0,16.0,14.44,18,18,18,18,18,,,,100.0,100.0,100.0,100.0,100.0
Q43009164,7,114.0,171.86,0.0,0.29,0.0,0.0,3.0,5.14,5,7,6,4,4,,,,71.43,100.0,85.71,57.14,57.14
Q43022214,1,73.0,73.0,1.0,1.0,0.0,0.0,3.0,3.0,0,1,1,0,0,,,,0.0,100.0,100.0,0.0,0.0
Q43035,1,57.0,57.0,1.0,1.0,0.0,0.0,5.0,5.0,0,1,1,0,0,,,,0.0,100.0,100.0,0.0,0.0
Q43060,1,102.0,102.0,1.0,1.0,0.0,0.0,11.0,11.0,0,1,1,0,0,,,,0.0,100.0,100.0,0.0,0.0
Q4306036,1,1110.0,1110.0,2.0,2.0,0.0,0.0,54.0,54.0,0,1,0,0,0,museum-reserve,museum-reserve,музей-заповедник,0.0,100.0,0.0,0.0,0.0
Q4306757,1,39.0,39.0,0.0,0.0,1.0,1.0,3.0,3.0,1,0,1,1,0,,,,100.0,0.0,100.0,100.0,0.0
Q4307514,1,1181.0,1181.0,1.0,1.0,5.0,5.0,20.0,20.0,0,0,0,0,0,,,,0.0,0.0,0.0,0.0,0.0
Q43109,2,1054.0,1054.0,19.5,19.5,0.5,0.5,42.5,42.5,1,1,1,1,1,referendum,референдум,референдум,50.0,50.0,50.0,50.0,50.0
Q43113623,1,589.0,589.0,1.0,1.0,0.0,0.0,16.0,16.0,0,1,0,0,0,,,,0.0,100.0,0.0,0.0,0.0
Q4312270,1,331.0,331.0,2.0,2.0,4.0,4.0,2.0,2.0,0,0,0,0,0,,,,0.0,0.0,0.0,0.0,0.0
Q4312761,1,684.0,684.0,1.0,1.0,0.0,0.0,36.0,36.0,0,1,0,0,0,,,,0.0,100.0,0.0,0.0,0.0
Q431289,39,421.0,702.18,1.0,8.95,1.0,2.62,14.0,23.28,17,11,12,7,3,brand,бренд,бренд,43.59,28.21,30.77,17.95,7.69
Q4313794,20,542.0,525.35,4.5,4.85,0.0,0.0,3.0,3.8,0,20,0,0,0,,,,0.0,100.0,0.0,0.0,0.0
Q4315006,7,461.0,692.57,1.0,2.14,1.0,1.29,15.0,31.71,3,2,2,0,0,,,,42.86,28.57,28.57,0.0,0.0
Q4315167,1,827.0,827.0,0.0,0.0,1.0,1.0,12.0,12.0,1,0,0,0,0,,,,100.0,0.0,0.0,0.0,0.0
Q4315979,1,145.0,145.0,3.0,3.0,0.0,0.0,4.0,4.0,0,1,1,0,0,,,,0.0,100.0,100.0,0.0,0.0
Q431603,3,201.0,2961.0,1.0,31.67,2.0,6.0,3.0,27.0,0,0,2,0,0,,,,0.0,0.0,66.67,0.0,0.0
Q4316503,1,552.0,552.0,6.0,6.0,0.0,0.0,33.0,33.0,0,1,0,0,0,,,,0.0,100.0,0.0,0.0,0.0
Q4318083,1,734.0,734.0,2.0,2.0,0.0,0.0,3.0,3.0,0,1,0,0,0,,,,0.0,100.0,0.0,0.0,0.0
Q4318090,2,172.5,172.5,0.5,0.5,0.5,0.5,16.0,16.0,1,1,2,1,0,,,,50.0,50.0,100.0,50.0,0.0
Q43183,2,325.5,325.5,2.5,2.5,1.0,1.0,22.5,22.5,0,1,0,0,0,,,,0.0,50.0,0.0,0.0,0.0
Q43229,191,322.0,691.91,1.0,7.74,0.0,1.4,11.0,26.79,36,104,84,24,12,organization,ұйым,организация,18.85,54.45,43.98,12.57,6.28
Q43263,48,845.5,1143.06,3.0,6.15,2.5,5.12,56.0,73.69,7,6,4,0,0,,,,14.58,12.5,8.33,0.0,0.0
Q43292,2,335.0,335.0,4.0,4.0,0.0,0.0,23.0,23.0,0,2,1,0,0,,,,0.0,100.0,50.0,0.0,0.0
Q4329294,20,239.5,231.8,0.0,0.2,0.0,0.0,26.0,23.8,18,20,12,11,11,regional committee of the CPSU,КОКП облыстық комитеті,областной комитет КПСС,90.0,100.0,60.0,55.0,55.0
Q4330194,1,87.0,87.0,0.0,0.0,0.0,0.0,0.0,0.0,1,1,1,1,1,,,,100.0,100.0,100.0,100.0,100.0
Q4330260,1,173.0,173.0,1.0,1.0,0.0,0.0,5.0,5.0,0,1,1,0,0,public foundation,Қоғамдық қор,общественный фонд,0.0,100.0,100.0,0.0,0.0
Q4330518,1,165.0,165.0,1.0,1.0,0.0,0.0,0.0,0.0,0,1,1,0,0,,,,0.0,100.0,100.0,0.0,0.0
Q4335809,1,1297.0,1297.0,1.0,1.0,3.0,3.0,36.0,36.0,0,0,0,0,0,,,,0.0,0.0,0.0,0.0,0.0
Q4343,1,98.0,98.0,1.0,1.0,0.0,0.0,5.0,5.0,0,1,1,0,0,,,,0.0,100.0,100.0,0.0,0.0
Q43460564,2,171.5,171.5,1.5,1.5,0.0,0.0,19.0,19.0,0,2,2,0,0,,,,0.0,100.0,100.0,0.0,0.0
Q43483,6,112.5,147.83,1.0,1.17,0.0,0.17,5.5,6.33,1,5,4,1,1,water well,құдық,колодец,16.67,83.33,66.67,16.67,16.67
Q4349921,3,800.0,1009.67,3.0,2.67,3.0,2.33,12.0,16.67,0,1,1,0,0,,,,0.0,33.33,33.33,0.0,0.0
Q43501,4,80.0,87.0,0.5,0.5,0.5,1.0,6.5,6.25,2,2,4,2,1,,,,50.0,50.0,100.0,50.0,25.0
Q43514341,1,245.0,245.0,1.0,1.0,1.0,1.0,7.0,7.0,0,0,1,0,0,,,,0.0,0.0,100.0,0.0,0.0
Q4351849,1,1429.0,1429.0,1.0,1.0,5.0,5.0,114.0,114.0,0,0,0,0,0,,,,0.0,0.0,0.0,0.0,0.0
Q4356073,4,1750.5,1523.25,4.0,6.0,2.5,2.5,37.5,50.75,0,0,1,0,0,,,,0.0,0.0,25.0,0.0,0.0
Q4357614,5,62.0,186.0,0.0,0.2,1.0,0.8,8.0,19.8,4,1,4,4,0,,,,80.0,20.0,80.0,80.0,0.0
Q43577,2,72.5,72.5,1.0,1.0,0.5,0.5,2.5,2.5,0,1,2,0,0,,,,0.0,50.0,100.0,0.0,0.0
Q4358176,5,762.0,679.2,1.0,8.6,1.0,1.4,25.0,26.8,0,1,2,0,0,,,,0.0,20.0,40.0,0.0,0.0
Q43616,1,237.0,237.0,3.0,3.0,0.0,0.0,8.0,8.0,0,1,1,0,0,,,,0.0,100.0,100.0,0.0,0.0
Q43619,1,638.0,638.0,8.0,8.0,1.0,1.0,8.0,8.0,0,0,0,0,0,,,,0.0,0.0,0.0,0.0,0.0
Q436240,16,156.5,292.94,1.0,1.12,0.0,0.75,9.0,13.38,7,9,11,5,5,,,,43.75,56.25,68.75,31.25,31.25
Q43627,1,3390.0,3390.0,22.0,22.0,2.0,2.0,55.0,55.0,0,0,0,0,0,,,,0.0,0.0,0.0,0.0,0.0
Q4363262,1,1517.0,1517.0,0.0,0.0,0.0,0.0,3.0,3.0,1,1,0,0,0,,,,100.0,100.0,0.0,0.0,0.0
Q43648,1,231.0,231.0,2.0,2.0,1.0,1.0,15.0,15.0,0,0,1,0,0,,,,0.0,0.0,100.0,0.0,0.0
Q4366377,2,263.0,263.0,2.5,2.5,1.5,1.5,16.0,16.0,0,0,1,0,0,,,,0.0,0.0,50.0,0.0,0.0
Q4366834,18,226.5,240.22,1.0,1.39,0.0,0.39,13.0,14.39,2,14,11,2,0,transboundary river,Шекаралық өзендер,трансграничная река,11.11,77.78,61.11,11.11,0.0
Q4370110,1,86.0,86.0,1.0,1.0,0.0,0.0,4.0,4.0,0,1,1,0,0,,,,0.0,100.0,100.0,0.0,0.0
Q4370167,1,494.0,494.0,5.0,5.0,0.0,0.0,8.0,8.0,0,1,0,0,0,,,,0.0,100.0,0.0,0.0,0.0
Q43702,2,4465.5,4465.5,35.0,35.0,11.5,11.5,243.5,243.5,0,0,0,0,0,,,,0.0,0.0,0.0,0.0,0.0
Q4373292,13,149.0,401.0,1.0,2.15,0.0,0.92,10.0,24.92,1,8,8,1,1,,,,7.69,61.54,61.54,7.69,7.69
Q43742,6,78.0,115.0,0.5,0.5,0.0,0.17,4.0,4.0,3,5,5,3,3,,,,50.0,83.33,83.33,50.0,50.0
Q4374398,3,33.0,99.0,1.0,1.0,0.0,0.0,3.0,3.0,0,3,3,0,0,,,,0.0,100.0,100.0,0.0,0.0
Q43747,3,400.0,417.0,10.0,8.33,0.0,0.33,14.0,12.67,0,2,0,0,0,,,,0.0,66.67,0.0,0.0,0.0
Q4375074,3,167.0,223.33,1.0,1.0,0.0,0.33,4.0,14.0,1,2,2,1,1,,,,33.33,66.67,66.67,33.33,33.33
Q4375507,3,116.0,126.0,1.0,1.33,1.0,1.0,5.0,7.0,0,1,3,0,0,honorary title of Kazakhstan,honorary title of Kazakhstan,почётное звание Казахстана,0.0,33.33,100.0,0.0,0.0
Q43767805,1,294.0,294.0,5.0,5.0,2.0,2.0,37.0,37.0,0,0,0,0,0,,,,0.0,0.0,0.0,0.0,0.0
Q4376781,1,3362.0,3362.0,61.0,61.0,7.0,7.0,171.0,171.0,0,0,0,0,0,,,,0.0,0.0,0.0,0.0,0.0
Q4379965,1,785.0,785.0,17.0,17.0,0.0,0.0,40.0,40.0,0,1,0,0,0,,,,0.0,100.0,0.0,0.0,0.0
Q4382945,1,2551.0,2551.0,91.0,91.0,2.0,2.0,44.0,44.0,0,0,0,0,0,,,,0.0,0.0,0.0,0.0,0.0
Q438358,1,155.0,155.0,0.0,0.0,0.0,0.0,0.0,0.0,1,1,1,1,1,,,,100.0,100.0,100.0,100.0,100.0
Q4387609,1,327.0,327.0,3.0,3.0,0.0,0.0,26.0,26.0,0,1,0,0,0,,,,0.0,100.0,0.0,0.0,0.0
Q4389100,40,466.5,487.35,2.0,2.42,0.0,0.2,22.0,24.18,0,33,0,0,0,,,,0.0,82.5,0.0,0.0,0.0
Q4389116,1,23.0,23.0,0.0,0.0,0.0,0.0,0.0,0.0,1,1,1,1,1,,,,100.0,100.0,100.0,100.0,100.0
Q4392985,1,129.0,129.0,3.0,3.0,0.0,0.0,14.0,14.0,0,1,1,0,0,,,,0.0,100.0,100.0,0.0,0.0
Q4394419,1,38.0,38.0,1.0,1.0,0.0,0.0,7.0,7.0,0,1,1,0,0,,,,0.0,100.0,100.0,0.0,0.0
Q4396074,2,105.0,105.0,1.0,1.0,0.5,0.5,6.0,6.0,0,1,2,0,0,,,,0.0,50.0,100.0,0.0,0.0
Q4400649,1,475.0,475.0,1.0,1.0,1.0,1.0,42.0,42.0,0,0,0,0,0,,,,0.0,0.0,0.0,0.0,0.0
Q4406616,1,67.0,67.0,0.0,0.0,0.0,0.0,3.0,3.0,1,1,1,1,1,,,,100.0,100.0,100.0,100.0,100.0
Q44106280,1,47.0,47.0,1.0,1.0,0.0,0.0,3.0,3.0,0,1,1,0,0,,,,0.0,100.0,100.0,0.0,0.0
Q4412611,5,357.0,344.0,7.0,7.0,1.0,0.6,10.0,11.2,0,2,0,0,0,,,,0.0,40.0,0.0,0.0,0.0
Q4413925,1,874.0,874.0,7.0,7.0,0.0,0.0,24.0,24.0,0,1,0,0,0,,,,0.0,100.0,0.0,0.0,0.0
Q4414032,2317,183.0,198.88,2.0,2.34,0.0,0.01,11.0,11.52,0,2307,1953,0,0,rural district of Kazakhstan,Ауылдық округі,сельский округ,0.0,99.57,84.29,0.0,0.0
Q44148,1,123.0,123.0,1.0,1.0,0.0,0.0,1.0,1.0,0,1,1,0,0,,,,0.0,100.0,100.0,0.0,0.0
Q441989,1,144.0,144.0,1.0,1.0,1.0,1.0,3.0,3.0,0,0,1,0,0,,,,0.0,0.0,100.0,0.0,0.0
Q4421,7,149.0,192.43,1.0,1.57,0.0,0.29,4.0,7.43,2,5,6,2,1,forest,орман,лес,28.57,71.43,85.71,28.57,14.29
Q44235,3,295.0,332.33,1.0,1.33,2.0,1.33,16.0,14.33,0,1,0,0,0,,,,0.0,33.33,0.0,0.0,0.0
Q442927,2,92.5,92.5,1.0,1.0,0.5,0.5,5.5,5.5,0,1,2,0,0,,,,0.0,50.0,100.0,0.0,0.0
Q44301618,3,571.0,573.33,6.0,4.67,0.0,0.33,33.0,39.0,0,2,0,0,0,,,,0.0,66.67,0.0,0.0,0.0
Q4431086,1,1088.0,1088.0,0.0,0.0,0.0,0.0,34.0,34.0,1,1,0,0,0,,,,100.0,100.0,0.0,0.0,0.0
Q4431090,1,68.0,68.0,1.0,1.0,0.0,0.0,3.0,3.0,0,1,1,0,0,,,,0.0,100.0,100.0,0.0,0.0
Q44311,1,184.0,184.0,4.0,4.0,0.0,0.0,16.0,16.0,0,1,1,0,0,,,,0.0,100.0,100.0,0.0,0.0
Q44337,1,505.0,505.0,3.0,3.0,0.0,0.0,24.0,24.0,0,1,0,0,0,,,,0.0,100.0,0.0,0.0,0.0
Q44356,1,156.0,156.0,1.0,1.0,0.0,0.0,4.0,4.0,0,1,1,0,0,,,,0.0,100.0,100.0,0.0,0.0
Q4438121,11,496.0,499.09,0.0,4.73,0.0,0.45,7.0,11.82,6,7,4,4,3,sports organization,sports organization,спортивная организация,54.55,63.64,36.36,36.36,27.27
Q4438147,2,1132.5,1132.5,1.5,1.5,3.0,3.0,43.5,43.5,0,0,0,0,0,,,,0.0,0.0,0.0,0.0,0.0
Q44409287,10,100.5,119.1,1.5,1.7,1.0,0.9,3.0,4.5,1,3,9,0,0,,,,10.0,30.0,90.0,0.0,0.0
Q4442611,3,174.0,176.67,1.0,0.67,0.0,2.33,1.0,1.0,1,2,2,1,1,,,,33.33,66.67,66.67,33.33,33.33
Q4442912,1,1407.0,1407.0,5.0,5.0,6.0,6.0,77.0,77.0,0,0,0,0,0,,,,0.0,0.0,0.0,0.0,0.0
Q4443227,5,177.0,204.8,1.0,1.2,0.0,0.6,7.0,13.0,1,3,4,1,1,Stone Age site,Stone Age site,стоянка,20.0,60.0,80.0,20.0,20.0
Q4443691,7,217.0,237.29,0.0,0.29,0.0,0.14,21.0,21.43,5,6,4,3,3,,,,71.43,85.71,57.14,42.86,42.86
Q44476427,1,616.0,616.0,1.0,1.0,0.0,0.0,3.0,3.0,0,1,0,0,0,,,,0.0,100.0,0.0,0.0,0.0
Q44497,1,160.0,160.0,1.0,1.0,0.0,0.0,21.0,21.0,0,1,1,0,0,mining,шахта,горное дело,0.0,100.0,100.0,0.0,0.0
Q44506,1,67.0,67.0,0.0,0.0,0.0,0.0,3.0,3.0,1,1,1,1,1,,,,100.0,100.0,100.0,100.0,100.0
Q4450939,1,157.0,157.0,1.0,1.0,0.0,0.0,7.0,7.0,0,1,1,0,0,,,,0.0,100.0,100.0,0.0,0.0
Q44512,3,2685.0,2224.67,47.0,52.33,0.0,1.0,57.0,63.67,0,2,0,0,0,epidemic,эпидемия,эпидемия,0.0,66.67,0.0,0.0,0.0
Q44539,5,270.0,470.6,1.0,1.2,0.0,1.6,6.0,8.6,1,3,2,0,0,,,,20.0,60.0,40.0,0.0,0.0
Q4455897,1,64.0,64.0,0.0,0.0,0.0,0.0,1.0,1.0,1,1,1,1,1,,,,100.0,100.0,100.0,100.0,100.0
Q44559,1,200.0,200.0,0.0,0.0,1.0,1.0,2.0,2.0,1,0,1,1,0,,,,100.0,0.0,100.0,100.0,0.0
Q4456236,1,84.0,84.0,1.0,1.0,1.0,1.0,11.0,11.0,0,0,1,0,0,,,,0.0,0.0,100.0,0.0,0.0
Q445741,1,5056.0,5056.0,4.0,4.0,3.0,3.0,100.0,100.0,0,0,0,0,0,,,,0.0,0.0,0.0,0.0,0.0
Q44575957,2,1205.0,1205.0,1.0,1.0,7.0,7.0,17.0,17.0,0,0,1,0,0,,,,0.0,0.0,50.0,0.0,0.0
Q4457942,1,128.0,128.0,0.0,0.0,1.0,1.0,10.0,10.0,1,0,1,1,0,,,,100.0,0.0,100.0,100.0,0.0
Q44580842,5,59.0,63.6,1.0,1.2,1.0,1.0,2.0,2.2,0,2,5,0,0,,,,0.0,40.0,100.0,0.0,0.0
Q44597158,2,1202.0,1202.0,6.5,6.5,1.0,1.0,49.0,49.0,0,1,1,0,0,,,,0.0,50.0,50.0,0.0,0.0
Q446,1,47.0,47.0,1.0,1.0,0.0,0.0,5.0,5.0,0,1,1,0,0,,,,0.0,100.0,100.0,0.0,0.0
Q4460,1,379.0,379.0,0.0,0.0,4.0,4.0,4.0,4.0,1,0,0,0,0,,,,100.0,0.0,0.0,0.0,0.0
Q44613,6,405.0,462.83,0.0,0.67,0.5,0.67,8.5,8.17,4,3,1,0,0,monastery,Монастырь,монастырь,66.67,50.0,16.67,0.0,0.0
Q44637051,1,146.0,146.0,0.0,0.0,1.0,1.0,5.0,5.0,1,0,1,1,0,,,,100.0,0.0,100.0,100.0,0.0
Q4466273,1,4040.0,4040.0,64.0,64.0,40.0,40.0,227.0,227.0,0,0,0,0,0,,,,0.0,0.0,0.0,0.0,0.0
Q44665457,1,871.0,871.0,3.0,3.0,1.0,1.0,47.0,47.0,0,0,0,0,0,,,,0.0,0.0,0.0,0.0,0.0
Q4467675,1,1638.0,1638.0,57.0,57.0,10.0,10.0,127.0,127.0,0,0,0,0,0,,,,0.0,0.0,0.0,0.0,0.0
Q4469110,1,367.0,367.0,1.0,1.0,0.0,0.0,15.0,15.0,0,1,0,0,0,,,,0.0,100.0,0.0,0.0,0.0
Q44702685,1,384.0,384.0,4.0,4.0,0.0,0.0,17.0,17.0,0,1,0,0,0,,,,0.0,100.0,0.0,0.0,0.0
Q4470686,1,55.0,55.0,1.0,1.0,0.0,0.0,11.0,11.0,0,1,1,0,0,,,,0.0,100.0,100.0,0.0,0.0
Q44753,2,630.5,630.5,0.5,0.5,0.0,0.0,4.0,4.0,1,2,0,0,0,,,,50.0,100.0,0.0,0.0,0.0
Q4476438,59,474.0,541.2,1.0,2.42,0.0,0.0,15.0,21.97,2,59,0,0,0,former district of Kazakhstan,Қазақстанның таратылған аудандары,упразднённые районы Казахстана,3.39,100.0,0.0,0.0,0.0
Q447725,1,130.0,130.0,0.0,0.0,0.0,0.0,7.0,7.0,1,1,1,1,1,,,,100.0,100.0,100.0,100.0,100.0
Q44782,7,435.0,465.86,3.0,3.29,1.0,2.14,9.0,11.86,2,1,2,1,0,,,,28.57,14.29,28.57,14.29,0.0
Q4481675,2,102.0,102.0,0.5,0.5,0.0,0.0,2.0,2.0,1,2,2,1,1,,,,50.0,100.0,100.0,50.0,50.0
Q4481741,2,752.5,752.5,3.5,3.5,7.0,7.0,61.0,61.0,0,0,0,0,0,,,,0.0,0.0,0.0,0.0,0.0
Q4481793,1,2919.0,2919.0,0.0,0.0,6.0,6.0,94.0,94.0,1,0,0,0,0,,,,100.0,0.0,0.0,0.0,0.0
Q4484477,8,498.5,480.62,1.0,1.38,0.0,0.38,51.0,45.25,1,5,1,1,1,,,,12.5,62.5,12.5,12.5,12.5
Q4484765,1,228.0,228.0,2.0,2.0,0.0,0.0,16.0,16.0,0,1,1,0,0,,,,0.0,100.0,100.0,0.0,0.0
Q4485156,15,112.0,226.93,1.0,2.53,0.0,0.4,3.0,8.87,2,10,11,1,1,,,,13.33,66.67,73.33,6.67,6.67
Q448801,53,305.0,309.49,0.0,0.32,0.0,0.26,8.0,7.43,36,39,0,0,0,,,,67.92,73.58,0.0,0.0,0.0
Q4491715,1,1179.0,1179.0,1.0,1.0,2.0,2.0,16.0,16.0,0,0,0,0,0,,,,0.0,0.0,0.0,0.0,0.0
Q4492214,1,41.0,41.0,1.0,1.0,0.0,0.0,3.0,3.0,0,1,1,0,0,,,,0.0,100.0,100.0,0.0,0.0
Q4493384,1,253.0,253.0,1.0,1.0,0.0,0.0,7.0,7.0,0,1,0,0,0,,,,0.0,100.0,0.0,0.0,0.0
Q4493701,1,740.0,740.0,0.0,0.0,0.0,0.0,102.0,102.0,1,1,0,0,0,association football trophy or award,association football trophy or award,футбольная награда или трофей,100.0,100.0,0.0,0.0,0.0
Q44946,2,116.5,116.5,1.0,1.0,0.5,0.5,4.5,4.5,0,1,2,0,0,,,,0.0,50.0,100.0,0.0,0.0
Q4498974,31,599.0,2346.61,0.0,27.9,3.0,5.87,20.0,67.42,16,8,10,9,4,ice hockey team,ice hockey team,хоккейная команда,51.61,25.81,32.26,29.03,12.9
Q45003,1,81.0,81.0,0.0,0.0,0.0,0.0,2.0,2.0,1,1,1,1,1,,,,100.0,100.0,100.0,100.0,100.0
Q4502119,3,180.0,162.33,1.0,0.67,1.0,1.0,8.0,13.67,1,1,3,1,0,,,,33.33,33.33,100.0,33.33,0.0
Q45025858,1,528.0,528.0,1.0,1.0,1.0,1.0,38.0,38.0,0,0,0,0,0,,,,0.0,0.0,0.0,0.0,0.0
Q450307,1,1905.0,1905.0,9.0,9.0,4.0,4.0,91.0,91.0,0,0,0,0,0,,,,0.0,0.0,0.0,0.0,0.0
Q4504495,2,2524.5,2524.5,6.5,6.5,0.0,0.0,291.5,291.5,1,2,0,0,0,,,,50.0,100.0,0.0,0.0,0.0
Q4504549,7,136.0,798.29,1.0,13.43,1.0,8.29,4.0,24.43,2,3,5,2,1,,,,28.57,42.86,71.43,28.57,14.29
Q4505959,1,1046.0,1046.0,7.0,7.0,0.0,0.0,96.0,96.0,0,1,0,0,0,,,,0.0,100.0,0.0,0.0,0.0
Q4508,3,374.0,413.67,0.0,1.67,0.0,2.33,6.0,7.33,2,2,0,0,0,navy,Әскери-теңіз флоты,военно-морской флот,66.67,66.67,0.0,0.0,0.0
Q451019,2,274.5,274.5,0.0,0.0,0.0,0.0,6.0,6.0,2,2,0,0,0,,,,100.0,100.0,0.0,0.0,0.0
Q45112918,1,515.0,515.0,3.0,3.0,2.0,2.0,30.0,30.0,0,0,0,0,0,,,,0.0,0.0,0.0,0.0,0.0
Q451752,1,142.0,142.0,1.0,1.0,1.0,1.0,7.0,7.0,0,0,1,0,0,,,,0.0,0.0,100.0,0.0,0.0
Q45190,1,167.0,167.0,1.0,1.0,2.0,2.0,7.0,7.0,0,0,1,0,0,,,,0.0,0.0,100.0,0.0,0.0
Q45220060,1,591.0,591.0,1.0,1.0,0.0,0.0,12.0,12.0,0,1,0,0,0,,,,0.0,100.0,0.0,0.0,0.0
Q45290083,2,270.0,270.0,1.5,1.5,0.5,0.5,15.5,15.5,1,1,0,0,0,,,,50.0,50.0,0.0,0.0,0.0
Q45296117,3,182.0,206.33,0.0,0.67,0.0,0.0,9.0,11.0,2,3,2,2,2,,,,66.67,100.0,66.67,66.67,66.67
Q4530267,15,99.0,119.33,1.0,1.4,1.0,0.67,3.0,5.33,1,7,14,1,0,,,,6.67,46.67,93.33,6.67,0.0
Q4530848,1,517.0,517.0,7.0,7.0,0.0,0.0,11.0,11.0,0,1,0,0,0,,,,0.0,100.0,0.0,0.0,0.0
Q4533081,14,502.0,603.64,4.5,5.0,1.0,1.64,9.0,17.57,4,5,5,3,1,ethnolinguistic group,ethnolinguistic group,этноязыковая общность,28.57,35.71,35.71,21.43,7.14
Q4536542,2,722.0,722.0,0.0,0.0,0.0,0.0,27.5,27.5,2,2,0,0,0,,,,100.0,100.0,0.0,0.0,0.0
Q4536543,2,204.0,204.0,1.5,1.5,2.5,2.5,6.0,6.0,1,1,1,1,0,,,,50.0,50.0,50.0,50.0,0.0
Q45382,7,1257.0,1535.57,15.0,25.57,0.0,0.43,35.0,36.57,0,4,1,0,0,,,,0.0,57.14,14.29,0.0,0.0
Q4539,1,689.0,689.0,10.0,10.0,0.0,0.0,14.0,14.0,0,1,0,0,0,,,,0.0,100.0,0.0,0.0,0.0
Q45400320,72,257.0,390.53,0.0,1.24,1.0,1.18,7.0,18.06,47,27,35,30,17,open-access publisher,open-access publisher,издатель свободного доступа,65.28,37.5,48.61,41.67,23.61
Q4551254,1,219.0,219.0,3.0,3.0,0.0,0.0,19.0,19.0,0,1,1,0,0,,,,0.0,100.0,100.0,0.0,0.0
Q45713,6,169.5,167.67,0.0,0.17,1.0,1.17,7.5,7.17,5,0,5,4,0,,,,83.33,0.0,83.33,66.67,0.0
Q45740849,1,625.0,625.0,7.0,7.0,1.0,1.0,30.0,30.0,0,0,0,0,0,,,,0.0,0.0,0.0,0.0,0.0
Q45762,20,167.0,354.45,1.0,2.85,0.0,0.4,11.0,18.55,7,14,13,7,6,dead language,өлі тілдер,мёртвый язык,35.0,70.0,65.0,35.0,30.0
Q45776,2,277.5,277.5,0.0,0.0,1.0,1.0,11.0,11.0,2,0,1,1,0,,,,100.0,0.0,50.0,50.0,0.0
Q45791,2,1359.5,1359.5,12.5,12.5,2.0,2.0,23.5,23.5,0,0,0,0,0,,,,0.0,0.0,0.0,0.0,0.0
Q45803,1,663.0,663.0,9.0,9.0,1.0,1.0,7.0,7.0,0,0,0,0,0,,,,0.0,0.0,0.0,0.0,0.0
Q458063,1,326.0,326.0,1.0,1.0,2.0,2.0,18.0,18.0,0,0,0,0,0,,,,0.0,0.0,0.0,0.0,0.0
Q4584563,2,224.0,224.0,1.0,1.0,0.5,0.5,11.0,11.0,1,1,2,1,0,,,,50.0,50.0,100.0,50.0,0.0
Q4588528,5,410.0,439.6,2.0,1.8,3.0,2.4,10.0,20.6,0,2,2,0,0,,,,0.0,40.0,40.0,0.0,0.0
Q459409,3,1398.0,1764.67,20.0,40.33,1.0,1.67,21.0,30.67,0,1,0,0,0,,,,0.0,33.33,0.0,0.0,0.0
Q45948,3,121.0,433.67,2.0,2.33,1.0,1.33,9.0,13.67,0,1,2,0,0,,,,0.0,33.33,66.67,0.0,0.0
Q45971958,5,961.0,1634.6,2.0,1.8,3.0,2.2,116.0,110.6,1,1,1,1,1,,,,20.0,20.0,20.0,20.0,20.0
Q45990,1,688.0,688.0,3.0,3.0,6.0,6.0,33.0,33.0,0,0,0,0,0,,,,0.0,0.0,0.0,0.0,0.0
Q46000274,1,327.0,327.0,0.0,0.0,0.0,0.0,12.0,12.0,1,1,0,0,0,,,,100.0,100.0,0.0,0.0,0.0
Q460693,1,969.0,969.0,0.0,0.0,5.0,5.0,53.0,53.0,1,0,0,0,0,,,,100.0,0.0,0.0,0.0,0.0
Q46112269,1,280.0,280.0,2.0,2.0,0.0,0.0,15.0,15.0,0,1,0,0,0,,,,0.0,100.0,0.0,0.0,0.0
Q4611891,4,64.5,78.75,0.0,1.0,0.0,0.25,3.0,3.0,3,3,4,3,3,,,,75.0,75.0,100.0,75.0,75.0
Q461231,1,706.0,706.0,1.0,1.0,33.0,33.0,66.0,66.0,0,0,0,0,0,,,,0.0,0.0,0.0,0.0,0.0
Q46124,5,150.0,147.2,1.0,1.0,0.0,0.0,7.0,8.4,1,5,4,1,1,sanatorium,Шипажай,санаторий,20.0,100.0,80.0,20.0,20.0
Q46135307,1,1567.0,1567.0,3.0,3.0,42.0,42.0,119.0,119.0,0,0,0,0,0,nation at sport competition,nation at sport competition,страна на спортивном соревновании,0.0,0.0,0.0,0.0,0.0
Q46169,34,505.5,652.35,1.0,4.62,0.0,1.35,15.0,24.15,8,20,7,5,3,national park,Ұлттық парк,национальный парк,23.53,58.82,20.59,14.71,8.82
Q4618,1,137.0,137.0,1.0,1.0,3.0,3.0,3.0,3.0,0,0,1,0,0,,,,0.0,0.0,100.0,0.0,0.0
Q46195901,1,762.0,762.0,1.0,1.0,0.0,0.0,18.0,18.0,0,1,0,0,0,Paralympics delegation,Paralympics delegation,страна на Паралимпийских играх,0.0,100.0,0.0,0.0,0.0
Q4620674,2,109.5,109.5,0.5,0.5,0.5,0.5,5.0,5.0,1,1,2,1,0,,,,50.0,50.0,100.0,50.0,0.0
Q462174,1,164.0,164.0,2.0,2.0,1.0,1.0,23.0,23.0,0,0,1,0,0,,,,0.0,0.0,100.0,0.0,0.0
Q46260602,1,193.0,193.0,0.0,0.0,0.0,0.0,7.0,7.0,1,1,1,1,1,,,,100.0,100.0,100.0,100.0,100.0
Q462778,15,428.0,409.27,0.0,0.93,0.0,0.47,6.0,11.4,10,11,4,3,1,,,,66.67,73.33,26.67,20.0,6.67
Q4632675,4,429.0,431.5,2.0,2.0,0.0,0.0,15.0,15.0,0,4,0,0,0,,,,0.0,100.0,0.0,0.0,0.0
Q46337,4,218.0,642.75,1.0,15.0,0.5,0.75,8.0,25.0,1,2,2,1,1,,,,25.0,50.0,50.0,25.0,25.0
Q46344,2,334.5,334.5,0.0,0.0,0.0,0.0,6.5,6.5,2,2,1,1,1,,,,100.0,100.0,50.0,50.0,50.0
Q46395,14,459.5,467.43,1.0,1.64,0.5,1.29,16.5,17.5,3,7,0,0,0,,,,21.43,50.0,0.0,0.0,0.0
Q464235,3,442.0,372.67,2.0,1.33,0.0,0.0,28.0,28.0,1,3,1,1,1,,,,33.33,100.0,33.33,33.33,33.33
Q464780,1,194.0,194.0,0.0,0.0,0.0,0.0,4.0,4.0,1,1,1,1,1,mint,mint,монетный двор,100.0,100.0,100.0,100.0,100.0
Q464980,1,328.0,328.0,0.0,0.0,0.0,0.0,24.0,24.0,1,1,0,0,0,,,,100.0,100.0,0.0,0.0,0.0
Q4650799,1,70.0,70.0,1.0,1.0,0.0,0.0,7.0,7.0,0,1,1,0,0,,,,0.0,100.0,100.0,0.0,0.0
Q465299,48,308.0,407.62,1.0,2.04,0.0,0.81,11.5,16.79,9,25,22,4,2,,,,18.75,52.08,45.83,8.33,4.17
Q4655519,1,906.0,906.0,1.0,1.0,3.0,3.0,11.0,11.0,0,0,0,0,0,,,,0.0,0.0,0.0,0.0,0.0
Q465613,2,918.0,918.0,5.5,5.5,1.0,1.0,50.5,50.5,0,1,0,0,0,,,,0.0,50.0,0.0,0.0,0.0
Q46587,216,261.0,257.06,0.0,0.0,0.0,0.0,16.0,14.46,216,216,63,63,63,,,,100.0,100.0,29.17,29.17,29.17
Q465909,1,435.0,435.0,0.0,0.0,0.0,0.0,17.0,17.0,1,1,0,0,0,,,,100.0,100.0,0.0,0.0,0.0
Q4660970,1,89.0,89.0,2.0,2.0,1.0,1.0,12.0,12.0,0,0,1,0,0,,,,0.0,0.0,100.0,0.0,0.0
Q46622,1,838.0,838.0,0.0,0.0,0.0,0.0,8.0,8.0,1,1,0,0,0,controlled-access highway,Автомагистраль,автомагистраль,100.0,100.0,0.0,0.0,0.0
Q4663903,1,387.0,387.0,0.0,0.0,1.0,1.0,13.0,13.0,1,0,0,0,0,,,,100.0,0.0,0.0,0.0,0.0
Q466439,1,1143.0,1143.0,3.0,3.0,1.0,1.0,35.0,35.0,0,0,0,0,0,,,,0.0,0.0,0.0,0.0,0.0
Q466603,2,97.5,97.5,1.0,1.0,0.5,0.5,6.5,6.5,1,1,2,1,1,,,,50.0,50.0,100.0,50.0,50.0
Q466704,1,178.0,178.0,1.0,1.0,1.0,1.0,0.0,0.0,0,0,1,0,0,,,,0.0,0.0,100.0,0.0,0.0
Q467011,9,1078.0,2251.11,5.0,53.33,1.0,4.44,35.0,45.89,1,0,2,1,0,,,,11.11,0.0,22.22,11.11,0.0
Q4671277,14,495.0,675.07,1.0,3.36,0.5,0.79,18.5,26.21,2,7,1,1,1,academic institution,академиялық оқу орны,академическое учебное заведение,14.29,50.0,7.14,7.14,7.14
Q4671286,133,396.0,834.32,2.0,4.13,0.0,1.64,17.0,39.46,11,70,52,9,7,,,,8.27,52.63,39.1,6.77,5.26
Q4672467,1,95.0,95.0,1.0,1.0,0.0,0.0,4.0,4.0,0,1,1,0,0,,,,0.0,100.0,100.0,0.0,0.0
Q4672798,1,2740.0,2740.0,20.0,20.0,0.0,0.0,58.0,58.0,0,1,0,0,0,,,,0.0,100.0,0.0,0.0,0.0
Q46744,1,55.0,55.0,1.0,1.0,0.0,0.0,2.0,2.0,0,1,1,0,0,,,,0.0,100.0,100.0,0.0,0.0
Q467511,2,64.0,64.0,0.0,0.0,1.0,1.0,5.0,5.0,2,0,2,2,0,,,,100.0,0.0,100.0,100.0,0.0
Q46831,242,204.5,252.41,1.0,1.1,0.0,0.5,9.0,12.58,61,170,162,43,25,mountain range,Таулы үстірт,горный хребет,25.21,70.25,66.94,17.77,10.33
Q4683538,1,329.0,329.0,2.0,2.0,0.0,0.0,3.0,3.0,0,1,0,0,0,,,,0.0,100.0,0.0,0.0,0.0
Q46857,2,435.0,435.0,0.5,0.5,0.0,0.0,3.0,3.0,1,2,0,0,0,,,,50.0,100.0,0.0,0.0,0.0
Q46865913,10,408.5,1135.9,1.5,7.4,0.5,3.9,32.5,79.7,3,5,3,1,1,geography of geographic location,geography of geographic location,география географического положения,30.0,50.0,30.0,10.0,10.0
Q4686758,1,675.0,675.0,10.0,10.0,1.0,1.0,35.0,35.0,0,0,0,0,0,,,,0.0,0.0,0.0,0.0,0.0
Q4688003,1,622.0,622.0,1.0,1.0,1.0,1.0,30.0,30.0,0,0,0,0,0,,,,0.0,0.0,0.0,0.0,0.0
Q4688262,1,248.0,248.0,2.0,2.0,0.0,0.0,7.0,7.0,0,1,1,0,0,,,,0.0,100.0,100.0,0.0,0.0
Q4688879,1,5833.0,5833.0,117.0,117.0,14.0,14.0,216.0,216.0,0,0,0,0,0,,,,0.0,0.0,0.0,0.0,0.0
Q46966,1,26.0,26.0,1.0,1.0,0.0,0.0,0.0,0.0,0,1,1,0,0,,,,0.0,100.0,100.0,0.0,0.0
Q46970,34,652.0,774.21,5.0,7.53,1.0,2.06,35.0,46.91,3,11,2,1,1,airline,Әуе компания,авиакомпания,8.82,32.35,5.88,2.94,2.94
Q4698343,1,8604.0,8604.0,209.0,209.0,7.0,7.0,228.0,228.0,0,0,0,0,0,,,,0.0,0.0,0.0,0.0,0.0
Q4698790,1,600.0,600.0,3.0,3.0,0.0,0.0,29.0,29.0,0,1,0,0,0,,,,0.0,100.0,0.0,0.0,0.0
Q46997958,7,716.0,1013.43,1.0,2.0,1.0,0.86,9.0,18.86,2,3,3,1,1,climate of geographic location,climate of geographic location,климат на территории,28.57,42.86,42.86,14.29,14.29
Q47018901,22,180.0,260.86,1.0,1.41,0.0,0.36,10.5,14.0,6,16,13,2,1,,,,27.27,72.73,59.09,9.09,4.55
Q47041,1,1429.0,1429.0,1.0,1.0,5.0,5.0,114.0,114.0,0,0,0,0,0,,,,0.0,0.0,0.0,0.0,0.0
Q47053,1,87.0,87.0,0.0,0.0,0.0,0.0,6.0,6.0,1,1,1,1,1,,,,100.0,100.0,100.0,100.0,100.0
Q47054,1,515.0,515.0,2.0,2.0,1.0,1.0,19.0,19.0,0,0,0,0,0,,,,0.0,0.0,0.0,0.0,0.0
Q470540,1,2239.0,2239.0,34.0,34.0,2.0,2.0,26.0,26.0,0,0,0,0,0,,,,0.0,0.0,0.0,0.0,0.0
Q47068459,5,708.0,657.6,1.0,3.8,1.0,1.4,2.0,9.8,1,1,0,0,0,,,,20.0,20.0,0.0,0.0,0.0
Q470775,2,583.0,583.0,4.5,4.5,1.0,1.0,24.5,24.5,1,0,1,1,0,,,,50.0,0.0,50.0,50.0,0.0
Q47088359,1,343.0,343.0,3.0,3.0,1.0,1.0,7.0,7.0,0,0,0,0,0,,,,0.0,0.0,0.0,0.0,0.0
Q47103999,4,58.0,64.0,0.0,0.25,0.0,0.25,2.0,1.75,3,3,4,3,2,,,,75.0,75.0,100.0,75.0,50.0
Q47148,2,167.0,167.0,1.0,1.0,0.5,0.5,4.5,4.5,1,1,2,1,0,,,,50.0,50.0,100.0,50.0,0.0
Q47154513,140,135.5,331.88,1.0,1.86,1.0,1.61,9.0,16.81,27,66,97,23,15,,,,19.29,47.14,69.29,16.43,10.71
Q471805,1,488.0,488.0,1.0,1.0,2.0,2.0,19.0,19.0,0,0,0,0,0,,,,0.0,0.0,0.0,0.0,0.0
Q471822,1,253.0,253.0,0.0,0.0,2.0,2.0,30.0,30.0,1,0,0,0,0,,,,100.0,0.0,0.0,0.0,0.0
Q471855,3,249.0,433.0,4.0,3.33,1.0,0.67,37.0,33.67,0,1,2,0,0,,,,0.0,33.33,66.67,0.0,0.0
Q472246,1,55.0,55.0,1.0,1.0,0.0,0.0,3.0,3.0,0,1,1,0,0,,,,0.0,100.0,100.0,0.0,0.0
Q4724001,1,98.0,98.0,2.0,2.0,0.0,0.0,2.0,2.0,0,1,1,0,0,,,,0.0,100.0,100.0,0.0,0.0
Q47272186,1,87.0,87.0,2.0,2.0,1.0,1.0,5.0,5.0,0,0,1,0,0,,,,0.0,0.0,100.0,0.0,0.0
Q47279819,17,134.0,244.24,1.0,0.88,1.0,0.94,7.0,7.65,6,8,13,4,2,,,,35.29,47.06,76.47,23.53,11.76
Q47280,1,822.0,822.0,8.0,8.0,5.0,5.0,51.0,51.0,0,0,0,0,0,,,,0.0,0.0,0.0,0.0,0.0
Q4728370,2,216.5,216.5,1.0,1.0,1.0,1.0,14.0,14.0,1,0,2,1,0,,,,50.0,0.0,100.0,50.0,0.0
Q47345468,2,556.5,556.5,0.5,0.5,0.0,0.0,8.5,8.5,1,2,0,0,0,tennis tournament edition,tennis tournament edition,розыгрыш теннисного турнира,50.0,100.0,0.0,0.0,0.0
Q47358534,1,5077.0,5077.0,7.0,7.0,2.0,2.0,258.0,258.0,0,0,0,0,0,,,,0.0,0.0,0.0,0.0,0.0
Q47368853,1,92.0,92.0,1.0,1.0,1.0,1.0,8.0,8.0,0,0,1,0,0,,,,0.0,0.0,100.0,0.0,0.0
Q47371099,1,304.0,304.0,0.0,0.0,1.0,1.0,27.0,27.0,1,0,0,0,0,,,,100.0,0.0,0.0,0.0,0.0
Q473853,3,510.0,554.0,7.0,6.67,0.0,0.33,11.0,11.0,0,2,0,0,0,,,,0.0,66.67,0.0,0.0,0.0
Q473972,65,476.0,602.0,1.0,2.83,0.0,0.71,11.0,20.83,19,45,16,8,5,protected area,protected area,природоохранная зона,29.23,69.23,24.62,12.31,7.69
Q4739805,2,179.5,179.5,0.5,0.5,1.0,1.0,4.0,4.0,1,0,2,1,0,,,,50.0,0.0,100.0,50.0,0.0
Q474090,3,269.0,613.0,4.0,2.67,0.0,0.33,20.0,18.0,1,2,1,1,1,,,,33.33,66.67,33.33,33.33,33.33
Q474138,1,5668.0,5668.0,77.0,77.0,26.0,26.0,142.0,142.0,0,0,0,0,0,,,,0.0,0.0,0.0,0.0,0.0
Q474157,1,239.0,239.0,0.0,0.0,0.0,0.0,20.0,20.0,1,1,1,1,1,,,,100.0,100.0,100.0,100.0,100.0
Q474191,1,784.0,784.0,18.0,18.0,2.0,2.0,52.0,52.0,0,0,0,0,0,,,,0.0,0.0,0.0,0.0,0.0
Q47433,1,780.0,780.0,2.0,2.0,24.0,24.0,5.0,5.0,0,0,0,0,0,,,,0.0,0.0,0.0,0.0,0.0
Q47443726,8,693.0,1544.0,2.0,3.62,2.0,2.75,26.0,147.75,4,1,1,1,0,recurring tennis tournament,recurring tennis tournament,recurring tennis tournament,50.0,12.5,12.5,12.5,0.0
Q47451145,2,251.0,251.0,1.5,1.5,0.0,0.0,9.0,9.0,1,2,1,1,1,,,,50.0,100.0,50.0,50.0,50.0
Q47460393,9,71.0,132.89,1.0,1.0,1.0,0.78,5.0,5.89,2,3,7,2,1,,,,22.22,33.33,77.78,22.22,11.11
Q47461344,113,195.0,277.99,1.0,1.83,0.0,0.5,9.0,13.42,27,77,76,19,15,written work,жазбаша туынды,письменная работа,23.89,68.14,67.26,16.81,13.27
Q474717,1,58.0,58.0,1.0,1.0,0.0,0.0,9.0,9.0,0,1,1,0,0,,,,0.0,100.0,100.0,0.0,0.0
Q474748,1,77.0,77.0,0.0,0.0,0.0,0.0,0.0,0.0,1,1,1,1,1,,,,100.0,100.0,100.0,100.0,100.0
Q4747789,1,1241.0,1241.0,1.0,1.0,0.0,0.0,13.0,13.0,0,1,0,0,0,,,,0.0,100.0,0.0,0.0,0.0
Q47484406,2,1221.5,1221.5,20.5,20.5,3.0,3.0,75.5,75.5,0,0,0,0,0,,,,0.0,0.0,0.0,0.0,0.0
Q47486890,3,186.0,1608.33,2.0,4.33,0.0,4.0,7.0,70.0,1,2,2,1,1,former lake,former lake,бывшее озеро,33.33,66.67,66.67,33.33,33.33
Q47487597,7,150.0,164.14,1.0,1.0,1.0,1.43,6.0,7.43,1,3,6,0,0,,,,14.29,42.86,85.71,0.0,0.0
Q47495022,1,35.0,35.0,0.0,0.0,0.0,0.0,1.0,1.0,1,1,1,1,1,,,,100.0,100.0,100.0,100.0,100.0
Q47496130,1,216.0,216.0,3.0,3.0,0.0,0.0,8.0,8.0,0,1,1,0,0,,,,0.0,100.0,100.0,0.0,0.0
Q475000,1,114.0,114.0,0.0,0.0,0.0,0.0,16.0,16.0,1,1,1,1,1,,,,100.0,100.0,100.0,100.0,100.0
Q475023,2,1705.0,1705.0,0.0,0.0,0.5,0.5,38.5,38.5,2,1,1,1,1,,,,100.0,50.0,50.0,50.0,50.0
Q47502370,1,207.0,207.0,0.0,0.0,0.0,0.0,6.0,6.0,1,1,1,1,1,,,,100.0,100.0,100.0,100.0,100.0
Q475050,2,266.0,266.0,1.0,1.0,0.5,0.5,7.5,7.5,1,1,1,1,0,,,,50.0,50.0,50.0,50.0,0.0
Q47505416,1,1136.0,1136.0,1.0,1.0,1.0,1.0,36.0,36.0,0,0,0,0,0,confectionery,confectionery,кондитерская,0.0,0.0,0.0,0.0,0.0
Q4751159,3,1383.0,1155.0,1.0,5.0,3.0,2.0,21.0,21.0,0,1,1,0,0,,,,0.0,33.33,33.33,0.0,0.0
Q47521,105,295.0,294.73,3.0,2.76,0.0,0.06,11.0,10.78,6,103,7,6,5,stream,stream,ручей,5.71,98.1,6.67,5.71,4.76
Q47526088,1,567.0,567.0,4.0,4.0,0.0,0.0,27.0,27.0,0,1,0,0,0,,,,0.0,100.0,0.0,0.0,0.0
Q47530274,2,150.0,150.0,1.5,1.5,0.0,0.0,11.5,11.5,0,2,2,0,0,,,,0.0,100.0,100.0,0.0,0.0
Q47530375,2,179.5,179.5,0.0,0.0,0.0,0.0,19.5,19.5,2,2,1,1,1,,,,100.0,100.0,50.0,50.0,50.0
Q47537235,1,43.0,43.0,0.0,0.0,0.0,0.0,5.0,5.0,1,1,1,1,1,,,,100.0,100.0,100.0,100.0,100.0
Q47566,2,7870.5,7870.5,150.0,150.0,47.0,47.0,275.0,275.0,0,0,0,0,0,,,,0.0,0.0,0.0,0.0,0.0
Q47574,8,147.0,241.5,1.0,1.62,0.0,0.25,5.0,11.5,0,6,5,0,0,,,,0.0,75.0,62.5,0.0,0.0
Q47577,6,380.0,337.5,0.0,0.33,0.5,0.5,50.0,45.83,4,3,2,2,0,,,,66.67,50.0,33.33,33.33,0.0
Q476028,1336,226.0,343.38,0.0,1.51,0.0,0.24,6.0,10.8,961,1210,771,601,574,association football club,футбол клубы,футбольный клуб,71.93,90.57,57.71,44.99,42.96
Q476068,2,246.0,246.0,1.0,1.0,1.5,1.5,39.0,39.0,0,0,1,0,0,,,,0.0,0.0,50.0,0.0,0.0
Q47607,1,311.0,311.0,1.0,1.0,0.0,0.0,11.0,11.0,0,1,0,0,0,,,,0.0,100.0,0.0,0.0,0.0
Q476256,1,575.0,575.0,7.0,7.0,1.0,1.0,12.0,12.0,0,0,0,0,0,,,,0.0,0.0,0.0,0.0,0.0
Q476300,1,441.0,441.0,2.0,2.0,4.0,4.0,48.0,48.0,0,0,0,0,0,,,,0.0,0.0,0.0,0.0,0.0
Q4764945,1,692.0,692.0,1.0,1.0,2.0,2.0,0.0,0.0,0,0,0,0,0,,,,0.0,0.0,0.0,0.0,0.0
Q476807,1,956.0,956.0,23.0,23.0,0.0,0.0,26.0,26.0,0,1,0,0,0,,,,0.0,100.0,0.0,0.0,0.0
Q477248,1,199.0,199.0,1.0,1.0,0.0,0.0,8.0,8.0,0,1,1,0,0,,,,0.0,100.0,100.0,0.0,0.0
Q47728,51,239.0,557.25,1.0,1.88,1.0,2.08,8.0,20.16,15,10,27,12,3,,,,29.41,19.61,52.94,23.53,5.88
Q47740,1,75.0,75.0,0.0,0.0,0.0,0.0,7.0,7.0,1,1,1,1,1,,,,100.0,100.0,100.0,100.0,100.0
Q4774348,1,1396.0,1396.0,5.0,5.0,0.0,0.0,27.0,27.0,0,1,0,0,0,,,,0.0,100.0,0.0,0.0,0.0
Q477544,6,75.0,140.67,1.0,0.83,0.0,0.33,6.5,7.33,2,4,5,2,1,new religious movement,жаңа діни қозғалыстар,новое религиозное движение,33.33,66.67,83.33,33.33,16.67
Q4781727,1,105.0,105.0,2.0,2.0,1.0,1.0,4.0,4.0,0,0,1,0,0,,,,0.0,0.0,100.0,0.0,0.0
Q4785472,2,319.0,319.0,0.5,0.5,0.0,0.0,29.0,29.0,1,2,1,1,1,,,,50.0,100.0,50.0,50.0,50.0
Q4787070,3,116.0,141.0,1.0,0.67,2.0,1.67,2.0,1.67,1,1,3,1,0,,,,33.33,33.33,100.0,33.33,0.0
Q478847,1,290.0,290.0,1.0,1.0,1.0,1.0,6.0,6.0,0,0,0,0,0,,,,0.0,0.0,0.0,0.0,0.0
Q47913,9,1240.0,1434.89,3.0,7.44,1.0,2.33,59.0,46.78,0,3,1,0,0,intelligence agency,intelligence agency,спецслужба,0.0,33.33,11.11,0.0,0.0
Q479257,1,129.0,129.0,1.0,1.0,1.0,1.0,48.0,48.0,0,0,1,0,0,,,,0.0,0.0,100.0,0.0,0.0
Q47928,1,256.0,256.0,2.0,2.0,2.0,2.0,38.0,38.0,0,0,0,0,0,,,,0.0,0.0,0.0,0.0,0.0
Q47989961,1,45.0,45.0,1.0,1.0,0.0,0.0,1.0,1.0,0,1,1,0,0,,,,0.0,100.0,100.0,0.0,0.0
Q480242,5,134.0,417.2,0.0,1.4,1.0,0.6,7.0,13.8,3,2,3,2,1,statistical service,statistical service,статистическая служба,60.0,40.0,60.0,40.0,20.0
Q480319,5,104.0,501.6,1.0,1.6,0.0,0.6,7.0,21.2,2,3,3,2,2,,,,40.0,60.0,60.0,40.0,40.0
Q4806651,1,1566.0,1566.0,0.0,0.0,0.0,0.0,45.0,45.0,1,1,0,0,0,,,,100.0,100.0,0.0,0.0,0.0
Q4811251,1,47.0,47.0,1.0,1.0,1.0,1.0,3.0,3.0,0,0,1,0,0,,,,0.0,0.0,100.0,0.0,0.0
Q481289,3,212.0,276.33,0.0,0.33,1.0,0.67,8.0,12.33,2,1,2,2,0,,,,66.67,33.33,66.67,66.67,0.0
Q4818719,2,176.5,176.5,1.5,1.5,1.0,1.0,7.0,7.0,0,0,2,0,0,,,,0.0,0.0,100.0,0.0,0.0
Q48204,5,238.0,326.2,1.0,4.0,0.0,0.2,9.0,13.2,1,4,3,1,0,voluntary association,Клуб,добровольная ассоциация,20.0,80.0,60.0,20.0,0.0
Q482517,1,1891.0,1891.0,1.0,1.0,1.0,1.0,44.0,44.0,0,0,0,0,0,,,,0.0,0.0,0.0,0.0,0.0
Q4825885,1,425.0,425.0,4.0,4.0,1.0,1.0,5.0,5.0,0,0,0,0,0,,,,0.0,0.0,0.0,0.0,0.0
Q4826865,1,296.0,296.0,0.0,0.0,1.0,1.0,9.0,9.0,1,0,0,0,0,,,,100.0,0.0,0.0,0.0,0.0
Q482821,6,444.0,670.83,0.0,0.67,0.0,0.33,31.5,48.5,5,4,0,0,0,,,,83.33,66.67,0.0,0.0,0.0
Q482980,1,7988.0,7988.0,11.0,11.0,1.0,1.0,28.0,28.0,0,0,0,0,0,,,,0.0,0.0,0.0,0.0,0.0
Q482994,62,689.0,994.76,4.5,14.44,0.0,1.55,30.5,43.65,12,50,2,2,1,,,,19.35,80.65,3.23,3.23,1.61
Q4830453,403,351.0,730.86,2.0,9.91,0.0,1.49,15.0,28.35,104,235,136,55,38,business,кәсіпорын,бизнес,25.81,58.31,33.75,13.65,9.43
Q483110,89,205.0,241.52,1.0,1.2,1.0,0.6,9.0,10.75,36,43,56,24,7,stadium,стадион,стадион,40.45,48.31,62.92,26.97,7.87
Q483213,1,553.0,553.0,0.0,0.0,3.0,3.0,19.0,19.0,1,0,0,0,0,,,,100.0,0.0,0.0,0.0,0.0
Q483247,22,94.5,167.64,1.0,0.86,0.5,0.64,4.5,5.95,5,11,19,4,3,,,,22.73,50.0,86.36,18.18,13.64
Q483279,1,770.0,770.0,0.0,0.0,0.0,0.0,18.0,18.0,1,1,0,0,0,,,,100.0,100.0,0.0,0.0,0.0
Q48336,23,355.0,372.43,0.0,0.22,1.0,0.87,18.0,22.65,19,5,2,1,1,,,,82.61,21.74,8.7,4.35,4.35
Q483372,4,352.0,597.75,1.5,3.0,0.5,2.25,11.5,10.75,2,2,1,1,1,,,,50.0,50.0,25.0,25.0,25.0
Q483394,40,251.0,601.72,1.0,4.1,0.0,1.25,11.0,33.45,7,24,20,5,4,,,,17.5,60.0,50.0,12.5,10.0
Q483453,3,449.0,624.33,1.0,1.33,1.0,1.0,13.0,15.33,1,1,1,0,0,,,,33.33,33.33,33.33,0.0,0.0
Q48349,3,1455.0,1838.0,1.0,5.0,2.0,2.67,75.0,130.67,1,1,0,0,0,,,,33.33,33.33,0.0,0.0,0.0
Q4835091,12,263.5,1039.08,1.0,12.75,1.0,4.42,24.0,72.17,5,4,5,3,2,territory,territory,территориальная единица,41.67,33.33,41.67,25.0,16.67
Q48356,3,708.0,626.0,2.0,2.33,1.0,1.0,4.0,7.0,0,0,0,0,0,minaret,minaret,минарет,0.0,0.0,0.0,0.0,0.0
Q483677,2,492.0,492.0,7.5,7.5,1.5,1.5,12.0,12.0,0,1,0,0,0,,,,0.0,50.0,0.0,0.0,0.0
Q484000,1,438.0,438.0,7.0,7.0,0.0,0.0,12.0,12.0,0,1,0,0,0,,,,0.0,100.0,0.0,0.0,0.0
Q484170,18594,429.0,430.5,2.0,2.0,0.0,0.01,15.0,14.81,46,18385,35,27,7,,,,0.25,98.88,0.19,0.15,0.04
Q484181,1,322.0,322.0,1.0,1.0,0.0,0.0,9.0,9.0,0,1,0,0,0,,,,0.0,100.0,0.0,0.0,0.0
Q484215,2,962.5,962.5,4.5,4.5,29.5,29.5,54.5,54.5,0,0,0,0,0,,,,0.0,0.0,0.0,0.0,0.0
Q484416,3,64.0,119.67,1.0,2.33,0.0,0.0,4.0,4.67,0,3,3,0,0,,,,0.0,100.0,100.0,0.0,0.0
Q4845841,1,100.0,100.0,2.0,2.0,1.0,1.0,9.0,9.0,0,0,1,0,0,,,,0.0,0.0,100.0,0.0,0.0
Q484652,66,367.5,795.44,1.0,7.09,1.0,4.7,22.5,39.36,17,28,25,8,5,international organization,халықаралық ұйымдар,международная организация,25.76,42.42,37.88,12.12,7.58
Q484847,1,881.0,881.0,8.0,8.0,0.0,0.0,27.0,27.0,0,1,0,0,0,,,,0.0,100.0,0.0,0.0,0.0
Q48493,1,165.0,165.0,0.0,0.0,0.0,0.0,8.0,8.0,1,1,1,1,1,,,,100.0,100.0,100.0,100.0,100.0
Q48498,5,361.0,292.8,3.0,3.0,1.0,2.0,15.0,16.4,0,0,2,0,0,,,,0.0,0.0,40.0,0.0,0.0
Q4849953,1,64.0,64.0,1.0,1.0,0.0,0.0,2.0,2.0,0,1,1,0,0,,,,0.0,100.0,100.0,0.0,0.0
Q485027,1,1332.0,1332.0,5.0,5.0,4.0,4.0,17.0,17.0,0,0,0,0,0,body armor,body armor,доспехи,0.0,0.0,0.0,0.0,0.0
Q485098,1,163.0,163.0,1.0,1.0,1.0,1.0,9.0,9.0,0,0,1,0,0,,,,0.0,0.0,100.0,0.0,0.0
Q485258,15,89.0,147.93,0.0,0.4,0.0,0.27,11.0,12.47,11,11,12,10,8,,,,73.33,73.33,80.0,66.67,53.33
Q4854529,1,75.0,75.0,1.0,1.0,1.0,1.0,4.0,4.0,0,0,1,0,0,,,,0.0,0.0,100.0,0.0,0.0
Q4862338,1,323.0,323.0,0.0,0.0,0.0,0.0,9.0,9.0,1,1,0,0,0,,,,100.0,100.0,0.0,0.0,0.0
Q4867756,4,548.5,543.5,0.0,0.0,0.0,6.0,35.5,34.75,4,3,0,0,0,basketball tournament,basketball tournament,баскетбольный турнир,100.0,75.0,0.0,0.0,0.0
Q486902,2,226.5,226.5,3.5,3.5,0.5,0.5,8.0,8.0,0,1,1,0,0,,,,0.0,50.0,50.0,0.0,0.0
Q486972,2939,272.0,284.99,2.0,1.66,0.0,0.06,6.0,6.65,628,2823,717,368,363,human settlement,елді мекен,населённый пункт,21.37,96.05,24.4,12.52,12.35
Q486983,5,156.0,152.6,1.0,0.8,0.0,0.2,8.0,7.6,2,4,5,2,2,,,,40.0,80.0,100.0,40.0,40.0
Q487765,1,60.0,60.0,1.0,1.0,0.0,0.0,1.0,1.0,0,1,1,0,0,,,,0.0,100.0,100.0,0.0,0.0
Q488051,1,120.0,120.0,0.0,0.0,0.0,0.0,3.0,3.0,1,1,1,1,1,,,,100.0,100.0,100.0,100.0,100.0
Q48834911,1,126.0,126.0,0.0,0.0,1.0,1.0,11.0,11.0,1,0,1,1,0,,,,100.0,0.0,100.0,100.0,0.0
Q48835578,4,166.5,196.5,1.0,1.0,1.0,0.75,8.5,7.75,1,1,3,1,0,,,,25.0,25.0,75.0,25.0,0.0
Q488383,2,120.0,120.0,1.0,1.0,0.5,0.5,3.5,3.5,0,1,2,0,0,,,,0.0,50.0,100.0,0.0,0.0
Q488415,1,37.0,37.0,1.0,1.0,0.0,0.0,4.0,4.0,0,1,1,0,0,,,,0.0,100.0,100.0,0.0,0.0
Q4886,1,175.0,175.0,1.0,1.0,0.0,0.0,15.0,15.0,0,1,1,0,0,,,,0.0,100.0,100.0,0.0,0.0
Q488677,1,236.0,236.0,2.0,2.0,1.0,1.0,10.0,10.0,0,0,1,0,0,,,,0.0,0.0,100.0,0.0,0.0
Q48940657,1,70.0,70.0,1.0,1.0,0.0,0.0,11.0,11.0,0,1,1,0,0,,,,0.0,100.0,100.0,0.0,0.0
Q48940751,2,621.0,621.0,0.5,0.5,1.0,1.0,46.0,46.0,1,0,1,0,0,,,,50.0,0.0,50.0,0.0,0.0
Q4894405,10,79.5,129.7,1.0,0.8,0.0,0.0,3.5,5.1,3,10,9,3,3,,,,30.0,100.0,90.0,30.0,30.0
Q4897819,31,134.0,196.19,1.0,1.65,0.0,0.42,7.0,9.52,2,21,22,1,1,,,,6.45,67.74,70.97,3.23,3.23
Q49008,4,401.5,333.0,0.0,0.25,0.0,0.25,40.5,42.0,3,3,1,1,0,,,,75.0,75.0,25.0,25.0,0.0
Q490173,2,95.5,95.5,0.5,0.5,0.0,0.0,2.0,2.0,1,2,2,1,1,,,,50.0,100.0,100.0,50.0,50.0
Q4903281,1,40.0,40.0,1.0,1.0,1.0,1.0,2.0,2.0,0,0,1,0,0,,,,0.0,0.0,100.0,0.0,0.0
Q49148153,1,1493.0,1493.0,24.0,24.0,5.0,5.0,54.0,54.0,0,0,0,0,0,,,,0.0,0.0,0.0,0.0,0.0
Q4915012,1,85.0,85.0,1.0,1.0,0.0,0.0,6.0,6.0,0,1,1,0,0,,,,0.0,100.0,100.0,0.0,0.0
Q4915134,1,107.0,107.0,1.0,1.0,1.0,1.0,7.0,7.0,0,0,1,0,0,,,,0.0,0.0,100.0,0.0,0.0
Q49156040,1,113.0,113.0,0.0,0.0,1.0,1.0,0.0,0.0,1,0,1,1,0,,,,100.0,0.0,100.0,100.0,0.0
Q4925178,1,846.0,846.0,3.0,3.0,2.0,2.0,15.0,15.0,0,0,0,0,0,,,,0.0,0.0,0.0,0.0,0.0
Q4925355,5,519.0,521.2,0.0,0.0,1.0,0.6,27.0,28.2,5,2,0,0,0,,,,100.0,40.0,0.0,0.0,0.0
Q49297,1,63.0,63.0,0.0,0.0,0.0,0.0,3.0,3.0,1,1,1,1,1,,,,100.0,100.0,100.0,100.0,100.0
Q493386,1,478.0,478.0,1.0,1.0,0.0,0.0,31.0,31.0,0,1,0,0,0,,,,0.0,100.0,0.0,0.0,0.0
Q493522,6,254.0,246.5,1.0,0.67,2.0,1.67,5.0,11.33,2,1,3,1,0,,,,33.33,16.67,50.0,16.67,0.0
Q4936585,1,121.0,121.0,1.0,1.0,0.0,0.0,18.0,18.0,0,1,1,0,0,,,,0.0,100.0,100.0,0.0,0.0
Q4936952,8,94.0,121.0,1.0,1.12,1.0,0.75,4.5,4.38,0,2,7,0,0,,,,0.0,25.0,87.5,0.0,0.0
Q49371,2,310.0,310.0,1.0,1.0,0.5,0.5,12.5,12.5,1,1,1,0,0,,,,50.0,50.0,50.0,0.0,0.0
Q49389,1,139.0,139.0,0.0,0.0,0.0,0.0,0.0,0.0,1,1,1,1,1,,,,100.0,100.0,100.0,100.0,100.0
Q494230,4,476.5,617.75,2.5,3.75,1.0,2.0,13.5,13.0,2,1,1,1,1,,,,50.0,25.0,25.0,25.0,25.0
Q494265,1,89.0,89.0,1.0,1.0,0.0,0.0,2.0,2.0,0,1,1,0,0,,,,0.0,100.0,100.0,0.0,0.0
Q49447,17,240.0,470.82,1.0,3.76,0.0,0.41,7.0,14.59,2,12,9,2,2,,,,11.76,70.59,52.94,11.76,11.76
Q494511,2,33.0,33.0,1.0,1.0,0.5,0.5,3.5,3.5,0,1,2,0,0,,,,0.0,50.0,100.0,0.0,0.0
Q4946461,53,304.0,306.11,0.0,0.51,0.0,0.36,6.0,7.06,28,37,1,0,0,spa town,Саяжай,курортный спа-городок,52.83,69.81,1.89,0.0,0.0
Q494721,63,70.0,159.51,0.0,0.41,0.0,0.33,4.0,7.02,47,51,49,40,37,,,,74.6,80.95,77.78,63.49,58.73
Q494829,1,668.0,668.0,1.0,1.0,0.0,0.0,69.0,69.0,0,1,0,0,0,bus station,автовокзал,автостанция,0.0,100.0,0.0,0.0,0.0
Q494978,1,543.0,543.0,0.0,0.0,7.0,7.0,0.0,0.0,1,0,0,0,0,,,,100.0,0.0,0.0,0.0,0.0
Q495430,2,303.0,303.0,1.0,1.0,0.0,0.0,11.0,11.0,0,2,1,0,0,general staff,Бас Штаб,Генеральный штаб,0.0,100.0,50.0,0.0,0.0
Q4960204,1,141.0,141.0,0.0,0.0,4.0,4.0,0.0,0.0,1,0,1,1,0,,,,100.0,0.0,100.0,100.0,0.0
Q496098,1,96.0,96.0,1.0,1.0,0.0,0.0,0.0,0.0,0,1,1,0,0,,,,0.0,100.0,100.0,0.0,0.0
Q49614,2,398.0,398.0,3.0,3.0,0.5,0.5,11.5,11.5,1,1,1,1,1,,,,50.0,50.0,50.0,50.0,50.0
Q4971764,1,605.0,605.0,0.0,0.0,2.0,2.0,13.0,13.0,1,0,0,0,0,,,,100.0,0.0,0.0,0.0,0.0
Q49759,1,447.0,447.0,8.0,8.0,0.0,0.0,23.0,23.0,0,1,0,0,0,,,,0.0,100.0,0.0,0.0,0.0
Q497654,1,225.0,225.0,0.0,0.0,0.0,0.0,11.0,11.0,1,1,1,1,1,,,,100.0,100.0,100.0,100.0,100.0
Q4976993,1,364.0,364.0,0.0,0.0,0.0,0.0,10.0,10.0,1,1,0,0,0,,,,100.0,100.0,0.0,0.0,0.0
Q49773,34,240.5,499.79,1.0,3.74,0.5,0.59,8.5,16.09,7,17,18,4,2,social movement,Қоғамдық қозғалыс,общественное движение,20.59,50.0,52.94,11.76,5.88
Q49775,1,733.0,733.0,25.0,25.0,0.0,0.0,22.0,22.0,0,1,0,0,0,,,,0.0,100.0,0.0,0.0,0.0
Q49776,3,123.0,124.33,1.0,0.67,0.0,0.33,6.0,7.67,1,2,3,1,1,,,,33.33,66.67,100.0,33.33,33.33
Q497893,3,90.0,108.33,1.0,1.0,1.0,1.0,6.0,6.67,0,1,3,0,0,,,,0.0,33.33,100.0,0.0,0.0
Q498162,547,241.0,246.79,0.0,0.14,0.0,0.01,2.0,2.17,538,545,532,532,532,,,,98.35,99.63,97.26,97.26,97.26
Q498289,1,230.0,230.0,2.0,2.0,0.0,0.0,2.0,2.0,0,1,1,0,0,,,,0.0,100.0,100.0,0.0,0.0
Q4984257,1,569.0,569.0,3.0,3.0,1.0,1.0,15.0,15.0,0,0,0,0,0,,,,0.0,0.0,0.0,0.0,0.0
Q49845,1,206.0,206.0,1.0,1.0,0.0,0.0,11.0,11.0,0,1,1,0,0,,,,0.0,100.0,100.0,0.0,0.0
Q49848,10,194.0,311.4,1.0,0.8,0.0,0.5,7.5,7.6,4,9,6,1,1,,,,40.0,90.0,60.0,10.0,10.0
Q49850,1,146.0,146.0,2.0,2.0,0.0,0.0,3.0,3.0,0,1,1,0,0,,,,0.0,100.0,100.0,0.0,0.0
Q4989906,40,345.5,381.6,1.0,2.5,0.0,0.75,7.0,9.18,9,24,15,6,5,monument,Ескерткіш,памятник,22.5,60.0,37.5,15.0,12.5
Q499073,2,736.0,736.0,0.5,0.5,1.0,1.0,23.5,23.5,1,1,0,0,0,,,,50.0,50.0,0.0,0.0,0.0
Q4994773,1,255.0,255.0,1.0,1.0,1.0,1.0,5.0,5.0,0,0,0,0,0,,,,0.0,0.0,0.0,0.0,0.0
Q4996207,1,300.0,300.0,1.0,1.0,0.0,0.0,15.0,15.0,0,1,0,0,0,,,,0.0,100.0,0.0,0.0,0.0
Q499720,6,722.5,1381.0,2.5,3.17,1.0,1.17,23.5,35.67,1,0,0,0,0,,,,16.67,0.0,0.0,0.0,0.0
Q499932,1,79.0,79.0,2.0,2.0,1.0,1.0,7.0,7.0,0,0,1,0,0,,,,0.0,0.0,100.0,0.0,0.0
Q5,30413,202.0,337.46,1.0,2.13,0.0,0.29,12.0,16.92,7271,25291,18240,4306,3625,human,адам,человек,23.91,83.16,59.97,14.16,11.92
Q50002046,1,215.0,215.0,0.0,0.0,4.0,4.0,2.0,2.0,1,0,1,1,0,,,,100.0,0.0,100.0,100.0,0.0
Q5003624,6,722.0,993.17,4.0,4.83,0.0,1.67,14.5,22.83,0,4,0,0,0,,,,0.0,66.67,0.0,0.0,0.0
Q50048,1,262.0,262.0,0.0,0.0,0.0,0.0,16.0,16.0,1,1,0,0,0,,,,100.0,100.0,0.0,0.0,0.0
Q50053,25,225.0,212.52,0.0,0.24,0.0,0.16,18.0,14.48,22,22,23,21,21,,,,88.0,88.0,92.0,84.0,84.0
Q50066265,1,104.0,104.0,0.0,0.0,0.0,0.0,1.0,1.0,1,1,1,1,1,,,,100.0,100.0,100.0,100.0,100.0
Q500669,2,129.5,129.5,1.0,1.0,0.0,0.0,2.0,2.0,0,2,2,0,0,,,,0.0,100.0,100.0,0.0,0.0
Q50068795,11,887.0,876.64,0.0,1.0,2.0,1.55,38.0,57.0,6,1,1,0,0,,,,54.55,9.09,9.09,0.0,0.0
Q50078178,1,201.0,201.0,1.0,1.0,2.0,2.0,1.0,1.0,0,0,1,0,0,,,,0.0,0.0,100.0,0.0,0.0
Q50081,1,299.0,299.0,1.0,1.0,1.0,1.0,11.0,11.0,0,0,0,0,0,,,,0.0,0.0,0.0,0.0,0.0
Q500834,14,534.0,1145.07,0.0,1.93,1.0,4.71,63.5,108.57,10,4,1,1,1,,,,71.43,28.57,7.14,7.14,7.14
Q5009242,4,316.0,355.5,0.0,0.25,0.5,0.5,14.5,45.75,3,2,2,1,1,,,,75.0,50.0,50.0,25.0,25.0
Q501094,1,110.0,110.0,0.0,0.0,1.0,1.0,12.0,12.0,1,0,1,1,0,,,,100.0,0.0,100.0,100.0,0.0
Q501174,1,86.0,86.0,0.0,0.0,1.0,1.0,0.0,0.0,1,0,1,1,0,,,,100.0,0.0,100.0,100.0,0.0
Q5019497,1,199.0,199.0,1.0,1.0,4.0,4.0,22.0,22.0,0,0,1,0,0,,,,0.0,0.0,100.0,0.0,0.0
Q50198,1,263.0,263.0,0.0,0.0,1.0,1.0,2.0,2.0,1,0,0,0,0,,,,100.0,0.0,0.0,0.0,0.0
Q502102,1,44.0,44.0,0.0,0.0,0.0,0.0,0.0,0.0,1,1,1,1,1,,,,100.0,100.0,100.0,100.0,100.0
Q502261,1,159.0,159.0,1.0,1.0,0.0,0.0,11.0,11.0,0,1,1,0,0,,,,0.0,100.0,100.0,0.0,0.0
Q5028741,2,646.5,646.5,1.0,1.0,1.0,1.0,14.0,14.0,0,1,1,0,0,,,,0.0,50.0,50.0,0.0,0.0
Q502895,9,81.0,153.44,1.0,1.0,0.0,0.44,6.0,12.33,3,7,8,3,3,,,,33.33,77.78,88.89,33.33,33.33
Q50301185,1,1061.0,1061.0,0.0,0.0,0.0,0.0,112.0,112.0,1,1,0,0,0,,,,100.0,100.0,0.0,0.0,0.0
Q50323322,1,58.0,58.0,2.0,2.0,0.0,0.0,2.0,2.0,0,1,1,0,0,,,,0.0,100.0,100.0,0.0,0.0
Q503269,1,216.0,216.0,0.0,0.0,0.0,0.0,0.0,0.0,1,1,1,1,1,,,,100.0,100.0,100.0,100.0,100.0
Q50337,2,517.5,517.5,4.0,4.0,0.5,0.5,34.5,34.5,0,1,0,0,0,,,,0.0,50.0,0.0,0.0,0.0
Q5034466,1,9383.0,9383.0,118.0,118.0,5.0,5.0,396.0,396.0,0,0,0,0,0,,,,0.0,0.0,0.0,0.0,0.0
Q50380591,1,209.0,209.0,1.0,1.0,1.0,1.0,10.0,10.0,0,0,1,0,0,,,,0.0,0.0,100.0,0.0,0.0
Q5038204,3,332.0,3137.0,9.0,66.67,0.0,1.67,17.0,119.33,0,2,0,0,0,,,,0.0,66.67,0.0,0.0,0.0
Q50399,7,388.0,526.57,0.0,1.0,1.0,1.0,48.0,46.29,5,1,0,0,0,,,,71.43,14.29,0.0,0.0,0.0
Q50413986,1,170.0,170.0,3.0,3.0,0.0,0.0,3.0,3.0,0,1,1,0,0,,,,0.0,100.0,100.0,0.0,0.0
Q504400,1,54.0,54.0,1.0,1.0,1.0,1.0,5.0,5.0,0,0,1,0,0,,,,0.0,0.0,100.0,0.0,0.0
Q504952,2,105.5,105.5,1.5,1.5,0.0,0.0,8.5,8.5,0,2,2,0,0,,,,0.0,100.0,100.0,0.0,0.0
Q5055981,2,581.5,581.5,0.0,0.0,1.0,1.0,32.5,32.5,2,0,0,0,0,,,,100.0,0.0,0.0,0.0,0.0
Q5056668,1,155.0,155.0,4.0,4.0,1.0,1.0,7.0,7.0,0,0,1,0,0,,,,0.0,0.0,100.0,0.0,0.0
Q505821,1,3369.0,3369.0,72.0,72.0,2.0,2.0,125.0,125.0,0,0,0,0,0,,,,0.0,0.0,0.0,0.0,0.0
Q5058355,69,131.0,289.33,1.0,1.2,1.0,0.8,6.0,12.33,7,22,50,4,1,,,,10.14,31.88,72.46,5.8,1.45
Q505892,3,75.0,82.67,1.0,1.33,0.0,0.0,4.0,3.67,0,3,3,0,0,,,,0.0,100.0,100.0,0.0,0.0
Q506,1,82.0,82.0,1.0,1.0,0.0,0.0,3.0,3.0,0,1,1,0,0,,,,0.0,100.0,100.0,0.0,0.0
Q5061188,3,276.0,390.0,1.0,3.0,0.0,0.33,14.0,12.33,1,2,1,1,0,house of culture,house of culture,дом культуры,33.33,66.67,33.33,33.33,0.0
Q506139,1,1097.0,1097.0,2.0,2.0,3.0,3.0,82.0,82.0,0,0,0,0,0,,,,0.0,0.0,0.0,0.0,0.0
Q5062111,1,119.0,119.0,1.0,1.0,3.0,3.0,6.0,6.0,0,0,1,0,0,,,,0.0,0.0,100.0,0.0,0.0
Q506240,7,298.0,499.14,1.0,3.14,0.0,0.0,21.0,21.43,1,7,2,1,1,,,,14.29,100.0,28.57,14.29,14.29
Q506294,1,2296.0,2296.0,52.0,52.0,10.0,10.0,9.0,9.0,0,0,0,0,0,,,,0.0,0.0,0.0,0.0,0.0
Q506883,2,990.5,990.5,7.0,7.0,3.0,3.0,20.5,20.5,0,0,0,0,0,,,,0.0,0.0,0.0,0.0,0.0
Q50700,2,65.0,65.0,1.0,1.0,0.0,0.0,2.0,2.0,0,2,2,0,0,,,,0.0,100.0,100.0,0.0,0.0
Q50705,5,83.0,222.4,0.0,0.4,1.0,0.6,7.0,20.6,3,2,3,3,0,,,,60.0,40.0,60.0,60.0,0.0
Q50707,7,46.0,91.57,0.0,0.29,1.0,0.86,7.0,6.71,6,1,7,6,1,,,,85.71,14.29,100.0,85.71,14.29
Q507619,7,246.0,292.14,1.0,1.86,0.0,9.29,17.0,25.86,3,4,4,2,1,retail chain,retail chain,сеть магазинов,42.86,57.14,57.14,28.57,14.29
Q5084,2946,255.0,256.02,3.0,2.99,0.0,0.0,5.0,5.01,7,2938,8,3,2,,,,0.24,99.73,0.27,0.1,0.07
Q50843083,1,219.0,219.0,1.0,1.0,0.0,0.0,7.0,7.0,0,1,1,0,0,,,,0.0,100.0,100.0,0.0,0.0
Q50843310,2,425.0,425.0,2.5,2.5,2.0,2.0,8.5,8.5,1,0,0,0,0,,,,50.0,0.0,0.0,0.0,0.0
Q508499,1,95.0,95.0,1.0,1.0,2.0,2.0,3.0,3.0,0,0,1,0,0,,,,0.0,0.0,100.0,0.0,0.0
Q5090444,3,614.0,725.33,2.0,7.33,1.0,6.33,11.0,22.33,0,0,0,0,0,,,,0.0,0.0,0.0,0.0,0.0
Q5090502,1,148.0,148.0,0.0,0.0,0.0,0.0,3.0,3.0,1,1,1,1,1,,,,100.0,100.0,100.0,100.0,100.0
Q5098,1,289.0,289.0,2.0,2.0,0.0,0.0,1.0,1.0,0,1,0,0,0,,,,0.0,100.0,0.0,0.0,0.0
Q51031626,27,736.0,741.63,0.0,0.78,1.0,1.59,12.0,28.89,21,5,1,0,0,sport competition at a multi-sport event,sport competition at a multi-sport event,вид спорта на мультиспортивных соревнованиях,77.78,18.52,3.7,0.0,0.0
Q5107,10,1991.5,1906.8,3.0,5.0,4.0,5.6,109.5,152.2,2,0,1,1,0,,,,20.0,0.0,10.0,10.0,0.0
Q5107861,1,289.0,289.0,0.0,0.0,1.0,1.0,3.0,3.0,1,0,0,0,0,,,,100.0,0.0,0.0,0.0,0.0
Q511056,3,204.0,272.67,2.0,6.33,1.0,1.33,6.0,8.67,0,0,2,0,0,,,,0.0,0.0,66.67,0.0,0.0
Q5113,1,245.0,245.0,1.0,1.0,0.0,0.0,19.0,19.0,0,1,1,0,0,,,,0.0,100.0,100.0,0.0,0.0
Q511663,1,68.0,68.0,0.0,0.0,0.0,0.0,10.0,10.0,1,1,1,1,1,,,,100.0,100.0,100.0,100.0,100.0
Q511866,4,96.5,1384.75,1.0,24.25,0.5,2.25,5.5,14.5,0,2,3,0,0,,,,0.0,50.0,75.0,0.0,0.0
Q5119,19,355.0,620.11,1.0,3.89,0.0,1.11,9.0,21.21,1,11,2,1,0,,,,5.26,57.89,10.53,5.26,0.0
Q512187,2,1105.5,1105.5,2.5,2.5,0.0,0.0,59.0,59.0,0,2,0,0,0,,,,0.0,100.0,0.0,0.0,0.0
Q5122404,1,79.0,79.0,1.0,1.0,0.0,0.0,0.0,0.0,0,1,1,0,0,,,,0.0,100.0,100.0,0.0,0.0
Q5123997,2,475.5,475.5,0.5,0.5,0.0,0.0,15.0,15.0,1,2,0,0,0,,,,50.0,100.0,0.0,0.0,0.0
Q5123999,33,1028.0,1422.48,8.0,13.24,1.0,3.64,22.0,22.0,1,16,1,1,1,,,,3.03,48.48,3.03,3.03,3.03
Q5124642,8,1182.0,1831.12,3.0,3.12,3.0,3.38,31.5,91.12,1,0,0,0,0,,,,12.5,0.0,0.0,0.0,0.0
Q512674,1,83.0,83.0,3.0,3.0,1.0,1.0,4.0,4.0,0,0,1,0,0,,,,0.0,0.0,100.0,0.0,0.0
Q5135254,1,354.0,354.0,0.0,0.0,1.0,1.0,29.0,29.0,1,0,0,0,0,,,,100.0,0.0,0.0,0.0,0.0
Q5145844,1,708.0,708.0,3.0,3.0,0.0,0.0,3.0,3.0,0,1,0,0,0,,,,0.0,100.0,0.0,0.0,0.0
Q51481377,3,171.0,146.67,1.0,1.0,0.0,0.0,6.0,5.67,0,3,3,0,0,women's association football club,women's association football club,женский футбольный клуб,0.0,100.0,100.0,0.0,0.0
Q515,1220,302.0,452.09,1.0,2.22,0.0,0.62,4.0,11.67,506,911,427,280,254,city,қала,город,41.48,74.67,35.0,22.95,20.82
Q5150550,38,83.5,83.03,0.0,0.0,0.0,0.0,8.0,8.42,38,38,38,38,38,,,,100.0,100.0,100.0,100.0,100.0
Q5150553,6,49.0,56.0,0.0,0.0,0.5,0.83,11.0,13.0,6,3,6,6,3,,,,100.0,50.0,100.0,100.0,50.0
Q5151404,8,175.0,197.75,2.5,3.38,0.0,0.38,12.0,10.5,2,5,6,2,0,,,,25.0,62.5,75.0,25.0,0.0
Q5153359,10,352.0,602.3,1.0,5.4,1.0,1.9,7.5,17.5,3,2,1,0,0,,,,30.0,20.0,10.0,0.0,0.0
Q5153967,1,662.0,662.0,0.0,0.0,8.0,8.0,41.0,41.0,1,0,0,0,0,,,,100.0,0.0,0.0,0.0,0.0
Q5154054,2,500.0,500.0,0.5,0.5,0.0,0.0,40.5,40.5,1,2,1,0,0,,,,50.0,100.0,50.0,0.0,0.0
Q5155340,1,159.0,159.0,0.0,0.0,0.0,0.0,6.0,6.0,1,1,1,1,1,,,,100.0,100.0,100.0,100.0,100.0
Q5155687,1,406.0,406.0,3.0,3.0,1.0,1.0,55.0,55.0,0,0,0,0,0,,,,0.0,0.0,0.0,0.0,0.0
Q5155929,1,925.0,925.0,7.0,7.0,1.0,1.0,44.0,44.0,0,0,0,0,0,,,,0.0,0.0,0.0,0.0,0.0
Q5156709,1,191.0,191.0,3.0,3.0,2.0,2.0,8.0,8.0,0,0,1,0,0,,,,0.0,0.0,100.0,0.0,0.0
Q5156764,1,394.0,394.0,0.0,0.0,1.0,1.0,77.0,77.0,1,0,0,0,0,,,,100.0,0.0,0.0,0.0,0.0
Q5157582,1,94.0,94.0,1.0,1.0,0.0,0.0,3.0,3.0,0,1,1,0,0,,,,0.0,100.0,100.0,0.0,0.0
Q51576574,18,1805.5,2283.89,7.0,8.72,1.0,3.17,76.0,113.22,0,6,0,0,0,,,,0.0,33.33,0.0,0.0,0.0
Q51623,1,188.0,188.0,2.0,2.0,1.0,1.0,8.0,8.0,0,0,1,0,0,,,,0.0,0.0,100.0,0.0,0.0
Q51626,1,212.0,212.0,1.0,1.0,0.0,0.0,7.0,7.0,0,1,1,0,0,,,,0.0,100.0,100.0,0.0,0.0
Q5162954,1,919.0,919.0,5.0,5.0,7.0,7.0,31.0,31.0,0,0,0,0,0,,,,0.0,0.0,0.0,0.0,0.0
Q51645,1,106.0,106.0,0.0,0.0,1.0,1.0,1.0,1.0,1,0,1,1,0,,,,100.0,0.0,100.0,100.0,0.0
Q51647,1,57.0,57.0,0.0,0.0,0.0,0.0,3.0,3.0,1,1,1,1,1,,,,100.0,100.0,100.0,100.0,100.0
Q516766,3,309.0,406.33,1.0,2.67,0.0,0.0,18.0,13.67,0,3,0,0,0,,,,0.0,100.0,0.0,0.0,0.0
Q5168161,15,513.0,577.8,0.0,0.47,0.0,0.4,47.0,47.73,8,11,0,0,0,,,,53.33,73.33,0.0,0.0,0.0
Q51714514,1,810.0,810.0,9.0,9.0,0.0,0.0,1.0,1.0,0,1,0,0,0,,,,0.0,100.0,0.0,0.0,0.0
Q517386,1,9175.0,9175.0,155.0,155.0,8.0,8.0,141.0,141.0,0,0,0,0,0,,,,0.0,0.0,0.0,0.0,0.0
Q5174137,2,592.5,592.5,3.0,3.0,0.0,0.0,13.0,13.0,0,2,0,0,0,,,,0.0,100.0,0.0,0.0,0.0
Q5174692,1,736.0,736.0,7.0,7.0,0.0,0.0,90.0,90.0,0,1,0,0,0,,,,0.0,100.0,0.0,0.0,0.0
Q517596,2,424.0,424.0,1.5,1.5,1.0,1.0,5.0,5.0,0,1,1,0,0,,,,0.0,50.0,50.0,0.0,0.0
Q518261,3,351.0,288.0,4.0,3.67,1.0,1.0,38.0,28.33,1,1,1,1,0,cultural area,cultural area,историко-культурная область,33.33,33.33,33.33,33.33,0.0
Q518554,2,660.5,660.5,2.5,2.5,4.0,4.0,85.5,85.5,0,0,1,0,0,,,,0.0,0.0,50.0,0.0,0.0
Q518808,1,788.0,788.0,5.0,5.0,2.0,2.0,16.0,16.0,0,0,0,0,0,,,,0.0,0.0,0.0,0.0,0.0
Q51883617,1,1738.0,1738.0,18.0,18.0,12.0,12.0,91.0,91.0,0,0,0,0,0,,,,0.0,0.0,0.0,0.0,0.0
Q5189488,1,771.0,771.0,8.0,8.0,3.0,3.0,47.0,47.0,0,0,0,0,0,,,,0.0,0.0,0.0,0.0,0.0
Q5190938,1,146.0,146.0,1.0,1.0,1.0,1.0,3.0,3.0,0,0,1,0,0,,,,0.0,0.0,100.0,0.0,0.0
Q519105,1,1426.0,1426.0,14.0,14.0,1.0,1.0,63.0,63.0,0,0,0,0,0,,,,0.0,0.0,0.0,0.0,0.0
Q5191724,1,218.0,218.0,0.0,0.0,2.0,2.0,7.0,7.0,1,0,1,1,0,,,,100.0,0.0,100.0,100.0,0.0
Q51929311,77,595.0,864.21,2.0,3.58,1.0,2.05,17.0,32.69,17,37,2,1,1,,,,22.08,48.05,2.6,1.3,1.3
Q5193405,1,132.0,132.0,1.0,1.0,0.0,0.0,6.0,6.0,0,1,1,0,0,,,,0.0,100.0,100.0,0.0,0.0
Q5193493,1,941.0,941.0,4.0,4.0,0.0,0.0,20.0,20.0,0,1,0,0,0,,,,0.0,100.0,0.0,0.0,0.0
Q51980494,1,107.0,107.0,2.0,2.0,0.0,0.0,2.0,2.0,0,1,1,0,0,,,,0.0,100.0,100.0,0.0,0.0
Q5198662,1,35.0,35.0,1.0,1.0,0.0,0.0,2.0,2.0,0,1,1,0,0,,,,0.0,100.0,100.0,0.0,0.0
Q52063183,1,487.0,487.0,1.0,1.0,1.0,1.0,16.0,16.0,0,0,0,0,0,,,,0.0,0.0,0.0,0.0,0.0
Q52103661,3,201.0,317.67,1.0,1.33,1.0,0.67,10.0,10.33,0,1,2,0,0,former island,former island,бывший остров,0.0,33.33,66.67,0.0,0.0
Q52105,2,277.0,277.0,1.5,1.5,1.0,1.0,28.5,28.5,0,0,1,0,0,,,,0.0,0.0,50.0,0.0,0.0
Q52109,1,312.0,312.0,3.0,3.0,1.0,1.0,14.0,14.0,0,0,0,0,0,,,,0.0,0.0,0.0,0.0,0.0
Q52110228,3,809.0,902.33,1.0,5.33,2.0,9.0,103.0,117.33,1,0,0,0,0,geopolitical group,geopolitical group,геополитическое сообщество,33.33,0.0,0.0,0.0,0.0
Q52162350,1,1624.0,1624.0,1.0,1.0,0.0,0.0,111.0,111.0,0,1,0,0,0,,,,0.0,100.0,0.0,0.0,0.0
Q52177058,1,393.0,393.0,1.0,1.0,0.0,0.0,16.0,16.0,0,1,0,0,0,,,,0.0,100.0,0.0,0.0,0.0
Q52177345,1,270.0,270.0,0.0,0.0,3.0,3.0,3.0,3.0,1,0,0,0,0,,,,100.0,0.0,0.0,0.0,0.0
Q52193405,1,1029.0,1029.0,2.0,2.0,1.0,1.0,35.0,35.0,0,0,0,0,0,,,,0.0,0.0,0.0,0.0,0.0
Q521983,1,852.0,852.0,1.0,1.0,0.0,0.0,24.0,24.0,0,1,0,0,0,,,,0.0,100.0,0.0,0.0,0.0
Q5227234,1,253.0,253.0,0.0,0.0,1.0,1.0,17.0,17.0,1,0,0,0,0,,,,100.0,0.0,0.0,0.0,0.0
Q5227240,1,195.0,195.0,8.0,8.0,0.0,0.0,2.0,2.0,0,1,1,0,0,,,,0.0,100.0,100.0,0.0,0.0
Q523,571,200.0,206.64,0.0,0.01,0.0,0.01,11.0,11.67,568,568,547,544,544,,,,99.47,99.47,95.8,95.27,95.27
Q52389,1,1514.0,1514.0,6.0,6.0,0.0,0.0,0.0,0.0,0,1,0,0,0,,,,0.0,100.0,0.0,0.0,0.0
Q523896,1,319.0,319.0,0.0,0.0,1.0,1.0,2.0,2.0,1,0,0,0,0,,,,100.0,0.0,0.0,0.0,0.0
Q524158,1,267.0,267.0,1.0,1.0,0.0,0.0,20.0,20.0,0,1,0,0,0,,,,0.0,100.0,0.0,0.0,0.0
Q5249081,1,126.0,126.0,1.0,1.0,0.0,0.0,2.0,2.0,0,1,1,0,0,,,,0.0,100.0,100.0,0.0,0.0
Q5249453,1,430.0,430.0,1.0,1.0,2.0,2.0,5.0,5.0,0,0,0,0,0,,,,0.0,0.0,0.0,0.0,0.0
Q5253501,2,84.5,84.5,1.0,1.0,0.0,0.0,8.0,8.0,0,2,2,0,0,,,,0.0,100.0,100.0,0.0,0.0
Q5255892,2,934.5,934.5,8.5,8.5,0.5,0.5,25.0,25.0,0,1,0,0,0,,,,0.0,50.0,0.0,0.0,0.0
Q5257307,3,642.0,1084.67,1.0,7.33,0.0,0.67,61.0,104.0,1,2,1,0,0,prize,Ұтыс,премия,33.33,66.67,33.33,0.0,0.0
Q5260616,3,398.0,399.33,0.0,0.33,1.0,0.67,6.0,6.67,2,1,0,0,0,,,,66.67,33.33,0.0,0.0,0.0
Q5264406,1,213.0,213.0,2.0,2.0,0.0,0.0,13.0,13.0,0,1,1,0,0,,,,0.0,100.0,100.0,0.0,0.0
Q5266746,1,288.0,288.0,1.0,1.0,3.0,3.0,18.0,18.0,0,0,0,0,0,,,,0.0,0.0,0.0,0.0,0.0
Q526719,5,700.0,744.6,0.0,0.8,0.0,6.0,32.0,64.0,3,4,2,1,1,,,,60.0,80.0,40.0,20.0,20.0
Q52684958,1,444.0,444.0,1.0,1.0,0.0,0.0,55.0,55.0,0,1,0,0,0,,,,0.0,100.0,0.0,0.0,0.0
Q526877,4,676.0,802.0,6.0,5.75,0.5,1.0,25.0,29.75,0,2,0,0,0,,,,0.0,50.0,0.0,0.0,0.0
Q5276054,1,937.0,937.0,1.0,1.0,2.0,2.0,20.0,20.0,0,0,0,0,0,,,,0.0,0.0,0.0,0.0,0.0
Q528166,1,152.0,152.0,0.0,0.0,1.0,1.0,0.0,0.0,1,0,1,1,0,,,,100.0,0.0,100.0,100.0,0.0
Q5281800,1,284.0,284.0,0.0,0.0,1.0,1.0,2.0,2.0,1,0,0,0,0,,,,100.0,0.0,0.0,0.0,0.0
Q5282671,1,297.0,297.0,3.0,3.0,1.0,1.0,15.0,15.0,0,0,0,0,0,,,,0.0,0.0,0.0,0.0,0.0
Q5282744,1,54.0,54.0,0.0,0.0,0.0,0.0,3.0,3.0,1,1,1,1,1,,,,100.0,100.0,100.0,100.0,100.0
Q5283,1,59.0,59.0,0.0,0.0,0.0,0.0,4.0,4.0,1,1,1,1,1,,,,100.0,100.0,100.0,100.0,100.0
Q5283295,1,137.0,137.0,2.0,2.0,0.0,0.0,3.0,3.0,0,1,1,0,0,,,,0.0,100.0,100.0,0.0,0.0
Q5283544,50,410.5,429.62,1.0,1.26,0.0,0.06,10.0,10.64,13,49,0,0,0,,,,26.0,98.0,0.0,0.0,0.0
Q5283631,1,78.0,78.0,0.0,0.0,1.0,1.0,9.0,9.0,1,0,1,1,0,,,,100.0,0.0,100.0,100.0,0.0
Q5284036,1,253.0,253.0,3.0,3.0,2.0,2.0,22.0,22.0,0,0,0,0,0,,,,0.0,0.0,0.0,0.0,0.0
Q528892,1,567.0,567.0,7.0,7.0,0.0,0.0,47.0,47.0,0,1,0,0,0,,,,0.0,100.0,0.0,0.0,0.0
Q5290079,1,884.0,884.0,21.0,21.0,1.0,1.0,36.0,36.0,0,0,0,0,0,,,,0.0,0.0,0.0,0.0,0.0
Q52905625,1,86.0,86.0,1.0,1.0,0.0,0.0,5.0,5.0,0,1,1,0,0,,,,0.0,100.0,100.0,0.0,0.0
Q5292,2,145.5,145.5,0.5,0.5,0.5,0.5,7.5,7.5,1,1,2,1,1,encyclopedia,энциклопедия,энциклопедия,50.0,50.0,100.0,50.0,50.0
Q52946,1,161.0,161.0,1.0,1.0,0.0,0.0,16.0,16.0,0,1,1,0,0,,,,0.0,100.0,100.0,0.0,0.0
Q52948,1,45.0,45.0,1.0,1.0,0.0,0.0,5.0,5.0,0,1,1,0,0,,,,0.0,100.0,100.0,0.0,0.0
Q52990223,2,1641.5,1641.5,0.5,0.5,1.5,1.5,23.5,23.5,1,1,0,0,0,,,,50.0,50.0,0.0,0.0,0.0
Q5303685,2,421.5,421.5,3.0,3.0,0.5,0.5,16.5,16.5,0,1,1,0,0,,,,0.0,50.0,50.0,0.0,0.0
Q53060,2,335.0,335.0,1.5,1.5,0.5,0.5,4.5,4.5,0,1,1,0,0,,,,0.0,50.0,50.0,0.0,0.0
Q53062420,1,540.0,540.0,2.0,2.0,1.0,1.0,21.0,21.0,0,0,0,0,0,nation in the Junior Eurovision Song Contest,nation in the Junior Eurovision Song Contest,страна на детском конкурсе Евровидение,0.0,0.0,0.0,0.0,0.0
Q5307593,2,147.0,147.0,1.0,1.0,1.0,1.0,16.5,16.5,0,0,2,0,0,,,,0.0,0.0,100.0,0.0,0.0
Q531230,9,65.0,78.33,0.0,0.0,0.0,0.56,15.0,16.11,9,6,9,9,6,,,,100.0,66.67,100.0,100.0,66.67
Q532,1847,256.0,265.87,3.0,2.48,0.0,0.22,5.0,5.32,344,1568,35,25,23,,,,18.62,84.89,1.89,1.35,1.25
Q5320,1,25.0,25.0,1.0,1.0,0.0,0.0,1.0,1.0,0,1,1,0,0,,,,0.0,100.0,100.0,0.0,0.0
Q53251146,1,930.0,930.0,0.0,0.0,0.0,0.0,15.0,15.0,1,1,0,0,0,,,,100.0,100.0,0.0,0.0,0.0
Q5327369,1,184.0,184.0,0.0,0.0,2.0,2.0,3.0,3.0,1,0,1,1,0,,,,100.0,0.0,100.0,100.0,0.0
Q5333510,3,211.0,270.67,0.0,0.67,1.0,0.67,7.0,6.67,2,1,2,1,1,,,,66.67,33.33,66.67,33.33,33.33
Q5335686,1,1407.0,1407.0,17.0,17.0,5.0,5.0,31.0,31.0,0,0,0,0,0,,,,0.0,0.0,0.0,0.0,0.0
Q5338003,1,33.0,33.0,1.0,1.0,1.0,1.0,2.0,2.0,0,0,1,0,0,,,,0.0,0.0,100.0,0.0,0.0
Q5339,1,89.0,89.0,1.0,1.0,0.0,0.0,5.0,5.0,0,1,1,0,0,,,,0.0,100.0,100.0,0.0,0.0
Q53403265,1,295.0,295.0,0.0,0.0,0.0,0.0,16.0,16.0,1,1,0,0,0,,,,100.0,100.0,0.0,0.0,0.0
Q5341295,22,421.0,550.36,1.5,3.64,2.0,2.23,13.0,19.05,10,2,6,6,1,,,,45.45,9.09,27.27,27.27,4.55
Q534282,1,235.0,235.0,1.0,1.0,1.0,1.0,9.0,9.0,0,0,1,0,0,,,,0.0,0.0,100.0,0.0,0.0
Q53444003,1,389.0,389.0,4.0,4.0,0.0,0.0,2.0,2.0,0,1,0,0,0,,,,0.0,100.0,0.0,0.0,0.0
Q53536964,3,98.0,258.67,1.0,1.0,1.0,1.67,4.0,4.0,1,0,2,1,0,,,,33.33,0.0,66.67,33.33,0.0
Q5354754,2,1087.5,1087.5,0.5,0.5,0.5,0.5,27.0,27.0,1,1,0,0,0,,,,50.0,50.0,0.0,0.0,0.0
Q5359789,1,83.0,83.0,1.0,1.0,0.0,0.0,2.0,2.0,0,1,1,0,0,,,,0.0,100.0,100.0,0.0,0.0
Q5362092,2,66.5,66.5,1.5,1.5,0.0,0.0,3.5,3.5,0,2,2,0,0,,,,0.0,100.0,100.0,0.0,0.0
Q5368822,3,274.0,259.0,2.0,2.0,0.0,0.0,18.0,19.33,0,3,1,0,0,,,,0.0,100.0,33.33,0.0,0.0
Q53702889,4,341.5,346.0,1.0,1.0,0.0,0.5,22.0,18.5,0,3,0,0,0,,,,0.0,75.0,0.0,0.0,0.0
Q53706,1,1622.0,1622.0,1.0,1.0,0.0,0.0,5.0,5.0,0,1,0,0,0,,,,0.0,100.0,0.0,0.0,0.0
Q5371079,2,161.5,161.5,1.0,1.0,0.0,0.0,1.5,1.5,0,2,1,0,0,,,,0.0,100.0,50.0,0.0,0.0
Q537127,14,198.5,271.64,1.0,2.5,1.0,1.0,11.0,10.29,2,4,9,1,1,road bridge,road bridge,автомобильный мост,14.29,28.57,64.29,7.14,7.14
Q537250,2,344.5,344.5,1.0,1.0,1.0,1.0,17.5,17.5,1,1,0,0,0,,,,50.0,50.0,0.0,0.0,0.0
Q53732481,3,298.0,823.33,1.0,1.67,0.0,1.33,12.0,25.67,0,2,1,0,0,nuclear test site,nuclear test site,nuclear test site,0.0,66.67,33.33,0.0,0.0
Q5374255,1,39.0,39.0,0.0,0.0,0.0,0.0,2.0,2.0,1,1,1,1,1,,,,100.0,100.0,100.0,100.0,100.0
Q5379090,2,47.0,47.0,0.5,0.5,0.0,0.0,1.5,1.5,1,2,2,1,1,,,,50.0,100.0,100.0,50.0,50.0
Q537993,1,95.0,95.0,1.0,1.0,0.0,0.0,4.0,4.0,0,1,1,0,0,,,,0.0,100.0,100.0,0.0,0.0
Q5381350,1,1632.0,1632.0,0.0,0.0,1.0,1.0,23.0,23.0,1,0,0,0,0,,,,100.0,0.0,0.0,0.0,0.0
Q53815,1,708.0,708.0,1.0,1.0,1.0,1.0,26.0,26.0,0,0,0,0,0,,,,0.0,0.0,0.0,0.0,0.0
Q5389993,17,68.0,141.29,1.0,1.24,0.0,0.12,5.0,5.88,0,15,15,0,0,,,,0.0,88.24,88.24,0.0,0.0
Q5390013,1,1203.0,1203.0,37.0,37.0,0.0,0.0,59.0,59.0,0,1,0,0,0,,,,0.0,100.0,0.0,0.0,0.0
Q5393308,4,136.0,133.25,0.5,0.5,1.5,3.0,3.5,3.5,2,1,4,2,0,,,,50.0,25.0,100.0,50.0,0.0
Q53945096,10,1141.5,1103.9,0.0,0.3,0.0,0.3,128.5,124.8,9,9,0,0,0,,,,90.0,90.0,0.0,0.0,0.0
Q5396245,1,315.0,315.0,1.0,1.0,2.0,2.0,9.0,9.0,0,0,0,0,0,,,,0.0,0.0,0.0,0.0,0.0
Q5398426,140,553.5,953.65,1.0,6.82,0.0,0.27,24.0,32.88,48,121,29,17,15,,,,34.29,86.43,20.71,12.14,10.71
Q54006339,1,152.0,152.0,2.0,2.0,2.0,2.0,0.0,0.0,0,0,1,0,0,,,,0.0,0.0,100.0,0.0,0.0
Q5402094,1,369.0,369.0,0.0,0.0,2.0,2.0,17.0,17.0,1,0,0,0,0,,,,100.0,0.0,0.0,0.0,0.0
Q54047178,1,286.0,286.0,1.0,1.0,0.0,0.0,19.0,19.0,0,1,0,0,0,,,,0.0,100.0,0.0,0.0,0.0
Q54050,15,205.0,230.67,1.0,1.13,0.0,0.73,10.0,10.67,4,8,12,4,2,hill,төбе,холм,26.67,53.33,80.0,26.67,13.33
Q54074585,1,770.0,770.0,0.0,0.0,5.0,5.0,20.0,20.0,1,0,0,0,0,,,,100.0,0.0,0.0,0.0,0.0
Q54114,2,214.0,214.0,0.5,0.5,3.0,3.0,9.0,9.0,1,0,1,0,0,,,,50.0,0.0,50.0,0.0,0.0
Q54117920,1,39.0,39.0,1.0,1.0,0.0,0.0,4.0,4.0,0,1,1,0,0,,,,0.0,100.0,100.0,0.0,0.0
Q5420001,2,1140.0,1140.0,5.0,5.0,7.5,7.5,38.0,38.0,0,0,0,0,0,,,,0.0,0.0,0.0,0.0,0.0
Q54200443,1,107.0,107.0,1.0,1.0,1.0,1.0,3.0,3.0,0,0,1,0,0,,,,0.0,0.0,100.0,0.0,0.0
Q54200484,1,107.0,107.0,1.0,1.0,1.0,1.0,3.0,3.0,0,0,1,0,0,,,,0.0,0.0,100.0,0.0,0.0
Q54200631,1,107.0,107.0,1.0,1.0,1.0,1.0,3.0,3.0,0,0,1,0,0,,,,0.0,0.0,100.0,0.0,0.0
Q54277,2,1523.5,1523.5,1.5,1.5,3.5,3.5,8.0,8.0,0,0,0,0,0,,,,0.0,0.0,0.0,0.0,0.0
Q5429713,1,560.0,560.0,1.0,1.0,0.0,0.0,15.0,15.0,0,1,0,0,0,,,,0.0,100.0,0.0,0.0,0.0
Q54360657,1,3670.0,3670.0,91.0,91.0,3.0,3.0,38.0,38.0,0,0,0,0,0,,,,0.0,0.0,0.0,0.0,0.0
Q543654,1,597.0,597.0,6.0,6.0,5.0,5.0,10.0,10.0,0,0,0,0,0,,,,0.0,0.0,0.0,0.0,0.0
Q544006,1,82.0,82.0,1.0,1.0,0.0,0.0,3.0,3.0,0,1,1,0,0,,,,0.0,100.0,100.0,0.0,0.0
Q5440532,2,394.0,394.0,2.5,2.5,1.0,1.0,29.0,29.0,0,1,1,0,0,,,,0.0,50.0,50.0,0.0,0.0
Q54445847,3,1058.0,1321.33,1.0,1.0,0.0,0.33,3.0,9.67,1,2,0,0,0,,,,33.33,66.67,0.0,0.0,0.0
Q5447188,2,228.0,228.0,1.5,1.5,0.5,0.5,13.5,13.5,1,1,1,1,1,,,,50.0,50.0,50.0,50.0,50.0
Q54553409,1,84.0,84.0,1.0,1.0,0.0,0.0,2.0,2.0,0,1,1,0,0,,,,0.0,100.0,100.0,0.0,0.0
Q5456361,1,109.0,109.0,1.0,1.0,0.0,0.0,6.0,6.0,0,1,1,0,0,,,,0.0,100.0,100.0,0.0,0.0
Q545779,9,322.0,391.33,2.0,3.44,1.0,0.67,11.0,11.78,1,4,4,1,0,,,,11.11,44.44,44.44,11.11,0.0
Q546113,3,235.0,248.67,1.0,1.0,0.0,0.67,4.0,26.33,1,2,2,1,1,,,,33.33,66.67,66.67,33.33,33.33
Q5464261,2,364.0,364.0,1.5,1.5,0.5,0.5,12.0,12.0,0,1,0,0,0,,,,0.0,50.0,0.0,0.0,0.0
Q5465517,1,619.0,619.0,19.0,19.0,0.0,0.0,11.0,11.0,0,1,0,0,0,,,,0.0,100.0,0.0,0.0,0.0
Q5466628,1,2746.0,2746.0,49.0,49.0,11.0,11.0,139.0,139.0,0,0,0,0,0,,,,0.0,0.0,0.0,0.0,0.0
Q54806917,1,463.0,463.0,3.0,3.0,1.0,1.0,7.0,7.0,0,0,0,0,0,,,,0.0,0.0,0.0,0.0,0.0
Q548611,1,2420.0,2420.0,31.0,31.0,6.0,6.0,70.0,70.0,0,0,0,0,0,,,,0.0,0.0,0.0,0.0,0.0
Q54879087,2,68.5,68.5,1.0,1.0,0.0,0.0,3.5,3.5,0,2,2,0,0,,,,0.0,100.0,100.0,0.0,0.0
Q549276,1,236.0,236.0,0.0,0.0,1.0,1.0,38.0,38.0,1,0,1,1,0,flotilla,Флотилия,флотилия,100.0,0.0,100.0,100.0,0.0
Q54928607,4,135.0,124.5,2.0,2.0,0.0,0.0,3.0,3.75,0,4,4,0,0,,,,0.0,100.0,100.0,0.0,0.0
Q54932064,3,59.0,53.67,1.0,1.33,0.0,0.0,2.0,3.0,0,3,3,0,0,,,,0.0,100.0,100.0,0.0,0.0
Q54935504,108,274.0,295.29,0.0,0.06,1.0,1.32,6.0,6.43,102,7,0,0,0,,,,94.44,6.48,0.0,0.0,0.0
Q54935786,128,308.5,316.81,1.0,0.74,1.0,0.74,8.0,8.14,39,37,0,0,0,,,,30.47,28.91,0.0,0.0,0.0
Q5494543,2,773.0,773.0,11.5,11.5,1.0,1.0,35.0,35.0,0,0,0,0,0,,,,0.0,0.0,0.0,0.0,0.0
Q5499621,1,1011.0,1011.0,3.0,3.0,0.0,0.0,69.0,69.0,0,1,0,0,0,,,,0.0,100.0,0.0,0.0,0.0
Q5500203,1,671.0,671.0,2.0,2.0,2.0,2.0,22.0,22.0,0,0,0,0,0,,,,0.0,0.0,0.0,0.0,0.0
Q550089,1,181.0,181.0,1.0,1.0,1.0,1.0,6.0,6.0,0,0,1,0,0,,,,0.0,0.0,100.0,0.0,0.0
Q5503,7,436.0,587.71,2.0,3.86,1.0,1.71,12.0,18.29,2,2,1,1,0,,,,28.57,28.57,14.29,14.29,0.0
Q55043,1,35.0,35.0,0.0,0.0,0.0,0.0,2.0,2.0,1,1,1,1,1,,,,100.0,100.0,100.0,100.0,100.0
Q55075651,21,177.0,279.24,1.0,0.57,0.0,0.19,11.0,13.86,10,17,16,8,8,upland,Қырат,возвышенность,47.62,80.95,76.19,38.1,38.1
Q55091441,1,105.0,105.0,1.0,1.0,0.0,0.0,8.0,8.0,0,1,1,0,0,,,,0.0,100.0,100.0,0.0,0.0
Q55097243,1,428.0,428.0,4.0,4.0,1.0,1.0,12.0,12.0,0,0,0,0,0,,,,0.0,0.0,0.0,0.0,0.0
Q55116,1,291.0,291.0,2.0,2.0,0.0,0.0,3.0,3.0,0,1,0,0,0,,,,0.0,100.0,0.0,0.0,0.0
Q55118431,1,404.0,404.0,0.0,0.0,3.0,3.0,3.0,3.0,1,0,0,0,0,,,,100.0,0.0,0.0,0.0,0.0
Q55118684,1,287.0,287.0,0.0,0.0,0.0,0.0,20.0,20.0,1,1,0,0,0,,,,100.0,100.0,0.0,0.0,0.0
Q55134479,1,161.0,161.0,1.0,1.0,0.0,0.0,1.0,1.0,0,1,1,0,0,,,,0.0,100.0,100.0,0.0,0.0
Q5518574,1,2066.0,2066.0,22.0,22.0,9.0,9.0,109.0,109.0,0,0,0,0,0,,,,0.0,0.0,0.0,0.0,0.0
Q55190120,2,92.5,92.5,1.0,1.0,0.0,0.0,4.0,4.0,0,2,2,0,0,narcological dispensary,наркологиялық диспансер,наркологический диспансер,0.0,100.0,100.0,0.0,0.0
Q55190325,3,453.0,586.33,1.0,3.33,1.0,1.0,21.0,32.33,1,1,0,0,0,,,,33.33,33.33,0.0,0.0,0.0
Q5519929,1,990.0,990.0,6.0,6.0,1.0,1.0,41.0,41.0,0,0,0,0,0,,,,0.0,0.0,0.0,0.0,0.0
Q55208590,5,480.0,1096.2,1.0,2.2,0.0,0.6,8.0,45.8,2,4,2,2,2,,,,40.0,80.0,40.0,40.0,40.0
Q55214844,11,109.0,370.64,1.0,1.64,1.0,1.09,8.0,9.09,2,3,9,2,1,,,,18.18,27.27,81.82,18.18,9.09
Q55215251,9,184.0,293.67,2.0,3.89,1.0,1.22,8.0,11.89,1,3,6,1,1,,,,11.11,33.33,66.67,11.11,11.11
Q55215846,3,271.0,207.33,1.0,1.0,0.0,0.33,3.0,5.33,1,2,1,0,0,,,,33.33,66.67,33.33,0.0,0.0
Q55276680,2,218.0,218.0,1.0,1.0,0.0,0.0,10.0,10.0,0,2,1,0,0,,,,0.0,100.0,50.0,0.0,0.0
Q5533440,1,203.0,203.0,1.0,1.0,0.0,0.0,5.0,5.0,0,1,1,0,0,,,,0.0,100.0,100.0,0.0,0.0
Q55341040,2,542.5,542.5,4.5,4.5,0.0,0.0,35.0,35.0,0,2,0,0,0,,,,0.0,100.0,0.0,0.0,0.0
Q55387456,1,363.0,363.0,1.0,1.0,1.0,1.0,45.0,45.0,0,0,0,0,0,,,,0.0,0.0,0.0,0.0,0.0
Q55392224,3,87.0,106.0,1.0,4.67,0.0,0.0,8.0,5.67,0,3,3,0,0,salt area,salt area,salt area,0.0,100.0,100.0,0.0,0.0
Q55412936,1,75.0,75.0,1.0,1.0,0.0,0.0,3.0,3.0,0,1,1,0,0,,,,0.0,100.0,100.0,0.0,0.0
Q55413080,1,579.0,579.0,8.0,8.0,0.0,0.0,18.0,18.0,0,1,0,0,0,,,,0.0,100.0,0.0,0.0,0.0
Q554211,1,1539.0,1539.0,28.0,28.0,0.0,0.0,66.0,66.0,0,1,0,0,0,,,,0.0,100.0,0.0,0.0,0.0
Q55440238,2,477.0,477.0,1.0,1.0,2.5,2.5,14.0,14.0,0,0,0,0,0,,,,0.0,0.0,0.0,0.0,0.0
Q55462971,1,390.0,390.0,2.0,2.0,1.0,1.0,29.0,29.0,0,0,0,0,0,,,,0.0,0.0,0.0,0.0,0.0
Q55470156,2,154.5,154.5,0.5,0.5,0.0,0.0,7.5,7.5,1,2,2,1,1,intermittent salt lake,intermittent salt lake,сезонное солёное озеро,50.0,100.0,100.0,50.0,50.0
Q55485,2,352.0,352.0,3.5,3.5,3.0,3.0,2.5,2.5,0,0,0,0,0,,,,0.0,0.0,0.0,0.0,0.0
Q55488,68,278.5,264.21,2.0,2.54,0.5,1.25,6.0,6.82,8,34,27,7,3,railway station,темір жол стансасы,железнодорожная станция,11.76,50.0,39.71,10.29,4.41
Q55490,1,293.0,293.0,4.0,4.0,2.0,2.0,2.0,2.0,0,0,0,0,0,,,,0.0,0.0,0.0,0.0,0.0
Q55493,1,55.0,55.0,1.0,1.0,0.0,0.0,3.0,3.0,0,1,1,0,0,goods station,goods station,грузовая железнодорожная станция,0.0,100.0,100.0,0.0,0.0
Q554950,1,1330.0,1330.0,37.0,37.0,1.0,1.0,21.0,21.0,0,0,0,0,0,,,,0.0,0.0,0.0,0.0,0.0
Q55499636,1,59.0,59.0,1.0,1.0,0.0,0.0,2.0,2.0,0,1,1,0,0,,,,0.0,100.0,100.0,0.0,0.0
Q55558200,1,321.0,321.0,2.0,2.0,0.0,0.0,13.0,13.0,0,1,0,0,0,,,,0.0,100.0,0.0,0.0,0.0
Q5558483,2,684.5,684.5,1.5,1.5,0.0,0.0,13.0,13.0,0,2,0,0,0,,,,0.0,100.0,0.0,0.0,0.0
Q555937,1,197.0,197.0,0.0,0.0,1.0,1.0,0.0,0.0,1,0,1,1,0,,,,100.0,0.0,100.0,100.0,0.0
Q55597235,7,319.0,750.14,2.0,8.71,1.0,1.29,24.0,19.0,1,1,3,1,0,,,,14.29,14.29,42.86,14.29,0.0
Q55607025,1,31.0,31.0,1.0,1.0,0.0,0.0,3.0,3.0,0,1,1,0,0,,,,0.0,100.0,100.0,0.0,0.0
Q55612991,1,569.0,569.0,12.0,12.0,0.0,0.0,8.0,8.0,0,1,0,0,0,,,,0.0,100.0,0.0,0.0,0.0
Q55636096,4,39.5,42.0,1.0,1.0,0.0,0.0,3.0,4.0,0,4,4,0,0,,,,0.0,100.0,100.0,0.0,0.0
Q55639,1,204.0,204.0,0.0,0.0,0.0,0.0,1.0,1.0,1,1,1,1,1,,,,100.0,100.0,100.0,100.0,100.0
Q55640599,6,125.5,387.33,1.0,1.5,1.5,2.17,12.0,16.0,2,0,4,2,0,,,,33.33,0.0,66.67,33.33,0.0
Q55659167,1,180.0,180.0,1.0,1.0,0.0,0.0,10.0,10.0,0,1,1,0,0,natural watercourse,natural watercourse,естественный водоток,0.0,100.0,100.0,0.0,0.0
Q55680343,1,138.0,138.0,0.0,0.0,0.0,0.0,9.0,9.0,1,1,1,1,1,,,,100.0,100.0,100.0,100.0,100.0
Q5570909,1,144.0,144.0,1.0,1.0,0.0,0.0,7.0,7.0,0,1,1,0,0,,,,0.0,100.0,100.0,0.0,0.0
Q557206,2,273.5,273.5,1.5,1.5,0.5,0.5,5.0,5.0,1,1,1,1,0,,,,50.0,50.0,50.0,50.0,0.0
Q55739666,1,300.0,300.0,1.0,1.0,0.0,0.0,18.0,18.0,0,1,0,0,0,,,,0.0,100.0,0.0,0.0,0.0
Q55739723,1,300.0,300.0,1.0,1.0,0.0,0.0,18.0,18.0,0,1,0,0,0,,,,0.0,100.0,0.0,0.0,0.0
Q55740544,1,681.0,681.0,3.0,3.0,0.0,0.0,14.0,14.0,0,1,0,0,0,,,,0.0,100.0,0.0,0.0,0.0
Q557715,1,1288.0,1288.0,7.0,7.0,3.0,3.0,19.0,19.0,0,0,0,0,0,,,,0.0,0.0,0.0,0.0,0.0
Q55790826,1,397.0,397.0,2.0,2.0,1.0,1.0,12.0,12.0,0,0,0,0,0,,,,0.0,0.0,0.0,0.0,0.0
Q558116,1,200.0,200.0,0.0,0.0,1.0,1.0,21.0,21.0,1,0,1,1,0,,,,100.0,0.0,100.0,100.0,0.0
Q55818,12,269.0,273.92,2.5,2.83,0.0,0.92,6.0,8.08,1,7,5,1,0,impact crater,Метеориттік кратер,ударный кратер,8.33,58.33,41.67,8.33,0.0
Q55833,8,209.5,423.38,0.5,0.88,1.0,1.12,16.0,22.0,4,1,5,3,0,,,,50.0,12.5,62.5,37.5,0.0
Q558330,1,427.0,427.0,0.0,0.0,1.0,1.0,16.0,16.0,1,0,0,0,0,,,,100.0,0.0,0.0,0.0,0.0
Q55850593,2,349.0,349.0,12.5,12.5,0.0,0.0,7.5,7.5,0,2,1,0,0,,,,0.0,100.0,50.0,0.0,0.0
Q55876909,1,204.0,204.0,1.0,1.0,1.0,1.0,0.0,0.0,0,0,1,0,0,,,,0.0,0.0,100.0,0.0,0.0
Q5589178,2,784.0,784.0,0.5,0.5,1.0,1.0,37.5,37.5,1,1,1,0,0,,,,50.0,50.0,50.0,0.0,0.0
Q5592057,1,100.0,100.0,1.0,1.0,1.0,1.0,6.0,6.0,0,0,1,0,0,,,,0.0,0.0,100.0,0.0,0.0
Q55958305,3,214.0,617.67,0.0,1.67,0.0,0.0,10.0,10.0,2,3,2,1,1,languages of a country,languages of a country,языки страны,66.67,100.0,66.67,33.33,33.33
Q559618,1,672.0,672.0,3.0,3.0,1.0,1.0,24.0,24.0,0,0,0,0,0,,,,0.0,0.0,0.0,0.0,0.0
Q55978524,1,448.0,448.0,9.0,9.0,0.0,0.0,7.0,7.0,0,1,0,0,0,,,,0.0,100.0,0.0,0.0,0.0
Q55979391,2,793.0,793.0,2.0,2.0,0.5,0.5,10.5,10.5,1,1,0,0,0,,,,50.0,50.0,0.0,0.0,0.0
Q55983715,83,227.0,459.73,1.0,1.73,1.0,1.24,10.0,19.41,19,28,45,12,6,,,,22.89,33.73,54.22,14.46,7.23
Q559856,7,311.0,746.0,0.0,5.71,0.0,0.43,8.0,13.29,4,4,2,2,1,,,,57.14,57.14,28.57,28.57,14.29
Q55990535,2,901.5,901.5,5.0,5.0,0.5,0.5,47.5,47.5,0,1,1,0,0,,,,0.0,50.0,50.0,0.0,0.0
Q56019,68,363.5,655.87,1.0,4.51,0.0,1.32,13.5,32.75,9,42,29,3,2,military rank,Әскери атақтар,воинское звание,13.24,61.76,42.65,4.41,2.94
Q560311,2,376.5,376.5,3.0,3.0,0.0,0.0,10.0,10.0,0,2,1,0,0,,,,0.0,100.0,50.0,0.0,0.0
Q56036687,2,290.5,290.5,1.5,1.5,0.0,0.0,4.0,4.0,0,2,0,0,0,,,,0.0,100.0,0.0,0.0,0.0
Q56043481,2,692.0,692.0,1.5,1.5,0.0,0.0,12.0,12.0,0,2,1,0,0,,,,0.0,100.0,50.0,0.0,0.0
Q56046844,1900,280.0,280.28,0.0,0.0,0.0,0.13,7.0,7.75,1897,1660,20,20,20,,,,99.84,87.37,1.05,1.05,1.05
Q56053097,4,173.0,158.0,0.5,0.5,0.0,0.25,3.5,5.5,2,3,4,2,2,,,,50.0,75.0,100.0,50.0,50.0
Q56053556,1,240.0,240.0,0.0,0.0,0.0,0.0,15.0,15.0,1,1,1,1,1,,,,100.0,100.0,100.0,100.0,100.0
Q56055312,1,572.0,572.0,0.0,0.0,2.0,2.0,11.0,11.0,1,0,0,0,0,,,,100.0,0.0,0.0,0.0,0.0
Q56055944,21,375.0,734.24,1.0,1.57,1.0,1.52,11.0,25.05,5,8,8,3,0,,,,23.81,38.1,38.1,14.29,0.0
Q56061,180,366.5,557.1,1.0,1.93,0.0,0.43,8.0,15.13,75,141,36,29,25,administrative territorial entity,әкімшілік-аумақтық бөлініс,административно-территориальная единица,41.67,78.33,20.0,16.11,13.89
Q56062429,1,675.0,675.0,0.0,0.0,1.0,1.0,29.0,29.0,1,0,0,0,0,,,,100.0,0.0,0.0,0.0,0.0
Q561068,15,269.0,356.73,0.0,1.0,0.0,0.27,24.0,35.07,9,11,6,3,3,,,,60.0,73.33,40.0,20.0,20.0
Q5611017,2,1163.0,1163.0,18.0,18.0,1.5,1.5,15.5,15.5,0,0,1,0,0,,,,0.0,0.0,50.0,0.0,0.0
Q56116950,2,1090.5,1090.5,1.5,1.5,0.0,0.0,102.5,102.5,1,2,0,0,0,,,,50.0,100.0,0.0,0.0,0.0
Q56139,1,76.0,76.0,1.0,1.0,0.0,0.0,3.0,3.0,0,1,1,0,0,,,,0.0,100.0,100.0,0.0,0.0
Q56147411,6,224.0,242.17,1.5,2.0,0.5,0.5,6.0,6.17,2,3,4,2,1,,,,33.33,50.0,66.67,33.33,16.67
Q56148021,1,61.0,61.0,1.0,1.0,0.0,0.0,1.0,1.0,0,1,1,0,0,,,,0.0,100.0,100.0,0.0,0.0
Q56152103,1,242.0,242.0,0.0,0.0,0.0,0.0,2.0,2.0,1,1,1,1,1,,,,100.0,100.0,100.0,100.0,100.0
Q56190453,4,458.5,423.25,2.5,2.75,0.5,0.75,12.5,14.5,0,2,1,0,0,memorial complex,memorial complex,мемориальный комплекс,0.0,50.0,25.0,0.0,0.0
Q562061,692,297.0,298.02,0.0,0.01,0.0,0.34,8.0,8.01,686,460,2,1,1,,,,99.13,66.47,0.29,0.14,0.14
Q5621421,2,350.0,350.0,6.5,6.5,0.5,0.5,20.0,20.0,0,1,0,0,0,,,,0.0,50.0,0.0,0.0,0.0
Q56220509,1,787.0,787.0,0.0,0.0,12.0,12.0,120.0,120.0,1,0,0,0,0,,,,100.0,0.0,0.0,0.0,0.0
Q56242063,1,190.0,190.0,1.0,1.0,1.0,1.0,0.0,0.0,0,0,1,0,0,,,,0.0,0.0,100.0,0.0,0.0
Q56242215,3,236.0,302.0,1.0,0.67,1.0,1.33,0.0,7.0,1,0,2,0,0,,,,33.33,0.0,66.67,0.0,0.0
Q56242225,4,446.0,385.0,1.0,0.75,0.0,0.25,6.0,9.75,1,3,1,1,1,,,,25.0,75.0,25.0,25.0,25.0
Q56242250,1,162.0,162.0,1.0,1.0,1.0,1.0,20.0,20.0,0,0,1,0,0,,,,0.0,0.0,100.0,0.0,0.0
Q56256173,17,120.0,285.76,1.0,1.35,0.0,0.47,6.0,21.0,0,12,15,0,0,,,,0.0,70.59,88.24,0.0,0.0
Q56256178,7,144.0,129.86,1.0,1.43,0.0,0.43,12.0,9.71,0,4,7,0,0,,,,0.0,57.14,100.0,0.0,0.0
Q56290623,2,258.0,258.0,0.5,0.5,0.0,0.0,57.0,57.0,1,2,1,0,0,,,,50.0,100.0,50.0,0.0,0.0
Q56298160,1,72.0,72.0,2.0,2.0,0.0,0.0,2.0,2.0,0,1,1,0,0,,,,0.0,100.0,100.0,0.0,0.0
Q56317132,1,118.0,118.0,0.0,0.0,0.0,0.0,11.0,11.0,1,1,1,1,1,,,,100.0,100.0,100.0,100.0,100.0
Q5633421,49,91.0,108.14,1.0,1.27,0.0,0.06,8.0,8.55,5,46,46,5,5,,,,10.2,93.88,93.88,10.2,10.2
Q56376618,1,112.0,112.0,1.0,1.0,0.0,0.0,5.0,5.0,0,1,1,0,0,,,,0.0,100.0,100.0,0.0,0.0
Q56377753,1,137.0,137.0,2.0,2.0,0.0,0.0,12.0,12.0,0,1,1,0,0,,,проектный институт,0.0,100.0,100.0,0.0,0.0
Q56389217,1,764.0,764.0,14.0,14.0,0.0,0.0,94.0,94.0,0,1,0,0,0,,,,0.0,100.0,0.0,0.0,0.0
Q56395513,1,69.0,69.0,0.0,0.0,0.0,0.0,2.0,2.0,1,1,1,1,1,,,,100.0,100.0,100.0,100.0,100.0
Q56406134,1,130.0,130.0,1.0,1.0,1.0,1.0,3.0,3.0,0,0,1,0,0,,,,0.0,0.0,100.0,0.0,0.0
Q56425403,37,209.0,212.03,0.0,0.0,0.0,0.0,11.0,11.11,37,37,37,37,37,,,,100.0,100.0,100.0,100.0,100.0
Q564371,1,56.0,56.0,0.0,0.0,1.0,1.0,1.0,1.0,1,0,1,1,0,,,,100.0,0.0,100.0,100.0,0.0
Q56457918,1,147.0,147.0,0.0,0.0,1.0,1.0,1.0,1.0,1,0,1,1,0,,,,100.0,0.0,100.0,100.0,0.0
Q56488093,1,48.0,48.0,1.0,1.0,0.0,0.0,5.0,5.0,0,1,1,0,0,,,,0.0,100.0,100.0,0.0,0.0
Q56507866,1,792.0,792.0,4.0,4.0,4.0,4.0,13.0,13.0,0,0,0,0,0,gulag camp,gulag camp,ГУЛАГ,0.0,0.0,0.0,0.0,0.0
Q565507,1,1376.0,1376.0,44.0,44.0,0.0,0.0,93.0,93.0,0,1,0,0,0,,,,0.0,100.0,0.0,0.0,0.0
Q56557118,1,685.0,685.0,3.0,3.0,1.0,1.0,39.0,39.0,0,0,0,0,0,,,,0.0,0.0,0.0,0.0,0.0
Q56557504,13,361.0,939.0,0.0,5.0,1.0,2.23,10.0,42.62,8,4,4,3,1,,,,61.54,30.77,30.77,23.08,7.69
Q56557664,11,848.0,1224.0,6.0,12.09,1.0,4.18,4.0,20.45,0,5,0,0,0,,,,0.0,45.45,0.0,0.0,0.0
Q565657,21,426.0,1282.24,0.0,0.1,0.0,0.14,27.0,41.9,19,18,5,4,3,,,,90.48,85.71,23.81,19.05,14.29
Q56575300,2,570.5,570.5,2.5,2.5,0.5,0.5,27.0,27.0,1,1,0,0,0,,,,50.0,50.0,0.0,0.0,0.0
Q56575365,1,3673.0,3673.0,37.0,37.0,0.0,0.0,37.0,37.0,0,1,0,0,0,,,,0.0,100.0,0.0,0.0,0.0
Q56580032,1,443.0,443.0,5.0,5.0,0.0,0.0,18.0,18.0,0,1,0,0,0,,,,0.0,100.0,0.0,0.0,0.0
Q56580425,1,776.0,776.0,2.0,2.0,1.0,1.0,75.0,75.0,0,0,0,0,0,,,,0.0,0.0,0.0,0.0,0.0
Q56604316,1,183.0,183.0,0.0,0.0,1.0,1.0,10.0,10.0,1,0,1,1,0,,,,100.0,0.0,100.0,100.0,0.0
Q56648173,2,175.5,175.5,0.0,0.0,1.0,1.0,6.5,6.5,2,1,2,2,1,,,,100.0,50.0,100.0,100.0,50.0
Q56682555,1,236.0,236.0,1.0,1.0,0.0,0.0,11.0,11.0,0,1,1,0,0,,,,0.0,100.0,100.0,0.0,0.0
Q566889,1,45.0,45.0,1.0,1.0,0.0,0.0,2.0,2.0,0,1,1,0,0,,,,0.0,100.0,100.0,0.0,0.0
Q568041,2,3979.5,3979.5,84.0,84.0,6.0,6.0,112.5,112.5,0,0,0,0,0,,,,0.0,0.0,0.0,0.0,0.0
Q56815734,1,123.0,123.0,0.0,0.0,0.0,0.0,0.0,0.0,1,1,1,1,1,,,,100.0,100.0,100.0,100.0,100.0
Q56816954,1,339.0,339.0,2.0,2.0,0.0,0.0,43.0,43.0,0,1,0,0,0,,,,0.0,100.0,0.0,0.0,0.0
Q56829666,2,628.0,628.0,0.0,0.0,3.5,3.5,83.5,83.5,2,0,0,0,0,,,,100.0,0.0,0.0,0.0,0.0
Q5683226,1,792.0,792.0,0.0,0.0,1.0,1.0,13.0,13.0,1,0,0,0,0,,,,100.0,0.0,0.0,0.0,0.0
Q56842894,1,81.0,81.0,1.0,1.0,1.0,1.0,2.0,2.0,0,0,1,0,0,,,,0.0,0.0,100.0,0.0,0.0
Q568683,27,35.0,42.74,1.0,1.0,0.0,0.0,1.0,1.52,1,27,27,1,1,,,,3.7,100.0,100.0,3.7,3.7
Q5687161,16,507.0,716.69,1.0,2.25,1.0,1.25,17.0,24.5,1,5,7,1,0,,,,6.25,31.25,43.75,6.25,0.0
Q568765,2,325.5,325.5,2.5,2.5,0.0,0.0,10.0,10.0,1,2,1,1,1,,,,50.0,100.0,50.0,50.0,50.0
Q56883667,3,68.0,70.0,1.0,1.0,1.0,1.0,2.0,2.33,0,0,3,0,0,,,,0.0,0.0,100.0,0.0,0.0
Q56887437,6,164.5,177.0,1.0,1.17,1.5,1.5,8.0,7.5,1,1,4,1,0,,,,16.67,16.67,66.67,16.67,0.0
Q569500,1,621.0,621.0,4.0,4.0,2.0,2.0,16.0,16.0,0,0,0,0,0,,,,0.0,0.0,0.0,0.0,0.0
Q569965,1,104.0,104.0,1.0,1.0,0.0,0.0,5.0,5.0,0,1,1,0,0,,,,0.0,100.0,100.0,0.0,0.0
Q570,1,28.0,28.0,0.0,0.0,0.0,0.0,0.0,0.0,1,1,1,1,1,,,,100.0,100.0,100.0,100.0,100.0
Q57053,18,436.0,468.78,2.0,2.11,0.0,0.0,47.5,51.17,0,18,0,0,0,,,,0.0,100.0,0.0,0.0,0.0
Q570554,1,77.0,77.0,1.0,1.0,0.0,0.0,8.0,8.0,0,1,1,0,0,,,,0.0,100.0,100.0,0.0,0.0
Q571,3,223.0,164.67,1.0,1.33,0.0,0.33,4.0,5.33,1,2,3,1,0,,,,33.33,66.67,100.0,33.33,0.0
Q57208171,2,242.0,242.0,2.0,2.0,0.0,0.0,10.0,10.0,0,2,1,0,0,section of watercourse,section of watercourse,участок реки,0.0,100.0,50.0,0.0,0.0
Q57216,1,1080.0,1080.0,15.0,15.0,1.0,1.0,24.0,24.0,0,0,0,0,0,,,,0.0,0.0,0.0,0.0,0.0
Q57237852,9,98.0,171.44,1.0,1.22,0.0,0.22,9.0,9.44,0,8,8,0,0,dry stream bed,dry stream bed,dry stream bed,0.0,88.89,88.89,0.0,0.0
Q5725005,11,114.0,253.82,1.0,1.91,0.0,0.36,8.0,8.36,1,8,8,0,0,,,,9.09,72.73,72.73,0.0,0.0
Q57285129,1,656.0,656.0,14.0,14.0,0.0,0.0,7.0,7.0,0,1,0,0,0,,,,0.0,100.0,0.0,0.0,0.0
Q573,2,1417.5,1417.5,28.5,28.5,6.0,6.0,35.0,35.0,0,1,1,0,0,,,,0.0,50.0,50.0,0.0,0.0
Q57305,2,314.5,314.5,2.0,2.0,1.5,1.5,3.5,3.5,0,1,1,0,0,trade fair,trade fair,промышленная ярмарка,0.0,50.0,50.0,0.0,0.0
Q57315360,1,632.0,632.0,3.0,3.0,1.0,1.0,24.0,24.0,0,0,0,0,0,necked bowl lute sounded by plectrum,necked bowl lute sounded by plectrum,necked bowl lute sounded by plectrum,0.0,0.0,0.0,0.0,0.0
Q57318,1,1022.0,1022.0,9.0,9.0,4.0,4.0,2.0,2.0,0,0,0,0,0,,,,0.0,0.0,0.0,0.0,0.0
Q573344,21,184.0,200.33,0.0,0.33,1.0,1.05,12.0,13.9,14,6,17,14,2,,,,66.67,28.57,80.95,66.67,9.52
Q57346,1,178.0,178.0,0.0,0.0,2.0,2.0,3.0,3.0,1,0,1,1,0,defensive wall,defensive wall,городские стены,100.0,0.0,100.0,100.0,0.0
Q573573,2,832.5,832.5,1.5,1.5,4.5,4.5,25.0,25.0,0,0,0,0,0,,,,0.0,0.0,0.0,0.0,0.0
Q57362,3,502.0,968.0,0.0,0.67,3.0,2.67,34.0,69.67,2,0,0,0,0,,,,66.67,0.0,0.0,0.0,0.0
Q5737,12,212.5,399.25,1.0,1.33,0.0,0.75,9.0,8.58,4,8,7,3,3,burial mound,Қорған,курган,33.33,66.67,58.33,25.0,25.0
Q5737899,3,433.0,384.33,1.0,2.0,1.0,1.33,28.0,33.0,1,0,1,1,0,,,,33.33,0.0,33.33,33.33,0.0
Q574050,1,3014.0,3014.0,60.0,60.0,1.0,1.0,98.0,98.0,0,0,0,0,0,,,,0.0,0.0,0.0,0.0,0.0
Q5741069,20,438.0,530.55,2.5,2.95,0.0,0.05,42.5,43.9,3,19,1,0,0,,,,15.0,95.0,5.0,0.0,0.0
Q574376,7,390.0,303.57,1.0,1.57,1.0,1.43,15.0,22.43,0,0,2,0,0,,,,0.0,0.0,28.57,0.0,0.0
Q5753107,1,432.0,432.0,4.0,4.0,1.0,1.0,3.0,3.0,0,0,0,0,0,,,,0.0,0.0,0.0,0.0,0.0
Q575727,1,254.0,254.0,0.0,0.0,2.0,2.0,10.0,10.0,1,0,0,0,0,,,,100.0,0.0,0.0,0.0,0.0
Q575759,1,444.0,444.0,1.0,1.0,0.0,0.0,6.0,6.0,0,1,0,0,0,,,,0.0,100.0,0.0,0.0,0.0
Q57583712,1,443.0,443.0,1.0,1.0,1.0,1.0,17.0,17.0,0,0,0,0,0,,,,0.0,0.0,0.0,0.0,0.0
Q575882,1,350.0,350.0,1.0,1.0,0.0,0.0,22.0,22.0,0,1,0,0,0,,,,0.0,100.0,0.0,0.0,0.0
Q57590076,2,634.0,634.0,8.0,8.0,0.5,0.5,16.5,16.5,0,1,1,0,0,,,,0.0,50.0,50.0,0.0,0.0
Q57598,5,414.0,695.2,3.0,8.4,0.0,1.6,20.0,24.4,2,3,1,1,1,national day,Тәуелсіздік күні,национальный праздник,40.0,60.0,20.0,20.0,20.0
Q5760634,2,1643.5,1643.5,5.0,5.0,1.0,1.0,282.0,282.0,0,0,0,0,0,,,,0.0,0.0,0.0,0.0,0.0
Q57660343,1,367.0,367.0,3.0,3.0,2.0,2.0,18.0,18.0,0,0,0,0,0,,,,0.0,0.0,0.0,0.0,0.0
Q57663626,2,552.5,552.5,0.5,0.5,1.5,1.5,3.0,3.0,1,1,1,0,0,,,,50.0,50.0,50.0,0.0,0.0
Q576639,2,485.5,485.5,1.5,1.5,1.5,1.5,32.0,32.0,0,0,1,0,0,,,,0.0,0.0,50.0,0.0,0.0
Q5767753,4,120.5,390.5,1.0,1.0,0.0,0.5,6.5,15.5,1,3,3,1,1,,,,25.0,75.0,75.0,25.0,25.0
Q577,1582,48.0,50.12,0.0,0.0,0.0,0.0,2.0,2.17,1581,1581,1581,1581,1581,,,,99.94,99.94,99.94,99.94,99.94
Q5770868,3,225.0,252.33,2.0,1.67,0.0,0.0,12.0,11.33,0,3,2,0,0,medieval city,Ортағасырлық қала,средневековый город,0.0,100.0,66.67,0.0,0.0
Q5770918,4,259.5,263.5,0.5,0.75,0.5,0.5,3.0,2.5,2,2,2,1,1,,,,50.0,50.0,50.0,25.0,25.0
Q577697,2,584.5,584.5,1.0,1.0,4.5,4.5,36.5,36.5,0,1,0,0,0,,,,0.0,50.0,0.0,0.0,0.0
Q577764,2,74.0,74.0,0.5,0.5,0.0,0.0,3.0,3.0,1,2,2,1,1,,,,50.0,100.0,100.0,50.0,50.0
Q5779422,1,38.0,38.0,1.0,1.0,0.0,0.0,2.0,2.0,0,1,1,0,0,,,,0.0,100.0,100.0,0.0,0.0
Q578,22,13.0,34.45,0.0,0.0,0.0,0.0,0.0,5.73,22,22,21,21,21,,,,100.0,100.0,95.45,95.45,95.45
Q5780945,1,299.0,299.0,1.0,1.0,0.0,0.0,8.0,8.0,0,1,0,0,0,,,,0.0,100.0,0.0,0.0,0.0
Q578109,1,891.0,891.0,25.0,25.0,2.0,2.0,39.0,39.0,0,0,0,0,0,,,,0.0,0.0,0.0,0.0,0.0
Q57812611,1,1013.0,1013.0,3.0,3.0,1.0,1.0,2.0,2.0,0,0,0,0,0,,,,0.0,0.0,0.0,0.0,0.0
Q57821,6,370.5,640.83,1.5,5.0,0.5,1.5,5.0,8.5,2,3,2,1,0,,,,33.33,50.0,33.33,16.67,0.0
Q578241,1,82.0,82.0,0.0,0.0,0.0,0.0,4.0,4.0,1,1,1,1,1,,,,100.0,100.0,100.0,100.0,100.0
Q57831,16,310.0,626.69,2.0,6.56,0.0,1.19,5.0,15.19,2,9,6,1,1,fortress,қамал,крепость,12.5,56.25,37.5,6.25,6.25
Q578994,1,43.0,43.0,1.0,1.0,1.0,1.0,2.0,2.0,0,0,1,0,0,,,,0.0,0.0,100.0,0.0,0.0
Q5791104,4,2167.0,2958.25,61.5,62.0,0.5,2.5,54.5,50.0,1,2,1,1,1,,,,25.0,50.0,25.0,25.0,25.0
Q579287,2,447.5,447.5,2.0,2.0,1.0,1.0,16.5,16.5,0,0,0,0,0,,,,0.0,0.0,0.0,0.0,0.0
Q57933693,1,184.0,184.0,1.0,1.0,0.0,0.0,11.0,11.0,0,1,1,0,0,,,,0.0,100.0,100.0,0.0,0.0
Q58051350,6,413.0,695.5,1.0,2.17,1.5,2.17,30.0,31.0,0,1,2,0,0,,,,0.0,16.67,33.33,0.0,0.0
Q581450,1,227.0,227.0,1.0,1.0,1.0,1.0,11.0,11.0,0,0,1,0,0,,,,0.0,0.0,100.0,0.0,0.0
Q581830,4,292.0,371.25,1.0,0.75,0.5,0.75,8.0,8.5,1,2,1,0,0,,,,25.0,50.0,25.0,0.0,0.0
Q58199,1,942.0,942.0,23.0,23.0,1.0,1.0,35.0,35.0,0,0,0,0,0,,,,0.0,0.0,0.0,0.0,0.0
Q582577,3,197.0,271.33,1.0,1.33,0.0,0.33,7.0,8.67,0,2,2,0,0,economic policy,экономикалық саясат,экономическая политика,0.0,66.67,66.67,0.0,0.0
Q58327811,1,447.0,447.0,10.0,10.0,0.0,0.0,10.0,10.0,0,1,0,0,0,,,,0.0,100.0,0.0,0.0,0.0
Q58339518,1,216.0,216.0,1.0,1.0,1.0,1.0,0.0,0.0,0,0,1,0,0,,,,0.0,0.0,100.0,0.0,0.0
Q583461,1,160.0,160.0,1.0,1.0,0.0,0.0,7.0,7.0,0,1,1,0,0,,,,0.0,100.0,100.0,0.0,0.0
Q5839321,1,85.0,85.0,1.0,1.0,0.0,0.0,8.0,8.0,0,1,1,0,0,,,,0.0,100.0,100.0,0.0,0.0
Q584041,1,613.0,613.0,13.0,13.0,0.0,0.0,31.0,31.0,0,1,0,0,0,,,,0.0,100.0,0.0,0.0,0.0
Q58415929,1,2777.0,2777.0,9.0,9.0,0.0,0.0,80.0,80.0,0,1,0,0,0,,,,0.0,100.0,0.0,0.0,0.0
Q584529,2,536.5,536.5,7.5,7.5,0.5,0.5,7.5,7.5,0,1,1,0,0,,,,0.0,50.0,50.0,0.0,0.0
Q58481926,2,351.0,351.0,3.0,3.0,1.0,1.0,7.0,7.0,0,0,0,0,0,,,,0.0,0.0,0.0,0.0,0.0
Q58483083,13,398.0,430.69,1.0,1.69,1.0,0.85,5.0,8.77,5,6,3,1,1,,,,38.46,46.15,23.08,7.69,7.69
Q5852411,4,356.0,340.75,1.0,1.25,1.0,1.25,6.5,7.0,2,2,1,0,0,,,,50.0,50.0,25.0,0.0,0.0
Q58620410,1,350.0,350.0,1.0,1.0,1.0,1.0,14.0,14.0,0,0,0,0,0,,,,0.0,0.0,0.0,0.0,0.0
Q58621988,1,76.0,76.0,0.0,0.0,1.0,1.0,4.0,4.0,1,0,1,1,0,,,,100.0,0.0,100.0,100.0,0.0
Q5862542,1,531.0,531.0,4.0,4.0,1.0,1.0,2.0,2.0,0,0,0,0,0,,,,0.0,0.0,0.0,0.0,0.0
Q586277,3,91.0,85.67,1.0,0.67,0.0,3.67,4.0,4.67,1,2,3,1,0,,,,33.33,66.67,100.0,33.33,0.0
Q58635633,1,96.0,96.0,2.0,2.0,0.0,0.0,16.0,16.0,0,1,1,0,0,,,,0.0,100.0,100.0,0.0,0.0
Q5864,1,1719.0,1719.0,1.0,1.0,6.0,6.0,40.0,40.0,0,0,0,0,0,,,,0.0,0.0,0.0,0.0,0.0
Q587089,7,311.0,244.43,0.0,0.0,0.0,0.0,6.0,6.14,7,7,3,3,3,,,,100.0,100.0,42.86,42.86,42.86
Q587252,1,277.0,277.0,0.0,0.0,0.0,0.0,16.0,16.0,1,1,0,0,0,,,,100.0,100.0,0.0,0.0,0.0
Q58748,1,253.0,253.0,0.0,0.0,1.0,1.0,17.0,17.0,1,0,0,0,0,,,,100.0,0.0,0.0,0.0,0.0
Q5875045,1,156.0,156.0,1.0,1.0,0.0,0.0,7.0,7.0,0,1,1,0,0,,,,0.0,100.0,100.0,0.0,0.0
Q58778,2,44.0,44.0,1.0,1.0,0.0,0.0,5.0,5.0,0,2,2,0,0,,,,0.0,100.0,100.0,0.0,0.0
Q58804331,1,766.0,766.0,3.0,3.0,0.0,0.0,41.0,41.0,0,1,0,0,0,,,,0.0,100.0,0.0,0.0,0.0
Q588140,1,60.0,60.0,1.0,1.0,0.0,0.0,4.0,4.0,0,1,1,0,0,,,,0.0,100.0,100.0,0.0,0.0
Q58840819,1,459.0,459.0,0.0,0.0,0.0,0.0,23.0,23.0,1,1,0,0,0,national rugby union team,national rugby union team,национальная сборная по регби,100.0,100.0,0.0,0.0,0.0
Q58863414,1,243.0,243.0,1.0,1.0,0.0,0.0,7.0,7.0,0,1,1,0,0,female beauty pageant,female beauty pageant,женский конкурс красоты,0.0,100.0,100.0,0.0,0.0
Q588750,1,1045.0,1045.0,2.0,2.0,1.0,1.0,29.0,29.0,0,0,0,0,0,,,,0.0,0.0,0.0,0.0,0.0
Q5888666,2,541.5,541.5,2.5,2.5,1.5,1.5,33.0,33.0,0,1,0,0,0,,,,0.0,50.0,0.0,0.0,0.0
Q58901077,2,57.0,57.0,1.0,1.0,0.0,0.0,1.5,1.5,0,2,2,0,0,,,,0.0,100.0,100.0,0.0,0.0
Q5891,2,317.5,317.5,4.0,4.0,0.5,0.5,17.5,17.5,0,1,1,0,0,,,,0.0,50.0,50.0,0.0,0.0
Q5891306,1,429.0,429.0,2.0,2.0,1.0,1.0,10.0,10.0,0,0,0,0,0,,,,0.0,0.0,0.0,0.0,0.0
Q589183,2,311.0,311.0,1.0,1.0,0.0,0.0,42.5,42.5,1,2,1,0,0,,,,50.0,100.0,50.0,0.0,0.0
Q5892272,1,217.0,217.0,5.0,5.0,0.0,0.0,9.0,9.0,0,1,1,0,0,,,,0.0,100.0,100.0,0.0,0.0
Q58927801,2,942.5,942.5,1.0,1.0,1.0,1.0,5.0,5.0,0,1,1,0,0,,,,0.0,50.0,50.0,0.0,0.0
Q589481,11,249.0,271.73,0.0,0.36,0.0,0.36,16.0,16.18,8,7,6,5,4,,,,72.73,63.64,54.55,45.45,36.36
Q5898,1,295.0,295.0,3.0,3.0,1.0,1.0,12.0,12.0,0,0,0,0,0,,,,0.0,0.0,0.0,0.0,0.0
Q590490,1,1289.0,1289.0,0.0,0.0,0.0,0.0,221.0,221.0,1,1,0,0,0,,,,100.0,100.0,0.0,0.0,0.0
Q59134402,4,553.0,508.5,0.0,0.0,0.0,10.0,50.0,47.75,4,3,0,0,0,,,,100.0,75.0,0.0,0.0,0.0
Q59152282,6,338.0,826.67,6.5,11.0,0.5,0.67,19.5,22.67,1,3,1,1,0,,,,16.67,50.0,16.67,16.67,0.0
Q59157227,1,444.0,444.0,3.0,3.0,0.0,0.0,11.0,11.0,0,1,0,0,0,,,,0.0,100.0,0.0,0.0,0.0
Q591615,1,75.0,75.0,1.0,1.0,0.0,0.0,0.0,0.0,0,1,1,0,0,,,,0.0,100.0,100.0,0.0,0.0
Q5919191,3,872.0,653.0,23.0,15.67,1.0,1.0,56.0,40.67,1,1,1,1,1,,,,33.33,33.33,33.33,33.33,33.33
Q591942,3,220.0,209.67,1.0,1.0,0.0,0.33,9.0,10.33,0,2,3,0,0,distributary,distributary,рукав реки,0.0,66.67,100.0,0.0,0.0
Q59199015,20,95.5,243.0,1.0,2.0,1.0,1.35,5.5,7.45,5,6,16,4,0,,,,25.0,30.0,80.0,20.0,0.0
Q5926864,4,195.0,168.0,1.0,0.75,0.0,0.0,8.0,7.25,1,4,4,1,1,group of lakes,group of lakes,группа озёр,25.0,100.0,100.0,25.0,25.0
Q59281,4,594.0,638.0,5.5,9.25,1.5,3.0,40.0,36.5,1,2,0,0,0,,,,25.0,50.0,0.0,0.0,0.0
Q59284991,1,44.0,44.0,1.0,1.0,1.0,1.0,2.0,2.0,0,0,1,0,0,,,,0.0,0.0,100.0,0.0,0.0
Q5932254,4,97.5,198.5,0.5,0.5,0.5,0.5,4.5,4.75,2,2,3,2,1,,,,50.0,50.0,75.0,50.0,25.0
Q59369306,1,346.0,346.0,0.0,0.0,0.0,0.0,3.0,3.0,1,1,0,0,0,,,,100.0,100.0,0.0,0.0,0.0
Q593744,1,1139.0,1139.0,41.0,41.0,2.0,2.0,20.0,20.0,0,0,0,0,0,,,,0.0,0.0,0.0,0.0,0.0
Q59423687,7,341.0,368.43,2.0,1.86,1.0,1.29,13.0,13.14,1,1,0,0,0,,,,14.29,14.29,0.0,0.0,0.0
Q59537080,1,207.0,207.0,3.0,3.0,0.0,0.0,3.0,3.0,0,1,1,0,0,,,,0.0,100.0,100.0,0.0,0.0
Q59544,1,111.0,111.0,4.0,4.0,1.0,1.0,6.0,6.0,0,0,1,0,0,,,,0.0,0.0,100.0,0.0,0.0
Q595452,1,265.0,265.0,3.0,3.0,0.0,0.0,14.0,14.0,0,1,0,0,0,,,,0.0,100.0,0.0,0.0,0.0
Q595523,1,120.0,120.0,1.0,1.0,0.0,0.0,6.0,6.0,0,1,1,0,0,,,,0.0,100.0,100.0,0.0,0.0
Q5956785,1,114.0,114.0,0.0,0.0,0.0,0.0,1.0,1.0,1,1,1,1,1,,,,100.0,100.0,100.0,100.0,100.0
Q595819,1,161.0,161.0,1.0,1.0,1.0,1.0,18.0,18.0,0,0,1,0,0,,,,0.0,0.0,100.0,0.0,0.0
Q595871,2,223.0,223.0,0.0,0.0,0.0,0.0,17.0,17.0,2,2,2,2,2,,,,100.0,100.0,100.0,100.0,100.0
Q595968,1,330.0,330.0,4.0,4.0,1.0,1.0,3.0,3.0,0,0,0,0,0,,,,0.0,0.0,0.0,0.0,0.0
Q5961257,1,102.0,102.0,0.0,0.0,1.0,1.0,9.0,9.0,1,0,1,1,0,,,,100.0,0.0,100.0,100.0,0.0
Q5962346,13,225.0,542.54,2.0,2.31,1.0,0.62,15.0,27.69,1,6,8,1,1,,,,7.69,46.15,61.54,7.69,7.69
Q59658968,17,568.0,631.18,0.0,0.88,1.0,1.12,53.0,54.88,12,1,0,0,0,,,,70.59,5.88,0.0,0.0,0.0
Q597052,1,327.0,327.0,12.0,12.0,3.0,3.0,16.0,16.0,0,0,0,0,0,,,,0.0,0.0,0.0,0.0,0.0
Q59773381,16,647.0,1153.75,1.0,3.19,3.0,5.0,12.0,33.88,6,6,2,2,1,,,,37.5,37.5,12.5,12.5,6.25
Q59825643,1,391.0,391.0,6.0,6.0,0.0,0.0,15.0,15.0,0,1,0,0,0,,,,0.0,100.0,0.0,0.0,0.0
Q59825918,4,273.5,300.25,4.0,4.5,0.5,0.75,12.0,15.0,0,2,2,0,0,,,,0.0,50.0,50.0,0.0,0.0
Q59859818,2,1060.5,1060.5,12.5,12.5,1.0,1.0,74.0,74.0,0,1,0,0,0,,,,0.0,50.0,0.0,0.0,0.0
Q5988403,1,971.0,971.0,8.0,8.0,0.0,0.0,54.0,54.0,0,1,0,0,0,,,,0.0,100.0,0.0,0.0,0.0
Q599093,1,467.0,467.0,1.0,1.0,0.0,0.0,87.0,87.0,0,1,0,0,0,,,,0.0,100.0,0.0,0.0,0.0
Q599151,1,2208.0,2208.0,13.0,13.0,5.0,5.0,76.0,76.0,0,0,0,0,0,,,,0.0,0.0,0.0,0.0,0.0
Q599999,1,824.0,824.0,0.0,0.0,2.0,2.0,62.0,62.0,1,0,0,0,0,,,,100.0,0.0,0.0,0.0,0.0
Q600236,1,43.0,43.0,1.0,1.0,1.0,1.0,3.0,3.0,0,0,1,0,0,,,,0.0,0.0,100.0,0.0,0.0
Q60029820,1,159.0,159.0,2.0,2.0,1.0,1.0,7.0,7.0,0,0,1,0,0,,,,0.0,0.0,100.0,0.0,0.0
Q60031086,4,136.5,144.5,0.5,0.75,0.0,0.5,3.0,4.5,2,3,4,2,1,,,,50.0,75.0,100.0,50.0,25.0
Q60046086,1,1045.0,1045.0,2.0,2.0,1.0,1.0,29.0,29.0,0,0,0,0,0,,,,0.0,0.0,0.0,0.0,0.0
Q60054001,1,259.0,259.0,2.0,2.0,1.0,1.0,5.0,5.0,0,0,0,0,0,,,,0.0,0.0,0.0,0.0,0.0
Q6005581,1,175.0,175.0,0.0,0.0,1.0,1.0,2.0,2.0,1,0,1,1,0,,,,100.0,0.0,100.0,100.0,0.0
Q60075825,3,99.0,399.67,1.0,0.67,0.0,0.0,11.0,27.33,1,3,2,0,0,,,,33.33,100.0,66.67,0.0,0.0
Q6008367,1,136.0,136.0,2.0,2.0,0.0,0.0,3.0,3.0,0,1,1,0,0,,,,0.0,100.0,100.0,0.0,0.0
Q60137545,1,187.0,187.0,0.0,0.0,0.0,0.0,23.0,23.0,1,1,1,1,1,,,,100.0,100.0,100.0,100.0,100.0
Q601401,1,197.0,197.0,0.0,0.0,1.0,1.0,4.0,4.0,1,0,1,1,0,,,,100.0,0.0,100.0,100.0,0.0
Q60147807,1,5808.0,5808.0,33.0,33.0,1.0,1.0,115.0,115.0,0,0,0,0,0,,,,0.0,0.0,0.0,0.0,0.0
Q60158614,1,64.0,64.0,1.0,1.0,0.0,0.0,4.0,4.0,0,1,1,0,0,,,,0.0,100.0,100.0,0.0,0.0
Q60170135,1,314.0,314.0,1.0,1.0,0.0,0.0,33.0,33.0,0,1,0,0,0,,,,0.0,100.0,0.0,0.0,0.0
Q60176300,1,1214.0,1214.0,20.0,20.0,0.0,0.0,76.0,76.0,0,1,0,0,0,Eastern Orthodox eparchy,Eastern Orthodox eparchy,православная епархия,0.0,100.0,0.0,0.0,0.0
Q6017815,10,255.0,263.2,3.0,2.3,0.0,0.0,5.0,5.5,0,10,2,0,0,kishlak,Қыстау,кишлак,0.0,100.0,20.0,0.0,0.0
Q6017969,1,131.0,131.0,1.0,1.0,1.0,1.0,7.0,7.0,0,0,1,0,0,,,,0.0,0.0,100.0,0.0,0.0
Q60186,2,304.5,304.5,4.0,4.0,1.0,1.0,8.0,8.0,1,0,1,1,0,,,,50.0,0.0,50.0,50.0,0.0
Q6024226,3,323.0,282.33,0.0,0.33,0.0,0.33,6.0,15.33,2,2,1,0,0,,,,66.67,66.67,33.33,0.0,0.0
Q6024707,1,363.0,363.0,6.0,6.0,1.0,1.0,11.0,11.0,0,0,0,0,0,,,,0.0,0.0,0.0,0.0,0.0
Q602884,5,150.0,210.0,1.0,2.4,1.0,1.4,7.0,6.8,0,1,4,0,0,,,,0.0,20.0,80.0,0.0,0.0
Q602963,3,82.0,83.33,1.0,1.0,0.0,0.0,9.0,6.67,0,3,3,0,0,,,,0.0,100.0,100.0,0.0,0.0
Q60310061,2,223.0,223.0,1.0,1.0,0.0,0.0,7.0,7.0,0,2,1,0,0,,,,0.0,100.0,50.0,0.0,0.0
Q603773,1,610.0,610.0,8.0,8.0,2.0,2.0,30.0,30.0,0,0,0,0,0,,,,0.0,0.0,0.0,0.0,0.0
Q6040928,1,449.0,449.0,2.0,2.0,2.0,2.0,6.0,6.0,0,0,0,0,0,,,,0.0,0.0,0.0,0.0,0.0
Q604177,1,1670.0,1670.0,12.0,12.0,1.0,1.0,53.0,53.0,0,0,0,0,0,municipal archive,municipal archive,городские архивы,0.0,0.0,0.0,0.0,0.0
Q6043746,1,206.0,206.0,1.0,1.0,2.0,2.0,12.0,12.0,0,0,1,0,0,,,,0.0,0.0,100.0,0.0,0.0
Q604435,4,238.0,326.5,1.5,1.5,0.0,0.25,8.0,10.0,0,3,2,0,0,,,,0.0,75.0,50.0,0.0,0.0
Q60458065,2,1155.5,1155.5,1.5,1.5,4.0,4.0,22.5,22.5,0,0,0,0,0,,,,0.0,0.0,0.0,0.0,0.0
Q6045936,1,273.0,273.0,4.0,4.0,1.0,1.0,15.0,15.0,0,0,0,0,0,,,,0.0,0.0,0.0,0.0,0.0
Q6046311,2,908.5,908.5,4.0,4.0,8.5,8.5,11.5,11.5,0,0,1,0,0,,,,0.0,0.0,50.0,0.0,0.0
Q60469796,1,76.0,76.0,0.0,0.0,0.0,0.0,6.0,6.0,1,1,1,1,1,,,,100.0,100.0,100.0,100.0,100.0
Q60484681,3,2119.0,1922.67,6.0,12.67,0.0,0.67,55.0,82.0,1,2,0,0,0,,,,33.33,66.67,0.0,0.0,0.0
Q605117,5,49.0,63.6,0.0,0.4,1.0,1.0,1.0,1.6,3,0,5,3,0,,,,60.0,0.0,100.0,60.0,0.0
Q605175,1,147.0,147.0,0.0,0.0,1.0,1.0,8.0,8.0,1,0,1,1,0,,,,100.0,0.0,100.0,100.0,0.0
Q60539479,1,142.0,142.0,2.0,2.0,0.0,0.0,3.0,3.0,0,1,1,0,0,,,,0.0,100.0,100.0,0.0,0.0
Q60539481,2,750.5,750.5,5.5,5.5,1.0,1.0,24.0,24.0,0,1,0,0,0,,,,0.0,50.0,0.0,0.0,0.0
Q6055890,1,173.0,173.0,1.0,1.0,1.0,1.0,10.0,10.0,0,0,1,0,0,,,,0.0,0.0,100.0,0.0,0.0
Q6056746,3,1459.0,1168.0,6.0,9.33,2.0,1.67,84.0,71.67,0,0,1,0,0,,,,0.0,0.0,33.33,0.0,0.0
Q6058157,4,97.5,93.0,0.5,0.5,1.0,1.25,4.0,5.25,2,1,4,2,0,,,,50.0,25.0,100.0,50.0,0.0
Q60583336,1,303.0,303.0,1.0,1.0,0.0,0.0,27.0,27.0,0,1,0,0,0,,,,0.0,100.0,0.0,0.0,0.0
Q6063204,2,541.5,541.5,6.5,6.5,0.0,0.0,2.5,2.5,0,2,0,0,0,,,,0.0,100.0,0.0,0.0,0.0
Q6065085,1,422.0,422.0,0.0,0.0,1.0,1.0,5.0,5.0,1,0,0,0,0,,,,100.0,0.0,0.0,0.0,0.0
Q60680430,33,171.0,215.61,1.0,0.97,0.0,0.09,5.0,7.58,5,30,24,2,2,,,,15.15,90.91,72.73,6.06,6.06
Q606977,2,368.0,368.0,0.5,0.5,0.5,0.5,40.0,40.0,1,1,1,1,0,,,,50.0,50.0,50.0,50.0,0.0
Q607056,1,602.0,602.0,8.0,8.0,0.0,0.0,38.0,38.0,0,1,0,0,0,,,,0.0,100.0,0.0,0.0,0.0
Q60714051,1,78.0,78.0,1.0,1.0,1.0,1.0,0.0,0.0,0,0,1,0,0,,,,0.0,0.0,100.0,0.0,0.0
Q60723717,1,570.0,570.0,0.0,0.0,0.0,0.0,48.0,48.0,1,1,0,0,0,,,,100.0,100.0,0.0,0.0,0.0
Q60733114,1,1298.0,1298.0,12.0,12.0,3.0,3.0,61.0,61.0,0,0,0,0,0,,,,0.0,0.0,0.0,0.0,0.0
Q60754876,1,40.0,40.0,1.0,1.0,0.0,0.0,3.0,3.0,0,1,1,0,0,grade of an order,grade of an order,степень ордена,0.0,100.0,100.0,0.0,0.0
Q607608,1,126.0,126.0,3.0,3.0,1.0,1.0,23.0,23.0,0,0,1,0,0,,,,0.0,0.0,100.0,0.0,0.0
Q607728,2,351.5,351.5,1.0,1.0,1.5,1.5,9.0,9.0,1,0,1,0,0,,,,50.0,0.0,50.0,0.0,0.0
Q608,5,86.0,199.8,0.0,5.4,1.0,1.0,11.0,15.6,4,0,4,4,0,,,,80.0,0.0,80.0,80.0,0.0
Q60823508,1,105.0,105.0,1.0,1.0,0.0,0.0,2.0,2.0,0,1,1,0,0,,,,0.0,100.0,100.0,0.0,0.0
Q6082807,2,285.5,285.5,6.0,6.0,0.5,0.5,19.0,19.0,0,1,1,0,0,,,,0.0,50.0,50.0,0.0,0.0
Q6083725,1,3716.0,3716.0,0.0,0.0,7.0,7.0,275.0,275.0,1,0,0,0,0,,,,100.0,0.0,0.0,0.0,0.0
Q60874,1,517.0,517.0,0.0,0.0,0.0,0.0,10.0,10.0,1,1,0,0,0,,,,100.0,100.0,0.0,0.0,0.0
Q6091085,10,80.5,97.5,1.0,0.6,0.0,0.2,2.5,4.4,4,8,9,4,4,,,,40.0,80.0,90.0,40.0,40.0
Q609588,1,68.0,68.0,0.0,0.0,0.0,0.0,2.0,2.0,1,1,1,1,1,,,,100.0,100.0,100.0,100.0,100.0
Q609591,2,710.0,710.0,4.5,4.5,1.5,1.5,24.0,24.0,0,1,0,0,0,,,,0.0,50.0,0.0,0.0,0.0
Q609647,1,123.0,123.0,0.0,0.0,1.0,1.0,8.0,8.0,1,0,1,1,0,,,,100.0,0.0,100.0,100.0,0.0
Q60995523,1,267.0,267.0,1.0,1.0,0.0,0.0,20.0,20.0,0,1,0,0,0,,,,0.0,100.0,0.0,0.0,0.0
Q610018,2,4857.0,4857.0,55.0,55.0,10.0,10.0,86.0,86.0,0,1,0,0,0,,,,0.0,50.0,0.0,0.0,0.0
Q61002,1,52.0,52.0,1.0,1.0,0.0,0.0,3.0,3.0,0,1,1,0,0,,,,0.0,100.0,100.0,0.0,0.0
Q610038,1,136.0,136.0,1.0,1.0,0.0,0.0,6.0,6.0,0,1,1,0,0,,,,0.0,100.0,100.0,0.0,0.0
Q610237,1,241.0,241.0,0.0,0.0,0.0,0.0,2.0,2.0,1,1,1,1,1,,,,100.0,100.0,100.0,100.0,100.0
Q61045902,2,191.0,191.0,1.0,1.0,2.0,2.0,6.0,6.0,1,0,2,1,0,,,,50.0,0.0,100.0,50.0,0.0
Q61055386,2,184.0,184.0,1.0,1.0,1.0,1.0,9.5,9.5,0,0,2,0,0,,,,0.0,0.0,100.0,0.0,0.0
Q6107280,6,227.5,889.33,1.0,0.67,0.0,1.33,5.5,7.5,2,4,3,0,0,,,,33.33,66.67,50.0,0.0,0.0
Q611755,2,230.5,230.5,1.0,1.0,0.0,0.0,8.5,8.5,0,2,1,0,0,,,,0.0,100.0,50.0,0.0,0.0
Q61297932,1,564.0,564.0,0.0,0.0,1.0,1.0,13.0,13.0,1,0,0,0,0,,,,100.0,0.0,0.0,0.0,0.0
Q61298024,1,116.0,116.0,2.0,2.0,0.0,0.0,15.0,15.0,0,1,1,0,0,,,,0.0,100.0,100.0,0.0,0.0
Q6129871,2,90.0,90.0,1.0,1.0,0.0,0.0,6.5,6.5,0,2,2,0,0,irrigation system,irrigation system,оросительная система,0.0,100.0,100.0,0.0,0.0
Q61314656,1,413.0,413.0,0.0,0.0,0.0,0.0,25.0,25.0,1,1,0,0,0,,,,100.0,100.0,0.0,0.0,0.0
Q613299,1,50.0,50.0,0.0,0.0,0.0,0.0,4.0,4.0,1,1,1,1,1,,,,100.0,100.0,100.0,100.0,100.0
Q613417,1,107.0,107.0,1.0,1.0,0.0,0.0,0.0,0.0,0,1,1,0,0,,,,0.0,100.0,100.0,0.0,0.0
Q613930,3,117.0,461.0,1.0,3.67,0.0,0.33,8.0,7.33,0,2,2,0,0,,,,0.0,66.67,66.67,0.0,0.0
Q614101,3,708.0,705.33,1.0,0.67,1.0,0.67,2.0,9.33,1,1,0,0,0,,,,33.33,33.33,0.0,0.0,0.0
Q614112,1,104.0,104.0,1.0,1.0,1.0,1.0,6.0,6.0,0,0,1,0,0,,,,0.0,0.0,100.0,0.0,0.0
Q61441268,1,134.0,134.0,1.0,1.0,0.0,0.0,6.0,6.0,0,1,1,0,0,professional holiday,professional holiday,профессиональный праздник,0.0,100.0,100.0,0.0,0.0
Q6148126,2,397.5,397.5,1.0,1.0,0.0,0.0,4.0,4.0,0,2,0,0,0,,,,0.0,100.0,0.0,0.0,0.0
Q6149036,1,97.0,97.0,1.0,1.0,2.0,2.0,6.0,6.0,0,0,1,0,0,,,,0.0,0.0,100.0,0.0,0.0
Q61509,2,188.0,188.0,0.5,0.5,0.5,0.5,14.0,14.0,1,1,1,1,0,,,,50.0,50.0,50.0,50.0,0.0
Q615150,12,569.0,526.0,2.0,4.25,1.0,1.58,21.5,26.5,4,3,4,2,0,,,,33.33,25.0,33.33,16.67,0.0
Q6154500,1,707.0,707.0,1.0,1.0,0.0,0.0,10.0,10.0,0,1,0,0,0,,,,0.0,100.0,0.0,0.0,0.0
Q6154783,15,382.0,350.8,0.0,0.53,1.0,1.93,38.0,34.53,11,4,5,5,1,UCI WorldTeam,UCI WorldTeam,UCI WorldTeam,73.33,26.67,33.33,33.33,6.67
Q615699,4,252.0,452.25,7.0,14.5,0.0,0.5,12.0,12.0,0,3,2,0,0,,,,0.0,75.0,50.0,0.0,0.0
Q616386,1,131.0,131.0,3.0,3.0,1.0,1.0,3.0,3.0,0,0,1,0,0,,,,0.0,0.0,100.0,0.0,0.0
Q61685689,1,141.0,141.0,2.0,2.0,0.0,0.0,2.0,2.0,0,1,1,0,0,,,,0.0,100.0,100.0,0.0,0.0
Q61702557,4,69.5,129.75,1.0,0.75,1.0,0.75,3.0,2.5,1,1,3,0,0,,,,25.0,25.0,75.0,0.0,0.0
Q61708053,2,496.0,496.0,4.5,4.5,0.5,0.5,15.5,15.5,0,1,0,0,0,,,,0.0,50.0,0.0,0.0,0.0
Q61708063,11,162.0,221.27,0.0,0.0,0.0,0.0,19.0,29.09,11,11,6,6,6,,,,100.0,100.0,54.55,54.55,54.55
Q61708099,2,1227.5,1227.5,6.0,6.0,7.0,7.0,57.5,57.5,1,0,0,0,0,,,,50.0,0.0,0.0,0.0,0.0
Q6174489,1,117.0,117.0,1.0,1.0,1.0,1.0,1.0,1.0,0,0,1,0,0,,,,0.0,0.0,100.0,0.0,0.0
Q61747322,4,301.5,628.25,1.0,1.0,0.0,1.0,5.0,33.25,1,3,0,0,0,,,,25.0,75.0,0.0,0.0,0.0
Q61755099,1,41.0,41.0,1.0,1.0,0.0,0.0,8.0,8.0,0,1,1,0,0,,,,0.0,100.0,100.0,0.0,0.0
Q61760621,1,532.0,532.0,0.0,0.0,9.0,9.0,14.0,14.0,1,0,0,0,0,,,,100.0,0.0,0.0,0.0,0.0
Q61763799,33,79.0,89.42,0.0,0.0,1.0,0.97,21.0,27.03,33,11,32,32,11,,,,100.0,33.33,96.97,96.97,33.33
Q61763947,257,253.0,253.85,0.0,0.0,0.0,0.1,7.0,6.98,257,233,84,84,79,,,,100.0,90.66,32.68,32.68,30.74
Q617807,1,212.0,212.0,0.0,0.0,0.0,0.0,1.0,1.0,1,1,1,1,1,,,,100.0,100.0,100.0,100.0,100.0
Q61788126,1,102.0,102.0,1.0,1.0,0.0,0.0,4.0,4.0,0,1,1,0,0,,,,0.0,100.0,100.0,0.0,0.0
Q61788139,1,432.0,432.0,2.0,2.0,2.0,2.0,9.0,9.0,0,0,0,0,0,,,,0.0,0.0,0.0,0.0,0.0
Q61793460,14,262.0,262.36,0.0,0.0,0.0,0.0,39.0,40.57,14,14,6,6,6,,,,100.0,100.0,42.86,42.86,42.86
Q61793478,1,267.0,267.0,0.0,0.0,0.0,0.0,5.0,5.0,1,1,0,0,0,,,,100.0,100.0,0.0,0.0,0.0
Q617945,1,78.0,78.0,1.0,1.0,0.0,0.0,0.0,0.0,0,1,1,0,0,,,,0.0,100.0,100.0,0.0,0.0
Q618123,40,281.0,318.1,0.0,0.65,0.0,0.82,6.0,10.8,24,28,10,5,4,geographical feature,Географиялық нысан,географический объект,60.0,70.0,25.0,12.5,10.0
Q61818979,6,186.0,189.17,0.0,0.0,0.0,0.0,18.5,19.83,6,6,6,6,6,,,,100.0,100.0,100.0,100.0,100.0
Q61856863,2,311.0,311.0,0.5,0.5,0.5,0.5,5.0,5.0,1,1,0,0,0,,,,50.0,50.0,0.0,0.0,0.0
Q61856889,11,568.0,559.0,0.0,0.0,0.0,0.09,127.0,118.36,11,10,0,0,0,,,,100.0,90.91,0.0,0.0,0.0
Q618779,32,486.0,827.53,1.0,3.41,1.0,6.94,10.0,38.72,12,7,7,3,1,award,award,награда,37.5,21.88,21.88,9.38,3.12
Q61883,1,2108.0,2108.0,65.0,65.0,36.0,36.0,104.0,104.0,0,0,0,0,0,air force,Әскери-Әуе Күштері,военно-воздушные силы,0.0,0.0,0.0,0.0,0.0
Q61915880,1,34.0,34.0,1.0,1.0,0.0,0.0,2.0,2.0,0,1,1,0,0,,,,0.0,100.0,100.0,0.0,0.0
Q619610,4,4775.5,4549.0,30.0,49.75,13.0,17.0,298.5,301.0,0,1,0,0,0,,,,0.0,25.0,0.0,0.0,0.0
Q619671,1,61.0,61.0,1.0,1.0,1.0,1.0,8.0,8.0,0,0,1,0,0,,,,0.0,0.0,100.0,0.0,0.0
Q61974339,5,365.0,678.0,5.0,5.6,1.0,7.2,8.0,10.2,1,2,1,1,0,esports team,esports team,киберспортивная команда,20.0,40.0,20.0,20.0,0.0
Q61980413,21,249.0,245.43,0.0,0.0,0.0,0.0,34.0,33.9,21,21,11,11,11,,,,100.0,100.0,52.38,52.38,52.38
Q61980648,3,287.0,288.67,1.0,0.67,1.0,0.67,5.0,4.33,1,1,0,0,0,,,,33.33,33.33,0.0,0.0,0.0
Q61983760,2,488.0,488.0,2.5,2.5,1.0,1.0,26.5,26.5,1,1,0,0,0,women’s sports competition,women’s sports competition,women’s sports competition,50.0,50.0,0.0,0.0,0.0
Q62008942,2,223.5,223.5,0.0,0.0,1.0,1.0,6.0,6.0,2,0,2,2,0,,,,100.0,0.0,100.0,100.0,0.0
Q62027158,1,149.0,149.0,1.0,1.0,1.0,1.0,6.0,6.0,0,0,1,0,0,,,,0.0,0.0,100.0,0.0,0.0
Q62032401,1,315.0,315.0,1.0,1.0,1.0,1.0,29.0,29.0,0,0,0,0,0,,,,0.0,0.0,0.0,0.0,0.0
Q620471,6,59.0,59.83,0.0,0.17,0.0,0.0,0.0,0.0,5,6,6,5,5,,,,83.33,100.0,100.0,83.33,83.33
Q62049,744,241.0,254.46,0.0,0.39,0.0,0.05,2.0,3.23,545,723,530,524,521,,,,73.25,97.18,71.24,70.43,70.03
Q620509,1,257.0,257.0,1.0,1.0,0.0,0.0,5.0,5.0,0,1,0,0,0,,,,0.0,100.0,0.0,0.0,0.0
Q620615,29,392.0,705.34,4.0,9.17,1.0,0.66,21.0,30.31,6,13,6,3,1,mobile app,мобильді қосымша,мобильное приложение,20.69,44.83,20.69,10.34,3.45
Q620681,1,21.0,21.0,1.0,1.0,0.0,0.0,1.0,1.0,0,1,1,0,0,,,,0.0,100.0,100.0,0.0,0.0
Q620749,1,191.0,191.0,0.0,0.0,0.0,0.0,0.0,0.0,1,1,1,1,1,,,,100.0,100.0,100.0,100.0,100.0
Q62078547,44,329.0,1066.25,1.0,14.23,1.0,2.86,12.0,46.5,18,8,18,12,3,,,,40.91,18.18,40.91,27.27,6.82
Q62079009,1,404.0,404.0,2.0,2.0,3.0,3.0,11.0,11.0,0,0,0,0,0,,,,0.0,0.0,0.0,0.0,0.0
Q621461,1,326.0,326.0,2.0,2.0,0.0,0.0,17.0,17.0,0,1,0,0,0,,,,0.0,100.0,0.0,0.0,0.0
Q621636,1,240.0,240.0,2.0,2.0,1.0,1.0,7.0,7.0,0,0,1,0,0,,,,0.0,0.0,100.0,0.0,0.0
Q621751,1,409.0,409.0,3.0,3.0,0.0,0.0,12.0,12.0,0,1,0,0,0,,,,0.0,100.0,0.0,0.0,0.0
Q621993,1,416.0,416.0,1.0,1.0,0.0,0.0,63.0,63.0,0,1,0,0,0,,,,0.0,100.0,0.0,0.0,0.0
Q622454,1,49.0,49.0,1.0,1.0,0.0,0.0,1.0,1.0,0,1,1,0,0,,,,0.0,100.0,100.0,0.0,0.0
Q622467,1,423.0,423.0,2.0,2.0,3.0,3.0,10.0,10.0,0,0,0,0,0,,,,0.0,0.0,0.0,0.0,0.0
Q622645,4,114.5,159.75,1.0,1.0,0.0,0.0,4.5,6.5,0,4,3,0,0,,,,0.0,100.0,75.0,0.0,0.0
Q622852,1,123.0,123.0,1.0,1.0,0.0,0.0,1.0,1.0,0,1,1,0,0,,,,0.0,100.0,100.0,0.0,0.0
Q623109,17,587.0,818.24,0.0,0.0,0.0,0.53,20.0,81.94,17,13,0,0,0,sports league,sports league,лига,100.0,76.47,0.0,0.0,0.0
Q623184,1,97.0,97.0,1.0,1.0,0.0,0.0,3.0,3.0,0,1,1,0,0,,,,0.0,100.0,100.0,0.0,0.0
Q62326,5,259.0,260.4,0.0,0.4,0.0,0.2,28.0,27.6,3,4,2,2,2,,,,60.0,80.0,40.0,40.0,40.0
Q6238114,1,350.0,350.0,5.0,5.0,0.0,0.0,15.0,15.0,0,1,0,0,0,,,,0.0,100.0,0.0,0.0,0.0
Q624025,1,467.0,467.0,1.0,1.0,0.0,0.0,87.0,87.0,0,1,0,0,0,,,,0.0,100.0,0.0,0.0,0.0
Q624240,1,90.0,90.0,0.0,0.0,0.0,0.0,6.0,6.0,1,1,1,1,1,,,,100.0,100.0,100.0,100.0,100.0
Q6243,11,239.0,258.0,0.0,0.55,0.0,0.18,11.0,12.73,8,9,6,5,5,,,,72.73,81.82,54.55,45.45,45.45
Q62447,13,206.0,308.38,1.0,1.38,0.0,0.23,10.0,11.31,6,12,7,4,4,aerodrome,Аэродром,аэродром,46.15,92.31,53.85,30.77,30.77
Q62470341,1,72.0,72.0,1.0,1.0,0.0,0.0,4.0,4.0,0,1,1,0,0,,,,0.0,100.0,100.0,0.0,0.0
Q624902,1,53.0,53.0,1.0,1.0,0.0,0.0,2.0,2.0,0,1,1,0,0,,,,0.0,100.0,100.0,0.0,0.0
Q6251,1,199.0,199.0,0.0,0.0,0.0,0.0,11.0,11.0,1,1,1,1,1,,,,100.0,100.0,100.0,100.0,100.0
Q625298,21,166.0,287.62,1.0,1.71,1.0,1.52,13.0,16.95,7,9,15,6,4,,,,33.33,42.86,71.43,28.57,19.05
Q62531,1,846.0,846.0,3.0,3.0,2.0,2.0,15.0,15.0,0,0,0,0,0,,,,0.0,0.0,0.0,0.0,0.0
Q6256,205,1233.0,1971.95,7.0,12.03,1.0,3.42,60.0,98.96,1,83,0,0,0,country,ел,страна,0.49,40.49,0.0,0.0,0.0
Q62573441,3,201.0,199.67,1.0,1.0,1.0,0.67,12.0,17.67,0,1,2,0,0,,,,0.0,33.33,66.67,0.0,0.0
Q62577338,1,768.0,768.0,13.0,13.0,0.0,0.0,23.0,23.0,0,1,0,0,0,,,,0.0,100.0,0.0,0.0,0.0
Q62584801,7,312.0,490.57,0.0,0.71,0.0,0.29,27.0,24.0,6,5,2,2,2,,,,85.71,71.43,28.57,28.57,28.57
Q625994,11,340.0,379.18,1.0,3.82,1.0,1.55,13.0,18.55,2,5,5,1,1,convention,convention,собрание,18.18,45.45,45.45,9.09,9.09
Q6266,38,1197.0,1292.58,10.0,10.42,2.0,2.47,19.5,25.61,2,5,2,1,0,nation,ұлт,нация,5.26,13.16,5.26,2.63,0.0
Q62662439,1,211.0,211.0,2.0,2.0,0.0,0.0,4.0,4.0,0,1,1,0,0,,,,0.0,100.0,100.0,0.0,0.0
Q62722214,2,288.0,288.0,1.0,1.0,0.5,0.5,17.5,17.5,0,1,1,0,0,,,,0.0,50.0,50.0,0.0,0.0
Q627436,40,492.5,942.58,2.0,5.98,1.0,1.75,16.0,41.95,2,19,12,1,1,,,,5.0,47.5,30.0,2.5,2.5
Q627716,1,202.0,202.0,1.0,1.0,1.0,1.0,0.0,0.0,0,0,1,0,0,,,,0.0,0.0,100.0,0.0,0.0
Q628080,1,148.0,148.0,1.0,1.0,0.0,0.0,7.0,7.0,0,1,1,0,0,,,,0.0,100.0,100.0,0.0,0.0
Q62809234,1,669.0,669.0,0.0,0.0,0.0,0.0,15.0,15.0,1,1,0,0,0,,,,100.0,100.0,0.0,0.0,0.0
Q62819448,4,740.0,869.75,0.5,11.5,0.0,0.25,89.5,91.75,2,3,0,0,0,,,,50.0,75.0,0.0,0.0,0.0
Q628455,3,266.0,294.67,2.0,2.0,1.0,1.0,3.0,5.33,0,0,1,0,0,,,,0.0,0.0,33.33,0.0,0.0
Q628523,1,75.0,75.0,1.0,1.0,1.0,1.0,8.0,8.0,0,0,1,0,0,,,,0.0,0.0,100.0,0.0,0.0
Q628967,1,48.0,48.0,0.0,0.0,0.0,0.0,0.0,0.0,1,1,1,1,1,,,,100.0,100.0,100.0,100.0,100.0
Q629085,1,1918.0,1918.0,9.0,9.0,2.0,2.0,0.0,0.0,0,0,0,0,0,,,,0.0,0.0,0.0,0.0,0.0
Q629103,1,121.0,121.0,1.0,1.0,0.0,0.0,5.0,5.0,0,1,1,0,0,,,,0.0,100.0,100.0,0.0,0.0
Q62934264,2,180.5,180.5,0.5,0.5,0.5,0.5,5.5,5.5,1,1,2,1,1,,,,50.0,50.0,100.0,50.0,50.0
Q62944360,2,2241.0,2241.0,13.0,13.0,8.0,8.0,89.5,89.5,1,0,0,0,0,,,,50.0,0.0,0.0,0.0,0.0
Q63032896,2,2897.0,2897.0,9.0,9.0,0.5,0.5,175.0,175.0,1,1,0,0,0,,,,50.0,50.0,0.0,0.0,0.0
Q630830,6,311.0,388.5,0.5,0.83,0.0,0.17,11.5,26.5,3,5,3,3,3,,,,50.0,83.33,50.0,50.0,50.0
Q6311,1,35.0,35.0,0.0,0.0,0.0,0.0,1.0,1.0,1,1,1,1,1,,,,100.0,100.0,100.0,100.0,100.0
Q63116,5,50.0,80.4,1.0,0.8,0.0,0.0,4.0,7.2,2,5,5,2,2,,,,40.0,100.0,100.0,40.0,40.0
Q631305,3,116.0,263.33,1.0,1.0,2.0,2.0,3.0,3.33,1,0,2,1,0,,,,33.33,0.0,66.67,33.33,0.0
Q6313217,8,100.5,125.62,1.0,0.75,0.0,0.38,6.0,6.62,3,5,8,3,2,,,,37.5,62.5,100.0,37.5,25.0
Q631360,2,107.5,107.5,0.5,0.5,0.0,0.0,4.5,4.5,1,2,2,1,1,,,,50.0,100.0,100.0,50.0,50.0
Q63171169,1,87.0,87.0,0.0,0.0,0.0,0.0,1.0,1.0,1,1,1,1,1,,,,100.0,100.0,100.0,100.0,100.0
Q63187384,1,73.0,73.0,1.0,1.0,0.0,0.0,0.0,0.0,0,1,1,0,0,,,,0.0,100.0,100.0,0.0,0.0
Q63188683,4,51.5,73.5,1.0,1.0,1.0,1.0,2.5,4.75,0,1,4,0,0,,,,0.0,25.0,100.0,0.0,0.0
Q63188808,1,212.0,212.0,1.0,1.0,2.0,2.0,11.0,11.0,0,0,1,0,0,,,,0.0,0.0,100.0,0.0,0.0
Q63203971,1,146.0,146.0,0.0,0.0,1.0,1.0,2.0,2.0,1,0,1,1,0,,,,100.0,0.0,100.0,100.0,0.0
Q63209072,1,76.0,76.0,1.0,1.0,0.0,0.0,2.0,2.0,0,1,1,0,0,,,,0.0,100.0,100.0,0.0,0.0
Q63241860,2,327.5,327.5,6.0,6.0,0.5,0.5,12.5,12.5,0,1,0,0,0,,,,0.0,50.0,0.0,0.0,0.0
Q63245279,2,202.0,202.0,0.0,0.0,1.0,1.0,7.5,7.5,2,0,2,2,0,,,,100.0,0.0,100.0,100.0,0.0
Q63254493,1,9273.0,9273.0,11.0,11.0,0.0,0.0,753.0,753.0,0,1,0,0,0,,,,0.0,100.0,0.0,0.0,0.0
Q63285117,1,44.0,44.0,1.0,1.0,0.0,0.0,4.0,4.0,0,1,1,0,0,,,,0.0,100.0,100.0,0.0,0.0
Q63313685,2,735.5,735.5,0.5,0.5,0.0,0.0,5.0,5.0,1,2,1,1,1,,,,50.0,100.0,50.0,50.0,50.0
Q63344712,4,189.0,162.75,0.5,0.5,2.0,2.25,7.0,6.5,2,0,4,2,0,,,,50.0,0.0,100.0,50.0,0.0
Q63345803,2,800.0,800.0,9.5,9.5,0.0,0.0,34.0,34.0,0,2,0,0,0,,,,0.0,100.0,0.0,0.0,0.0
Q63349598,1,1095.0,1095.0,0.0,0.0,20.0,20.0,17.0,17.0,1,0,0,0,0,women's national handball team,women's national handball team,женская сборная по гандболу,100.0,0.0,0.0,0.0,0.0
Q63354,3,241.0,189.33,2.0,2.0,0.0,0.33,5.0,6.33,0,2,2,0,0,,,,0.0,66.67,66.67,0.0,0.0
Q634099,14,462.5,475.79,1.0,1.07,0.0,0.29,9.0,9.79,1,12,0,0,0,,,,7.14,85.71,0.0,0.0,0.0
Q63418223,1,500.0,500.0,0.0,0.0,1.0,1.0,53.0,53.0,1,0,0,0,0,women’s national volleyball team,women’s national volleyball team,женская сборная страны по волейболу,100.0,0.0,0.0,0.0,0.0
Q6341928,4,237.5,217.5,1.0,1.25,1.0,1.0,12.5,12.5,1,1,2,0,0,,,,25.0,25.0,50.0,0.0,0.0
Q63437139,1,458.0,458.0,6.0,6.0,2.0,2.0,31.0,31.0,0,0,0,0,0,,,,0.0,0.0,0.0,0.0,0.0
Q63440326,226,238.0,239.83,0.0,0.0,0.0,0.0,2.0,2.08,225,226,225,224,224,,,,99.56,100.0,99.56,99.12,99.12
Q63457008,1,191.0,191.0,0.0,0.0,0.0,0.0,12.0,12.0,1,1,1,1,1,,,,100.0,100.0,100.0,100.0,100.0
Q63463337,1,180.0,180.0,0.0,0.0,0.0,0.0,13.0,13.0,1,1,1,1,1,,,,100.0,100.0,100.0,100.0,100.0
Q63539947,2,160.5,160.5,1.0,1.0,0.5,0.5,3.0,3.0,0,1,1,0,0,,,,0.0,50.0,50.0,0.0,0.0
Q635540,1,340.0,340.0,1.0,1.0,1.0,1.0,13.0,13.0,0,0,0,0,0,,,,0.0,0.0,0.0,0.0,0.0
Q63565252,37,295.0,288.3,3.0,2.92,0.0,0.0,11.0,10.32,1,37,1,1,1,,,,2.7,100.0,2.7,2.7,2.7
Q635719,1,111.0,111.0,0.0,0.0,1.0,1.0,0.0,0.0,1,0,1,1,0,,,,100.0,0.0,100.0,100.0,0.0
Q636497,5,169.0,221.6,2.0,2.2,0.0,0.6,8.0,8.6,0,3,4,0,0,,,,0.0,60.0,80.0,0.0,0.0
Q6368,7,638.0,1062.86,3.0,11.43,2.0,1.57,22.0,41.29,1,2,2,1,1,,,,14.29,28.57,28.57,14.29,14.29
Q63718619,7,501.0,478.14,1.0,2.57,0.0,0.0,18.0,24.86,0,7,3,0,0,,,,0.0,100.0,42.86,0.0,0.0
Q637846,3,533.0,502.33,1.0,1.33,3.0,3.33,19.0,25.33,0,0,1,0,0,,,,0.0,0.0,33.33,0.0,0.0
Q63791824,6,2670.5,3014.33,11.0,10.83,2.0,2.5,86.5,100.5,0,0,0,0,0,,,,0.0,0.0,0.0,0.0,0.0
Q63801299,1,853.0,853.0,3.0,3.0,2.0,2.0,51.0,51.0,0,0,0,0,0,,,,0.0,0.0,0.0,0.0,0.0
Q638123,1,63.0,63.0,1.0,1.0,0.0,0.0,3.0,3.0,0,1,1,0,0,,,,0.0,100.0,100.0,0.0,0.0
Q63812927,1,487.0,487.0,1.0,1.0,2.0,2.0,6.0,6.0,0,0,0,0,0,,,,0.0,0.0,0.0,0.0,0.0
Q63824713,1,66.0,66.0,0.0,0.0,0.0,0.0,15.0,15.0,1,1,1,1,1,,,,100.0,100.0,100.0,100.0,100.0
Q63872616,1,136.0,136.0,2.0,2.0,0.0,0.0,4.0,4.0,0,1,1,0,0,,,,0.0,100.0,100.0,0.0,0.0
Q63891765,1,598.0,598.0,0.0,0.0,0.0,0.0,43.0,43.0,1,1,0,0,0,,,,100.0,100.0,0.0,0.0,0.0
Q63952888,3,168.0,208.33,1.0,0.67,0.0,0.0,10.0,11.0,1,3,2,1,1,,,,33.33,100.0,66.67,33.33,33.33
Q639681,1,737.0,737.0,1.0,1.0,1.0,1.0,6.0,6.0,0,0,0,0,0,,,,0.0,0.0,0.0,0.0,0.0
Q639738,1,4546.0,4546.0,39.0,39.0,75.0,75.0,314.0,314.0,0,0,0,0,0,,,,0.0,0.0,0.0,0.0,0.0
Q63975020,1,210.0,210.0,2.0,2.0,0.0,0.0,14.0,14.0,0,1,1,0,0,,,,0.0,100.0,100.0,0.0,0.0
Q63976454,1,587.0,587.0,22.0,22.0,2.0,2.0,16.0,16.0,0,0,0,0,0,,,,0.0,0.0,0.0,0.0,0.0
Q63981612,63,133.0,404.54,1.0,1.63,1.0,1.14,6.0,13.22,13,20,41,9,3,,,,20.63,31.75,65.08,14.29,4.76
Q63981919,3,843.0,1681.0,1.0,20.0,2.0,1.33,94.0,76.0,1,1,0,0,0,,,,33.33,33.33,0.0,0.0,0.0
Q63982911,1,33.0,33.0,1.0,1.0,0.0,0.0,2.0,2.0,0,1,1,0,0,,,,0.0,100.0,100.0,0.0,0.0
Q639907,7,74.0,98.86,1.0,0.71,0.0,0.43,5.0,6.29,3,4,7,3,2,,,,42.86,57.14,100.0,42.86,28.57
Q640262,1,301.0,301.0,0.0,0.0,1.0,1.0,7.0,7.0,1,0,0,0,0,,,,100.0,0.0,0.0,0.0,0.0
Q64027457,1,838.0,838.0,4.0,4.0,1.0,1.0,13.0,13.0,0,0,0,0,0,health by country or region,health by country or region,здоровье по странам и регионам,0.0,0.0,0.0,0.0,0.0
Q64027599,7,347.0,392.29,2.0,3.0,0.0,0.29,15.0,15.86,2,5,2,0,0,gas station chain,gas station chain,gas station chain,28.57,71.43,28.57,0.0,0.0
Q64027602,1,385.0,385.0,1.0,1.0,0.0,0.0,42.0,42.0,0,1,0,0,0,healthcare by country or region,healthcare by country or region,здравоохранение по стране или региону,0.0,100.0,0.0,0.0,0.0
Q640364,5,450.0,336.8,1.0,1.6,0.0,0.4,11.0,12.0,2,3,2,2,1,,,,40.0,60.0,40.0,40.0,20.0
Q640506,2,1241.5,1241.5,10.0,10.0,39.5,39.5,58.0,58.0,0,0,0,0,0,cabinet,Министрлер кабинеті,кабинет министров,0.0,0.0,0.0,0.0,0.0
Q641066,7,548.0,1054.29,0.0,3.14,0.0,0.29,12.0,14.29,5,5,0,0,0,,,,71.43,71.43,0.0,0.0,0.0
Q641226,11,264.0,336.0,1.0,1.73,0.0,0.36,11.0,11.36,3,8,5,2,0,,,,27.27,72.73,45.45,18.18,0.0
Q641347,4,276.0,250.25,0.0,2.25,0.0,0.0,10.0,11.0,3,4,1,1,1,,,,75.0,100.0,25.0,25.0,25.0
Q641364,1,97.0,97.0,1.0,1.0,2.0,2.0,6.0,6.0,0,0,1,0,0,,,,0.0,0.0,100.0,0.0,0.0
Q64222339,1,276.0,276.0,1.0,1.0,1.0,1.0,37.0,37.0,0,0,0,0,0,,,,0.0,0.0,0.0,0.0,0.0
Q6428674,7,803.0,2108.71,1.0,1.14,1.0,3.0,16.0,66.43,2,3,2,0,0,,,,28.57,42.86,28.57,0.0,0.0
Q642946,1,170.0,170.0,0.0,0.0,0.0,0.0,15.0,15.0,1,1,1,1,1,,,,100.0,100.0,100.0,100.0,100.0
Q643669,1,183.0,183.0,1.0,1.0,1.0,1.0,3.0,3.0,0,0,1,0,0,,,,0.0,0.0,100.0,0.0,0.0
Q6439708,1,459.0,459.0,0.0,0.0,0.0,0.0,31.0,31.0,1,1,0,0,0,,,,100.0,100.0,0.0,0.0,0.0
Q64418432,1,3918.0,3918.0,1.0,1.0,3.0,3.0,8.0,8.0,0,0,0,0,0,,,,0.0,0.0,0.0,0.0,0.0
Q644371,22,696.5,944.5,3.0,9.59,0.0,2.27,32.0,74.23,5,13,3,0,0,,,,22.73,59.09,13.64,0.0,0.0
Q644507,237,262.0,258.22,0.0,0.0,0.0,0.0,16.0,14.24,237,236,75,75,75,,,,100.0,99.58,31.65,31.65,31.65
Q644628,1,46.0,46.0,1.0,1.0,0.0,0.0,2.0,2.0,0,1,1,0,0,,,,0.0,100.0,100.0,0.0,0.0
Q64513524,15,138.0,304.93,1.0,1.0,0.0,1.8,7.0,19.8,5,12,11,4,3,,,,33.33,80.0,73.33,26.67,20.0
Q64513545,1,418.0,418.0,2.0,2.0,0.0,0.0,13.0,13.0,0,1,0,0,0,,,,0.0,100.0,0.0,0.0,0.0
Q645143,1,78.0,78.0,0.0,0.0,1.0,1.0,0.0,0.0,1,0,1,1,0,,,,100.0,0.0,100.0,100.0,0.0
Q64514668,1,178.0,178.0,0.0,0.0,0.0,0.0,2.0,2.0,1,1,1,1,1,,,,100.0,100.0,100.0,100.0,100.0
Q6453739,2,121.5,121.5,0.5,0.5,0.0,0.0,8.0,8.0,1,2,2,1,1,,,,50.0,100.0,100.0,50.0,50.0
Q645466,16,407.5,504.06,1.5,2.5,1.0,2.25,17.5,20.5,7,3,6,5,2,national coat of arms,national coat of arms,государственный герб,43.75,18.75,37.5,31.25,12.5
Q6456916,10,2953.5,3449.5,1.5,23.9,1.5,2.0,53.5,95.3,2,3,0,0,0,national economy,Ұлттық экономика,народное хозяйство,20.0,30.0,0.0,0.0,0.0
Q64578911,3,365.0,433.33,1.0,1.67,1.0,1.0,16.0,13.33,1,1,0,0,0,,,,33.33,33.33,0.0,0.0,0.0
Q6458,3,205.0,215.0,0.0,0.0,0.0,0.0,11.0,11.33,3,3,3,3,3,,,,100.0,100.0,100.0,100.0,100.0
Q6458277,1,303.0,303.0,1.0,1.0,1.0,1.0,8.0,8.0,0,0,0,0,0,,,,0.0,0.0,0.0,0.0,0.0
Q645883,21,777.0,1897.9,3.0,32.24,1.0,4.52,27.0,60.43,7,10,2,0,0,,,,33.33,47.62,9.52,0.0,0.0
Q64588497,4,95.0,94.75,1.0,1.25,0.0,0.0,7.5,9.25,0,4,4,0,0,,,,0.0,100.0,100.0,0.0,0.0
Q645924,1,86.0,86.0,2.0,2.0,2.0,2.0,9.0,9.0,0,0,1,0,0,,,,0.0,0.0,100.0,0.0,0.0
Q6460735,3,168.0,244.67,1.0,2.33,1.0,1.67,8.0,8.33,0,0,2,0,0,,,,0.0,0.0,66.67,0.0,0.0
Q6465,95,147.0,167.55,0.0,0.03,0.0,0.25,11.0,13.03,93,72,85,84,66,,,,97.89,75.79,89.47,88.42,69.47
Q64654999,1,456.0,456.0,0.0,0.0,1.0,1.0,0.0,0.0,1,0,0,0,0,,,,100.0,0.0,0.0,0.0,0.0
Q646740,1,520.0,520.0,0.0,0.0,8.0,8.0,23.0,23.0,1,0,0,0,0,,,,100.0,0.0,0.0,0.0,0.0
Q64689000,1,45.0,45.0,0.0,0.0,0.0,0.0,6.0,6.0,1,1,1,1,1,,,,100.0,100.0,100.0,100.0,100.0
Q64693901,2,103.5,103.5,1.5,1.5,2.0,2.0,10.0,10.0,0,0,2,0,0,,,,0.0,0.0,100.0,0.0,0.0
Q6472,2,1376.5,1376.5,25.5,25.5,4.0,4.0,26.5,26.5,0,0,0,0,0,,,,0.0,0.0,0.0,0.0,0.0
Q64728694,4,501.5,539.5,5.5,5.75,1.0,1.25,16.0,16.25,0,1,1,0,0,,,,0.0,25.0,25.0,0.0,0.0
Q64728935,1,502.0,502.0,12.0,12.0,1.0,1.0,22.0,22.0,0,0,0,0,0,future event,future event,будущее событие,0.0,0.0,0.0,0.0,0.0
Q64732764,1,372.0,372.0,6.0,6.0,0.0,0.0,2.0,2.0,0,1,0,0,0,,,,0.0,100.0,0.0,0.0,0.0
Q64732777,1,118.0,118.0,2.0,2.0,0.0,0.0,6.0,6.0,0,1,1,0,0,,,,0.0,100.0,100.0,0.0,0.0
Q64743752,1,277.0,277.0,3.0,3.0,0.0,0.0,7.0,7.0,0,1,0,0,0,,,,0.0,100.0,0.0,0.0,0.0
Q64767588,1,219.0,219.0,0.0,0.0,0.0,0.0,4.0,4.0,1,1,1,1,1,,,,100.0,100.0,100.0,100.0,100.0
Q64801076,6,505.0,1148.33,2.0,5.17,0.5,1.0,14.5,13.33,2,3,1,0,0,education in country or region,education in country or region,образование на территории,33.33,50.0,16.67,0.0,0.0
Q64830866,1,94.0,94.0,1.0,1.0,1.0,1.0,1.0,1.0,0,0,1,0,0,,,,0.0,0.0,100.0,0.0,0.0
Q64831112,1,2067.0,2067.0,18.0,18.0,6.0,6.0,74.0,74.0,0,0,0,0,0,,,,0.0,0.0,0.0,0.0,0.0
Q6483963,1,152.0,152.0,1.0,1.0,0.0,0.0,25.0,25.0,0,1,1,0,0,,,,0.0,100.0,100.0,0.0,0.0
Q6484291,3,274.0,573.0,1.0,1.67,0.0,0.0,12.0,20.33,0,3,1,0,0,,,,0.0,100.0,33.33,0.0,0.0
Q6489113,6,501.5,567.5,0.0,0.0,2.0,2.17,25.5,31.5,6,0,0,0,0,,,,100.0,0.0,0.0,0.0,0.0
Q64953083,16,278.0,301.5,0.0,0.62,0.0,0.44,6.0,8.19,9,11,1,1,0,,,,56.25,68.75,6.25,6.25,0.0
Q6498784,5,185.0,181.4,2.0,1.4,1.0,0.6,9.0,7.4,1,2,5,1,0,,,,20.0,40.0,100.0,20.0,0.0
Q65007262,2,1292.0,1292.0,3.5,3.5,3.0,3.0,13.0,13.0,0,0,0,0,0,,,,0.0,0.0,0.0,0.0,0.0
Q6500733,1,208.0,208.0,2.0,2.0,1.0,1.0,5.0,5.0,0,0,1,0,0,,,,0.0,0.0,100.0,0.0,0.0
Q6501028,1,63.0,63.0,2.0,2.0,1.0,1.0,7.0,7.0,0,0,1,0,0,,,,0.0,0.0,100.0,0.0,0.0
Q650241,9,2660.0,2590.44,50.0,48.0,1.0,2.0,102.0,101.44,0,3,1,0,0,,,,0.0,33.33,11.11,0.0,0.0
Q6503344,1,793.0,793.0,0.0,0.0,0.0,0.0,23.0,23.0,1,1,0,0,0,,,,100.0,100.0,0.0,0.0,0.0
Q65036883,1,76.0,76.0,0.0,0.0,2.0,2.0,7.0,7.0,1,0,1,1,0,,,,100.0,0.0,100.0,100.0,0.0
Q65045238,2,318.0,318.0,4.5,4.5,1.0,1.0,13.0,13.0,0,1,0,0,0,,,,0.0,50.0,0.0,0.0,0.0
Q65048168,4,833.0,811.25,1.5,5.0,0.0,0.0,14.0,26.25,0,4,0,0,0,,,,0.0,100.0,0.0,0.0,0.0
Q6504956,2,100.5,100.5,1.0,1.0,0.0,0.0,3.0,3.0,0,2,2,0,0,,,,0.0,100.0,100.0,0.0,0.0
Q65054805,5,227.0,223.6,1.0,1.2,0.0,0.0,13.0,14.0,0,5,3,0,0,,,,0.0,100.0,60.0,0.0,0.0
Q65064889,2,197.5,197.5,0.5,0.5,2.5,2.5,12.0,12.0,1,0,1,1,0,,,,50.0,0.0,50.0,50.0,0.0
Q650711,1,1345.0,1345.0,15.0,15.0,0.0,0.0,32.0,32.0,0,1,0,0,0,,,,0.0,100.0,0.0,0.0,0.0
Q65090216,1,349.0,349.0,0.0,0.0,3.0,3.0,53.0,53.0,1,0,0,0,0,,,,100.0,0.0,0.0,0.0,0.0
Q65115395,1,259.0,259.0,1.0,1.0,1.0,1.0,12.0,12.0,0,0,0,0,0,,,,0.0,0.0,0.0,0.0,0.0
Q65122124,2,74.5,74.5,1.0,1.0,0.0,0.0,3.5,3.5,0,2,2,0,0,,,,0.0,100.0,100.0,0.0,0.0
Q6517490,1,139.0,139.0,2.0,2.0,1.0,1.0,9.0,9.0,0,0,1,0,0,,,,0.0,0.0,100.0,0.0,0.0
Q65178087,1,120.0,120.0,0.0,0.0,0.0,0.0,7.0,7.0,1,1,1,1,1,,,,100.0,100.0,100.0,100.0,100.0
Q651794,3,306.0,512.0,1.0,1.33,0.0,0.33,61.0,45.67,1,2,1,0,0,,,,33.33,66.67,33.33,0.0,0.0
Q65262710,1,87.0,87.0,1.0,1.0,0.0,0.0,2.0,2.0,0,1,1,0,0,,,,0.0,100.0,100.0,0.0,0.0
Q65295049,1,1377.0,1377.0,24.0,24.0,2.0,2.0,20.0,20.0,0,0,0,0,0,,,,0.0,0.0,0.0,0.0,0.0
Q653848,1,276.0,276.0,3.0,3.0,0.0,0.0,11.0,11.0,0,1,0,0,0,,,,0.0,100.0,0.0,0.0,0.0
Q6539177,2,909.0,909.0,25.5,25.5,2.0,2.0,34.0,34.0,0,0,0,0,0,,,,0.0,0.0,0.0,0.0,0.0
Q654068,1,45.0,45.0,1.0,1.0,0.0,0.0,1.0,1.0,0,1,1,0,0,,,,0.0,100.0,100.0,0.0,0.0
Q6540832,1,209.0,209.0,0.0,0.0,0.0,0.0,2.0,2.0,1,1,1,1,1,,,,100.0,100.0,100.0,100.0,100.0
Q654182,1,43.0,43.0,1.0,1.0,0.0,0.0,2.0,2.0,0,1,1,0,0,,,,0.0,100.0,100.0,0.0,0.0
Q654396,1,49.0,49.0,1.0,1.0,1.0,1.0,0.0,0.0,0,0,1,0,0,,,,0.0,0.0,100.0,0.0,0.0
Q65442304,1,278.0,278.0,2.0,2.0,1.0,1.0,6.0,6.0,0,0,0,0,0,,,,0.0,0.0,0.0,0.0,0.0
Q6545185,1,329.0,329.0,0.0,0.0,0.0,0.0,9.0,9.0,1,1,0,0,0,,,,100.0,100.0,0.0,0.0,0.0
Q6545498,1,365.0,365.0,5.0,5.0,0.0,0.0,20.0,20.0,0,1,0,0,0,,,,0.0,100.0,0.0,0.0,0.0
Q654754,1,262.0,262.0,0.0,0.0,0.0,0.0,16.0,16.0,1,1,0,0,0,,,,100.0,100.0,0.0,0.0,0.0
Q6554101,3,60.0,163.67,2.0,1.33,0.0,0.0,2.0,2.33,1,3,2,0,0,,,,33.33,100.0,66.67,0.0,0.0
Q655593,2,485.5,485.5,0.5,0.5,1.5,1.5,24.5,24.5,1,1,0,0,0,,,,50.0,50.0,0.0,0.0,0.0
Q65583700,10,297.5,558.1,1.0,0.9,0.0,0.3,16.0,18.6,2,7,5,0,0,scientific institute,scientific institute,научный институт,20.0,70.0,50.0,0.0,0.0
Q6558431,2,556.5,556.5,2.5,2.5,0.5,0.5,7.5,7.5,0,1,1,0,0,coal-fired power station,coal-fired power station,угольная электростанция,0.0,50.0,50.0,0.0,0.0
Q65589340,10,414.0,446.2,0.5,1.4,1.0,1.5,16.0,18.9,5,3,3,3,2,,,,50.0,30.0,30.0,30.0,20.0
Q6564784,1,145.0,145.0,1.0,1.0,0.0,0.0,9.0,9.0,0,1,1,0,0,,,,0.0,100.0,100.0,0.0,0.0
Q65661087,1,281.0,281.0,0.0,0.0,0.0,0.0,2.0,2.0,1,1,0,0,0,,,,100.0,100.0,0.0,0.0,0.0
Q6566418,1,342.0,342.0,0.0,0.0,0.0,0.0,15.0,15.0,1,1,0,0,0,,,,100.0,100.0,0.0,0.0,0.0
Q65676181,1,587.0,587.0,22.0,22.0,2.0,2.0,16.0,16.0,0,0,0,0,0,,,,0.0,0.0,0.0,0.0,0.0
Q657326,1,1112.0,1112.0,1.0,1.0,4.0,4.0,29.0,29.0,0,0,0,0,0,,,,0.0,0.0,0.0,0.0,0.0
Q65757353,1,41.0,41.0,1.0,1.0,1.0,1.0,8.0,8.0,0,0,1,0,0,,,,0.0,0.0,100.0,0.0,0.0
Q657596,1,118.0,118.0,1.0,1.0,0.0,0.0,4.0,4.0,0,1,1,0,0,,,,0.0,100.0,100.0,0.0,0.0
Q6576792,20,399.5,1004.45,3.5,10.25,0.0,1.2,20.5,35.95,7,13,7,5,3,,,,35.0,65.0,35.0,25.0,15.0
Q65770082,2,558.0,558.0,0.5,0.5,0.5,0.5,42.0,42.0,1,1,0,0,0,,,,50.0,50.0,0.0,0.0,0.0
Q65770225,1,1529.0,1529.0,4.0,4.0,1.0,1.0,62.0,62.0,0,0,0,0,0,,,,0.0,0.0,0.0,0.0,0.0
Q65770283,238,546.0,568.69,1.0,0.84,0.0,0.46,48.0,49.68,87,144,8,0,0,association football final,association football final,финал футбольного турнира,36.55,60.5,3.36,0.0,0.0
Q657829,2,311.5,311.5,0.5,0.5,1.0,1.0,8.5,8.5,1,0,0,0,0,,,,50.0,0.0,0.0,0.0,0.0
Q65807521,1,326.0,326.0,0.0,0.0,0.0,0.0,10.0,10.0,1,1,0,0,0,,,,100.0,100.0,0.0,0.0,0.0
Q6581615,1,718.0,718.0,5.0,5.0,0.0,0.0,4.0,4.0,0,1,0,0,0,,,,0.0,100.0,0.0,0.0,0.0
Q658255,9,305.0,601.56,1.0,4.22,1.0,2.44,18.0,22.78,4,3,3,2,1,subsidiary company,Еншілес қоғам,дочернее общество,44.44,33.33,33.33,22.22,11.11
Q6589202,3,2945.0,2437.67,13.0,14.0,8.0,7.0,101.0,103.67,0,1,0,0,0,interior ministry,interior ministry,министерство внутренних дел,0.0,33.33,0.0,0.0,0.0
Q6592876,1,395.0,395.0,1.0,1.0,1.0,1.0,50.0,50.0,0,0,0,0,0,,,,0.0,0.0,0.0,0.0,0.0
Q659390,1,519.0,519.0,12.0,12.0,0.0,0.0,20.0,20.0,0,1,0,0,0,,,,0.0,100.0,0.0,0.0,0.0
Q659396,2,517.5,517.5,4.0,4.0,1.0,1.0,19.0,19.0,0,1,0,0,0,,,,0.0,50.0,0.0,0.0,0.0
Q65939908,2,98.5,98.5,1.0,1.0,1.0,1.0,3.5,3.5,0,0,2,0,0,,,,0.0,0.0,100.0,0.0,0.0
Q65943,65,134.0,172.88,1.0,0.66,0.0,0.4,5.0,6.49,27,46,53,18,12,,,,41.54,70.77,81.54,27.69,18.46
Q659563,2,579.0,579.0,13.5,13.5,0.5,0.5,30.5,30.5,0,1,1,0,0,,,,0.0,50.0,50.0,0.0,0.0
Q65964019,1,444.0,444.0,3.0,3.0,0.0,0.0,11.0,11.0,0,1,0,0,0,,,,0.0,100.0,0.0,0.0,0.0
Q65966993,1,161.0,161.0,1.0,1.0,1.0,1.0,3.0,3.0,0,0,1,0,0,,,,0.0,0.0,100.0,0.0,0.0
Q65967030,2,756.0,756.0,8.5,8.5,0.0,0.0,35.0,35.0,0,2,0,0,0,,,,0.0,100.0,0.0,0.0,0.0
Q661075,1,50.0,50.0,0.0,0.0,0.0,0.0,4.0,4.0,1,1,1,1,1,,,,100.0,100.0,100.0,100.0,100.0
Q66108498,7,564.0,619.57,0.0,0.14,1.0,0.71,8.0,11.43,6,3,1,0,0,,,,85.71,42.86,14.29,0.0,0.0
Q66118879,3,374.0,303.67,0.0,0.0,0.0,0.33,4.0,4.67,3,2,1,1,1,,,,100.0,66.67,33.33,33.33,33.33
Q66152509,1,284.0,284.0,3.0,3.0,1.0,1.0,15.0,15.0,0,0,0,0,0,,,,0.0,0.0,0.0,0.0,0.0
Q661702,13,290.0,290.31,3.0,2.85,0.0,0.0,11.0,10.15,0,13,1,0,0,anabranch,anabranch,проток,0.0,100.0,7.69,0.0,0.0
Q6617100,1,70.0,70.0,1.0,1.0,0.0,0.0,5.0,5.0,0,1,1,0,0,,,,0.0,100.0,100.0,0.0,0.0
Q6617741,19,164.0,375.63,1.0,0.74,1.0,0.74,6.0,12.84,7,8,14,4,2,WWF ecoregion,WWF ecoregion,WWF ecoregion,36.84,42.11,73.68,21.05,10.53
Q6619693,1,253.0,253.0,1.0,1.0,2.0,2.0,8.0,8.0,0,0,0,0,0,,,,0.0,0.0,0.0,0.0,0.0
Q66221,1,163.0,163.0,1.0,1.0,0.0,0.0,3.0,3.0,0,1,1,0,0,,,,0.0,100.0,100.0,0.0,0.0
Q662656,1,1501.0,1501.0,8.0,8.0,10.0,10.0,36.0,36.0,0,0,0,0,0,,,,0.0,0.0,0.0,0.0,0.0
Q662914,5,261.0,263.8,0.0,0.4,2.0,1.8,5.0,4.8,4,0,0,0,0,,,,80.0,0.0,0.0,0.0,0.0
Q6630149,3,166.0,159.67,1.0,0.67,0.0,0.33,5.0,4.0,1,2,3,1,0,,,,33.33,66.67,100.0,33.33,0.0
Q663029,1,694.0,694.0,1.0,1.0,0.0,0.0,73.0,73.0,0,1,0,0,0,,,,0.0,100.0,0.0,0.0,0.0
Q66307429,2,93.5,93.5,0.5,0.5,0.0,0.0,0.5,0.5,1,2,2,1,1,,,,50.0,100.0,100.0,50.0,50.0
Q66310125,1,104.0,104.0,1.0,1.0,1.0,1.0,0.0,0.0,0,0,1,0,0,,,,0.0,0.0,100.0,0.0,0.0
Q663208,1,117.0,117.0,1.0,1.0,0.0,0.0,2.0,2.0,0,1,1,0,0,,,,0.0,100.0,100.0,0.0,0.0
Q6634155,4,222.5,237.25,0.0,0.25,0.0,0.25,15.0,13.0,3,3,3,2,2,,,,75.0,75.0,75.0,50.0,50.0
Q66344,6,919.5,1219.83,8.0,17.33,0.5,3.17,17.5,32.67,2,3,1,1,0,central bank,Орталық банк,центральный банк,33.33,50.0,16.67,16.67,0.0
Q6636777,4,504.0,442.5,4.5,4.5,1.0,1.5,10.0,10.0,0,1,1,0,0,,,,0.0,25.0,25.0,0.0,0.0
Q66374263,3,2198.0,2733.67,37.0,45.0,3.0,12.0,127.0,97.67,0,1,0,0,0,religion of an area,religion of an area,религия на территории,0.0,33.33,0.0,0.0,0.0
Q6639573,1,225.0,225.0,0.0,0.0,1.0,1.0,6.0,6.0,1,0,1,1,0,,,,100.0,0.0,100.0,100.0,0.0
Q66425507,1,400.0,400.0,7.0,7.0,4.0,4.0,1.0,1.0,0,0,0,0,0,,,,0.0,0.0,0.0,0.0,0.0
Q66475447,1,39.0,39.0,1.0,1.0,0.0,0.0,0.0,0.0,0,1,1,0,0,,,,0.0,100.0,100.0,0.0,0.0
Q6647660,3,305.0,378.67,1.0,1.33,0.0,0.0,10.0,10.67,0,3,0,0,0,,,,0.0,100.0,0.0,0.0,0.0
Q665141,1,171.0,171.0,0.0,0.0,0.0,0.0,10.0,10.0,1,1,1,1,1,,,,100.0,100.0,100.0,100.0,100.0
Q66521853,2,224.0,224.0,1.0,1.0,0.5,0.5,6.5,6.5,0,1,1,0,0,,,,0.0,50.0,50.0,0.0,0.0
Q66539899,1,37.0,37.0,1.0,1.0,0.0,0.0,4.0,4.0,0,1,1,0,0,,,,0.0,100.0,100.0,0.0,0.0
Q66562720,3,326.0,296.0,1.0,1.0,0.0,0.0,23.0,17.0,1,3,1,1,1,,,,33.33,100.0,33.33,33.33,33.33
Q66571917,1,197.0,197.0,1.0,1.0,1.0,1.0,4.0,4.0,0,0,1,0,0,,,,0.0,0.0,100.0,0.0,0.0
Q6658164,1,570.0,570.0,2.0,2.0,1.0,1.0,34.0,34.0,0,0,0,0,0,,,,0.0,0.0,0.0,0.0,0.0
Q66589362,1,110.0,110.0,1.0,1.0,1.0,1.0,6.0,6.0,0,0,1,0,0,,,,0.0,0.0,100.0,0.0,0.0
Q66591990,1,99.0,99.0,1.0,1.0,2.0,2.0,5.0,5.0,0,0,1,0,0,,,,0.0,0.0,100.0,0.0,0.0
Q66614509,1,27.0,27.0,0.0,0.0,0.0,0.0,6.0,6.0,1,1,1,1,1,,,,100.0,100.0,100.0,100.0,100.0
Q66615932,1,179.0,179.0,1.0,1.0,0.0,0.0,2.0,2.0,0,1,1,0,0,,,,0.0,100.0,100.0,0.0,0.0
Q666258,1,596.0,596.0,0.0,0.0,0.0,0.0,35.0,35.0,1,1,0,0,0,,,,100.0,100.0,0.0,0.0,0.0
Q66661665,1,96.0,96.0,1.0,1.0,0.0,0.0,3.0,3.0,0,1,1,0,0,,,,0.0,100.0,100.0,0.0,0.0
Q66664364,14,143.0,153.14,1.5,1.86,0.0,0.0,7.0,8.14,0,14,12,0,0,,,,0.0,100.0,85.71,0.0,0.0
Q66666236,1,116.0,116.0,0.0,0.0,0.0,0.0,7.0,7.0,1,1,1,1,1,,,,100.0,100.0,100.0,100.0,100.0
Q666943,7,431.0,433.29,2.0,2.0,0.0,0.0,15.0,14.71,0,7,0,0,0,,,,0.0,100.0,0.0,0.0,0.0
Q667018,1,98.0,98.0,1.0,1.0,0.0,0.0,0.0,0.0,0,1,1,0,0,,,,0.0,100.0,100.0,0.0,0.0
Q66715753,11,669.0,1597.73,0.0,15.45,18.0,26.64,105.0,189.64,6,2,0,0,0,Wikimedia list of persons by position held,Wikimedia list of persons by position held,список людей по занимаемой должности,54.55,18.18,0.0,0.0,0.0
Q66715801,10,192.5,189.7,0.5,0.9,0.0,0.4,6.5,8.9,5,7,6,2,2,,,,50.0,70.0,60.0,20.0,20.0
Q66716634,1,328.0,328.0,1.0,1.0,2.0,2.0,11.0,11.0,0,0,0,0,0,,,,0.0,0.0,0.0,0.0,0.0
Q6671777,4,499.5,663.0,1.0,1.75,1.0,1.0,8.5,22.0,1,2,2,0,0,,,,25.0,50.0,50.0,0.0,0.0
Q66724388,3,1224.0,1471.33,9.0,7.0,0.0,0.33,65.0,54.33,1,2,0,0,0,,,,33.33,66.67,0.0,0.0,0.0
Q66739921,4,482.0,505.5,1.0,2.25,1.0,7.25,12.0,12.0,1,2,0,0,0,,,,25.0,50.0,0.0,0.0,0.0
Q6674,1,227.0,227.0,1.0,1.0,1.0,1.0,11.0,11.0,0,0,1,0,0,,,,0.0,0.0,100.0,0.0,0.0
Q66740226,12,120.5,231.33,1.0,1.0,0.0,1.0,4.5,9.25,1,7,11,1,1,,,,8.33,58.33,91.67,8.33,8.33
Q66744609,2,90.5,90.5,1.5,1.5,0.0,0.0,5.0,5.0,0,2,2,0,0,,,,0.0,100.0,100.0,0.0,0.0
Q66745531,8,372.0,491.62,1.5,1.38,0.0,0.25,21.0,25.5,2,6,2,1,1,,,,25.0,75.0,25.0,12.5,12.5
Q66747126,27,117.0,319.96,1.0,1.15,0.0,0.48,3.0,9.37,4,19,21,3,1,,,,14.81,70.37,77.78,11.11,3.7
Q66747521,4,200.5,260.75,1.5,2.0,0.0,0.5,12.0,25.25,0,3,3,0,0,,,,0.0,75.0,75.0,0.0,0.0
Q66747546,1,26.0,26.0,1.0,1.0,0.0,0.0,4.0,4.0,0,1,1,0,0,,,,0.0,100.0,100.0,0.0,0.0
Q667509,1981,296.0,297.26,0.0,0.01,0.0,0.33,8.0,8.01,1977,1333,9,8,8,,,,99.8,67.29,0.45,0.4,0.4
Q66754793,1,309.0,309.0,2.0,2.0,0.0,0.0,1.0,1.0,0,1,0,0,0,,,,0.0,100.0,0.0,0.0,0.0
Q66755638,1,87.0,87.0,1.0,1.0,1.0,1.0,5.0,5.0,0,0,1,0,0,,,,0.0,0.0,100.0,0.0,0.0
Q66759360,1,113.0,113.0,1.0,1.0,0.0,0.0,4.0,4.0,0,1,1,0,0,,,,0.0,100.0,100.0,0.0,0.0
Q66762677,5,57.0,103.2,1.0,1.2,0.0,0.2,5.0,7.4,0,4,4,0,0,,,,0.0,80.0,80.0,0.0,0.0
Q66785817,1,85.0,85.0,1.0,1.0,0.0,0.0,4.0,4.0,0,1,1,0,0,,,,0.0,100.0,100.0,0.0,0.0
Q66786238,4,129.0,174.75,1.0,1.0,0.5,0.5,5.0,4.75,1,2,3,1,1,,,,25.0,50.0,75.0,25.0,25.0
Q66811410,7,58.0,237.71,1.0,1.14,1.0,1.0,5.0,7.57,2,1,6,2,0,,,,28.57,14.29,85.71,28.57,0.0
Q66817784,1,165.0,165.0,2.0,2.0,0.0,0.0,10.0,10.0,0,1,1,0,0,Davis Cup team,Davis Cup team,сборная в Кубке Дэвиса,0.0,100.0,100.0,0.0,0.0
Q6686945,1,883.0,883.0,14.0,14.0,1.0,1.0,23.0,23.0,0,0,0,0,0,,,,0.0,0.0,0.0,0.0,0.0
Q66902062,1,497.0,497.0,1.0,1.0,1.0,1.0,10.0,10.0,0,0,0,0,0,,,,0.0,0.0,0.0,0.0,0.0
Q669102,2,413.0,413.0,0.5,0.5,0.5,0.5,43.5,43.5,1,1,1,0,0,,,,50.0,50.0,50.0,0.0,0.0
Q670113,1,187.0,187.0,3.0,3.0,0.0,0.0,5.0,5.0,0,1,1,0,0,,,,0.0,100.0,100.0,0.0,0.0
Q67014925,1,181.0,181.0,1.0,1.0,1.0,1.0,8.0,8.0,0,0,1,0,0,,,,0.0,0.0,100.0,0.0,0.0
Q67015883,32,115.5,362.88,1.0,5.34,1.0,1.34,9.0,14.75,6,9,22,6,3,,,,18.75,28.12,68.75,18.75,9.38
Q6703812,4,242.0,245.5,1.0,1.5,1.5,1.5,11.0,10.75,1,0,2,0,0,,,,25.0,0.0,50.0,0.0,0.0
Q67080166,1,1713.0,1713.0,7.0,7.0,15.0,15.0,14.0,14.0,0,0,0,0,0,,,,0.0,0.0,0.0,0.0,0.0
Q6708227,1,266.0,266.0,1.0,1.0,0.0,0.0,12.0,12.0,0,1,0,0,0,,,,0.0,100.0,0.0,0.0,0.0
Q67098987,1,86.0,86.0,2.0,2.0,0.0,0.0,5.0,5.0,0,1,1,0,0,,,,0.0,100.0,100.0,0.0,0.0
Q67123843,9,425.0,462.0,1.0,1.0,1.0,0.78,15.0,13.22,4,4,0,0,0,,,,44.44,44.44,0.0,0.0,0.0
Q671298,2,128.5,128.5,1.0,1.0,1.5,1.5,2.5,2.5,0,0,2,0,0,,,,0.0,0.0,100.0,0.0,0.0
Q671370,3,836.0,839.67,2.0,2.0,0.0,0.33,44.0,46.33,0,2,0,0,0,,,,0.0,66.67,0.0,0.0,0.0
Q67184216,1,11987.0,11987.0,250.0,250.0,1.0,1.0,297.0,297.0,0,0,0,0,0,,,,0.0,0.0,0.0,0.0,0.0
Q67185949,2,251.5,251.5,0.0,0.0,0.0,0.0,27.5,27.5,2,2,1,1,1,,,,100.0,100.0,50.0,50.0,50.0
Q67197375,1,2447.0,2447.0,50.0,50.0,1.0,1.0,148.0,148.0,0,0,0,0,0,,,,0.0,0.0,0.0,0.0,0.0
Q67197389,4,653.0,863.5,4.0,9.75,0.5,1.0,32.0,33.75,0,2,0,0,0,,,,0.0,50.0,0.0,0.0,0.0
Q67200784,1,28.0,28.0,1.0,1.0,0.0,0.0,1.0,1.0,0,1,1,0,0,,,,0.0,100.0,100.0,0.0,0.0
Q67201524,18,254.5,245.78,0.0,0.0,0.0,0.0,16.0,14.83,18,18,5,5,5,,,,100.0,100.0,27.78,27.78,27.78
Q67201561,1,260.0,260.0,0.0,0.0,0.0,0.0,16.0,16.0,1,1,0,0,0,,,,100.0,100.0,0.0,0.0,0.0
Q67201574,20,263.0,260.0,0.0,0.0,0.0,0.0,16.0,15.25,20,20,3,3,3,,,,100.0,100.0,15.0,15.0,15.0
Q67201586,281,257.0,251.83,0.0,0.0,0.0,0.0,16.0,13.88,281,281,110,110,110,,,,100.0,100.0,39.15,39.15,39.15
Q67206691,732,255.0,252.34,0.0,0.03,0.0,0.01,16.0,14.06,728,729,279,278,278,,,,99.45,99.59,38.11,37.98,37.98
Q67206701,8,259.0,258.12,0.0,0.0,0.0,0.0,16.0,14.5,8,8,2,2,2,,,,100.0,100.0,25.0,25.0,25.0
Q67206785,18,236.5,215.72,0.0,1.39,0.0,0.44,12.0,12.39,12,12,12,9,8,,,,66.67,66.67,66.67,50.0,44.44
Q672729,1,847.0,847.0,5.0,5.0,0.0,0.0,33.0,33.0,0,1,0,0,0,,,,0.0,100.0,0.0,0.0,0.0
Q672979,1,891.0,891.0,6.0,6.0,2.0,2.0,1.0,1.0,0,0,0,0,0,,,,0.0,0.0,0.0,0.0,0.0
Q673661,1,80.0,80.0,1.0,1.0,0.0,0.0,0.0,0.0,0,1,1,0,0,,,,0.0,100.0,100.0,0.0,0.0
Q67376938,1,3716.0,3716.0,0.0,0.0,7.0,7.0,275.0,275.0,1,0,0,0,0,,,,100.0,0.0,0.0,0.0,0.0
Q674541,4,203.0,197.0,1.0,0.75,1.0,1.5,3.5,6.25,1,1,3,1,0,,,,25.0,25.0,75.0,25.0,0.0
Q67472109,2,519.0,519.0,0.0,0.0,1.5,1.5,65.5,65.5,2,1,0,0,0,,,,100.0,50.0,0.0,0.0,0.0
Q67476316,1,261.0,261.0,3.0,3.0,0.0,0.0,11.0,11.0,0,1,0,0,0,,,,0.0,100.0,0.0,0.0,0.0
Q674775,1,216.0,216.0,0.0,0.0,0.0,0.0,0.0,0.0,1,1,1,1,1,,,,100.0,100.0,100.0,100.0,100.0
Q674928,2,378.0,378.0,0.5,0.5,0.5,0.5,40.5,40.5,1,1,1,1,0,,,,50.0,50.0,50.0,50.0,0.0
Q67515288,1,909.0,909.0,1.0,1.0,0.0,0.0,23.0,23.0,0,1,0,0,0,cinema by country or region,cinema by country or region,кинематограф территории,0.0,100.0,0.0,0.0,0.0
Q67518978,1,132.0,132.0,1.0,1.0,0.0,0.0,4.0,4.0,0,1,1,0,0,,,,0.0,100.0,100.0,0.0,0.0
Q676050,2,1235.5,1235.5,11.5,11.5,3.5,3.5,12.0,12.0,1,0,0,0,0,,,,50.0,0.0,0.0,0.0,0.0
Q676202,1,89.0,89.0,1.0,1.0,0.0,0.0,3.0,3.0,0,1,1,0,0,,,,0.0,100.0,100.0,0.0,0.0
Q6762254,2,229.5,229.5,1.0,1.0,1.5,1.5,11.0,11.0,0,0,1,0,0,,,,0.0,0.0,50.0,0.0,0.0
Q67655225,1,262.0,262.0,1.0,1.0,0.0,0.0,34.0,34.0,0,1,0,0,0,,,,0.0,100.0,0.0,0.0,0.0
Q67705604,1,30.0,30.0,1.0,1.0,0.0,0.0,2.0,2.0,0,1,1,0,0,,,,0.0,100.0,100.0,0.0,0.0
Q677678,6,272.5,503.67,0.0,0.67,0.0,0.83,4.5,8.67,5,4,1,1,1,,,,83.33,66.67,16.67,16.67,16.67
Q678116,1,812.0,812.0,4.0,4.0,8.0,8.0,81.0,81.0,0,0,0,0,0,,,,0.0,0.0,0.0,0.0,0.0
Q678146,1,530.0,530.0,17.0,17.0,1.0,1.0,10.0,10.0,0,0,0,0,0,,,,0.0,0.0,0.0,0.0,0.0
Q678345,2,626.5,626.5,1.0,1.0,0.0,0.0,20.5,20.5,1,2,0,0,0,,,,50.0,100.0,0.0,0.0,0.0
Q6784066,1,605.0,605.0,1.0,1.0,0.0,0.0,11.0,11.0,0,1,0,0,0,,,,0.0,100.0,0.0,0.0,0.0
Q6784672,4,582.5,622.5,0.5,0.75,0.5,1.75,34.0,46.75,2,2,0,0,0,,,,50.0,50.0,0.0,0.0,0.0
Q6786849,1,73.0,73.0,1.0,1.0,2.0,2.0,3.0,3.0,0,0,1,0,0,,,,0.0,0.0,100.0,0.0,0.0
Q679165,1,236.0,236.0,1.0,1.0,3.0,3.0,18.0,18.0,0,0,1,0,0,,,,0.0,0.0,100.0,0.0,0.0
Q679692,2,74.5,74.5,1.0,1.0,0.5,0.5,5.5,5.5,0,1,2,0,0,,,,0.0,50.0,100.0,0.0,0.0
Q679989,1,281.0,281.0,4.0,4.0,1.0,1.0,7.0,7.0,0,0,0,0,0,,,,0.0,0.0,0.0,0.0,0.0
Q68,2,140.0,140.0,0.5,0.5,1.0,1.0,2.5,2.5,1,1,2,1,0,,,,50.0,50.0,100.0,50.0,0.0
Q68019776,1,694.0,694.0,1.0,1.0,0.0,0.0,73.0,73.0,0,1,0,0,0,,,,0.0,100.0,0.0,0.0,0.0
Q6806593,1,197.0,197.0,1.0,1.0,1.0,1.0,3.0,3.0,0,0,1,0,0,,,,0.0,0.0,100.0,0.0,0.0
Q6806605,1,153.0,153.0,0.0,0.0,0.0,0.0,9.0,9.0,1,1,1,1,1,,,,100.0,100.0,100.0,100.0,100.0
Q6807027,1,394.0,394.0,1.0,1.0,0.0,0.0,6.0,6.0,0,1,0,0,0,,,,0.0,100.0,0.0,0.0,0.0
Q680838,2,3861.0,3861.0,90.5,90.5,2.0,2.0,104.0,104.0,0,0,0,0,0,,,,0.0,0.0,0.0,0.0,0.0
Q681026,1,468.0,468.0,0.0,0.0,0.0,0.0,31.0,31.0,1,1,0,0,0,,,,100.0,100.0,0.0,0.0,0.0
Q681263,1,425.0,425.0,4.0,4.0,1.0,1.0,5.0,5.0,0,0,0,0,0,,,,0.0,0.0,0.0,0.0,0.0
Q681277,14,139.5,223.36,0.0,0.36,0.0,0.14,5.0,6.57,13,12,9,9,8,,,,92.86,85.71,64.29,64.29,57.14
Q681541,1,861.0,861.0,1.0,1.0,1.0,1.0,2.0,2.0,0,0,0,0,0,,,,0.0,0.0,0.0,0.0,0.0
Q6821213,1,128.0,128.0,2.0,2.0,0.0,0.0,11.0,11.0,0,1,1,0,0,,,,0.0,100.0,100.0,0.0,0.0
Q6822251,1,645.0,645.0,10.0,10.0,2.0,2.0,37.0,37.0,0,0,0,0,0,,,,0.0,0.0,0.0,0.0,0.0
Q682943,1,321.0,321.0,5.0,5.0,1.0,1.0,6.0,6.0,0,0,0,0,0,,,,0.0,0.0,0.0,0.0,0.0
Q68295960,1,123.0,123.0,0.0,0.0,1.0,1.0,3.0,3.0,1,0,1,1,0,,,,100.0,0.0,100.0,100.0,0.0
Q683111,1,664.0,664.0,26.0,26.0,0.0,0.0,10.0,10.0,0,1,0,0,0,,,,0.0,100.0,0.0,0.0,0.0
Q6832945,1,1393.0,1393.0,12.0,12.0,1.0,1.0,124.0,124.0,0,0,0,0,0,,,,0.0,0.0,0.0,0.0,0.0
Q6838244,7,124.0,155.57,1.0,1.29,0.0,1.43,4.0,3.86,2,4,6,2,2,,,,28.57,57.14,85.71,28.57,28.57
Q683992,1,182.0,182.0,0.0,0.0,1.0,1.0,9.0,9.0,1,0,1,1,0,,,,100.0,0.0,100.0,100.0,0.0
Q68461428,1,72.0,72.0,1.0,1.0,0.0,0.0,10.0,10.0,0,1,1,0,0,,,,0.0,100.0,100.0,0.0,0.0
Q685309,337,271.0,270.42,0.0,0.0,1.0,1.39,6.0,5.9,337,23,1,1,1,,,,100.0,6.82,0.3,0.3,0.3
Q6857706,5,84.0,123.6,1.0,0.8,1.0,0.6,6.0,8.8,1,2,4,1,1,,,,20.0,40.0,80.0,20.0,20.0
Q68618328,22,83.0,95.91,1.0,1.14,0.0,0.36,4.0,4.77,4,16,22,4,3,,,,18.18,72.73,100.0,18.18,13.64
Q686697,1,40.0,40.0,1.0,1.0,0.0,0.0,4.0,4.0,0,1,1,0,0,,,,0.0,100.0,100.0,0.0,0.0
Q6867168,4,324.5,443.75,1.5,1.75,3.0,3.75,9.0,11.0,1,0,2,1,0,,,,25.0,0.0,50.0,25.0,0.0
Q6867185,2,1119.0,1119.0,13.5,13.5,12.5,12.5,59.5,59.5,0,1,0,0,0,ministry of industry,ministry of industry,министерство промышленности,0.0,50.0,0.0,0.0,0.0
Q68685,1,84.0,84.0,1.0,1.0,0.0,0.0,10.0,10.0,0,1,1,0,0,,,,0.0,100.0,100.0,0.0,0.0
Q686984,7,1403.0,2313.71,29.0,54.86,3.0,3.14,39.0,73.29,0,2,1,0,0,civil disorder,жаппай тәртіпсіздіктер,массовые беспорядки,0.0,28.57,14.29,0.0,0.0
Q687031,2,102.5,102.5,0.5,0.5,0.5,0.5,1.0,1.0,1,1,2,1,1,,,,50.0,50.0,100.0,50.0,50.0
Q68723978,2,77.5,77.5,0.5,0.5,1.0,1.0,4.5,4.5,1,1,2,1,0,,,,50.0,50.0,100.0,50.0,0.0
Q6876,11,236.0,337.91,0.0,0.18,1.0,0.82,42.0,45.73,9,5,6,6,2,,,,81.82,45.45,54.55,54.55,18.18
Q68800046,5,448.0,462.4,2.0,4.2,0.0,0.4,4.0,8.6,1,3,1,0,0,industrial disaster,industrial disaster,индустриальный инцидент,20.0,60.0,20.0,0.0,0.0
Q6881511,264,331.5,635.79,1.5,8.31,0.0,0.75,14.0,25.24,68,166,100,35,30,enterprise,Кәсіпорын,предприятие,25.76,62.88,37.88,13.26,11.36
Q6882870,72,301.0,301.47,0.0,0.24,0.0,0.14,8.0,7.24,55,62,0,0,0,,,,76.39,86.11,0.0,0.0,0.0
Q689863,1,577.0,577.0,1.0,1.0,7.0,7.0,15.0,15.0,0,0,0,0,0,,,,0.0,0.0,0.0,0.0,0.0
Q690109,9,176.0,240.78,1.0,1.44,1.0,1.11,5.0,12.0,0,3,7,0,0,,,,0.0,33.33,77.78,0.0,0.0
Q690175,2,122.0,122.0,0.5,0.5,0.5,0.5,10.5,10.5,1,1,2,1,0,,,,50.0,50.0,100.0,50.0,0.0
Q6909090,1,71.0,71.0,1.0,1.0,0.0,0.0,3.0,3.0,0,1,1,0,0,,,,0.0,100.0,100.0,0.0,0.0
Q691358,1,2893.0,2893.0,24.0,24.0,1.0,1.0,23.0,23.0,0,0,0,0,0,,,,0.0,0.0,0.0,0.0,0.0
Q6915,1,1180.0,1180.0,6.0,6.0,1.0,1.0,73.0,73.0,0,0,0,0,0,,,,0.0,0.0,0.0,0.0,0.0
Q691960,5,243.0,662.2,0.0,1.6,2.0,2.2,7.0,10.6,3,2,3,3,2,,,,60.0,40.0,60.0,60.0,40.0
Q69197847,6,42.0,154.5,1.0,0.67,0.0,0.0,4.0,15.17,2,6,5,2,2,,,,33.33,100.0,83.33,33.33,33.33
Q692170,4,270.5,266.5,0.0,0.0,0.0,0.0,3.5,3.5,4,4,1,1,1,,,,100.0,100.0,25.0,25.0,25.0
Q692412,1,1510.0,1510.0,24.0,24.0,1.0,1.0,59.0,59.0,0,0,0,0,0,,,,0.0,0.0,0.0,0.0,0.0
Q692581,1,882.0,882.0,4.0,4.0,4.0,4.0,42.0,42.0,0,0,0,0,0,,,,0.0,0.0,0.0,0.0,0.0
Q692680,4,295.0,299.25,1.0,1.0,0.0,0.0,6.0,6.0,0,4,0,0,0,,,,0.0,100.0,0.0,0.0,0.0
Q693039,7,427.0,410.0,0.0,0.43,0.0,0.14,25.0,25.0,4,6,0,0,0,,,,57.14,85.71,0.0,0.0,0.0
Q6934728,8,370.0,671.25,1.0,5.5,1.0,2.38,8.0,20.5,1,3,3,1,1,,,,12.5,37.5,37.5,12.5,12.5
Q69359318,1,613.0,613.0,9.0,9.0,0.0,0.0,2.0,2.0,0,1,0,0,0,human trafficking by country or territory,human trafficking by country or territory,торговля людьми по стране или территории,0.0,100.0,0.0,0.0,0.0
Q69389160,1,183.0,183.0,1.0,1.0,2.0,2.0,0.0,0.0,0,0,1,0,0,,,,0.0,0.0,100.0,0.0,0.0
Q69391739,1,149.0,149.0,1.0,1.0,0.0,0.0,3.0,3.0,0,1,1,0,0,,,,0.0,100.0,100.0,0.0,0.0
Q6942574,2,117.0,117.0,1.5,1.5,0.5,0.5,9.5,9.5,0,1,2,0,0,,,,0.0,50.0,100.0,0.0,0.0
Q6949155,1,253.0,253.0,1.0,1.0,2.0,2.0,8.0,8.0,0,0,0,0,0,,,,0.0,0.0,0.0,0.0,0.0
Q6949213,2,778.0,778.0,2.5,2.5,0.5,0.5,24.0,24.0,0,1,0,0,0,,,,0.0,50.0,0.0,0.0,0.0
Q694975,2,966.0,966.0,5.5,5.5,1.5,1.5,57.5,57.5,0,0,0,0,0,,,,0.0,0.0,0.0,0.0,0.0
Q6950796,1,111.0,111.0,4.0,4.0,1.0,1.0,6.0,6.0,0,0,1,0,0,,,,0.0,0.0,100.0,0.0,0.0
Q6957341,7,822.0,3017.14,2.0,33.43,2.0,13.29,27.0,115.71,0,1,0,0,0,,,,0.0,14.29,0.0,0.0,0.0
Q695836,1,710.0,710.0,5.0,5.0,3.0,3.0,17.0,17.0,0,0,0,0,0,,,,0.0,0.0,0.0,0.0,0.0
Q695850,5,261.0,281.0,2.0,2.2,0.0,0.4,6.0,9.6,1,4,2,1,1,airbase,Авиациялық база,военный аэродром,20.0,80.0,40.0,20.0,20.0
Q6958514,1,174.0,174.0,1.0,1.0,4.0,4.0,9.0,9.0,0,0,1,0,0,,,,0.0,0.0,100.0,0.0,0.0
Q696100,1,182.0,182.0,2.0,2.0,0.0,0.0,10.0,10.0,0,1,1,0,0,,,,0.0,100.0,100.0,0.0,0.0
Q697196,1,815.0,815.0,3.0,3.0,3.0,3.0,67.0,67.0,0,0,0,0,0,,,,0.0,0.0,0.0,0.0,0.0
Q697295,3,363.0,591.67,0.0,8.0,1.0,1.0,18.0,22.0,2,1,1,1,0,,,,66.67,33.33,33.33,33.33,0.0
Q6979592,1,1308.0,1308.0,2.0,2.0,1.0,1.0,22.0,22.0,0,0,0,0,0,,,,0.0,0.0,0.0,0.0,0.0
Q6979593,2,456.5,456.5,1.0,1.0,0.0,0.0,18.5,18.5,1,2,0,0,0,national association football team,national association football team,сборная страны по футболу,50.0,100.0,0.0,0.0,0.0
Q6979657,1,77.0,77.0,1.0,1.0,0.0,0.0,3.0,3.0,0,1,1,0,0,,,,0.0,100.0,100.0,0.0,0.0
Q699,2,210.0,210.0,1.0,1.0,0.0,0.0,5.5,5.5,1,2,1,1,1,,,,50.0,100.0,50.0,50.0,50.0
Q69920471,8,128.5,176.75,0.0,0.38,0.0,0.0,2.5,6.62,6,8,6,5,5,bandy team,bandy team,команда по хоккею с мячом,75.0,100.0,75.0,62.5,62.5
Q699386,1,3277.0,3277.0,20.0,20.0,26.0,26.0,101.0,101.0,0,0,0,0,0,statutory corporation,statutory corporation,уставная корпорация,0.0,0.0,0.0,0.0,0.0
Q699405,1,3110.0,3110.0,14.0,14.0,3.0,3.0,125.0,125.0,0,0,0,0,0,dwelling,dwelling,жилище,0.0,0.0,0.0,0.0,0.0
Q69942561,4,620.5,533.25,0.5,0.5,0.0,0.25,6.0,17.25,2,3,1,0,0,,,,50.0,75.0,25.0,0.0,0.0
Q699797,2,156.5,156.5,0.0,0.0,0.5,0.5,15.5,15.5,2,1,2,2,1,,,,100.0,50.0,100.0,100.0,50.0
Q6999,566,227.0,227.84,0.0,0.01,0.0,0.01,11.0,11.35,565,564,541,541,541,,,,99.82,99.65,95.58,95.58,95.58
Q70092384,1,72.0,72.0,1.0,1.0,0.0,0.0,4.0,4.0,0,1,1,0,0,,,,0.0,100.0,100.0,0.0,0.0
Q701632,1,772.0,772.0,3.0,3.0,0.0,0.0,18.0,18.0,0,1,0,0,0,municipal council,municipal council,муниципальный совет,0.0,100.0,0.0,0.0,0.0
Q70208,1291,272.0,274.09,0.0,0.01,1.0,1.29,6.0,5.97,1282,41,1,1,1,,,,99.3,3.18,0.08,0.08,0.08
Q7023752,1,1203.0,1203.0,37.0,37.0,0.0,0.0,59.0,59.0,0,1,0,0,0,,,,0.0,100.0,0.0,0.0,0.0
Q702492,10,307.5,527.4,1.0,2.5,1.0,1.9,5.5,9.1,3,2,2,0,0,,,,30.0,20.0,20.0,0.0,0.0
Q70252,1,305.0,305.0,2.0,2.0,0.0,0.0,21.0,21.0,0,1,0,0,0,,,,0.0,100.0,0.0,0.0,0.0
Q702842,3,245.0,284.33,0.0,0.0,3.0,2.67,17.0,24.33,3,0,2,2,0,,,,100.0,0.0,66.67,66.67,0.0
Q70339337,1,63.0,63.0,1.0,1.0,0.0,0.0,4.0,4.0,0,1,1,0,0,,,,0.0,100.0,100.0,0.0,0.0
Q70363582,4,623.5,560.25,2.0,1.75,0.0,0.0,29.5,27.25,1,4,1,0,0,academies and institutes,academies and institutes,academies and institutes,25.0,100.0,25.0,0.0,0.0
Q70441508,1,2464.0,2464.0,32.0,32.0,2.0,2.0,20.0,20.0,0,0,0,0,0,,,,0.0,0.0,0.0,0.0,0.0
Q7048853,2,140.0,140.0,1.0,1.0,0.0,0.0,4.0,4.0,1,2,2,1,1,,,,50.0,100.0,100.0,50.0,50.0
Q7048902,1,214.0,214.0,0.0,0.0,1.0,1.0,1.0,1.0,1,0,1,1,0,,,,100.0,0.0,100.0,100.0,0.0
Q7048977,3,594.0,1446.67,1.0,1.33,0.0,0.33,9.0,8.33,1,2,1,0,0,,,,33.33,66.67,33.33,0.0,0.0
Q7049231,1,56.0,56.0,1.0,1.0,0.0,0.0,8.0,8.0,0,1,1,0,0,,,,0.0,100.0,100.0,0.0,0.0
Q7049495,1,2613.0,2613.0,7.0,7.0,7.0,7.0,155.0,155.0,0,0,0,0,0,,,,0.0,0.0,0.0,0.0,0.0
Q705296,1,53.0,53.0,0.0,0.0,1.0,1.0,1.0,1.0,1,0,1,1,0,,,,100.0,0.0,100.0,100.0,0.0
Q7055,1,25.0,25.0,1.0,1.0,0.0,0.0,1.0,1.0,0,1,1,0,0,,,,0.0,100.0,100.0,0.0,0.0
Q7058673,9,661.0,1025.0,1.0,5.0,0.0,1.33,32.0,51.22,4,6,1,0,0,,,,44.44,66.67,11.11,0.0,0.0
Q705899,1,455.0,455.0,0.0,0.0,0.0,0.0,14.0,14.0,1,1,0,0,0,,,,100.0,100.0,0.0,0.0,0.0
Q7063032,2,588.0,588.0,7.0,7.0,0.0,0.0,26.0,26.0,0,2,0,0,0,,,,0.0,100.0,0.0,0.0,0.0
Q70691163,1,609.0,609.0,0.0,0.0,0.0,0.0,1.0,1.0,1,1,0,0,0,,,,100.0,100.0,0.0,0.0,0.0
Q707482,1,62.0,62.0,1.0,1.0,0.0,0.0,2.0,2.0,0,1,1,0,0,,,,0.0,100.0,100.0,0.0,0.0
Q7075,24,441.5,760.54,1.0,1.38,0.0,2.67,8.0,12.75,10,13,7,1,0,library,кітапхана,библиотека,41.67,54.17,29.17,4.17,0.0
Q7075109,1,157.0,157.0,0.0,0.0,1.0,1.0,0.0,0.0,1,0,1,1,0,,,,100.0,0.0,100.0,100.0,0.0
Q7075127,10,1362.0,1588.0,3.0,3.0,2.0,2.9,64.0,74.3,1,1,1,1,1,,,,10.0,10.0,10.0,10.0,10.0
Q707813,135,305.0,365.2,1.0,1.42,1.0,0.69,7.0,8.67,41,64,6,2,2,,,,30.37,47.41,4.44,1.48,1.48
Q708176,1,36.0,36.0,1.0,1.0,0.0,0.0,1.0,1.0,0,1,1,0,0,,,,0.0,100.0,100.0,0.0,0.0
Q708676,19,247.0,381.05,1.0,3.37,1.0,1.42,6.0,11.37,5,6,10,3,1,charitable organization,charitable organization,благотворительная организация,26.32,31.58,52.63,15.79,5.26
Q7094076,6,170.0,238.83,0.5,1.0,0.0,0.0,6.5,6.5,3,6,4,3,3,,,,50.0,100.0,66.67,50.0,50.0
Q7096323,1,447.0,447.0,4.0,4.0,0.0,0.0,9.0,9.0,0,1,0,0,0,,,,0.0,100.0,0.0,0.0,0.0
Q7099402,1,355.0,355.0,0.0,0.0,1.0,1.0,4.0,4.0,1,0,0,0,0,,,,100.0,0.0,0.0,0.0,0.0
Q71076284,1,4488.0,4488.0,2.0,2.0,0.0,0.0,576.0,576.0,0,1,0,0,0,,,,0.0,100.0,0.0,0.0,0.0
Q7112606,1,205.0,205.0,2.0,2.0,0.0,0.0,9.0,9.0,0,1,1,0,0,,,,0.0,100.0,100.0,0.0,0.0
Q71129815,1,606.0,606.0,1.0,1.0,0.0,0.0,35.0,35.0,0,1,0,0,0,,,,0.0,100.0,0.0,0.0,0.0
Q71144301,1,285.0,285.0,0.0,0.0,2.0,2.0,7.0,7.0,1,0,0,0,0,,,,100.0,0.0,0.0,0.0,0.0
Q71186602,1,66.0,66.0,0.0,0.0,0.0,0.0,16.0,16.0,1,1,1,1,1,,,,100.0,100.0,100.0,100.0,100.0
Q712378,6,104.5,131.33,1.0,1.0,1.0,0.67,5.5,6.17,1,2,6,1,0,,,,16.67,33.33,100.0,16.67,0.0
Q71266556,1,8604.0,8604.0,209.0,209.0,7.0,7.0,228.0,228.0,0,0,0,0,0,,,,0.0,0.0,0.0,0.0,0.0
Q71266741,12,755.0,1029.67,3.5,6.92,0.0,0.58,74.0,90.67,1,8,1,1,1,,,,8.33,66.67,8.33,8.33,8.33
Q71282088,1,206.0,206.0,1.0,1.0,1.0,1.0,7.0,7.0,0,0,1,0,0,,,,0.0,0.0,100.0,0.0,0.0
Q713623,14,194.5,385.29,1.0,1.14,0.0,0.43,21.5,28.79,3,10,10,3,2,,,,21.43,71.43,71.43,21.43,14.29
Q7138926,3,738.0,671.0,2.0,2.67,1.0,2.0,33.0,39.67,1,1,0,0,0,,,,33.33,33.33,0.0,0.0,0.0
Q7140480,1,61.0,61.0,1.0,1.0,0.0,0.0,5.0,5.0,0,1,1,0,0,,,,0.0,100.0,100.0,0.0,0.0
Q714737,2,207.0,207.0,1.5,1.5,0.0,0.0,5.0,5.0,0,2,1,0,0,,,,0.0,100.0,50.0,0.0,0.0
Q7150,1,310.0,310.0,4.0,4.0,0.0,0.0,21.0,21.0,0,1,0,0,0,,,,0.0,100.0,0.0,0.0,0.0
Q71533077,5,145.0,202.2,1.0,2.4,0.0,0.2,8.0,9.8,1,4,4,1,1,,,,20.0,80.0,80.0,20.0,20.0
Q71550,5,542.0,559.4,4.0,6.4,1.0,1.2,48.0,38.4,1,1,1,1,0,,,,20.0,20.0,20.0,20.0,0.0
Q71550118,1,644.0,644.0,0.0,0.0,1.0,1.0,12.0,12.0,1,0,0,0,0,,,,100.0,0.0,0.0,0.0,0.0
Q715625,1,1248.0,1248.0,26.0,26.0,3.0,3.0,45.0,45.0,0,0,0,0,0,,,,0.0,0.0,0.0,0.0,0.0
Q7157512,1,359.0,359.0,3.0,3.0,0.0,0.0,12.0,12.0,0,1,0,0,0,,,,0.0,100.0,0.0,0.0,0.0
Q716176,1,2427.0,2427.0,33.0,33.0,2.0,2.0,104.0,104.0,0,0,0,0,0,,,,0.0,0.0,0.0,0.0,0.0
Q7163,1,380.0,380.0,1.0,1.0,0.0,0.0,4.0,4.0,0,1,0,0,0,,,,0.0,100.0,0.0,0.0,0.0
Q716676,9,103.0,275.78,1.0,0.67,1.0,1.33,3.0,4.44,3,1,7,1,0,,,,33.33,11.11,77.78,11.11,0.0
Q716785,1,67.0,67.0,0.0,0.0,0.0,0.0,2.0,2.0,1,1,1,1,1,,,,100.0,100.0,100.0,100.0,100.0
Q716815,1,166.0,166.0,0.0,0.0,0.0,0.0,19.0,19.0,1,1,1,1,1,,,,100.0,100.0,100.0,100.0,100.0
Q7168699,1,103.0,103.0,2.0,2.0,2.0,2.0,11.0,11.0,0,0,1,0,0,,,,0.0,0.0,100.0,0.0,0.0
Q7170392,1,253.0,253.0,0.0,0.0,1.0,1.0,17.0,17.0,1,0,0,0,0,,,,100.0,0.0,0.0,0.0,0.0
Q717040,2,419.0,419.0,0.5,0.5,0.0,0.0,19.0,19.0,1,2,1,0,0,,,,50.0,100.0,50.0,0.0,0.0
Q717478,1,445.0,445.0,2.0,2.0,1.0,1.0,3.0,3.0,0,0,0,0,0,,,,0.0,0.0,0.0,0.0,0.0
Q71758646,3,68.0,89.0,1.0,1.33,0.0,0.0,4.0,3.0,0,3,3,0,0,,,,0.0,100.0,100.0,0.0,0.0
Q7179706,2,130.0,130.0,0.0,0.0,0.5,0.5,6.0,6.0,2,1,2,2,1,,,,100.0,50.0,100.0,100.0,50.0
Q71798788,11,234.0,211.18,0.0,2.18,0.0,0.64,11.0,11.64,6,6,8,6,5,,,,54.55,54.55,72.73,54.55,45.45
Q7180402,1,411.0,411.0,4.0,4.0,3.0,3.0,30.0,30.0,0,0,0,0,0,,,,0.0,0.0,0.0,0.0,0.0
Q718608,3,234.0,174.33,1.0,1.0,1.0,0.67,6.0,5.0,0,1,3,0,0,,,,0.0,33.33,100.0,0.0,0.0
Q7187,4,154.0,1108.75,0.5,27.0,0.0,0.25,5.0,4.0,2,3,3,2,2,,,,50.0,75.0,75.0,50.0,50.0
Q7188,9,753.0,899.89,2.0,4.56,1.0,10.89,30.0,37.56,1,4,2,0,0,government,кабинет,правительство,11.11,44.44,22.22,0.0,0.0
Q718893,1,108.0,108.0,1.0,1.0,0.0,0.0,3.0,3.0,0,1,1,0,0,,,,0.0,100.0,100.0,0.0,0.0
Q7189622,1,506.0,506.0,3.0,3.0,0.0,0.0,18.0,18.0,0,1,0,0,0,physical plant,physical plant,промышленное предприятие,0.0,100.0,0.0,0.0,0.0
Q7189710,1,185.0,185.0,1.0,1.0,0.0,0.0,14.0,14.0,0,1,1,0,0,,,,0.0,100.0,100.0,0.0,0.0
Q7189713,5,162.0,244.4,1.0,1.8,0.0,1.0,5.0,15.6,2,3,3,1,1,,,,40.0,60.0,60.0,20.0,20.0
Q7191,3,250.0,298.67,3.0,3.33,1.0,1.0,20.0,20.33,0,1,1,0,0,,,,0.0,33.33,33.33,0.0,0.0
Q7193,1,63.0,63.0,0.0,0.0,0.0,0.0,0.0,0.0,1,1,1,1,1,,,,100.0,100.0,100.0,100.0,100.0
Q719487,6,435.0,434.5,1.0,1.33,0.5,0.5,16.5,14.67,1,3,0,0,0,,,,16.67,50.0,0.0,0.0,0.0
Q719592,1,333.0,333.0,3.0,3.0,0.0,0.0,3.0,3.0,0,1,0,0,0,,,,0.0,100.0,0.0,0.0,0.0
Q719642,6,572.0,1232.83,6.0,6.0,1.0,1.5,29.5,53.0,2,2,1,1,0,panethnicity,panethnicity,панэтнос,33.33,33.33,16.67,16.67,0.0
Q71965429,95,261.0,257.46,0.0,0.0,0.0,0.0,16.0,14.76,95,95,22,22,22,,,,100.0,100.0,23.16,23.16,23.16
Q71965638,296,259.0,255.07,0.0,0.0,0.0,0.0,16.0,14.39,296,295,96,96,96,,,,100.0,99.66,32.43,32.43,32.43
Q71966963,1,243.0,243.0,0.0,0.0,0.0,0.0,6.0,6.0,1,1,1,1,1,,,,100.0,100.0,100.0,100.0,100.0
Q71974,6,465.5,397.0,1.5,1.5,0.5,0.5,7.0,7.5,2,3,2,0,0,,,,33.33,50.0,33.33,0.0,0.0
Q719987,1,230.0,230.0,0.0,0.0,1.0,1.0,5.0,5.0,1,0,1,1,0,,,,100.0,0.0,100.0,100.0,0.0
Q7201252,1,150.0,150.0,1.0,1.0,0.0,0.0,6.0,6.0,0,1,1,0,0,,,,0.0,100.0,100.0,0.0,0.0
Q720398,2,112.5,112.5,1.0,1.0,0.0,0.0,4.5,4.5,0,2,2,0,0,,,,0.0,100.0,100.0,0.0,0.0
Q7205,1,67.0,67.0,1.0,1.0,0.0,0.0,9.0,9.0,0,1,1,0,0,,,,0.0,100.0,100.0,0.0,0.0
Q72053617,1,196.0,196.0,0.0,0.0,0.0,0.0,11.0,11.0,1,1,1,1,1,,,,100.0,100.0,100.0,100.0,100.0
Q720609,1,264.0,264.0,0.0,0.0,1.0,1.0,5.0,5.0,1,0,0,0,0,,,,100.0,0.0,0.0,0.0,0.0
Q72070508,3,423.0,553.0,2.0,1.67,1.0,1.0,14.0,13.0,0,1,1,0,0,,,,0.0,33.33,33.33,0.0,0.0
Q7208,1,35.0,35.0,1.0,1.0,1.0,1.0,1.0,1.0,0,0,1,0,0,,,,0.0,0.0,100.0,0.0,0.0
Q7210356,15,224.0,436.8,1.0,4.93,0.0,0.6,9.0,14.47,3,9,10,2,0,political organization,political organization,политическая организация,20.0,60.0,66.67,13.33,0.0
Q7212557,31,225.0,250.48,1.0,1.06,0.0,0.52,8.0,10.16,0,20,21,0,0,zakaznik,қорықша,заказник,0.0,64.52,67.74,0.0,0.0
Q7217761,1,139.0,139.0,1.0,1.0,0.0,0.0,12.0,12.0,0,1,1,0,0,,,,0.0,100.0,100.0,0.0,0.0
Q721830,1,135.0,135.0,0.0,0.0,0.0,0.0,19.0,19.0,1,1,1,1,1,,,,100.0,100.0,100.0,100.0,100.0
Q7225120,2,424.5,424.5,1.5,1.5,2.5,2.5,20.0,20.0,0,0,1,0,0,,,,0.0,0.0,50.0,0.0,0.0
Q72265179,1,39.0,39.0,1.0,1.0,0.0,0.0,2.0,2.0,0,1,1,0,0,,,,0.0,100.0,100.0,0.0,0.0
Q723685,1,891.0,891.0,25.0,25.0,2.0,2.0,39.0,39.0,0,0,0,0,0,,,,0.0,0.0,0.0,0.0,0.0
Q72398691,2,445.0,445.0,4.0,4.0,0.0,0.0,21.0,21.0,0,2,0,0,0,,,,0.0,100.0,0.0,0.0,0.0
Q7246202,1,145.0,145.0,1.0,1.0,1.0,1.0,10.0,10.0,0,0,1,0,0,,,,0.0,0.0,100.0,0.0,0.0
Q7247749,1,314.0,314.0,0.0,0.0,0.0,0.0,0.0,0.0,1,1,0,0,0,,,,100.0,100.0,0.0,0.0,0.0
Q7247856,2,604.5,604.5,4.0,4.0,1.0,1.0,27.5,27.5,0,0,0,0,0,,,,0.0,0.0,0.0,0.0,0.0
Q7248095,5,261.0,745.8,5.0,8.6,0.0,0.4,21.0,27.4,0,4,2,0,0,,,,0.0,80.0,40.0,0.0,0.0
Q7250609,1,57.0,57.0,0.0,0.0,2.0,2.0,0.0,0.0,1,0,1,1,0,,,,100.0,0.0,100.0,100.0,0.0
Q7251276,3,424.0,415.33,6.0,4.67,0.0,0.0,6.0,6.0,1,3,0,0,0,,,,33.33,100.0,0.0,0.0,0.0
Q7251477,1,45.0,45.0,1.0,1.0,0.0,0.0,2.0,2.0,0,1,1,0,0,,,,0.0,100.0,100.0,0.0,0.0
Q7252696,1,927.0,927.0,8.0,8.0,3.0,3.0,19.0,19.0,0,0,0,0,0,,,,0.0,0.0,0.0,0.0,0.0
Q7256338,1,160.0,160.0,1.0,1.0,0.0,0.0,6.0,6.0,0,1,1,0,0,,,,0.0,100.0,100.0,0.0,0.0
Q7257,21,132.0,557.57,1.0,1.24,1.0,1.19,4.0,7.0,4,9,13,1,0,,,,19.05,42.86,61.9,4.76,0.0
Q725744,1,499.0,499.0,1.0,1.0,3.0,3.0,14.0,14.0,0,0,0,0,0,,,,0.0,0.0,0.0,0.0,0.0
Q7258079,1,499.0,499.0,2.0,2.0,2.0,2.0,16.0,16.0,0,0,0,0,0,,,,0.0,0.0,0.0,0.0,0.0
Q726,2,142.5,142.5,1.0,1.0,0.5,0.5,11.5,11.5,0,1,2,0,0,,,,0.0,50.0,100.0,0.0,0.0
Q72610003,1,652.0,652.0,0.0,0.0,0.0,0.0,6.0,6.0,1,1,0,0,0,,,,100.0,100.0,0.0,0.0,0.0
Q7265244,2,137.5,137.5,0.5,0.5,0.0,0.0,6.5,6.5,1,2,2,1,1,,,,50.0,100.0,100.0,50.0,50.0
Q726611,27,259.0,259.48,0.0,0.0,0.0,0.0,16.0,14.3,27,27,6,6,6,,,,100.0,100.0,22.22,22.22,22.22
Q726870,10,213.0,269.5,1.0,1.1,0.0,6.7,12.5,18.3,4,6,7,3,2,,,,40.0,60.0,70.0,30.0,20.0
Q7269,1,798.0,798.0,1.0,1.0,4.0,4.0,49.0,49.0,0,0,0,0,0,,,,0.0,0.0,0.0,0.0,0.0
Q726929,1,802.0,802.0,2.0,2.0,2.0,2.0,70.0,70.0,0,0,0,0,0,film archive,film archive,фильмотека,0.0,0.0,0.0,0.0,0.0
Q7270,36,1213.0,2078.14,7.0,16.08,1.0,4.22,58.0,108.33,1,16,1,1,1,,,,2.78,44.44,2.78,2.78,2.78
Q727002,4,162.0,169.5,1.0,1.0,0.5,0.5,10.0,10.0,0,2,3,0,0,,,,0.0,50.0,75.0,0.0,0.0
Q727096,2,59.0,59.0,0.5,0.5,0.5,0.5,1.5,1.5,1,1,2,1,0,,,,50.0,50.0,100.0,50.0,0.0
Q7271585,1,99.0,99.0,2.0,2.0,0.0,0.0,6.0,6.0,0,1,1,0,0,,,,0.0,100.0,100.0,0.0,0.0
Q7275,4,2005.5,2060.0,5.0,11.5,1.5,4.5,92.0,125.25,1,1,1,1,1,,,,25.0,25.0,25.0,25.0,25.0
Q7278,112,310.5,518.77,2.0,5.38,0.0,1.47,15.0,26.76,19,75,41,9,8,political party,саяси партия,политическая партия,16.96,66.96,36.61,8.04,7.14
Q727990,2,858.0,858.0,15.0,15.0,1.0,1.0,39.5,39.5,0,1,0,0,0,,,,0.0,50.0,0.0,0.0,0.0
Q72802508,613,254.0,251.58,0.0,0.0,0.0,0.0,16.0,14.09,613,612,228,228,227,,,,100.0,99.84,37.19,37.19,37.03
Q72803622,5,222.0,229.6,0.0,0.2,0.0,0.2,11.0,11.8,4,4,4,3,3,,,,80.0,80.0,80.0,60.0,60.0
Q728223,3,456.0,423.33,0.0,0.33,0.0,0.0,73.0,53.33,2,3,0,0,0,,,,66.67,100.0,0.0,0.0,0.0
Q7285116,1,305.0,305.0,1.0,1.0,0.0,0.0,6.0,6.0,0,1,0,0,0,,,,0.0,100.0,0.0,0.0,0.0
Q7285227,1,133.0,133.0,1.0,1.0,0.0,0.0,15.0,15.0,0,1,1,0,0,,,,0.0,100.0,100.0,0.0,0.0
Q72857065,1,97.0,97.0,1.0,1.0,0.0,0.0,3.0,3.0,0,1,1,0,0,,,,0.0,100.0,100.0,0.0,0.0
Q72867640,1,82.0,82.0,1.0,1.0,1.0,1.0,2.0,2.0,0,0,1,0,0,,,,0.0,0.0,100.0,0.0,0.0
Q728904,4,600.0,586.0,6.5,6.5,0.5,1.0,15.5,17.0,0,2,0,0,0,,,,0.0,50.0,0.0,0.0,0.0
Q728937,10,285.5,376.3,1.0,1.9,0.0,0.7,9.0,18.9,3,7,4,2,1,railway line,railway line,железнодорожная линия,30.0,70.0,40.0,20.0,10.0
Q72926449,1,555.0,555.0,1.0,1.0,1.0,1.0,8.0,8.0,0,0,0,0,0,,,,0.0,0.0,0.0,0.0,0.0
Q7299618,1,1865.0,1865.0,0.0,0.0,0.0,0.0,6.0,6.0,1,1,0,0,0,,,,100.0,100.0,0.0,0.0,0.0
Q730038,22,1542.5,1759.36,18.0,29.68,1.0,1.36,30.0,51.05,1,8,1,0,0,credit institution,credit institution,кредитная организация,4.55,36.36,4.55,0.0,0.0
Q7302601,1,455.0,455.0,0.0,0.0,0.0,0.0,14.0,14.0,1,1,0,0,0,,,,100.0,100.0,0.0,0.0,0.0
Q7302866,1,440.0,440.0,0.0,0.0,1.0,1.0,20.0,20.0,1,0,0,0,0,,,,100.0,0.0,0.0,0.0,0.0
Q7303998,1,35.0,35.0,1.0,1.0,1.0,1.0,3.0,3.0,0,0,1,0,0,,,,0.0,0.0,100.0,0.0,0.0
Q73060694,1,475.0,475.0,1.0,1.0,3.0,3.0,25.0,25.0,0,0,0,0,0,,,,0.0,0.0,0.0,0.0,0.0
Q73071329,1,78.0,78.0,1.0,1.0,0.0,0.0,0.0,0.0,0,1,1,0,0,,,,0.0,100.0,100.0,0.0,0.0
Q7309306,1,1977.0,1977.0,14.0,14.0,5.0,5.0,129.0,129.0,0,0,0,0,0,,,,0.0,0.0,0.0,0.0,0.0
Q7309443,2,2045.0,2045.0,0.0,0.0,4.0,4.0,160.0,160.0,2,0,0,0,0,,,,100.0,0.0,0.0,0.0,0.0
Q7310094,1,158.0,158.0,1.0,1.0,0.0,0.0,5.0,5.0,0,1,1,0,0,,,,0.0,100.0,100.0,0.0,0.0
Q7311342,1,327.0,327.0,1.0,1.0,0.0,0.0,16.0,16.0,0,1,0,0,0,,,,0.0,100.0,0.0,0.0,0.0
Q7315155,2,435.5,435.5,0.5,0.5,0.5,0.5,13.5,13.5,1,1,1,0,0,,,,50.0,50.0,50.0,0.0,0.0
Q73187956,2,333.5,333.5,0.0,0.0,1.0,1.0,50.0,50.0,2,1,1,1,1,,,,100.0,50.0,50.0,50.0,50.0
Q73198864,1,76.0,76.0,0.0,0.0,2.0,2.0,7.0,7.0,1,0,1,1,0,,,,100.0,0.0,100.0,100.0,0.0
Q732577,3,295.0,918.0,1.0,9.33,0.0,0.0,6.0,21.67,0,3,1,0,0,,,,0.0,100.0,33.33,0.0,0.0
Q732717,1,129.0,129.0,1.0,1.0,0.0,0.0,3.0,3.0,0,1,1,0,0,,,,0.0,100.0,100.0,0.0,0.0
Q732744,2,3510.5,3510.5,6.0,6.0,1.5,1.5,155.5,155.5,0,1,0,0,0,,,,0.0,50.0,0.0,0.0,0.0
Q7328910,2,348.5,348.5,1.5,1.5,2.5,2.5,4.0,4.0,0,0,1,0,0,,,,0.0,0.0,50.0,0.0,0.0
Q732970,3,222.0,223.33,1.0,1.67,0.0,0.33,15.0,14.67,1,2,2,1,1,,,,33.33,66.67,66.67,33.33,33.33
Q7335033,1,125.0,125.0,0.0,0.0,1.0,1.0,9.0,9.0,1,0,1,1,0,,,,100.0,0.0,100.0,100.0,0.0
Q733553,1,704.0,704.0,3.0,3.0,0.0,0.0,55.0,55.0,0,1,0,0,0,,,,0.0,100.0,0.0,0.0,0.0
Q73364223,3,102.0,86.33,1.0,1.0,0.0,0.0,3.0,4.67,0,3,3,0,0,,,,0.0,100.0,100.0,0.0,0.0
Q73365499,1,62.0,62.0,1.0,1.0,0.0,0.0,2.0,2.0,0,1,1,0,0,,,,0.0,100.0,100.0,0.0,0.0
Q734818,1,792.0,792.0,3.0,3.0,3.0,3.0,24.0,24.0,0,0,0,0,0,,,,0.0,0.0,0.0,0.0,0.0
Q734832,1,53.0,53.0,1.0,1.0,0.0,0.0,6.0,6.0,0,1,1,0,0,,,,0.0,100.0,100.0,0.0,0.0
Q735160,2,176.0,176.0,0.5,0.5,2.0,2.0,5.0,5.0,1,0,1,0,0,,,,50.0,0.0,50.0,0.0,0.0
Q7351621,1,78.0,78.0,1.0,1.0,0.0,0.0,1.0,1.0,0,1,1,0,0,,,,0.0,100.0,100.0,0.0,0.0
Q735428,3,297.0,416.33,0.0,1.33,0.0,0.33,10.0,10.33,2,2,1,1,0,,,,66.67,66.67,33.33,33.33,0.0
Q736194,45,253.0,253.51,0.0,0.0,0.0,0.0,17.0,16.82,45,45,13,13,13,,,,100.0,100.0,28.89,28.89,28.89
Q7362268,1,173.0,173.0,2.0,2.0,2.0,2.0,9.0,9.0,0,0,1,0,0,,,,0.0,0.0,100.0,0.0,0.0
Q7365,1,64.0,64.0,1.0,1.0,0.0,0.0,1.0,1.0,0,1,1,0,0,,,,0.0,100.0,100.0,0.0,0.0
Q736556,1,124.0,124.0,2.0,2.0,1.0,1.0,4.0,4.0,0,0,1,0,0,,,,0.0,0.0,100.0,0.0,0.0
Q7366,9,257.0,399.89,2.0,5.22,0.0,0.22,14.0,22.89,1,7,4,1,0,,,,11.11,77.78,44.44,11.11,0.0
Q736634,2,50.0,50.0,1.0,1.0,1.0,1.0,3.0,3.0,0,0,2,0,0,,,,0.0,0.0,100.0,0.0,0.0
Q736917,2,235.0,235.0,2.5,2.5,0.0,0.0,13.5,13.5,0,2,1,0,0,geological formation,geological formation,геологическая формация,0.0,100.0,50.0,0.0,0.0
Q737498,11,103.0,158.36,1.0,2.36,0.0,0.0,3.0,6.09,0,11,9,0,0,,,,0.0,100.0,81.82,0.0,0.0
Q73756872,1,96.0,96.0,1.0,1.0,1.0,1.0,6.0,6.0,0,0,1,0,0,,,,0.0,0.0,100.0,0.0,0.0
Q737809,1,98.0,98.0,0.0,0.0,1.0,1.0,0.0,0.0,1,0,1,1,0,,,,100.0,0.0,100.0,100.0,0.0
Q738570,1,64.0,64.0,1.0,1.0,1.0,1.0,6.0,6.0,0,0,1,0,0,,,,0.0,0.0,100.0,0.0,0.0
Q7396640,1,1238.0,1238.0,1.0,1.0,1.0,1.0,42.0,42.0,0,0,0,0,0,,,,0.0,0.0,0.0,0.0,0.0
Q7397,24,390.5,660.92,1.5,7.54,1.0,1.17,10.5,18.08,6,11,6,1,1,software,бағдарламалық жасақтама,программное обеспечение,25.0,45.83,25.0,4.17,4.17
Q73984,1,45.0,45.0,1.0,1.0,0.0,0.0,3.0,3.0,0,1,1,0,0,,,,0.0,100.0,100.0,0.0,0.0
Q740326,1,243.0,243.0,0.0,0.0,1.0,1.0,2.0,2.0,1,0,1,1,0,,,,100.0,0.0,100.0,100.0,0.0
Q740445,5,314.0,309.8,1.0,1.6,0.0,0.2,14.0,10.6,0,4,2,0,0,mountain ridge,Жон,кряж,0.0,80.0,40.0,0.0,0.0
Q74047,10,245.0,367.4,0.0,0.7,0.0,0.2,3.0,6.0,7,8,5,5,5,ghost town,елес қала,город-призрак,70.0,80.0,50.0,50.0,50.0
Q74048276,1,99.0,99.0,0.0,0.0,0.0,0.0,5.0,5.0,1,1,1,1,1,,,,100.0,100.0,100.0,100.0,100.0
Q7406919,9,173.0,231.33,1.0,1.33,0.0,0.33,8.0,9.22,2,7,6,2,1,,,,22.22,77.78,66.67,22.22,11.11
Q740752,2,366.5,366.5,5.0,5.0,1.0,1.0,5.0,5.0,1,1,0,0,0,transport company,transport company,транспортная компания,50.0,50.0,0.0,0.0,0.0
Q741844,1,1986.0,1986.0,3.0,3.0,1.0,1.0,146.0,146.0,0,0,0,0,0,,,,0.0,0.0,0.0,0.0,0.0
Q742129,1,78.0,78.0,1.0,1.0,0.0,0.0,0.0,0.0,0,1,1,0,0,,,,0.0,100.0,100.0,0.0,0.0
Q74240795,1,47.0,47.0,1.0,1.0,0.0,0.0,3.0,3.0,0,1,1,0,0,,,,0.0,100.0,100.0,0.0,0.0
Q742421,5,707.0,1072.8,0.0,2.2,0.0,0.6,10.0,40.6,3,3,2,2,1,,,,60.0,60.0,40.0,40.0,20.0
Q742736,2,264.0,264.0,5.0,5.0,0.0,0.0,16.5,16.5,0,2,1,0,0,,,,0.0,100.0,50.0,0.0,0.0
Q742741,1,213.0,213.0,1.0,1.0,1.0,1.0,8.0,8.0,0,0,1,0,0,,,,0.0,0.0,100.0,0.0,0.0
Q7430,1,44.0,44.0,1.0,1.0,0.0,0.0,2.0,2.0,0,1,1,0,0,,,,0.0,100.0,100.0,0.0,0.0
Q7432,1,65.0,65.0,0.0,0.0,0.0,0.0,8.0,8.0,1,1,1,1,1,,,,100.0,100.0,100.0,100.0,100.0
Q7433799,1,62.0,62.0,1.0,1.0,0.0,0.0,4.0,4.0,0,1,1,0,0,,,,0.0,100.0,100.0,0.0,0.0
Q74359,2,184.0,184.0,0.0,0.0,0.5,0.5,21.5,21.5,2,1,1,1,0,,,,100.0,50.0,50.0,50.0,0.0
Q7439210,3,973.0,2330.0,0.0,0.0,0.0,0.33,168.0,370.0,3,2,1,1,0,,,,100.0,66.67,33.33,33.33,0.0
Q744099,25,286.0,510.96,1.0,1.48,0.0,0.28,10.0,10.52,5,21,10,3,2,hillfort,hillfort,городище,20.0,84.0,40.0,12.0,8.0
Q744296,1,563.0,563.0,1.0,1.0,1.0,1.0,22.0,22.0,0,0,0,0,0,,,,0.0,0.0,0.0,0.0,0.0
Q744299,1,531.0,531.0,4.0,4.0,1.0,1.0,6.0,6.0,0,0,0,0,0,,,,0.0,0.0,0.0,0.0,0.0
Q7445022,1,122.0,122.0,0.0,0.0,0.0,0.0,4.0,4.0,1,1,1,1,1,,,,100.0,100.0,100.0,100.0,100.0
Q7445632,3,120.0,120.33,1.0,1.33,1.0,0.67,10.0,8.0,0,1,3,0,0,,,,0.0,33.33,100.0,0.0,0.0
Q7446977,1,543.0,543.0,3.0,3.0,0.0,0.0,6.0,6.0,0,1,0,0,0,,,,0.0,100.0,0.0,0.0,0.0
Q744913,18,747.0,1346.06,5.5,7.33,0.0,0.61,23.5,72.06,2,11,2,0,0,aviation accident,aviation accident,авиационный инцидент,11.11,61.11,11.11,0.0,0.0
Q7451247,3,132.0,143.33,1.0,1.33,1.0,0.67,3.0,3.33,0,1,3,0,0,,,,0.0,33.33,100.0,0.0,0.0
Q745215,1,59.0,59.0,1.0,1.0,1.0,1.0,4.0,4.0,0,0,1,0,0,,,,0.0,0.0,100.0,0.0,0.0
Q74539696,4,202.0,229.25,0.0,0.0,1.0,0.75,13.0,12.75,4,1,3,3,1,,,,100.0,25.0,75.0,75.0,25.0
Q745456,1,647.0,647.0,2.0,2.0,1.0,1.0,16.0,16.0,0,0,0,0,0,,,,0.0,0.0,0.0,0.0,0.0
Q74562105,1,489.0,489.0,0.0,0.0,0.0,0.0,1.0,1.0,1,1,0,0,0,,,,100.0,100.0,0.0,0.0,0.0
Q745775,2,359.0,359.0,1.5,1.5,0.0,0.0,7.5,7.5,0,2,0,0,0,,,,0.0,100.0,0.0,0.0,0.0
Q746290,1,56.0,56.0,1.0,1.0,0.0,0.0,3.0,3.0,0,1,1,0,0,,,,0.0,100.0,100.0,0.0,0.0
Q746369,1,273.0,273.0,3.0,3.0,0.0,0.0,13.0,13.0,0,1,0,0,0,,,,0.0,100.0,0.0,0.0,0.0
Q746549,72,94.0,161.72,1.0,1.15,0.0,0.56,5.5,7.6,12,40,57,10,4,dish,dish,блюдо,16.67,55.56,79.17,13.89,5.56
Q747074,7433,273.0,273.2,0.0,0.0,0.0,0.03,3.0,3.04,7424,7223,19,18,15,,,,99.88,97.17,0.26,0.24,0.2
Q747699,1,59.0,59.0,0.0,0.0,0.0,0.0,0.0,0.0,1,1,1,1,1,,,,100.0,100.0,100.0,100.0,100.0
Q748019,8,175.0,218.12,1.0,1.5,1.0,0.62,3.5,6.25,3,3,6,2,1,,,,37.5,37.5,75.0,25.0,12.5
Q748149,44,227.0,288.02,0.0,0.89,1.0,0.89,5.0,10.0,30,19,25,15,5,,,,68.18,43.18,56.82,34.09,11.36
Q74817647,50,581.0,1107.42,2.0,4.9,0.0,7.28,9.0,27.62,11,32,5,2,1,aspect in a geographic region,aspect in a geographic region,аспект в географическом регионе,22.0,64.0,10.0,4.0,2.0
Q748198,7,241.0,505.86,0.0,6.43,0.0,0.86,2.0,2.71,6,6,6,6,6,,,,85.71,85.71,85.71,85.71,85.71
Q748720,2,178.5,178.5,1.0,1.0,0.5,0.5,6.5,6.5,0,1,1,0,0,,,,0.0,50.0,50.0,0.0,0.0
Q74892521,3,221.0,449.67,1.0,1.0,1.0,0.67,18.0,16.33,0,1,2,0,0,,,,0.0,33.33,66.67,0.0,0.0
Q749316,1,77.0,77.0,0.0,0.0,1.0,1.0,8.0,8.0,1,0,1,1,0,,,,100.0,0.0,100.0,100.0,0.0
Q749565,4,190.0,405.0,1.0,1.0,0.0,0.0,7.5,22.0,1,4,3,1,1,structural basin,қазаншұңқыр,котловина,25.0,100.0,75.0,25.0,25.0
Q7495728,1,601.0,601.0,6.0,6.0,3.0,3.0,4.0,4.0,0,0,0,0,0,,,,0.0,0.0,0.0,0.0,0.0
Q749622,2,75.0,75.0,0.0,0.0,1.5,1.5,2.0,2.0,2,0,2,2,0,,,,100.0,0.0,100.0,100.0,0.0
Q750215,8,508.0,614.75,4.5,10.5,0.0,0.12,16.5,30.12,0,7,0,0,0,mass murder,mass murder,массовое убийство,0.0,87.5,0.0,0.0,0.0
Q75054287,9,1058.0,997.33,1.0,1.67,3.0,3.44,81.0,81.22,0,1,1,0,0,music by country or region,music by country or region,музыка территории,0.0,11.11,11.11,0.0,0.0
Q75135129,1,109.0,109.0,1.0,1.0,0.0,0.0,5.0,5.0,0,1,1,0,0,,,,0.0,100.0,100.0,0.0,0.0
Q7513679,1,203.0,203.0,5.0,5.0,2.0,2.0,5.0,5.0,0,0,1,0,0,,,,0.0,0.0,100.0,0.0,0.0
Q751518,2,359.0,359.0,0.0,0.0,1.5,1.5,48.0,48.0,2,1,0,0,0,,,,100.0,50.0,0.0,0.0,0.0
Q751708,818,237.0,237.96,0.0,0.01,0.0,0.0,2.0,2.03,808,818,808,807,807,,,,98.78,100.0,98.78,98.66,98.66
Q751722,1,170.0,170.0,1.0,1.0,1.0,1.0,7.0,7.0,0,0,1,0,0,,,,0.0,0.0,100.0,0.0,0.0
Q75179296,3,4201.0,3353.33,24.0,18.67,0.0,2.0,386.0,325.33,0,2,0,0,0,ice hockey league,ice hockey league,хоккейная лига,0.0,66.67,0.0,0.0,0.0
Q751876,6,202.5,295.83,0.0,1.5,1.0,1.0,5.5,6.67,4,1,4,3,0,,,,66.67,16.67,66.67,50.0,0.0
Q751989,5,122.0,303.0,1.0,3.4,1.0,1.2,4.0,6.2,1,2,4,1,0,,,,20.0,40.0,80.0,20.0,0.0
Q751997,2,112.5,112.5,1.5,1.5,1.0,1.0,10.5,10.5,0,0,2,0,0,,,,0.0,0.0,100.0,0.0,0.0
Q752080,1,387.0,387.0,0.0,0.0,11.0,11.0,1.0,1.0,1,0,0,0,0,,,,100.0,0.0,0.0,0.0,0.0
Q7521336,1,79.0,79.0,1.0,1.0,0.0,0.0,0.0,0.0,0,1,1,0,0,,,,0.0,100.0,100.0,0.0,0.0
Q752374,6,268.0,289.83,0.0,1.5,0.0,0.33,16.0,13.33,5,5,0,0,0,,,,83.33,83.33,0.0,0.0,0.0
Q752783,7,584.0,642.71,1.0,3.0,5.0,5.86,20.0,21.71,2,1,1,0,0,,,,28.57,14.29,14.29,0.0,0.0
Q7533476,1,2239.0,2239.0,34.0,34.0,2.0,2.0,26.0,26.0,0,0,0,0,0,,,,0.0,0.0,0.0,0.0,0.0
Q7535186,2,569.5,569.5,0.5,0.5,0.5,0.5,4.5,4.5,1,1,1,1,1,,,,50.0,50.0,50.0,50.0,50.0
Q7543008,4,308.0,388.25,0.0,0.0,1.0,1.5,14.0,19.5,4,0,1,1,0,,,,100.0,0.0,25.0,25.0,0.0
Q7543083,8,213.5,227.88,1.0,1.0,1.0,1.12,10.0,15.12,2,2,5,1,0,,,,25.0,25.0,62.5,12.5,0.0
Q754479,1,230.0,230.0,1.0,1.0,0.0,0.0,6.0,6.0,0,1,1,0,0,,,,0.0,100.0,100.0,0.0,0.0
Q754659,1,123.0,123.0,1.0,1.0,1.0,1.0,3.0,3.0,0,0,1,0,0,,,,0.0,0.0,100.0,0.0,0.0
Q754831,1,240.0,240.0,0.0,0.0,0.0,0.0,0.0,0.0,1,1,1,1,1,,,,100.0,100.0,100.0,100.0,100.0
Q754897,6,186.5,146.0,1.0,1.5,0.5,0.5,12.0,11.67,0,3,6,0,0,,,,0.0,50.0,100.0,0.0,0.0
Q754984,1,310.0,310.0,2.0,2.0,0.0,0.0,7.0,7.0,0,1,0,0,0,,,,0.0,100.0,0.0,0.0,0.0
Q755017,6,350.5,453.17,0.5,2.17,0.5,1.5,7.5,9.67,3,3,1,1,0,,,,50.0,50.0,16.67,16.67,0.0
Q755138,1,260.0,260.0,1.0,1.0,3.0,3.0,30.0,30.0,0,0,0,0,0,,,,0.0,0.0,0.0,0.0,0.0
Q75520,19,179.0,310.47,1.0,0.95,1.0,0.74,12.0,14.89,8,9,13,6,4,plateau,Үстірт,плато,42.11,47.37,68.42,31.58,21.05
Q7553685,1,273.0,273.0,0.0,0.0,0.0,0.0,5.0,5.0,1,1,0,0,0,,,,100.0,100.0,0.0,0.0,0.0
Q755707,3,228.0,194.0,0.0,0.33,1.0,0.67,0.0,1.67,2,1,2,1,1,,,,66.67,33.33,66.67,33.33,33.33
Q7558985,2,689.5,689.5,8.5,8.5,1.5,1.5,3.0,3.0,0,0,0,0,0,,,,0.0,0.0,0.0,0.0,0.0
Q7559,1,266.0,266.0,0.0,0.0,1.0,1.0,3.0,3.0,1,0,0,0,0,,,,100.0,0.0,0.0,0.0,0.0
Q755992,26,311.5,315.62,1.0,1.92,1.0,1.08,10.5,11.77,10,4,8,3,2,,,,38.46,15.38,30.77,11.54,7.69
Q756,1,449.0,449.0,2.0,2.0,2.0,2.0,16.0,16.0,0,0,0,0,0,,,,0.0,0.0,0.0,0.0,0.0
Q756102,2,209.0,209.0,2.5,2.5,1.0,1.0,4.0,4.0,0,1,1,0,0,,,,0.0,50.0,50.0,0.0,0.0
Q756202,2,851.5,851.5,2.5,2.5,13.0,13.0,45.0,45.0,0,0,0,0,0,,,,0.0,0.0,0.0,0.0,0.0
Q7562091,1,820.0,820.0,3.0,3.0,0.0,0.0,23.0,23.0,0,1,0,0,0,,,,0.0,100.0,0.0,0.0,0.0
Q7565950,1,1331.0,1331.0,0.0,0.0,1.0,1.0,39.0,39.0,1,0,0,0,0,,,,100.0,0.0,0.0,0.0,0.0
Q756820,1,266.0,266.0,1.0,1.0,1.0,1.0,10.0,10.0,0,0,0,0,0,,,,0.0,0.0,0.0,0.0,0.0
Q7574799,1,1539.0,1539.0,7.0,7.0,2.0,2.0,158.0,158.0,0,0,0,0,0,,,,0.0,0.0,0.0,0.0,0.0
Q7574929,2,66.5,66.5,1.5,1.5,0.0,0.0,2.5,2.5,0,2,2,0,0,,,,0.0,100.0,100.0,0.0,0.0
Q7574983,1,58.0,58.0,1.0,1.0,0.0,0.0,4.0,4.0,0,1,1,0,0,,,,0.0,100.0,100.0,0.0,0.0
Q75762,1,307.0,307.0,0.0,0.0,0.0,0.0,6.0,6.0,1,1,0,0,0,,,,100.0,100.0,0.0,0.0,0.0
Q7578130,1,54.0,54.0,0.0,0.0,0.0,0.0,0.0,0.0,1,1,1,1,1,,,,100.0,100.0,100.0,100.0,100.0
Q75913269,1,1011.0,1011.0,21.0,21.0,1.0,1.0,30.0,30.0,0,0,0,0,0,,,,0.0,0.0,0.0,0.0,0.0
Q75931442,1,56.0,56.0,1.0,1.0,0.0,0.0,1.0,1.0,0,1,1,0,0,,,,0.0,100.0,100.0,0.0,0.0
Q759676,2,164.0,164.0,1.0,1.0,0.5,0.5,9.5,9.5,0,1,2,0,0,,,,0.0,50.0,100.0,0.0,0.0
Q76007695,1,2420.0,2420.0,31.0,31.0,6.0,6.0,70.0,70.0,0,0,0,0,0,,,,0.0,0.0,0.0,0.0,0.0
Q76009696,1,2420.0,2420.0,31.0,31.0,6.0,6.0,70.0,70.0,0,0,0,0,0,,,,0.0,0.0,0.0,0.0,0.0
Q7603708,1,287.0,287.0,3.0,3.0,1.0,1.0,23.0,23.0,0,0,0,0,0,,,,0.0,0.0,0.0,0.0,0.0
Q7604529,1,101.0,101.0,1.0,1.0,0.0,0.0,14.0,14.0,0,1,1,0,0,,,,0.0,100.0,100.0,0.0,0.0
Q76212517,1,2026.0,2026.0,10.0,10.0,13.0,13.0,95.0,95.0,0,0,0,0,0,café chain,café chain,сеть кофеен,0.0,0.0,0.0,0.0,0.0
Q76213285,6,282.5,306.17,0.0,0.33,1.0,0.67,19.0,24.0,4,2,3,2,1,clothing store chain,clothing store chain,clothing store chain,66.67,33.33,50.0,33.33,16.67
Q76215292,1,472.0,472.0,1.0,1.0,2.0,2.0,13.0,13.0,0,0,0,0,0,,,,0.0,0.0,0.0,0.0,0.0
Q7625093,1,886.0,886.0,18.0,18.0,0.0,0.0,17.0,17.0,0,1,0,0,0,structure fire,structure fire,пожар постройки,0.0,100.0,0.0,0.0,0.0
Q762548,3,182.0,167.33,3.0,2.33,0.0,0.0,17.0,15.0,0,3,3,0,0,,,,0.0,100.0,100.0,0.0,0.0
Q762702,1,1544.0,1544.0,49.0,49.0,0.0,0.0,33.0,33.0,0,1,0,0,0,,,,0.0,100.0,0.0,0.0,0.0
Q7631083,2,2735.5,2735.5,19.0,19.0,3.0,3.0,124.5,124.5,0,0,0,0,0,,,,0.0,0.0,0.0,0.0,0.0
Q7631958,2,1682.0,1682.0,11.5,11.5,13.0,13.0,194.0,194.0,0,1,1,0,0,,,,0.0,50.0,50.0,0.0,0.0
Q763288,2,548.5,548.5,1.5,1.5,1.5,1.5,16.0,16.0,1,0,1,1,0,,,,50.0,0.0,50.0,50.0,0.0
Q7635776,3,388.0,402.33,0.0,1.0,2.0,2.67,1.0,1.67,2,1,1,1,0,,,,66.67,33.33,33.33,33.33,0.0
Q7638697,1,984.0,984.0,0.0,0.0,0.0,0.0,42.0,42.0,1,1,0,0,0,,,,100.0,100.0,0.0,0.0,0.0
Q763978,4,243.5,316.75,1.0,1.0,1.0,0.75,11.0,9.75,1,1,2,1,0,,,,25.0,25.0,50.0,25.0,0.0
Q76397847,1,362.0,362.0,0.0,0.0,0.0,0.0,6.0,6.0,1,1,0,0,0,,,,100.0,100.0,0.0,0.0,0.0
Q76419415,1,119.0,119.0,1.0,1.0,0.0,0.0,3.0,3.0,0,1,1,0,0,,,,0.0,100.0,100.0,0.0,0.0
Q764285,4,167.0,293.0,0.5,1.25,0.0,0.0,11.0,10.5,2,4,3,2,2,,,,50.0,100.0,75.0,50.0,50.0
Q76429716,2,262.0,262.0,1.0,1.0,0.5,0.5,9.5,9.5,0,1,1,0,0,,,,0.0,50.0,50.0,0.0,0.0
Q76429986,1,53.0,53.0,1.0,1.0,0.0,0.0,1.0,1.0,0,1,1,0,0,,,,0.0,100.0,100.0,0.0,0.0
Q76450109,3,456.0,431.0,1.0,1.0,0.0,0.0,15.0,15.67,1,3,0,0,0,,,,33.33,100.0,0.0,0.0,0.0
Q76514543,1,1175.0,1175.0,5.0,5.0,2.0,2.0,44.0,44.0,0,0,0,0,0,,,,0.0,0.0,0.0,0.0,0.0
Q765270,3,90.0,99.67,1.0,1.67,0.0,0.33,1.0,5.0,0,2,3,0,0,,,,0.0,66.67,100.0,0.0,0.0
Q765289,2,64.5,64.5,0.0,0.0,1.0,1.0,5.5,5.5,2,0,2,2,0,,,,100.0,0.0,100.0,100.0,0.0
Q765517,1,590.0,590.0,0.0,0.0,3.0,3.0,10.0,10.0,1,0,0,0,0,,,,100.0,0.0,0.0,0.0,0.0
Q765940,1,118.0,118.0,1.0,1.0,0.0,0.0,3.0,3.0,0,1,1,0,0,,,,0.0,100.0,100.0,0.0,0.0
Q766238,1,53.0,53.0,1.0,1.0,0.0,0.0,6.0,6.0,0,1,1,0,0,,,,0.0,100.0,100.0,0.0,0.0
Q766277,33,134.0,141.79,0.0,0.0,0.0,0.18,17.0,19.27,33,31,32,32,30,,,,100.0,93.94,96.97,96.97,90.91
Q766875,3,961.0,969.0,13.0,13.0,1.0,1.0,33.0,35.67,0,1,0,0,0,ethnic conflict,Ұлтаралық қақтығыс,межэтнический конфликт,0.0,33.33,0.0,0.0,0.0
Q767036,3,597.0,564.0,1.0,1.33,2.0,2.0,45.0,37.33,0,0,0,0,0,,,,0.0,0.0,0.0,0.0,0.0
Q76749327,3,267.0,376.0,1.0,0.67,1.0,0.67,13.0,13.0,1,1,0,0,0,,,,33.33,33.33,0.0,0.0,0.0
Q768575,1,412.0,412.0,10.0,10.0,0.0,0.0,11.0,11.0,0,1,0,0,0,,,,0.0,100.0,0.0,0.0,0.0
Q7688,3,371.0,361.67,3.0,2.67,0.0,0.67,13.0,12.0,0,2,0,0,0,,,,0.0,66.67,0.0,0.0,0.0
Q7692354,1,348.0,348.0,2.0,2.0,1.0,1.0,6.0,6.0,0,0,0,0,0,,,,0.0,0.0,0.0,0.0,0.0
Q7695,1,272.0,272.0,0.0,0.0,0.0,0.0,5.0,5.0,1,1,0,0,0,,,,100.0,100.0,0.0,0.0,0.0
Q769603,1,89.0,89.0,0.0,0.0,0.0,0.0,6.0,6.0,1,1,1,1,1,,,,100.0,100.0,100.0,100.0,100.0
Q769628,2,210.5,210.5,0.5,0.5,0.5,0.5,10.5,10.5,1,1,1,0,0,,,,50.0,50.0,50.0,0.0,0.0
Q769696,1,1099.0,1099.0,9.0,9.0,2.0,2.0,12.0,12.0,0,0,0,0,0,national minority,national minority,национальное меньшинство,0.0,0.0,0.0,0.0,0.0
Q769802,1,192.0,192.0,0.0,0.0,0.0,0.0,22.0,22.0,1,1,1,1,1,,,,100.0,100.0,100.0,100.0,100.0
Q7702742,1,329.0,329.0,4.0,4.0,0.0,0.0,2.0,2.0,0,1,0,0,0,,,,0.0,100.0,0.0,0.0,0.0
Q770546,1,229.0,229.0,0.0,0.0,1.0,1.0,11.0,11.0,1,0,1,1,0,,,,100.0,0.0,100.0,100.0,0.0
Q770723,5,110.0,239.6,1.0,1.0,1.0,0.8,22.0,14.2,1,2,3,0,0,,,,20.0,40.0,60.0,0.0,0.0
Q771035,1,300.0,300.0,1.0,1.0,1.0,1.0,31.0,31.0,0,0,0,0,0,,,,0.0,0.0,0.0,0.0,0.0
Q771444,15,290.0,366.0,3.0,2.53,0.0,0.0,7.0,9.2,0,15,0,0,0,,,,0.0,100.0,0.0,0.0,0.0
Q7725310,9,233.0,854.22,1.0,9.44,1.0,0.67,8.0,28.44,4,4,5,1,1,,,,44.44,44.44,55.56,11.11,11.11
Q772547,13,542.0,765.54,3.0,6.92,2.0,5.85,19.0,31.69,2,2,2,1,1,armed forces,ұлттық қарулы күштер,вооружённые силы,15.38,15.38,15.38,7.69,7.69
Q7725634,331,239.0,462.1,1.0,2.3,0.0,0.44,8.0,12.31,117,235,168,57,44,,,,35.35,71.0,50.76,17.22,13.29
Q77330357,1,101.0,101.0,3.0,3.0,0.0,0.0,2.0,2.0,0,1,1,0,0,,,,0.0,100.0,100.0,0.0,0.0
Q77330535,8,142.0,145.38,1.5,1.5,0.0,0.25,4.5,5.25,1,6,7,1,1,,,,12.5,75.0,87.5,12.5,12.5
Q77358734,2,240.5,240.5,1.0,1.0,0.0,0.0,6.0,6.0,0,2,1,0,0,,,,0.0,100.0,50.0,0.0,0.0
Q773668,2,82.5,82.5,1.0,1.0,0.0,0.0,5.0,5.0,0,2,2,0,0,,,,0.0,100.0,100.0,0.0,0.0
Q773944,1,80.0,80.0,1.0,1.0,0.0,0.0,0.0,0.0,0,1,1,0,0,,,,0.0,100.0,100.0,0.0,0.0
Q774228,1,75.0,75.0,2.0,2.0,0.0,0.0,3.0,3.0,0,1,1,0,0,,,,0.0,100.0,100.0,0.0,0.0
Q77468620,1,204.0,204.0,2.0,2.0,1.0,1.0,8.0,8.0,0,0,1,0,0,,,,0.0,0.0,100.0,0.0,0.0
Q7748,1,368.0,368.0,8.0,8.0,0.0,0.0,7.0,7.0,0,1,0,0,0,,,,0.0,100.0,0.0,0.0,0.0
Q774901,1,723.0,723.0,19.0,19.0,2.0,2.0,3.0,3.0,0,0,0,0,0,,,,0.0,0.0,0.0,0.0,0.0
Q775325,1,28.0,28.0,0.0,0.0,0.0,0.0,1.0,1.0,1,1,1,1,1,,,,100.0,100.0,100.0,100.0,100.0
Q7755,13,531.0,838.31,2.0,8.38,0.0,0.54,7.0,17.62,1,7,4,0,0,constitution,конституция,конституция,7.69,53.85,30.77,0.0,0.0
Q77664398,1,205.0,205.0,0.0,0.0,0.0,0.0,17.0,17.0,1,1,1,1,1,,,,100.0,100.0,100.0,100.0,100.0
Q777140,1,489.0,489.0,0.0,0.0,0.0,0.0,7.0,7.0,1,1,0,0,0,,,,100.0,100.0,0.0,0.0,0.0
Q7777573,19,237.0,345.42,2.0,1.74,1.0,0.79,12.0,22.21,3,9,10,2,1,,,,15.79,47.37,52.63,10.53,5.26
Q77791976,1,52.0,52.0,2.0,2.0,0.0,0.0,6.0,6.0,0,1,1,0,0,,,,0.0,100.0,100.0,0.0,0.0
Q778000,3,77.0,158.67,1.0,1.0,1.0,0.67,8.0,9.33,1,1,2,0,0,,,,33.33,33.33,66.67,0.0,0.0
Q778483,1,532.0,532.0,0.0,0.0,1.0,1.0,69.0,69.0,1,0,0,0,0,,,,100.0,0.0,0.0,0.0,0.0
Q778575,17,300.0,428.71,2.0,3.71,0.0,0.65,19.0,24.82,3,9,7,2,1,,,,17.65,52.94,41.18,11.76,5.88
Q778637,1,485.0,485.0,2.0,2.0,1.0,1.0,20.0,20.0,0,0,0,0,0,,,,0.0,0.0,0.0,0.0,0.0
Q77872752,5,230.0,230.0,1.0,0.6,1.0,0.8,8.0,9.4,2,1,4,2,0,,,,40.0,20.0,80.0,40.0,0.0
Q778806,4,185.0,189.0,1.0,0.75,1.5,2.25,12.5,11.25,1,0,2,0,0,,,,25.0,0.0,50.0,0.0,0.0
Q779239,1,108.0,108.0,1.0,1.0,0.0,0.0,8.0,8.0,0,1,1,0,0,,,,0.0,100.0,100.0,0.0,0.0
Q779314,1,77.0,77.0,2.0,2.0,0.0,0.0,8.0,8.0,0,1,1,0,0,,,,0.0,100.0,100.0,0.0,0.0
Q779415,2,989.5,989.5,5.0,5.0,3.0,3.0,19.0,19.0,0,0,0,0,0,,,,0.0,0.0,0.0,0.0,0.0
Q7798100,1,50.0,50.0,1.0,1.0,0.0,0.0,0.0,0.0,0,1,1,0,0,,,,0.0,100.0,100.0,0.0,0.0
Q7805266,1,156.0,156.0,0.0,0.0,1.0,1.0,5.0,5.0,1,0,1,1,0,,,,100.0,0.0,100.0,100.0,0.0
Q78056159,1,114.0,114.0,1.0,1.0,1.0,1.0,7.0,7.0,0,0,1,0,0,,,,0.0,0.0,100.0,0.0,0.0
Q780649,2,840.5,840.5,6.5,6.5,1.0,1.0,15.0,15.0,0,0,0,0,0,,,,0.0,0.0,0.0,0.0,0.0
Q780687,3,118.0,194.0,1.0,1.33,0.0,0.33,3.0,3.0,0,2,2,0,0,,,,0.0,66.67,66.67,0.0,0.0
Q78088984,2,317.5,317.5,0.5,0.5,0.0,0.0,2.0,2.0,1,2,1,0,0,,,,50.0,100.0,50.0,0.0,0.0
Q781132,9,135.0,271.33,1.0,1.22,1.0,0.78,10.0,12.0,0,3,6,0,0,,,,0.0,33.33,66.67,0.0,0.0
Q781204,1,164.0,164.0,2.0,2.0,1.0,1.0,23.0,23.0,0,0,1,0,0,,,,0.0,0.0,100.0,0.0,0.0
Q78129048,1,197.0,197.0,1.0,1.0,0.0,0.0,5.0,5.0,0,1,1,0,0,,,,0.0,100.0,100.0,0.0,0.0
Q781413,5,304.0,444.4,1.0,2.4,1.0,0.6,9.0,10.2,1,2,2,1,1,,,,20.0,40.0,40.0,20.0,20.0
Q7814330,4,180.5,207.5,1.0,2.75,1.0,1.0,9.0,9.25,0,1,2,0,0,,,,0.0,25.0,50.0,0.0,0.0
Q78155096,5,276.0,327.0,1.0,1.2,0.0,0.6,9.0,8.4,1,3,2,0,0,,,,20.0,60.0,40.0,0.0,0.0
Q7819319,10,352.0,602.3,1.0,5.4,1.0,1.9,7.5,17.5,3,2,1,0,0,,,,30.0,20.0,10.0,0.0,0.0
Q782614,1,686.0,686.0,2.0,2.0,4.0,4.0,49.0,49.0,0,0,0,0,0,,,,0.0,0.0,0.0,0.0,0.0
Q782623,1,232.0,232.0,1.0,1.0,1.0,1.0,6.0,6.0,0,0,1,0,0,,,,0.0,0.0,100.0,0.0,0.0
Q7829892,13,236.0,236.77,0.0,0.0,0.0,0.0,2.0,2.0,13,13,13,13,13,,,,100.0,100.0,100.0,100.0,100.0
Q7830079,1,405.0,405.0,2.0,2.0,1.0,1.0,12.0,12.0,0,0,0,0,0,,,,0.0,0.0,0.0,0.0,0.0
Q7830213,185,242.0,243.48,0.0,0.03,0.0,0.0,2.0,2.0,184,185,182,182,182,,,,99.46,100.0,98.38,98.38,98.38
Q7830262,1,71.0,71.0,1.0,1.0,0.0,0.0,8.0,8.0,0,1,1,0,0,,,,0.0,100.0,100.0,0.0,0.0
Q7832074,1,146.0,146.0,2.0,2.0,0.0,0.0,5.0,5.0,0,1,1,0,0,,,,0.0,100.0,100.0,0.0,0.0
Q7835189,1,717.0,717.0,3.0,3.0,4.0,4.0,49.0,49.0,0,0,0,0,0,,,,0.0,0.0,0.0,0.0,0.0
Q783733,7,493.0,489.43,1.0,1.86,0.0,0.57,14.0,15.29,3,5,2,1,0,,,,42.86,71.43,28.57,14.29,0.0
Q783794,36,310.0,504.39,3.0,8.97,0.0,0.22,7.0,17.64,7,30,17,7,5,company,фирма,компания,19.44,83.33,47.22,19.44,13.89
Q783866,1,189.0,189.0,0.0,0.0,1.0,1.0,10.0,10.0,1,0,1,1,0,,,,100.0,0.0,100.0,100.0,0.0
Q783953,4,382.0,369.25,0.0,0.0,1.0,1.0,6.5,8.5,4,1,0,0,0,,,,100.0,25.0,0.0,0.0,0.0
Q7840353,20,278.5,338.15,3.0,2.55,0.0,0.2,6.0,5.4,8,16,9,8,8,,,,40.0,80.0,45.0,40.0,40.0
Q7841907,10,352.0,602.3,1.0,5.4,1.0,1.9,7.5,17.5,3,2,1,0,0,,,,30.0,20.0,10.0,0.0,0.0
Q78464255,1,56.0,56.0,0.0,0.0,1.0,1.0,5.0,5.0,1,0,1,1,0,,,,100.0,0.0,100.0,100.0,0.0
Q784969,2,112.5,112.5,1.0,1.0,1.0,1.0,4.0,4.0,0,1,2,0,0,,,,0.0,50.0,100.0,0.0,0.0
Q785020,5,132.0,218.8,1.0,1.0,1.0,0.8,18.0,18.8,1,2,4,1,0,sedimentary basin,sedimentary basin,бассейн полезного ископаемого,20.0,40.0,80.0,20.0,0.0
Q785260,9,240.0,439.0,0.0,0.67,1.0,0.89,10.0,17.78,5,4,5,3,2,,,,55.56,44.44,55.56,33.33,22.22
Q785653,1,169.0,169.0,3.0,3.0,0.0,0.0,8.0,8.0,0,1,1,0,0,,,,0.0,100.0,100.0,0.0,0.0
Q7858742,1,1187.0,1187.0,1.0,1.0,5.0,5.0,46.0,46.0,0,0,0,0,0,,,,0.0,0.0,0.0,0.0,0.0
Q785952,2,531.0,531.0,1.5,1.5,0.5,0.5,5.0,5.0,0,1,0,0,0,bathhouse,bathhouse,общественная баня,0.0,50.0,0.0,0.0,0.0
Q7860950,2,75.5,75.5,1.0,1.0,0.0,0.0,5.0,5.0,0,2,2,0,0,,,,0.0,100.0,100.0,0.0,0.0
Q7860953,1,235.0,235.0,0.0,0.0,1.0,1.0,16.0,16.0,1,0,1,1,0,,,,100.0,0.0,100.0,100.0,0.0
Q7860962,4,165.5,148.0,1.0,1.0,2.0,1.75,4.5,10.75,1,0,4,1,0,,,,25.0,0.0,100.0,25.0,0.0
Q78614753,1,48.0,48.0,1.0,1.0,1.0,1.0,2.0,2.0,0,0,1,0,0,,,,0.0,0.0,100.0,0.0,0.0
Q786753,5,142.0,134.0,1.0,1.4,0.0,0.2,3.0,2.6,0,4,5,0,0,,,,0.0,80.0,100.0,0.0,0.0
Q7868,2,327.0,327.0,8.5,8.5,0.0,0.0,7.5,7.5,0,2,1,0,0,,,,0.0,100.0,50.0,0.0,0.0
Q786820,35,356.0,1056.46,2.0,9.0,1.0,8.26,19.0,50.31,14,13,16,7,5,automobile manufacturer,automobile manufacturer,автопроизводитель,40.0,37.14,45.71,20.0,14.29
Q78754808,3,80.0,115.0,1.0,1.0,1.0,0.67,4.0,3.67,0,1,3,0,0,,,,0.0,33.33,100.0,0.0,0.0
Q78782478,2,48.0,48.0,1.0,1.0,0.0,0.0,5.0,5.0,0,2,2,0,0,,,,0.0,100.0,100.0,0.0,0.0
Q7878545,1,444.0,444.0,9.0,9.0,0.0,0.0,16.0,16.0,0,1,0,0,0,,,,0.0,100.0,0.0,0.0,0.0
Q788046,19,1256.0,1348.89,3.0,3.68,1.0,1.32,46.0,52.05,4,8,0,0,0,,,,21.05,42.11,0.0,0.0,0.0
Q7880557,1,217.0,217.0,3.0,3.0,2.0,2.0,5.0,5.0,0,0,1,0,0,,,,0.0,0.0,100.0,0.0,0.0
Q788104,1,2622.0,2622.0,5.0,5.0,2.0,2.0,75.0,75.0,0,0,0,0,0,,,,0.0,0.0,0.0,0.0,0.0
Q788176,1,1224.0,1224.0,12.0,12.0,0.0,0.0,65.0,65.0,0,1,0,0,0,,,,0.0,100.0,0.0,0.0,0.0
Q7882311,1,98.0,98.0,0.0,0.0,0.0,0.0,0.0,0.0,1,1,1,1,1,,,,100.0,100.0,100.0,100.0,100.0
Q7883019,1,5668.0,5668.0,77.0,77.0,26.0,26.0,142.0,142.0,0,0,0,0,0,,,,0.0,0.0,0.0,0.0,0.0
Q7884789,2,158.0,158.0,1.0,1.0,1.5,1.5,7.0,7.0,0,0,1,0,0,toponym,топоним,топоним,0.0,0.0,50.0,0.0,0.0
Q7885250,1,241.0,241.0,0.0,0.0,0.0,0.0,2.0,2.0,1,1,1,1,1,,,,100.0,100.0,100.0,100.0,100.0
Q7887142,1,209.0,209.0,2.0,2.0,1.0,1.0,6.0,6.0,0,0,1,0,0,,,,0.0,0.0,100.0,0.0,0.0
Q7888355,1,2794.0,2794.0,52.0,52.0,2.0,2.0,46.0,46.0,0,0,0,0,0,,,,0.0,0.0,0.0,0.0,0.0
Q7888852,1,410.0,410.0,0.0,0.0,0.0,0.0,7.0,7.0,1,1,0,0,0,,,,100.0,100.0,0.0,0.0,0.0
Q7888976,1,409.0,409.0,4.0,4.0,0.0,0.0,3.0,3.0,0,1,0,0,0,,,,0.0,100.0,0.0,0.0,0.0
Q7889,88,365.0,574.76,1.0,5.78,0.0,0.62,15.5,23.56,43,61,28,21,15,,,,48.86,69.32,31.82,23.86,17.05
Q7892363,2,398.5,398.5,0.0,0.0,0.0,0.0,31.0,31.0,2,2,0,0,0,,,,100.0,100.0,0.0,0.0,0.0
Q7894227,1,346.0,346.0,6.0,6.0,0.0,0.0,4.0,4.0,0,1,0,0,0,,,,0.0,100.0,0.0,0.0,0.0
Q7895,1,97.0,97.0,1.0,1.0,1.0,1.0,1.0,1.0,0,0,1,0,0,,,,0.0,0.0,100.0,0.0,0.0
Q7897276,17,307.0,574.94,1.0,1.94,1.0,2.35,6.0,14.29,7,5,5,2,1,,,,41.18,29.41,29.41,11.76,5.88
Q7897387,1,1518.0,1518.0,32.0,32.0,5.0,5.0,30.0,30.0,0,0,0,0,0,,,,0.0,0.0,0.0,0.0,0.0
Q7900184,1,125.0,125.0,0.0,0.0,1.0,1.0,5.0,5.0,1,0,1,1,0,,,,100.0,0.0,100.0,100.0,0.0
Q79007,1241,80.0,90.75,1.0,1.01,0.0,0.4,5.0,7.29,12,761,1230,10,4,street,көше,улица,0.97,61.32,99.11,0.81,0.32
Q7917838,2,238.5,238.5,0.5,0.5,0.0,0.0,4.5,4.5,1,2,1,0,0,,,,50.0,100.0,50.0,0.0,0.0
Q7922,1,93.0,93.0,1.0,1.0,0.0,0.0,8.0,8.0,0,1,1,0,0,,,,0.0,100.0,100.0,0.0,0.0
Q79226802,3,62.0,52.67,1.0,0.67,1.0,1.0,3.0,4.67,1,0,3,1,0,,,,33.33,0.0,100.0,33.33,0.0
Q792425,4,174.5,182.5,0.5,0.5,1.0,1.25,13.0,19.0,2,0,3,1,0,,,,50.0,0.0,75.0,25.0,0.0
Q792542,1,141.0,141.0,0.0,0.0,0.0,0.0,1.0,1.0,1,1,1,1,1,,,,100.0,100.0,100.0,100.0,100.0
Q7930612,1,242.0,242.0,0.0,0.0,0.0,0.0,2.0,2.0,1,1,1,1,1,,,,100.0,100.0,100.0,100.0,100.0
Q7930989,120,519.5,1121.94,2.0,8.38,0.0,1.97,13.0,32.94,24,70,23,11,8,,,,20.0,58.33,19.17,9.17,6.67
Q79323854,10,1146.5,1165.3,8.0,9.0,1.5,2.2,7.0,8.7,0,4,0,0,0,,,,0.0,40.0,0.0,0.0,0.0
Q79324274,104,650.5,669.93,5.0,4.97,0.0,0.1,5.0,4.99,0,100,0,0,0,,,,0.0,96.15,0.0,0.0,0.0
Q7937,2,52.0,52.0,1.0,1.0,0.0,0.0,1.5,1.5,0,2,2,0,0,,,,0.0,100.0,100.0,0.0,0.0
Q7944,19,332.0,505.58,3.0,9.16,0.0,0.32,12.0,19.42,3,13,7,3,1,earthquake,Жер сілкіну,землетрясение,15.79,68.42,36.84,15.79,5.26
Q79529,10,166.5,224.0,1.0,1.3,1.0,0.6,7.5,11.8,3,4,6,2,1,,,,30.0,40.0,60.0,20.0,10.0
Q796174,2,163.0,163.0,0.0,0.0,1.5,1.5,6.5,6.5,2,0,2,2,0,,,,100.0,0.0,100.0,100.0,0.0
Q796194,2,102.0,102.0,1.0,1.0,0.0,0.0,6.0,6.0,0,2,2,0,0,,,,0.0,100.0,100.0,0.0,0.0
Q79700418,1,176.0,176.0,1.0,1.0,0.0,0.0,4.0,4.0,0,1,1,0,0,,,,0.0,100.0,100.0,0.0,0.0
Q79719,1,107.0,107.0,1.0,1.0,0.0,0.0,4.0,4.0,0,1,1,0,0,,,,0.0,100.0,100.0,0.0,0.0
Q797219,1,459.0,459.0,18.0,18.0,1.0,1.0,23.0,23.0,0,0,0,0,0,,,,0.0,0.0,0.0,0.0,0.0
Q797765,3,555.0,533.67,0.0,0.33,2.0,1.67,8.0,8.33,2,0,1,1,0,,,,66.67,0.0,33.33,33.33,0.0
Q79782,1,259.0,259.0,2.0,2.0,0.0,0.0,12.0,12.0,0,1,0,0,0,,,,0.0,100.0,0.0,0.0,0.0
Q79854,1,115.0,115.0,0.0,0.0,0.0,0.0,9.0,9.0,1,1,1,1,1,Communist Party of the Soviet Union,Кеңес Одағы Коммунистік Партиясы,Коммунистическая партия Советского Союза,100.0,100.0,100.0,100.0,100.0
Q798618,1,280.0,280.0,0.0,0.0,0.0,0.0,6.0,6.0,1,1,0,0,0,,,,100.0,100.0,0.0,0.0,0.0
Q79872,1,68.0,68.0,0.0,0.0,0.0,0.0,2.0,2.0,1,1,1,1,1,,,,100.0,100.0,100.0,100.0,100.0
Q79894,1,438.0,438.0,0.0,0.0,57.0,57.0,48.0,48.0,1,0,0,0,0,,,,100.0,0.0,0.0,0.0,0.0
Q799000,3,342.0,636.0,0.0,3.67,1.0,1.0,3.0,3.0,2,0,0,0,0,breast badge,breast badge,нагрудный знак,66.67,0.0,0.0,0.0,0.0
Q7991,1,76.0,76.0,1.0,1.0,0.0,0.0,7.0,7.0,0,1,1,0,0,,,,0.0,100.0,100.0,0.0,0.0
Q79913,23,229.0,284.48,1.0,2.3,0.0,0.43,8.0,14.26,6,17,14,4,4,non-governmental organization,Үкіметтік емес ұйымдар,общественная организация,26.09,73.91,60.87,17.39,17.39
Q7998546,1,54.0,54.0,1.0,1.0,0.0,0.0,1.0,1.0,0,1,1,0,0,,,,0.0,100.0,100.0,0.0,0.0
Q80071,7,436.0,556.86,4.0,7.0,1.0,1.43,8.0,20.57,0,2,3,0,0,,,,0.0,28.57,42.86,0.0,0.0
Q8008,1,148.0,148.0,2.0,2.0,0.0,0.0,32.0,32.0,0,1,1,0,0,,,,0.0,100.0,100.0,0.0,0.0
Q80091,1,116.0,116.0,2.0,2.0,0.0,0.0,6.0,6.0,0,1,1,0,0,,,,0.0,100.0,100.0,0.0,0.0
Q80096233,51,1331.0,2258.73,1.0,13.69,0.0,17.22,85.0,162.96,23,29,5,4,2,Wikimedia information list,Wikimedia information list,информационный список,45.1,56.86,9.8,7.84,3.92
Q8011595,1,156.0,156.0,1.0,1.0,2.0,2.0,16.0,16.0,0,0,1,0,0,,,,0.0,0.0,100.0,0.0,0.0
Q80157,4,149.0,154.25,1.0,1.5,0.0,0.0,3.0,3.25,0,4,4,0,0,,,,0.0,100.0,100.0,0.0,0.0
Q8016240,2,1475.5,1475.5,30.0,30.0,0.0,0.0,34.5,34.5,0,2,0,0,0,trial,trial,судебный процесс,0.0,100.0,0.0,0.0,0.0
Q8024923,1,64.0,64.0,1.0,1.0,2.0,2.0,5.0,5.0,0,0,1,0,0,,,,0.0,0.0,100.0,0.0,0.0
Q8027727,1,1830.0,1830.0,3.0,3.0,10.0,10.0,103.0,103.0,0,0,0,0,0,,,,0.0,0.0,0.0,0.0,0.0
Q8042974,1,36.0,36.0,0.0,0.0,1.0,1.0,4.0,4.0,1,0,1,1,0,,,,100.0,0.0,100.0,100.0,0.0
Q80447738,10,410.0,557.9,0.0,0.2,0.0,0.5,15.0,18.9,8,8,2,2,2,,,,80.0,80.0,20.0,20.0,20.0
Q8050526,1,99.0,99.0,0.0,0.0,0.0,0.0,0.0,0.0,1,1,1,1,1,,,,100.0,100.0,100.0,100.0,100.0
Q8054,14,123.0,141.79,1.0,1.43,0.0,0.43,5.0,7.71,2,10,12,1,1,,,,14.29,71.43,85.71,7.14,7.14
Q8065,12,341.5,1380.17,2.5,13.67,0.0,8.33,12.0,35.0,2,7,4,2,1,natural disaster,Тілсіз қияпат,стихийное бедствие,16.67,58.33,33.33,16.67,8.33
Q8068,5,1302.0,3527.4,17.0,30.4,1.0,19.6,25.0,54.6,1,2,0,0,0,flood,топан су,наводнение,20.0,40.0,0.0,0.0,0.0
Q8070,3,543.0,517.0,1.0,1.67,0.0,0.0,6.0,12.0,0,3,1,0,0,,,,0.0,100.0,33.33,0.0,0.0
Q80716240,69,557.0,599.77,1.0,0.93,1.0,0.94,52.0,56.77,16,10,1,1,1,,,,23.19,14.49,1.45,1.45,1.45
Q8072,21,178.0,184.71,1.0,0.81,1.0,1.0,5.0,6.9,9,6,18,8,2,,,,42.86,28.57,85.71,38.1,9.52
Q8074,2,311.5,311.5,4.5,4.5,1.0,1.0,10.5,10.5,1,0,1,1,0,,,,50.0,0.0,50.0,50.0,0.0
Q80765736,1,188.0,188.0,1.0,1.0,0.0,0.0,19.0,19.0,0,1,1,0,0,,,,0.0,100.0,100.0,0.0,0.0
Q80787826,1,6897.0,6897.0,1.0,1.0,0.0,0.0,243.0,243.0,0,1,0,0,0,,,,0.0,100.0,0.0,0.0,0.0
Q80789820,1,5456.0,5456.0,0.0,0.0,1.0,1.0,25.0,25.0,1,0,0,0,0,,,,100.0,0.0,0.0,0.0,0.0
Q80793969,6,2109.0,2314.67,3.0,5.33,0.5,0.83,67.5,106.17,2,3,0,0,0,,,,33.33,50.0,0.0,0.0,0.0
Q808,1,1011.0,1011.0,21.0,21.0,1.0,1.0,30.0,30.0,0,0,0,0,0,,,,0.0,0.0,0.0,0.0,0.0
Q80831,1,74.0,74.0,1.0,1.0,1.0,1.0,4.0,4.0,0,0,1,0,0,,,,0.0,0.0,100.0,0.0,0.0
Q80837,2,361.0,361.0,1.0,1.0,1.0,1.0,10.5,10.5,0,0,0,0,0,,,,0.0,0.0,0.0,0.0,0.0
Q80839,1,1729.0,1729.0,8.0,8.0,0.0,0.0,62.0,62.0,0,1,0,0,0,,,,0.0,100.0,0.0,0.0,0.0
Q80903301,1,456.0,456.0,0.0,0.0,0.0,0.0,73.0,73.0,1,1,0,0,0,,,,100.0,100.0,0.0,0.0,0.0
Q8091,1,140.0,140.0,0.0,0.0,1.0,1.0,2.0,2.0,1,0,1,1,0,,,,100.0,0.0,100.0,100.0,0.0
Q8094,6,87.0,178.33,1.0,0.83,0.0,0.0,3.5,4.5,2,6,5,1,1,,,,33.33,100.0,83.33,16.67,16.67
Q8096,1,108.0,108.0,1.0,1.0,0.0,0.0,2.0,2.0,0,1,1,0,0,,,,0.0,100.0,100.0,0.0,0.0
Q810447,1,118.0,118.0,1.0,1.0,1.0,1.0,20.0,20.0,0,0,1,0,0,,,,0.0,0.0,100.0,0.0,0.0
Q81075961,1,467.0,467.0,4.0,4.0,0.0,0.0,12.0,12.0,0,1,0,0,0,,,,0.0,100.0,0.0,0.0,0.0
Q811102,18,137.0,205.67,1.0,1.0,1.0,1.78,9.0,11.22,6,6,14,5,2,type of building,type of building,тип здания,33.33,33.33,77.78,27.78,11.11
Q811165,4,596.0,577.75,5.0,4.25,1.0,1.75,14.0,14.25,1,1,0,0,0,,,,25.0,25.0,0.0,0.0,0.0
Q811430,2,762.0,762.0,4.5,4.5,6.0,6.0,26.0,26.0,0,0,0,0,0,,,,0.0,0.0,0.0,0.0,0.0
Q811534,3,227.0,229.0,1.0,2.0,1.0,1.0,1.0,3.33,1,0,2,1,0,remarkable tree,remarkable tree,примечательное дерево,33.33,0.0,66.67,33.33,0.0
Q811582,1,1934.0,1934.0,26.0,26.0,25.0,25.0,106.0,106.0,0,0,0,0,0,construction ministry,construction ministry,министерство строительства,0.0,0.0,0.0,0.0,0.0
Q81163,1,106.0,106.0,1.0,1.0,1.0,1.0,12.0,12.0,0,0,1,0,0,,,,0.0,0.0,100.0,0.0,0.0
Q811701,11,646.0,1156.55,4.0,9.27,1.0,1.0,27.0,37.45,2,5,2,0,0,,,,18.18,45.45,18.18,0.0,0.0
Q811704,2,143.0,143.0,1.0,1.0,1.0,1.0,2.5,2.5,0,0,2,0,0,rolling stock class,rolling stock class,тип подвижного состава,0.0,0.0,100.0,0.0,0.0
Q811909,8,132.5,253.12,1.0,1.62,0.5,1.25,2.5,6.25,0,4,5,0,0,,,,0.0,50.0,62.5,0.0,0.0
Q811936,1,116.0,116.0,1.0,1.0,0.0,0.0,2.0,2.0,0,1,1,0,0,,,,0.0,100.0,100.0,0.0,0.0
Q811979,15,254.0,458.53,1.0,5.67,0.0,0.53,4.0,6.47,7,8,7,4,2,architectural structure,Ғимарат,сооружение,46.67,53.33,46.67,26.67,13.33
Q812800,1,131.0,131.0,3.0,3.0,1.0,1.0,3.0,3.0,0,0,1,0,0,,,,0.0,0.0,100.0,0.0,0.0
Q813672,4,135.0,134.75,1.0,1.0,0.0,0.25,9.5,10.0,1,3,4,1,1,,,,25.0,75.0,100.0,25.0,25.0
Q813912,9,159.0,461.56,1.0,1.67,0.0,0.44,11.0,15.44,2,7,7,2,1,,,,22.22,77.78,77.78,22.22,11.11
Q81391454,6,931.0,1090.0,1.0,2.17,4.0,3.0,25.5,47.67,0,1,0,0,0,theatre of an area,theatre of an area,театр на территории,0.0,16.67,0.0,0.0,0.0
Q81392,1,294.0,294.0,0.0,0.0,1.0,1.0,0.0,0.0,1,0,0,0,0,,,,100.0,0.0,0.0,0.0,0.0
Q8142,34,413.0,901.85,1.0,3.5,1.5,18.82,10.5,28.03,9,11,13,7,1,currency,валюта,валюта,26.47,32.35,38.24,20.59,2.94
Q814383,2,212.5,212.5,1.0,1.0,0.5,0.5,4.5,4.5,1,1,1,0,0,,,,50.0,50.0,50.0,0.0,0.0
Q814441,1,137.0,137.0,1.0,1.0,0.0,0.0,9.0,9.0,0,1,1,0,0,,,,0.0,100.0,100.0,0.0,0.0
Q8148,1,642.0,642.0,2.0,2.0,1.0,1.0,2.0,2.0,0,0,0,0,0,,,,0.0,0.0,0.0,0.0,0.0
Q81517619,4,678.5,1746.5,1.5,1.5,0.0,0.75,37.0,37.5,1,3,1,0,0,,,,25.0,75.0,25.0,0.0,0.0
Q815448,1,218.0,218.0,0.0,0.0,2.0,2.0,7.0,7.0,1,0,1,1,0,,,,100.0,0.0,100.0,100.0,0.0
Q81565076,1,788.0,788.0,1.0,1.0,0.0,0.0,31.0,31.0,0,1,0,0,0,,,,0.0,100.0,0.0,0.0,0.0
Q815741,3,90.0,322.67,1.0,1.33,1.0,3.33,5.0,5.0,0,0,2,0,0,,,,0.0,0.0,66.67,0.0,0.0
Q815823,7,358.0,803.43,0.0,0.71,0.0,0.0,3.0,3.0,5,7,3,2,2,,,,71.43,100.0,42.86,28.57,28.57
Q816063,1,467.0,467.0,1.0,1.0,0.0,0.0,87.0,87.0,0,1,0,0,0,,,,0.0,100.0,0.0,0.0,0.0
Q8161,5,162.0,208.4,1.0,0.8,0.0,0.2,5.0,9.2,1,4,4,0,0,,,,20.0,80.0,80.0,0.0,0.0
Q816264,1,1063.0,1063.0,3.0,3.0,0.0,0.0,42.0,42.0,0,1,0,0,0,,,,0.0,100.0,0.0,0.0,0.0
Q816321,6,470.0,561.83,1.5,2.5,0.0,0.17,19.5,20.67,0,5,3,0,0,,,,0.0,83.33,50.0,0.0,0.0
Q816335,2,70.5,70.5,1.0,1.0,0.5,0.5,4.5,4.5,0,1,2,0,0,,,,0.0,50.0,100.0,0.0,0.0
Q81639,1,2971.0,2971.0,1.0,1.0,2.0,2.0,23.0,23.0,0,0,0,0,0,,,,0.0,0.0,0.0,0.0,0.0
Q81672,1,627.0,627.0,8.0,8.0,2.0,2.0,4.0,4.0,0,0,0,0,0,,,,0.0,0.0,0.0,0.0,0.0
Q816829,3,204.0,244.67,0.0,0.33,1.0,0.67,12.0,8.33,2,1,2,2,1,,,,66.67,33.33,66.67,66.67,33.33
Q8171,27,131.0,171.15,1.0,0.96,0.0,0.07,5.0,7.04,1,25,21,1,0,word,сөз,слово,3.7,92.59,77.78,3.7,0.0
Q81727,1,171.0,171.0,1.0,1.0,1.0,1.0,11.0,11.0,0,0,1,0,0,,,,0.0,0.0,100.0,0.0,0.0
Q8187769,32,249.5,482.88,1.0,1.44,0.0,0.59,9.0,16.5,4,21,16,2,2,,,,12.5,65.62,50.0,6.25,6.25
Q8188,1,37.0,37.0,1.0,1.0,0.0,0.0,0.0,0.0,0,1,1,0,0,,,,0.0,100.0,100.0,0.0,0.0
Q819122,1,199.0,199.0,1.0,1.0,1.0,1.0,20.0,20.0,0,0,1,0,0,,,,0.0,0.0,100.0,0.0,0.0
Q81917,1,1656.0,1656.0,25.0,25.0,6.0,6.0,47.0,47.0,0,0,0,0,0,,,,0.0,0.0,0.0,0.0,0.0
Q8192,14,353.5,1403.86,1.0,2.0,1.0,1.93,19.5,105.36,3,5,4,1,1,,,,21.43,35.71,28.57,7.14,7.14
Q81941037,4,197.5,337.0,2.5,4.25,0.0,0.25,14.0,20.75,1,3,2,1,1,,,,25.0,75.0,50.0,25.0,25.0
Q81947509,1,139.0,139.0,4.0,4.0,0.0,0.0,9.0,9.0,0,1,1,0,0,,,,0.0,100.0,100.0,0.0,0.0
Q8195619,2,317.5,317.5,1.0,1.0,2.5,2.5,26.0,26.0,0,0,1,0,0,,,,0.0,0.0,50.0,0.0,0.0
Q81986407,2,957.5,957.5,4.0,4.0,1.5,1.5,98.0,98.0,0,0,0,0,0,,,,0.0,0.0,0.0,0.0,0.0
Q81989119,2,3445.0,3445.0,74.5,74.5,0.0,0.0,145.5,145.5,0,2,0,0,0,,,,0.0,100.0,0.0,0.0,0.0
Q82004331,1,406.0,406.0,3.0,3.0,1.0,1.0,55.0,55.0,0,0,0,0,0,,,,0.0,0.0,0.0,0.0,0.0
Q820084,1,523.0,523.0,5.0,5.0,0.0,0.0,1.0,1.0,0,1,0,0,0,,,,0.0,100.0,0.0,0.0,0.0
Q820254,23,303.0,303.13,0.0,0.22,0.0,0.22,7.0,6.96,18,18,0,0,0,,,,78.26,78.26,0.0,0.0,0.0
Q82036085,1,133.0,133.0,0.0,0.0,1.0,1.0,8.0,8.0,1,0,1,1,0,,,,100.0,0.0,100.0,100.0,0.0
Q82042,16,630.0,623.94,1.5,1.56,0.0,0.0,6.5,10.69,2,16,6,0,0,,,,12.5,100.0,37.5,0.0,0.0
Q82046811,1,50.0,50.0,1.0,1.0,0.0,0.0,4.0,4.0,0,1,1,0,0,print book format,print book format,формат печатной книги,0.0,100.0,100.0,0.0,0.0
Q82047053,7,74.0,110.29,1.0,1.29,0.0,0.57,3.0,3.29,0,5,7,0,0,,,,0.0,71.43,100.0,0.0,0.0
Q82047057,60,79.5,113.77,1.0,1.1,0.0,0.28,4.0,5.33,12,46,55,12,7,,,,20.0,76.67,91.67,20.0,11.67
Q820477,18,243.0,292.11,1.0,2.33,0.0,0.06,9.0,14.78,2,17,9,1,1,mine,кенорын,рудник,11.11,94.44,50.0,5.56,5.56
Q820655,6,106.0,445.0,1.5,6.17,0.0,0.33,5.5,12.0,1,4,5,1,1,statute,заң,закон,16.67,66.67,83.33,16.67,16.67
Q821090,1,87.0,87.0,2.0,2.0,0.0,0.0,0.0,0.0,0,1,1,0,0,,,,0.0,100.0,100.0,0.0,0.0
Q82117,2,197.0,197.0,0.0,0.0,1.5,1.5,11.5,11.5,2,0,2,2,0,,,,100.0,0.0,100.0,100.0,0.0
Q823288,1,268.0,268.0,1.0,1.0,0.0,0.0,14.0,14.0,0,1,0,0,0,,,,0.0,100.0,0.0,0.0,0.0
Q82346275,1,373.0,373.0,2.0,2.0,0.0,0.0,15.0,15.0,0,1,0,0,0,,,,0.0,100.0,0.0,0.0,0.0
Q8236,2,438.5,438.5,2.5,2.5,0.0,0.0,0.0,0.0,1,2,0,0,0,,,,50.0,100.0,0.0,0.0,0.0
Q82383,1,50.0,50.0,2.0,2.0,1.0,1.0,1.0,1.0,0,0,1,0,0,,,,0.0,0.0,100.0,0.0,0.0
Q824282,2,107.5,107.5,1.0,1.0,1.5,1.5,8.0,8.0,0,0,2,0,0,,,,0.0,0.0,100.0,0.0,0.0
Q82480,1,180.0,180.0,1.0,1.0,1.0,1.0,13.0,13.0,0,0,1,0,0,,,,0.0,0.0,100.0,0.0,0.0
Q825237,1,196.0,196.0,1.0,1.0,0.0,0.0,7.0,7.0,0,1,1,0,0,,,,0.0,100.0,100.0,0.0,0.0
Q82550,1,109.0,109.0,1.0,1.0,0.0,0.0,0.0,0.0,0,1,1,0,0,,,,0.0,100.0,100.0,0.0,0.0
Q82673,1,298.0,298.0,1.0,1.0,1.0,1.0,24.0,24.0,0,0,0,0,0,,,,0.0,0.0,0.0,0.0,0.0
Q827335,3,91.0,85.0,1.0,1.0,0.0,0.33,0.0,0.67,0,2,3,0,0,,,,0.0,66.67,100.0,0.0,0.0
Q8273909,2,282.5,282.5,0.0,0.0,1.0,1.0,6.5,6.5,2,0,0,0,0,,,,100.0,0.0,0.0,0.0,0.0
Q82794,134,261.0,446.13,1.0,1.84,1.0,1.46,17.5,33.54,55,46,62,36,18,region,аймақ,географический регион,41.04,34.33,46.27,26.87,13.43
Q82799,2,195.5,195.5,0.0,0.0,0.0,0.0,23.5,23.5,2,2,2,2,2,,,,100.0,100.0,100.0,100.0,100.0
Q82821,13,408.0,805.08,1.0,4.0,1.0,2.0,13.0,46.15,4,5,5,2,1,tradition,салт-дәстүр,традиция,30.77,38.46,38.46,15.38,7.69
Q828329,2,230.5,230.5,1.5,1.5,1.0,1.0,10.5,10.5,0,1,1,0,0,,,,0.0,50.0,50.0,0.0,0.0
Q828359,1,880.0,880.0,4.0,4.0,6.0,6.0,19.0,19.0,0,0,0,0,0,,,,0.0,0.0,0.0,0.0,0.0
Q828581,1,53.0,53.0,1.0,1.0,0.0,0.0,2.0,2.0,0,1,1,0,0,,,,0.0,100.0,100.0,0.0,0.0
Q828658,20,479.0,576.35,2.0,3.1,0.0,0.35,4.0,9.7,0,16,0,0,0,,,,0.0,80.0,0.0,0.0,0.0
Q828787,1,471.0,471.0,4.0,4.0,0.0,0.0,19.0,19.0,0,1,0,0,0,,,,0.0,100.0,0.0,0.0,0.0
Q828803,2,113.5,113.5,1.5,1.5,0.0,0.0,28.0,28.0,0,2,2,0,0,,,,0.0,100.0,100.0,0.0,0.0
Q828827,1,384.0,384.0,9.0,9.0,1.0,1.0,9.0,9.0,0,0,0,0,0,,,,0.0,0.0,0.0,0.0,0.0
Q829080,3,441.0,404.0,1.0,1.0,1.0,0.67,8.0,17.0,0,1,0,0,0,,,,0.0,33.33,0.0,0.0,0.0
Q82990,1,46.0,46.0,0.0,0.0,1.0,1.0,8.0,8.0,1,0,1,1,0,,,,100.0,0.0,100.0,100.0,0.0
Q830104,1,162.0,162.0,0.0,0.0,0.0,0.0,11.0,11.0,1,1,1,1,1,,,,100.0,100.0,100.0,100.0,100.0
Q83020,1,361.0,361.0,0.0,0.0,1.0,1.0,23.0,23.0,1,0,0,0,0,,,,100.0,0.0,0.0,0.0,0.0
Q830335,1,254.0,254.0,0.0,0.0,2.0,2.0,10.0,10.0,1,0,0,0,0,,,,100.0,0.0,0.0,0.0,0.0
Q83034,1,364.0,364.0,3.0,3.0,2.0,2.0,2.0,2.0,0,0,0,0,0,,,,0.0,0.0,0.0,0.0,0.0
Q830528,1,285.0,285.0,0.0,0.0,0.0,0.0,12.0,12.0,1,1,0,0,0,,,,100.0,100.0,0.0,0.0,0.0
Q830654,1,49.0,49.0,1.0,1.0,1.0,1.0,4.0,4.0,0,0,1,0,0,,,,0.0,0.0,100.0,0.0,0.0
Q830831,1,241.0,241.0,0.0,0.0,0.0,0.0,16.0,16.0,1,1,1,1,1,,,,100.0,100.0,100.0,100.0,100.0
Q830972,1,202.0,202.0,1.0,1.0,1.0,1.0,0.0,0.0,0,0,1,0,0,,,,0.0,0.0,100.0,0.0,0.0
Q83116,1,343.0,343.0,5.0,5.0,0.0,0.0,10.0,10.0,0,1,0,0,0,,,,0.0,100.0,0.0,0.0,0.0
Q83155724,8,122.0,220.5,1.0,1.12,0.0,0.38,6.0,7.12,2,5,6,2,2,,,,25.0,62.5,75.0,25.0,25.0
Q83155725,20,250.0,236.25,2.0,2.8,0.0,0.0,26.5,24.95,0,20,10,0,0,,,,0.0,100.0,50.0,0.0,0.0
Q831663,11,281.0,613.64,1.0,5.09,0.0,1.0,20.0,38.91,4,7,4,1,0,military campaign,әскери кампания,военная кампания,36.36,63.64,36.36,9.09,0.0
Q831740,3,655.0,663.0,6.0,5.0,2.0,3.0,36.0,48.33,1,0,0,0,0,,,,33.33,0.0,0.0,0.0,0.0
Q83204,1,133.0,133.0,0.0,0.0,0.0,0.0,12.0,12.0,1,1,1,1,1,,,,100.0,100.0,100.0,100.0,100.0
Q832161,4,98.5,110.5,1.5,1.25,0.0,0.0,6.0,6.75,1,4,4,1,1,,,,25.0,100.0,100.0,25.0,25.0
Q83267,1,451.0,451.0,0.0,0.0,0.0,0.0,1.0,1.0,1,1,0,0,0,,,,100.0,100.0,0.0,0.0,0.0
Q83306,6,686.0,763.5,1.5,2.17,1.5,2.33,18.5,21.0,2,1,1,0,0,,,,33.33,16.67,16.67,0.0,0.0
Q83328,1,1739.0,1739.0,12.0,12.0,6.0,6.0,41.0,41.0,0,0,0,0,0,Turkic peoples,Түркілер,тюрки,0.0,0.0,0.0,0.0,0.0
Q83353,1,179.0,179.0,2.0,2.0,1.0,1.0,8.0,8.0,0,0,1,0,0,,,,0.0,0.0,100.0,0.0,0.0
Q83371,1,61.0,61.0,0.0,0.0,1.0,1.0,3.0,3.0,1,0,1,1,0,,,,100.0,0.0,100.0,100.0,0.0
Q83373,42,261.5,256.98,0.0,0.0,0.0,0.0,16.0,14.81,42,42,11,11,11,,,,100.0,100.0,26.19,26.19,26.19
Q83405,8,109.5,127.75,1.0,0.88,0.0,0.25,6.5,8.12,2,6,7,1,1,factory,Фабрика,фабрика,25.0,75.0,87.5,12.5,12.5
Q8343784,1,393.0,393.0,1.0,1.0,1.0,1.0,15.0,15.0,0,0,0,0,0,,,,0.0,0.0,0.0,0.0,0.0
Q83464,1,51.0,51.0,1.0,1.0,0.0,0.0,1.0,1.0,0,1,1,0,0,,,,0.0,100.0,100.0,0.0,0.0
Q83471,1,467.0,467.0,1.0,1.0,2.0,2.0,16.0,16.0,0,0,0,0,0,,,,0.0,0.0,0.0,0.0,0.0
Q83471185,1,901.0,901.0,5.0,5.0,1.0,1.0,18.0,18.0,0,0,0,0,0,,,,0.0,0.0,0.0,0.0,0.0
Q8348978,3,44.0,64.67,0.0,0.0,0.0,0.33,10.0,17.33,3,2,3,3,2,,,,100.0,66.67,100.0,100.0,66.67
Q835714,18,620.0,1125.56,2.5,7.83,1.0,6.61,57.0,72.39,2,4,1,0,0,,,,11.11,22.22,5.56,0.0,0.0
Q836133,2,44.0,44.0,1.0,1.0,0.0,0.0,4.0,4.0,0,2,2,0,0,,,,0.0,100.0,100.0,0.0,0.0
Q83620,1,531.0,531.0,1.0,1.0,2.0,2.0,15.0,15.0,0,0,0,0,0,thoroughfare,thoroughfare,путь сообщения,0.0,0.0,0.0,0.0,0.0
Q8366,5,204.0,202.4,1.0,0.6,0.0,0.0,3.0,5.8,2,5,4,1,1,,,,40.0,100.0,80.0,20.0,20.0
Q836672,18,2860.5,3571.5,9.0,11.11,3.5,5.56,184.5,175.22,0,3,0,0,0,,,,0.0,16.67,0.0,0.0,0.0
Q836688,1,803.0,803.0,0.0,0.0,0.0,0.0,0.0,0.0,1,1,0,0,0,,,,100.0,100.0,0.0,0.0,0.0
Q836915,1,283.0,283.0,1.0,1.0,0.0,0.0,6.0,6.0,0,1,0,0,0,,,,0.0,100.0,0.0,0.0,0.0
Q836976,1,488.0,488.0,1.0,1.0,2.0,2.0,19.0,19.0,0,0,0,0,0,,,,0.0,0.0,0.0,0.0,0.0
Q836985,6,194.5,521.33,1.0,1.17,1.0,2.83,7.0,13.5,2,1,4,1,0,,,,33.33,16.67,66.67,16.67,0.0
Q837171,1,143.0,143.0,1.0,1.0,0.0,0.0,4.0,4.0,0,1,1,0,0,,,,0.0,100.0,100.0,0.0,0.0
Q837556,1,885.0,885.0,0.0,0.0,2.0,2.0,28.0,28.0,1,0,0,0,0,,,,100.0,0.0,0.0,0.0,0.0
Q83790,2,273.5,273.5,1.0,1.0,0.0,0.0,3.5,3.5,0,2,1,0,0,,,,0.0,100.0,50.0,0.0,0.0
Q838159,3,478.0,548.67,1.0,1.67,1.0,1.33,9.0,12.0,0,0,0,0,0,,,,0.0,0.0,0.0,0.0,0.0
Q83828,65,405.0,469.49,8.0,8.06,1.0,1.08,15.0,16.75,1,24,4,1,1,,,,1.54,36.92,6.15,1.54,1.54
Q838296,6,476.0,1147.33,2.0,4.0,1.0,0.67,17.5,20.5,1,2,2,1,1,,,,16.67,33.33,33.33,16.67,16.67
Q83856136,2,211.0,211.0,1.0,1.0,1.0,1.0,7.0,7.0,0,0,1,0,0,,,,0.0,0.0,50.0,0.0,0.0
Q8386,1,492.0,492.0,14.0,14.0,1.0,1.0,19.0,19.0,0,0,0,0,0,,,,0.0,0.0,0.0,0.0,0.0
Q83875,1,100.0,100.0,1.0,1.0,0.0,0.0,9.0,9.0,0,1,1,0,0,,,,0.0,100.0,100.0,0.0,0.0
Q83893,1,162.0,162.0,1.0,1.0,0.0,0.0,10.0,10.0,0,1,1,0,0,,,,0.0,100.0,100.0,0.0,0.0
Q838948,3,192.0,263.0,2.0,1.33,1.0,1.0,10.0,21.0,1,1,2,0,0,,,,33.33,33.33,66.67,0.0,0.0
Q8394,1,478.0,478.0,0.0,0.0,1.0,1.0,10.0,10.0,1,0,0,0,0,,,,100.0,0.0,0.0,0.0,0.0
Q839463,2,231.5,231.5,1.5,1.5,0.5,0.5,20.5,20.5,0,1,1,0,0,,,,0.0,50.0,50.0,0.0,0.0
Q839470,6,233.5,409.17,1.0,1.33,0.5,0.83,23.5,25.5,2,3,3,1,1,,,,33.33,50.0,50.0,16.67,16.67
Q839546,7,61.0,65.29,1.0,1.0,0.0,0.71,4.0,2.86,1,4,7,1,1,,,,14.29,57.14,100.0,14.29,14.29
Q839954,195,241.0,456.89,1.0,2.67,0.0,0.92,8.0,12.82,48,105,103,26,15,archaeological site,Археологиялық ескерткіштер,археологический памятник,24.62,53.85,52.82,13.33,7.69
Q84015776,1,697.0,697.0,11.0,11.0,1.0,1.0,13.0,13.0,0,0,0,0,0,,,,0.0,0.0,0.0,0.0,0.0
Q840396,3,48.0,107.33,1.0,0.67,1.0,1.0,2.0,2.33,1,1,3,1,0,,,,33.33,33.33,100.0,33.33,0.0
Q840482,2,220.0,220.0,1.0,1.0,1.0,1.0,3.0,3.0,0,0,2,0,0,,,,0.0,0.0,100.0,0.0,0.0
Q840651,1,232.0,232.0,2.0,2.0,0.0,0.0,27.0,27.0,0,1,1,0,0,,,,0.0,100.0,100.0,0.0,0.0
Q840676,2,475.0,475.0,1.0,1.0,0.0,0.0,45.0,45.0,0,2,0,0,0,,,,0.0,100.0,0.0,0.0,0.0
Q841176,1,139.0,139.0,1.0,1.0,0.0,0.0,12.0,12.0,0,1,1,0,0,,,,0.0,100.0,100.0,0.0,0.0
Q841236,2,165.0,165.0,4.0,4.0,1.0,1.0,6.5,6.5,0,1,2,0,0,,,,0.0,50.0,100.0,0.0,0.0
Q841654,3,517.0,499.0,7.0,5.67,0.0,0.33,8.0,10.33,1,2,1,1,1,competition,competition,соревнование,33.33,66.67,33.33,33.33,33.33
Q841753,1,80.0,80.0,1.0,1.0,2.0,2.0,4.0,4.0,0,0,1,0,0,,,,0.0,0.0,100.0,0.0,0.0
Q842112,1,961.0,961.0,7.0,7.0,1.0,1.0,31.0,31.0,0,0,0,0,0,,,,0.0,0.0,0.0,0.0,0.0
Q842256,1,697.0,697.0,15.0,15.0,0.0,0.0,19.0,19.0,0,1,0,0,0,,,,0.0,100.0,0.0,0.0,0.0
Q842332,2,2765.0,2765.0,22.0,22.0,20.5,20.5,139.5,139.5,0,0,0,0,0,,,,0.0,0.0,0.0,0.0,0.0
Q842397,1,320.0,320.0,1.0,1.0,1.0,1.0,5.0,5.0,0,0,0,0,0,,,,0.0,0.0,0.0,0.0,0.0
Q842402,1,76.0,76.0,0.0,0.0,1.0,1.0,4.0,4.0,1,0,1,1,0,,,,100.0,0.0,100.0,100.0,0.0
Q842412,1,1135.0,1135.0,8.0,8.0,1.0,1.0,39.0,39.0,0,0,0,0,0,,,,0.0,0.0,0.0,0.0,0.0
Q842420,12,538.5,520.25,1.0,1.25,1.0,1.0,37.0,38.58,3,2,0,0,0,,,,25.0,16.67,0.0,0.0,0.0
Q8425,1,529.0,529.0,3.0,3.0,0.0,0.0,19.0,19.0,0,1,0,0,0,,,,0.0,100.0,0.0,0.0,0.0
Q842697,2,936.0,936.0,7.0,7.0,12.0,12.0,114.0,114.0,0,1,1,0,0,,,,0.0,50.0,50.0,0.0,0.0
Q8432,8,598.0,930.75,1.0,2.75,2.0,2.38,28.0,32.0,3,3,1,0,0,civilization,Шағын өркениеттер,цивилизация,37.5,37.5,12.5,0.0,0.0
Q843214,1,57.0,57.0,0.0,0.0,0.0,0.0,6.0,6.0,1,1,1,1,1,internationalized country code top-level domain,internationalized country code top-level domain,национальный домен верхнего уровня в национальной кодировке,100.0,100.0,100.0,100.0,100.0
Q8434,2,479.5,479.5,4.5,4.5,0.0,0.0,14.0,14.0,0,2,1,0,0,,,,0.0,100.0,50.0,0.0,0.0
Q8436,13,867.0,1409.31,1.0,23.31,0.0,1.38,50.0,62.08,4,7,4,1,0,family,отбасы,семья,30.77,53.85,30.77,7.69,0.0
Q843886,1,282.0,282.0,2.0,2.0,0.0,0.0,3.0,3.0,0,1,0,0,0,,,,0.0,100.0,0.0,0.0,0.0
Q844144,1,58.0,58.0,1.0,1.0,0.0,0.0,4.0,4.0,0,1,1,0,0,,,,0.0,100.0,100.0,0.0,0.0
Q844569,2,755.5,755.5,2.0,2.0,0.5,0.5,7.5,7.5,0,1,0,0,0,,,,0.0,50.0,0.0,0.0,0.0
Q844614,1,9635.0,9635.0,3.0,3.0,2.0,2.0,249.0,249.0,0,0,0,0,0,,,,0.0,0.0,0.0,0.0,0.0
Q84467700,24,89.5,169.83,1.0,1.08,1.0,0.62,6.0,9.88,4,11,22,4,2,,,,16.67,45.83,91.67,16.67,8.33
Q84475169,1,821.0,821.0,5.0,5.0,0.0,0.0,30.0,30.0,0,1,0,0,0,,,,0.0,100.0,0.0,0.0,0.0
Q844793,1,1720.0,1720.0,4.0,4.0,2.0,2.0,66.0,66.0,0,0,0,0,0,,,,0.0,0.0,0.0,0.0,0.0
Q844911,1,1388.0,1388.0,11.0,11.0,3.0,3.0,110.0,110.0,0,0,0,0,0,,,,0.0,0.0,0.0,0.0,0.0
Q845132,1,196.0,196.0,0.0,0.0,0.0,0.0,7.0,7.0,1,1,1,1,1,,,,100.0,100.0,100.0,100.0,100.0
Q8452914,9,355.0,640.44,1.0,5.89,1.0,2.11,12.0,19.33,3,1,1,0,0,,,,33.33,11.11,11.11,0.0,0.0
Q845392,1,2867.0,2867.0,9.0,9.0,11.0,11.0,172.0,172.0,0,0,0,0,0,,,,0.0,0.0,0.0,0.0,0.0
Q845739,2,1653.0,1653.0,12.0,12.0,0.5,0.5,18.0,18.0,1,1,0,0,0,,,,50.0,50.0,0.0,0.0,0.0
Q845777,1,185.0,185.0,0.0,0.0,1.0,1.0,11.0,11.0,1,0,1,1,0,,,,100.0,0.0,100.0,100.0,0.0
Q8458,1,84.0,84.0,1.0,1.0,1.0,1.0,10.0,10.0,0,0,1,0,0,,,,0.0,0.0,100.0,0.0,0.0
Q84598477,1,255.0,255.0,1.0,1.0,0.0,0.0,2.0,2.0,0,1,0,0,0,,,,0.0,100.0,0.0,0.0,0.0
Q84599126,1,354.0,354.0,0.0,0.0,0.0,0.0,6.0,6.0,1,1,0,0,0,,,,100.0,100.0,0.0,0.0,0.0
Q846025,1,1276.0,1276.0,0.0,0.0,7.0,7.0,86.0,86.0,1,0,0,0,0,,,,100.0,0.0,0.0,0.0,0.0
Q8461,3,463.0,683.33,9.0,10.0,1.0,1.67,28.0,30.67,0,1,1,0,0,,,,0.0,33.33,33.33,0.0,0.0
Q8463186,14,469.0,568.14,0.0,0.14,0.0,0.07,24.0,36.14,12,13,4,4,4,national association football cup,national association football cup,кубок страны по футболу,85.71,92.86,28.57,28.57,28.57
Q8465,12,656.0,1417.5,1.0,3.33,3.5,25.33,31.0,44.0,5,2,1,0,0,,,,41.67,16.67,8.33,0.0,0.0
Q84669937,1,299.0,299.0,0.0,0.0,0.0,0.0,7.0,7.0,1,1,0,0,0,,,,100.0,100.0,0.0,0.0,0.0
Q846785,1,78.0,78.0,1.0,1.0,0.0,0.0,4.0,4.0,0,1,1,0,0,,,,0.0,100.0,100.0,0.0,0.0
Q846862,1,118.0,118.0,1.0,1.0,0.0,0.0,4.0,4.0,0,1,1,0,0,,,,0.0,100.0,100.0,0.0,0.0
Q847017,83,217.0,283.08,0.0,0.77,0.0,0.14,6.0,11.16,55,77,48,35,34,sports club,sports club,спортивный клуб,66.27,92.77,57.83,42.17,40.96
Q847109,1,41.0,41.0,1.0,1.0,0.0,0.0,4.0,4.0,0,1,1,0,0,,,,0.0,100.0,100.0,0.0,0.0
Q8473,2,135.5,135.5,1.5,1.5,0.0,0.0,14.0,14.0,0,2,2,0,0,,,,0.0,100.0,100.0,0.0,0.0
Q847301,1,166.0,166.0,0.0,0.0,0.0,0.0,19.0,19.0,1,1,1,1,1,,,,100.0,100.0,100.0,100.0,100.0
Q84752530,1,694.0,694.0,1.0,1.0,0.0,0.0,73.0,73.0,0,1,0,0,0,,,,0.0,100.0,0.0,0.0,0.0
Q847600,2,40.5,40.5,0.0,0.0,0.0,0.0,1.0,1.0,2,2,2,2,2,,,,100.0,100.0,100.0,100.0,100.0
Q847705,1,106.0,106.0,1.0,1.0,0.0,0.0,4.0,4.0,0,1,1,0,0,,,,0.0,100.0,100.0,0.0,0.0
Q847843,2,699.0,699.0,3.0,3.0,0.0,0.0,47.0,47.0,0,2,0,0,0,,,,0.0,100.0,0.0,0.0,0.0
Q847906,3,111.0,222.0,1.0,2.0,0.0,0.0,11.0,9.67,0,3,2,0,0,online magazine,online magazine,интернет-журнал,0.0,100.0,66.67,0.0,0.0
Q847959,2,550.0,550.0,5.5,5.5,0.0,0.0,30.5,30.5,0,2,0,0,0,,,,0.0,100.0,0.0,0.0,0.0
Q84823091,1,981.0,981.0,3.0,3.0,1.0,1.0,83.0,83.0,0,0,0,0,0,,,,0.0,0.0,0.0,0.0,0.0
Q848330,1,574.0,574.0,7.0,7.0,1.0,1.0,8.0,8.0,0,0,0,0,0,,,,0.0,0.0,0.0,0.0,0.0
Q848507,4,1199.0,1437.0,21.0,26.25,0.0,0.25,26.0,31.5,0,3,0,0,0,,,,0.0,75.0,0.0,0.0,0.0
Q84863712,1,694.0,694.0,3.0,3.0,0.0,0.0,55.0,55.0,0,1,0,0,0,,,,0.0,100.0,0.0,0.0,0.0
Q848979,1,487.0,487.0,4.0,4.0,0.0,0.0,7.0,7.0,0,1,0,0,0,,,,0.0,100.0,0.0,0.0,0.0
Q848991,1,374.0,374.0,6.0,6.0,0.0,0.0,9.0,9.0,0,1,0,0,0,,,,0.0,100.0,0.0,0.0,0.0
Q849095,1,2211.0,2211.0,32.0,32.0,2.0,2.0,83.0,83.0,0,0,0,0,0,,,,0.0,0.0,0.0,0.0,0.0
Q849392,4,105.5,185.75,2.0,1.75,1.0,1.25,3.0,5.75,0,0,3,0,0,,,,0.0,0.0,75.0,0.0,0.0
Q849730,3,195.0,223.0,1.0,1.33,0.0,1.0,11.0,12.33,0,2,2,0,0,,,,0.0,66.67,66.67,0.0,0.0
Q849866,3,1099.0,1043.33,5.0,5.0,1.0,1.33,86.0,80.33,0,1,0,0,0,,,,0.0,33.33,0.0,0.0,0.0
Q8502,1047,197.0,205.3,1.0,1.08,0.0,0.1,9.0,9.13,51,968,957,40,16,mountain,тау,гора,4.87,92.45,91.4,3.82,1.53
Q851176,1,121.0,121.0,1.0,1.0,0.0,0.0,5.0,5.0,0,1,1,0,0,,,,0.0,100.0,100.0,0.0,0.0
Q8513,5,152.0,650.0,0.0,10.2,0.0,0.4,7.0,6.4,3,3,3,3,2,,,,60.0,60.0,60.0,60.0,40.0
Q8514,34,183.0,238.74,1.0,0.97,0.0,0.74,9.5,15.29,13,22,27,12,7,desert,Шөл,пустыня,38.24,64.71,79.41,35.29,20.59
Q851587,2,66.5,66.5,1.0,1.0,0.5,0.5,1.5,1.5,1,1,2,1,0,,,,50.0,50.0,100.0,50.0,0.0
Q851830,19,241.0,240.26,0.0,0.0,0.0,0.0,8.0,8.37,19,19,16,16,16,,,,100.0,100.0,84.21,84.21,84.21
Q851990,6,536.0,499.33,1.0,2.17,1.0,2.17,9.5,30.33,2,2,2,1,0,,,,33.33,33.33,33.33,16.67,0.0
Q852013,1,63.0,63.0,1.0,1.0,0.0,0.0,2.0,2.0,0,1,1,0,0,,,,0.0,100.0,100.0,0.0,0.0
Q852190,5,1023.0,1494.0,2.0,3.6,3.0,3.6,18.0,22.0,1,1,0,0,0,,,,20.0,20.0,0.0,0.0,0.0
Q8524,3,242.0,283.0,1.0,1.33,0.0,0.0,11.0,8.33,0,3,2,0,0,,,,0.0,100.0,66.67,0.0,0.0
Q852859,1,342.0,342.0,2.0,2.0,2.0,2.0,9.0,9.0,0,0,0,0,0,,,,0.0,0.0,0.0,0.0,0.0
Q853252,1,295.0,295.0,0.0,0.0,1.0,1.0,9.0,9.0,1,0,0,0,0,,,,100.0,0.0,0.0,0.0,0.0
Q85332736,36,268.5,278.67,0.0,0.0,0.0,1.17,39.0,40.0,36,35,15,15,15,,,,100.0,97.22,41.67,41.67,41.67
Q853614,2,161.0,161.0,4.0,4.0,0.0,0.0,3.0,3.0,0,2,1,0,0,,,,0.0,100.0,50.0,0.0,0.0
Q853725,1,118.0,118.0,1.0,1.0,0.0,0.0,5.0,5.0,0,1,1,0,0,,,,0.0,100.0,100.0,0.0,0.0
Q853854,3,479.0,398.0,0.0,0.67,0.0,0.67,14.0,14.0,2,2,1,1,0,,,,66.67,66.67,33.33,33.33,0.0
Q853915,1,164.0,164.0,1.0,1.0,0.0,0.0,5.0,5.0,0,1,1,0,0,,,,0.0,100.0,100.0,0.0,0.0
Q85482556,71,299.0,306.13,0.0,0.0,0.0,0.0,44.0,46.0,71,71,9,9,9,,,,100.0,100.0,12.68,12.68,12.68
Q85483234,1,516.0,516.0,0.0,0.0,0.0,0.0,108.0,108.0,1,1,0,0,0,,,,100.0,100.0,0.0,0.0,0.0
Q854845,3,249.0,341.0,1.0,0.67,2.0,1.67,12.0,13.0,1,0,2,0,0,,,,33.33,0.0,66.67,0.0,0.0
Q854857,3,222.0,350.33,1.0,1.0,1.0,1.0,11.0,15.33,1,1,2,1,1,,,,33.33,33.33,66.67,33.33,33.33
Q85493040,18,488.5,512.44,0.0,0.0,0.0,0.0,107.0,114.61,18,18,0,0,0,,,,100.0,100.0,0.0,0.0,0.0
Q855697,6,446.5,1023.0,1.0,1.33,4.0,4.67,32.5,53.5,3,0,2,2,0,,,,50.0,0.0,33.33,33.33,0.0
Q856076,3,688.0,919.67,6.0,10.0,1.0,1.0,21.0,22.33,0,1,0,0,0,,,,0.0,33.33,0.0,0.0,0.0
Q856234,2,339.5,339.5,0.5,0.5,0.0,0.0,13.0,13.0,1,2,0,0,0,academic library,academic library,научная библиотека,50.0,100.0,0.0,0.0,0.0
Q85631896,22,308.0,317.41,1.0,0.59,0.0,0.36,7.0,7.64,9,17,0,0,0,,,,40.91,77.27,0.0,0.0,0.0
Q85632032,7,291.0,310.57,1.0,0.71,1.0,1.86,5.0,5.43,2,2,0,0,0,,,,28.57,28.57,0.0,0.0,0.0
Q85635301,2,296.0,296.0,0.0,0.0,0.0,0.0,5.5,5.5,2,2,0,0,0,,,,100.0,100.0,0.0,0.0,0.0
Q85635630,22,293.0,347.77,0.0,0.64,1.0,0.95,7.0,11.36,20,8,0,0,0,,,,90.91,36.36,0.0,0.0,0.0
Q85635638,1,1990.0,1990.0,8.0,8.0,4.0,4.0,67.0,67.0,0,0,0,0,0,,,,0.0,0.0,0.0,0.0,0.0
Q85635929,5,289.0,290.4,0.0,0.2,0.0,0.2,5.0,5.2,4,4,0,0,0,,,,80.0,80.0,0.0,0.0,0.0
Q85636199,1,1022.0,1022.0,9.0,9.0,4.0,4.0,2.0,2.0,0,0,0,0,0,,,,0.0,0.0,0.0,0.0,0.0
Q856584,2,84.5,84.5,1.0,1.0,1.5,1.5,2.5,2.5,0,0,2,0,0,,,,0.0,0.0,100.0,0.0,0.0
Q856663,3,299.0,433.0,1.0,4.0,1.0,1.67,10.0,27.67,0,1,1,0,0,,,,0.0,33.33,33.33,0.0,0.0
Q857833,2,726.5,726.5,10.5,10.5,2.0,2.0,30.0,30.0,0,1,1,0,0,,,,0.0,50.0,50.0,0.0,0.0
Q85793519,2,1261.5,1261.5,2.0,2.0,6.5,6.5,30.0,30.0,0,0,1,0,0,,,,0.0,0.0,50.0,0.0,0.0
Q85827478,1,695.0,695.0,9.0,9.0,0.0,0.0,3.0,3.0,0,1,0,0,0,,,,0.0,100.0,0.0,0.0,0.0
Q858330,1,80.0,80.0,0.0,0.0,0.0,0.0,3.0,3.0,1,1,1,1,1,,,,100.0,100.0,100.0,100.0,100.0
Q858439,3,1581.0,3364.33,43.0,66.0,0.0,6.0,53.0,89.0,0,2,0,0,0,,,,0.0,66.67,0.0,0.0,0.0
Q858485,1,170.0,170.0,2.0,2.0,1.0,1.0,16.0,16.0,0,0,1,0,0,,,,0.0,0.0,100.0,0.0,0.0
Q858700,2,874.5,874.5,1.0,1.0,0.0,0.0,14.0,14.0,0,2,1,0,0,,,,0.0,100.0,50.0,0.0,0.0
Q858804,2,732.0,732.0,10.5,10.5,2.0,2.0,22.0,22.0,0,0,0,0,0,,,,0.0,0.0,0.0,0.0,0.0
Q858893,1,161.0,161.0,4.0,4.0,1.0,1.0,9.0,9.0,0,0,1,0,0,,,,0.0,0.0,100.0,0.0,0.0
Q858894,1,2740.0,2740.0,20.0,20.0,0.0,0.0,58.0,58.0,0,1,0,0,0,,,,0.0,100.0,0.0,0.0,0.0
Q859281,1,906.0,906.0,1.0,1.0,3.0,3.0,11.0,11.0,0,0,0,0,0,,,,0.0,0.0,0.0,0.0,0.0
Q859482,2,1153.5,1153.5,6.5,6.5,0.5,0.5,42.0,42.0,0,1,0,0,0,,,,0.0,50.0,0.0,0.0,0.0
Q859563,7,1368.0,2449.57,6.0,14.57,2.0,5.57,71.0,135.29,1,3,1,1,1,,,,14.29,42.86,14.29,14.29,14.29
Q859595,1,140.0,140.0,0.0,0.0,0.0,0.0,6.0,6.0,1,1,1,1,1,,,,100.0,100.0,100.0,100.0,100.0
Q859781,2,152.0,152.0,1.5,1.5,1.0,1.0,5.0,5.0,0,0,2,0,0,,,,0.0,0.0,100.0,0.0,0.0
Q860572,3,167.0,146.67,1.0,1.0,0.0,0.0,4.0,3.67,0,3,3,0,0,,,,0.0,100.0,100.0,0.0,0.0
Q860735,1,73.0,73.0,1.0,1.0,0.0,0.0,5.0,5.0,0,1,1,0,0,,,,0.0,100.0,100.0,0.0,0.0
Q860861,9,168.0,264.78,2.0,3.56,1.0,0.56,8.0,7.67,1,4,6,1,1,,,,11.11,44.44,66.67,11.11,11.11
Q860959,1,79.0,79.0,1.0,1.0,0.0,0.0,2.0,2.0,0,1,1,0,0,,,,0.0,100.0,100.0,0.0,0.0
Q861437,1,493.0,493.0,9.0,9.0,1.0,1.0,8.0,8.0,0,0,0,0,0,,,,0.0,0.0,0.0,0.0,0.0
Q861555,3,42.0,256.67,0.0,0.33,1.0,0.67,7.0,27.67,2,1,2,2,0,,,,66.67,33.33,66.67,66.67,0.0
Q861911,4,1898.5,1486.0,31.5,28.25,1.0,1.75,35.0,34.75,0,0,1,0,0,,,,0.0,0.0,25.0,0.0,0.0
Q861951,1,51.0,51.0,1.0,1.0,1.0,1.0,3.0,3.0,0,0,1,0,0,,,,0.0,0.0,100.0,0.0,0.0
Q862444,1,4050.0,4050.0,87.0,87.0,5.0,5.0,139.0,139.0,0,0,0,0,0,,,,0.0,0.0,0.0,0.0,0.0
Q862597,31,148.0,155.94,1.0,1.26,0.0,0.23,7.0,8.71,3,24,26,3,3,,,,9.68,77.42,83.87,9.68,9.68
Q862880,1,145.0,145.0,0.0,0.0,0.0,0.0,0.0,0.0,1,1,1,1,1,,,,100.0,100.0,100.0,100.0,100.0
Q863404,1,254.0,254.0,0.0,0.0,1.0,1.0,4.0,4.0,1,0,0,0,0,,,,100.0,0.0,0.0,0.0,0.0
Q863583,1,204.0,204.0,2.0,2.0,0.0,0.0,16.0,16.0,0,1,1,0,0,,,,0.0,100.0,100.0,0.0,0.0
Q863590,1,249.0,249.0,4.0,4.0,0.0,0.0,13.0,13.0,0,1,1,0,0,,,,0.0,100.0,100.0,0.0,0.0
Q863915,1,416.0,416.0,12.0,12.0,2.0,2.0,17.0,17.0,0,0,0,0,0,,,,0.0,0.0,0.0,0.0,0.0
Q863936,1,459.0,459.0,18.0,18.0,1.0,1.0,23.0,23.0,0,0,0,0,0,,,,0.0,0.0,0.0,0.0,0.0
Q863974,1,410.0,410.0,4.0,4.0,5.0,5.0,7.0,7.0,0,0,0,0,0,,,,0.0,0.0,0.0,0.0,0.0
Q864011,1,700.0,700.0,0.0,0.0,0.0,0.0,10.0,10.0,1,1,0,0,0,,,,100.0,100.0,0.0,0.0,0.0
Q864113,3,662.0,2749.33,1.0,0.67,1.0,3.0,41.0,78.67,1,1,0,0,0,,,,33.33,33.33,0.0,0.0,0.0
Q864114,1,617.0,617.0,1.0,1.0,1.0,1.0,21.0,21.0,0,0,0,0,0,,,,0.0,0.0,0.0,0.0,0.0
Q864116,1,78.0,78.0,1.0,1.0,0.0,0.0,3.0,3.0,0,1,1,0,0,,,,0.0,100.0,100.0,0.0,0.0
Q864288,1,312.0,312.0,1.0,1.0,1.0,1.0,6.0,6.0,0,0,0,0,0,,,,0.0,0.0,0.0,0.0,0.0
Q864294,1,121.0,121.0,1.0,1.0,2.0,2.0,14.0,14.0,0,0,1,0,0,,,,0.0,0.0,100.0,0.0,0.0
Q86442081,1,734.0,734.0,1.0,1.0,43.0,43.0,42.0,42.0,0,0,0,0,0,,,,0.0,0.0,0.0,0.0,0.0
Q864567,2,794.5,794.5,0.0,0.0,0.0,0.0,20.5,20.5,2,2,1,1,1,,,,100.0,100.0,50.0,50.0,50.0
Q864704,1,197.0,197.0,0.0,0.0,1.0,1.0,9.0,9.0,1,0,1,1,0,,,,100.0,0.0,100.0,100.0,0.0
Q864737,4,216.0,239.0,0.0,0.25,0.0,0.25,7.0,7.0,3,3,2,1,1,,,,75.0,75.0,50.0,25.0,25.0
Q864866,1,86.0,86.0,1.0,1.0,0.0,0.0,4.0,4.0,0,1,1,0,0,,,,0.0,100.0,100.0,0.0,0.0
Q865588,6,555.0,575.5,1.5,2.33,0.0,0.17,9.5,19.5,0,5,2,0,0,committee,комитет,комитет,0.0,83.33,33.33,0.0,0.0
Q866133,1,177.0,177.0,1.0,1.0,0.0,0.0,8.0,8.0,0,1,1,0,0,,,,0.0,100.0,100.0,0.0,0.0
Q866196,1,434.0,434.0,0.0,0.0,3.0,3.0,24.0,24.0,1,0,0,0,0,,,,100.0,0.0,0.0,0.0,0.0
Q86622,10,410.0,396.7,0.0,0.3,0.0,0.3,21.0,22.9,8,7,3,3,3,,,,80.0,70.0,30.0,30.0,30.0
Q866298,1,149.0,149.0,2.0,2.0,0.0,0.0,14.0,14.0,0,1,1,0,0,,,,0.0,100.0,100.0,0.0,0.0
Q866427,3,783.0,1213.0,0.0,0.33,1.0,1.0,265.0,200.33,2,0,0,0,0,,,,66.67,0.0,0.0,0.0,0.0
Q86715518,1,731.0,731.0,24.0,24.0,1.0,1.0,43.0,43.0,0,0,0,0,0,,,,0.0,0.0,0.0,0.0,0.0
Q867335,2,1038.0,1038.0,0.0,0.0,1.5,1.5,14.5,14.5,2,1,0,0,0,,,,100.0,50.0,0.0,0.0,0.0
Q867545,4,916.0,847.0,4.5,4.75,0.0,0.25,58.0,54.25,0,3,0,0,0,,,,0.0,75.0,0.0,0.0,0.0
Q867570,3,770.0,1021.67,2.0,2.67,0.0,1.0,13.0,35.0,0,2,0,0,0,Cyrillic-script alphabet,Cyrillic-script alphabet,алфавиты на основе кириллицы,0.0,66.67,0.0,0.0,0.0
Q867705,1,60.0,60.0,0.0,0.0,1.0,1.0,4.0,4.0,1,0,1,1,0,,,,100.0,0.0,100.0,100.0,0.0
Q867707,1,232.0,232.0,1.0,1.0,2.0,2.0,15.0,15.0,0,0,1,0,0,,,,0.0,0.0,100.0,0.0,0.0
Q868257,1,111.0,111.0,2.0,2.0,0.0,0.0,7.0,7.0,0,1,1,0,0,,,,0.0,100.0,100.0,0.0,0.0
Q868557,5,294.0,547.2,0.0,1.2,0.0,2.0,27.0,47.2,3,3,1,1,1,music festival,музыкалық фестиваль,музыкальный фестиваль,60.0,60.0,20.0,20.0,20.0
Q86860,1,242.0,242.0,0.0,0.0,1.0,1.0,16.0,16.0,1,0,1,1,0,,,,100.0,0.0,100.0,100.0,0.0
Q86913619,1,32.0,32.0,1.0,1.0,0.0,0.0,1.0,1.0,0,1,1,0,0,,,,0.0,100.0,100.0,0.0,0.0
Q86923152,1,488.0,488.0,1.0,1.0,0.0,0.0,6.0,6.0,0,1,0,0,0,,,,0.0,100.0,0.0,0.0,0.0
Q87058424,20,212.5,324.0,1.0,1.55,1.0,0.8,12.0,20.25,2,9,10,2,2,,,,10.0,45.0,50.0,10.0,10.0
Q87075524,2,281.0,281.0,1.5,1.5,0.5,0.5,6.5,6.5,0,1,1,0,0,,,,0.0,50.0,50.0,0.0,0.0
Q870780,7,962.0,887.71,17.0,20.57,0.0,0.29,15.0,22.71,0,5,0,0,0,,,,0.0,71.43,0.0,0.0,0.0
Q871217,1,355.0,355.0,9.0,9.0,0.0,0.0,13.0,13.0,0,1,0,0,0,,,,0.0,100.0,0.0,0.0,0.0
Q871419,10,297.0,333.4,0.0,0.6,0.5,0.5,7.0,8.9,9,5,3,3,3,,,,90.0,50.0,30.0,30.0,30.0
Q87167,5,322.0,333.8,1.0,2.0,1.0,0.8,18.0,20.0,0,1,2,0,0,manuscript,manuscript,рукопись,0.0,20.0,40.0,0.0,0.0
Q8719053,3,426.0,386.33,1.0,1.33,0.0,0.0,16.0,20.67,0,3,1,0,0,,,,0.0,100.0,33.33,0.0,0.0
Q87196290,1,267.0,267.0,9.0,9.0,1.0,1.0,16.0,16.0,0,0,0,0,0,,,,0.0,0.0,0.0,0.0,0.0
Q87196907,2,114.0,114.0,1.0,1.0,1.0,1.0,2.0,2.0,0,0,2,0,0,,,,0.0,0.0,100.0,0.0,0.0
Q87351459,1,73.0,73.0,0.0,0.0,2.0,2.0,3.0,3.0,1,0,1,1,0,,,,100.0,0.0,100.0,100.0,0.0
Q87372404,2,144.0,144.0,1.5,1.5,0.0,0.0,7.0,7.0,0,2,2,0,0,,,,0.0,100.0,100.0,0.0,0.0
Q874405,9,130.0,718.33,1.0,7.33,0.0,0.67,4.0,17.67,3,7,5,2,2,,,,33.33,77.78,55.56,22.22,22.22
Q87491079,2,315.5,315.5,1.5,1.5,0.0,0.0,20.5,20.5,0,2,1,0,0,,,,0.0,100.0,50.0,0.0,0.0
Q875016,1,95.0,95.0,2.0,2.0,1.0,1.0,3.0,3.0,0,0,1,0,0,,,,0.0,0.0,100.0,0.0,0.0
Q875157,3,267.0,336.67,0.0,2.67,0.0,1.33,6.0,6.67,2,2,1,1,1,,,,66.67,66.67,33.33,33.33,33.33
Q875538,74,248.0,603.43,0.0,3.19,1.0,1.64,7.5,17.07,46,35,37,31,22,,,,62.16,47.3,50.0,41.89,29.73
Q87576284,5,347.0,533.0,0.0,0.0,0.0,0.4,15.0,12.2,5,4,2,2,2,,,,100.0,80.0,40.0,40.0,40.0
Q876102,1,263.0,263.0,1.0,1.0,1.0,1.0,2.0,2.0,0,0,0,0,0,,,,0.0,0.0,0.0,0.0,0.0
Q876852,1,691.0,691.0,35.0,35.0,1.0,1.0,60.0,60.0,0,0,0,0,0,,,,0.0,0.0,0.0,0.0,0.0
Q877358,1,409.0,409.0,4.0,4.0,0.0,0.0,3.0,3.0,0,1,0,0,0,,,,0.0,100.0,0.0,0.0,0.0
Q877517,3,249.0,309.67,1.0,1.33,1.0,1.0,13.0,13.0,0,1,2,0,0,,,,0.0,33.33,66.67,0.0,0.0
Q877707,1,54.0,54.0,1.0,1.0,0.0,0.0,4.0,4.0,0,1,1,0,0,,,,0.0,100.0,100.0,0.0,0.0
Q877729,4,109.0,114.5,1.0,0.75,0.0,0.5,5.0,4.75,1,3,4,1,0,,,,25.0,75.0,100.0,25.0,0.0
Q877802,1,120.0,120.0,0.0,0.0,0.0,0.0,1.0,1.0,1,1,1,1,1,,,,100.0,100.0,100.0,100.0,100.0
Q878070,1,183.0,183.0,1.0,1.0,0.0,0.0,6.0,6.0,0,1,1,0,0,,,,0.0,100.0,100.0,0.0,0.0
Q878077,2,448.0,448.0,2.5,2.5,0.0,0.0,17.0,17.0,0,2,1,0,0,,,,0.0,100.0,50.0,0.0,0.0
Q878099,6,147.5,159.5,0.0,0.17,1.0,0.67,6.5,7.17,5,2,6,5,2,,,,83.33,33.33,100.0,83.33,33.33
Q878130,1,44.0,44.0,0.0,0.0,0.0,0.0,7.0,7.0,1,1,1,1,1,,,,100.0,100.0,100.0,100.0,100.0
Q878214,1,59.0,59.0,1.0,1.0,0.0,0.0,1.0,1.0,0,1,1,0,0,,,,0.0,100.0,100.0,0.0,0.0
Q878223,7,274.0,305.29,1.0,1.29,0.0,0.43,9.0,24.29,3,4,2,1,1,highland,highland,нагорье,42.86,57.14,28.57,14.29,14.29
Q878249,3,186.0,656.0,1.0,1.0,0.0,0.67,11.0,42.33,0,2,2,0,0,,,,0.0,66.67,66.67,0.0,0.0
Q878367,11,209.0,194.64,0.0,0.18,0.0,0.18,11.0,11.0,9,9,10,8,7,,,,81.82,81.82,90.91,72.73,63.64
Q879046,1,309.0,309.0,1.0,1.0,0.0,0.0,21.0,21.0,0,1,0,0,0,,,,0.0,100.0,0.0,0.0,0.0
Q87906572,1,252.0,252.0,0.0,0.0,0.0,0.0,6.0,6.0,1,1,0,0,0,,,,100.0,100.0,0.0,0.0,0.0
Q879146,8,289.0,304.75,3.5,4.0,1.5,1.38,6.5,9.75,1,2,4,1,0,Christian denomination,Christian denomination,христианская конфессия,12.5,25.0,50.0,12.5,0.0
Q87993016,1,396.0,396.0,0.0,0.0,0.0,0.0,0.0,0.0,1,1,0,0,0,,,,100.0,100.0,0.0,0.0,0.0
Q88173204,1,138.0,138.0,0.0,0.0,0.0,0.0,5.0,5.0,1,1,1,1,1,,,,100.0,100.0,100.0,100.0,100.0
Q88178910,2,1575.0,1575.0,33.5,33.5,1.5,1.5,49.0,49.0,0,0,0,0,0,,,,0.0,0.0,0.0,0.0,0.0
Q882646,3,264.0,263.67,0.0,0.0,0.0,0.0,18.0,18.0,3,3,0,0,0,,,,100.0,100.0,0.0,0.0,0.0
Q88291,1,1369.0,1369.0,4.0,4.0,4.0,4.0,8.0,8.0,0,0,0,0,0,,,,0.0,0.0,0.0,0.0,0.0
Q884030,1,110.0,110.0,0.0,0.0,1.0,1.0,12.0,12.0,1,0,1,1,0,,,,100.0,0.0,100.0,100.0,0.0
Q88552181,1,212.0,212.0,3.0,3.0,1.0,1.0,7.0,7.0,0,0,1,0,0,,,,0.0,0.0,100.0,0.0,0.0
Q88560371,1,210.0,210.0,2.0,2.0,0.0,0.0,14.0,14.0,0,1,1,0,0,,,,0.0,100.0,100.0,0.0,0.0
Q88590501,1,1121.0,1121.0,21.0,21.0,20.0,20.0,62.0,62.0,0,0,0,0,0,,,,0.0,0.0,0.0,0.0,0.0
Q88594927,1,531.0,531.0,1.0,1.0,1.0,1.0,38.0,38.0,0,0,0,0,0,,,,0.0,0.0,0.0,0.0,0.0
Q88598,1,358.0,358.0,0.0,0.0,2.0,2.0,17.0,17.0,1,0,0,0,0,,,,100.0,0.0,0.0,0.0,0.0
Q886837,2,439.5,439.5,1.0,1.0,0.0,0.0,8.0,8.0,0,2,1,0,0,,,,0.0,100.0,50.0,0.0,0.0
Q88778578,1,270.0,270.0,2.0,2.0,0.0,0.0,4.0,4.0,0,1,0,0,0,,,,0.0,100.0,0.0,0.0,0.0
Q88903067,1,140.0,140.0,0.0,0.0,0.0,0.0,7.0,7.0,1,1,1,1,1,,,,100.0,100.0,100.0,100.0,100.0
Q89,1,649.0,649.0,3.0,3.0,0.0,0.0,6.0,6.0,0,1,0,0,0,,,,0.0,100.0,0.0,0.0,0.0
Q890055,1,2040.0,2040.0,0.0,0.0,2.0,2.0,123.0,123.0,1,0,0,0,0,,,,100.0,0.0,0.0,0.0,0.0
Q89033277,1,1954.0,1954.0,24.0,24.0,69.0,69.0,77.0,77.0,0,0,0,0,0,,,,0.0,0.0,0.0,0.0,0.0
Q890402,1,40.0,40.0,0.0,0.0,1.0,1.0,0.0,0.0,1,0,1,1,0,,,,100.0,0.0,100.0,100.0,0.0
Q89050960,5,320.0,634.6,0.0,0.0,1.0,0.6,4.0,6.8,5,2,1,1,1,,,,100.0,40.0,20.0,20.0,20.0
Q890545,1,421.0,421.0,5.0,5.0,2.0,2.0,1.0,1.0,0,0,0,0,0,,,,0.0,0.0,0.0,0.0,0.0
Q891055,2,242.5,242.5,2.0,2.0,1.0,1.0,10.5,10.5,0,0,1,0,0,,,,0.0,0.0,50.0,0.0,0.0
Q891723,226,448.5,935.48,4.0,14.12,1.0,2.24,21.5,37.26,49,105,66,27,16,public company,Қоғамдық компания,публичная компания,21.68,46.46,29.2,11.95,7.08
Q891854,1,320.0,320.0,5.0,5.0,0.0,0.0,14.0,14.0,0,1,0,0,0,,,,0.0,100.0,0.0,0.0,0.0
Q8928,30,144.5,751.2,1.0,1.27,1.0,1.8,11.5,31.97,8,8,18,5,3,,,,26.67,26.67,60.0,16.67,10.0
Q89349965,1,89.0,89.0,1.0,1.0,1.0,1.0,4.0,4.0,0,0,1,0,0,,,,0.0,0.0,100.0,0.0,0.0
Q89487741,206,279.0,285.63,0.0,0.09,0.0,0.02,5.0,4.96,203,203,1,1,1,,,,98.54,98.54,0.49,0.49,0.49
Q89522629,16,136.5,377.94,2.0,2.25,0.0,0.12,7.5,16.31,2,14,10,2,2,,,,12.5,87.5,62.5,12.5,12.5
Q895526,3,966.0,746.67,4.0,3.0,1.0,1.0,35.0,35.67,0,1,1,0,0,,,,0.0,33.33,33.33,0.0,0.0
Q895901,2,80.5,80.5,1.0,1.0,0.0,0.0,5.0,5.0,0,2,2,0,0,,,,0.0,100.0,100.0,0.0,0.0
Q895914,2,180.5,180.5,1.0,1.0,3.0,3.0,5.5,5.5,0,0,2,0,0,,,,0.0,0.0,100.0,0.0,0.0
Q8963332,1,267.0,267.0,0.0,0.0,0.0,0.0,16.0,16.0,1,1,0,0,0,,,,100.0,100.0,0.0,0.0,0.0
Q896881,8,286.0,287.75,0.0,0.12,0.0,0.25,6.0,6.25,7,6,0,0,0,,,,87.5,75.0,0.0,0.0,0.0
Q898535,1,51.0,51.0,1.0,1.0,0.0,0.0,1.0,1.0,0,1,1,0,0,,,,0.0,100.0,100.0,0.0,0.0
Q898675,1,467.0,467.0,1.0,1.0,0.0,0.0,87.0,87.0,0,1,0,0,0,,,,0.0,100.0,0.0,0.0,0.0
Q898712,1,439.0,439.0,4.0,4.0,1.0,1.0,32.0,32.0,0,0,0,0,0,,,,0.0,0.0,0.0,0.0,0.0
Q898786,4,102.5,110.5,1.0,1.25,0.0,0.25,3.0,3.25,0,3,4,0,0,,,,0.0,75.0,100.0,0.0,0.0
Q898987,1,4505.0,4505.0,22.0,22.0,9.0,9.0,83.0,83.0,0,0,0,0,0,,,,0.0,0.0,0.0,0.0,0.0
Q899523,9,294.0,473.22,1.0,1.11,0.0,0.33,7.0,23.22,3,6,4,2,2,,,,33.33,66.67,44.44,22.22,22.22
Q900097,1,645.0,645.0,7.0,7.0,0.0,0.0,9.0,9.0,0,1,0,0,0,,,,0.0,100.0,0.0,0.0,0.0
Q90011163,1,45.0,45.0,1.0,1.0,0.0,0.0,2.0,2.0,0,1,1,0,0,,,,0.0,100.0,100.0,0.0,0.0
Q900119,1,380.0,380.0,3.0,3.0,0.0,0.0,13.0,13.0,0,1,0,0,0,,,,0.0,100.0,0.0,0.0,0.0
Q900406,2,956.0,956.0,1.0,1.0,3.5,3.5,5.0,5.0,0,0,0,0,0,,,,0.0,0.0,0.0,0.0,0.0
Q90050956,1,1437.0,1437.0,3.0,3.0,2.0,2.0,43.0,43.0,0,0,0,0,0,,,,0.0,0.0,0.0,0.0,0.0
Q900800,1,54.0,54.0,2.0,2.0,1.0,1.0,3.0,3.0,0,0,1,0,0,,,,0.0,0.0,100.0,0.0,0.0
Q9019918,12,172.5,865.83,1.0,1.58,0.5,2.08,5.0,26.58,4,6,8,4,3,endorheic lake,Ағынсыз көлдер,бессточное озеро,33.33,50.0,66.67,33.33,25.0
Q902104,24,307.5,1039.04,1.5,9.38,1.0,1.88,8.0,45.54,8,11,6,4,3,,,,33.33,45.83,25.0,16.67,12.5
Q902638,3,365.0,341.67,3.0,2.67,1.0,1.33,32.0,24.33,0,0,1,0,0,,,,0.0,0.0,33.33,0.0,0.0
Q9026907,1,589.0,589.0,2.0,2.0,0.0,0.0,11.0,11.0,0,1,0,0,0,,,,0.0,100.0,0.0,0.0,0.0
Q902805,5,138.0,284.6,0.0,1.2,0.0,0.4,9.0,14.8,3,3,3,2,2,,,,60.0,60.0,60.0,40.0,40.0
Q902814,386,304.5,379.55,1.0,1.32,0.0,0.3,7.0,10.9,182,309,16,11,10,,,,47.15,80.05,4.15,2.85,2.59
Q903081,1,111.0,111.0,1.0,1.0,2.0,2.0,3.0,3.0,0,0,1,0,0,,,,0.0,0.0,100.0,0.0,0.0
Q903495,1,136.0,136.0,2.0,2.0,0.0,0.0,12.0,12.0,0,1,1,0,0,,,,0.0,100.0,100.0,0.0,0.0
Q904197,1,118.0,118.0,0.0,0.0,0.0,0.0,4.0,4.0,1,1,1,1,1,,,,100.0,100.0,100.0,100.0,100.0
Q9047135,1,1592.0,1592.0,2.0,2.0,0.0,0.0,206.0,206.0,0,1,0,0,0,,,,0.0,100.0,0.0,0.0,0.0
Q904802,1,222.0,222.0,1.0,1.0,0.0,0.0,5.0,5.0,0,1,1,0,0,,,,0.0,100.0,100.0,0.0,0.0
Q9063118,1,83.0,83.0,1.0,1.0,0.0,0.0,11.0,11.0,0,1,1,0,0,,,,0.0,100.0,100.0,0.0,0.0
Q906356,2,110.0,110.0,1.0,1.0,1.0,1.0,13.0,13.0,0,0,2,0,0,,,,0.0,0.0,100.0,0.0,0.0
Q906512,1,428.0,428.0,6.0,6.0,0.0,0.0,13.0,13.0,0,1,0,0,0,,,,0.0,100.0,0.0,0.0,0.0
Q907116,1,204.0,204.0,1.0,1.0,1.0,1.0,0.0,0.0,0,0,1,0,0,,,,0.0,0.0,100.0,0.0,0.0
Q907347,1,62.0,62.0,0.0,0.0,0.0,0.0,6.0,6.0,1,1,1,1,1,,,,100.0,100.0,100.0,100.0,100.0
Q907698,6,180.0,234.33,1.0,1.83,1.0,1.33,3.0,13.67,2,1,4,2,0,,,,33.33,16.67,66.67,33.33,0.0
Q90834785,1,305.0,305.0,0.0,0.0,0.0,0.0,3.0,3.0,1,1,0,0,0,,,,100.0,100.0,0.0,0.0,0.0
Q908620,2,767.5,767.5,6.0,6.0,4.0,4.0,8.0,8.0,1,0,0,0,0,,,,50.0,0.0,0.0,0.0,0.0
Q9088760,2,877.5,877.5,0.0,0.0,0.5,0.5,107.0,107.0,2,1,0,0,0,,,,100.0,50.0,0.0,0.0,0.0
Q9091467,1,43.0,43.0,1.0,1.0,0.0,0.0,2.0,2.0,0,1,1,0,0,,,,0.0,100.0,100.0,0.0,0.0
Q909458,1,88.0,88.0,0.0,0.0,0.0,0.0,4.0,4.0,1,1,1,1,1,,,,100.0,100.0,100.0,100.0,100.0
Q9096832,1,111.0,111.0,1.0,1.0,1.0,1.0,13.0,13.0,0,0,1,0,0,,,,0.0,0.0,100.0,0.0,0.0
Q909863,2,311.0,311.0,0.0,0.0,8.0,8.0,32.0,32.0,2,1,0,0,0,,,,100.0,50.0,0.0,0.0,0.0
Q910252,4,321.5,448.25,1.0,1.25,0.0,0.0,12.0,14.25,0,4,1,0,0,,,,0.0,100.0,25.0,0.0,0.0
Q91025251,2,422.5,422.5,1.5,1.5,0.5,0.5,46.0,46.0,0,1,1,0,0,,,,0.0,50.0,50.0,0.0,0.0
Q910300,1,74.0,74.0,1.0,1.0,0.0,0.0,0.0,0.0,0,1,1,0,0,,,,0.0,100.0,100.0,0.0,0.0
Q911663,1,103.0,103.0,1.0,1.0,1.0,1.0,9.0,9.0,0,0,1,0,0,,,,0.0,0.0,100.0,0.0,0.0
Q91188763,1,72.0,72.0,1.0,1.0,1.0,1.0,5.0,5.0,0,0,1,0,0,,,,0.0,0.0,100.0,0.0,0.0
Q911922,1,75.0,75.0,1.0,1.0,0.0,0.0,5.0,5.0,0,1,1,0,0,,,,0.0,100.0,100.0,0.0,0.0
Q911924,1,276.0,276.0,5.0,5.0,2.0,2.0,23.0,23.0,0,0,0,0,0,,,,0.0,0.0,0.0,0.0,0.0
Q9128,1,29.0,29.0,0.0,0.0,1.0,1.0,4.0,4.0,1,0,1,1,0,,,,100.0,0.0,100.0,100.0,0.0
Q91312,3,125.0,141.33,0.0,0.0,1.0,1.33,9.0,10.67,3,0,3,3,0,,,,100.0,0.0,100.0,100.0,0.0
Q913170,1,38.0,38.0,1.0,1.0,0.0,0.0,2.0,2.0,0,1,1,0,0,,,,0.0,100.0,100.0,0.0,0.0
Q913337,3,246.0,259.67,2.0,2.33,0.0,0.0,3.0,2.67,0,3,2,0,0,,,,0.0,100.0,66.67,0.0,0.0
Q9134,1,1012.0,1012.0,0.0,0.0,0.0,0.0,20.0,20.0,1,1,0,0,0,,,,100.0,100.0,0.0,0.0,0.0
Q9135,18,342.0,692.94,1.5,2.94,1.0,1.56,16.0,22.94,3,5,6,1,0,,,,16.67,27.78,33.33,5.56,0.0
Q91396496,1,417.0,417.0,12.0,12.0,0.0,0.0,18.0,18.0,0,1,0,0,0,,,,0.0,100.0,0.0,0.0,0.0
Q9143,24,326.0,744.21,1.0,3.5,0.0,0.25,9.0,19.21,7,18,9,2,2,,,,29.17,75.0,37.5,8.33,8.33
Q914359,3,359.0,498.0,5.0,8.67,0.0,0.33,40.0,41.0,0,2,0,0,0,,,,0.0,66.67,0.0,0.0,0.0
Q9149,1,71.0,71.0,1.0,1.0,0.0,0.0,3.0,3.0,0,1,1,0,0,,,,0.0,100.0,100.0,0.0,0.0
Q9158768,1,28.0,28.0,0.0,0.0,0.0,0.0,1.0,1.0,1,1,1,1,1,,,,100.0,100.0,100.0,100.0,100.0
Q9159,1,3559.0,3559.0,5.0,5.0,0.0,0.0,3.0,3.0,0,1,0,0,0,,,,0.0,100.0,0.0,0.0,0.0
Q91615393,2,145.5,145.5,1.0,1.0,1.0,1.0,7.5,7.5,0,1,2,0,0,,,,0.0,50.0,100.0,0.0,0.0
Q917182,1,177.0,177.0,1.0,1.0,0.0,0.0,9.0,9.0,0,1,1,0,0,military academy,Әскери академия,военная академия,0.0,100.0,100.0,0.0,0.0
Q9174,18,437.5,706.67,1.5,3.83,1.0,1.67,16.5,23.11,2,4,7,1,0,,,,11.11,22.22,38.89,5.56,0.0
Q918240,2,1140.0,1140.0,6.5,6.5,1.0,1.0,92.0,92.0,0,1,0,0,0,,,,0.0,50.0,0.0,0.0,0.0
Q918270,1,746.0,746.0,7.0,7.0,1.0,1.0,41.0,41.0,0,0,0,0,0,,,,0.0,0.0,0.0,0.0,0.0
Q918448,7,89.0,97.86,0.0,0.14,1.0,1.14,9.0,9.0,6,2,7,6,1,,,,85.71,28.57,100.0,85.71,14.29
Q91908604,1,127.0,127.0,1.0,1.0,0.0,0.0,27.0,27.0,0,1,1,0,0,freight train service,freight train service,freight train service,0.0,100.0,100.0,0.0,0.0
Q920028,1,138.0,138.0,1.0,1.0,1.0,1.0,4.0,4.0,0,0,1,0,0,,,,0.0,0.0,100.0,0.0,0.0
Q92026,1,398.0,398.0,1.0,1.0,1.0,1.0,5.0,5.0,0,0,0,0,0,,,,0.0,0.0,0.0,0.0,0.0
Q92062,1,313.0,313.0,0.0,0.0,1.0,1.0,14.0,14.0,1,0,0,0,0,,,,100.0,0.0,0.0,0.0,0.0
Q9208612,1,1733.0,1733.0,1.0,1.0,2.0,2.0,81.0,81.0,0,0,0,0,0,,,,0.0,0.0,0.0,0.0,0.0
Q920890,8,430.5,478.62,1.0,2.75,0.5,0.88,23.0,26.12,3,4,2,1,1,,,,37.5,50.0,25.0,12.5,12.5
Q921061,2,436.5,436.5,2.0,2.0,0.0,0.0,15.0,15.0,0,2,0,0,0,,,,0.0,100.0,0.0,0.0,0.0
Q9212979,10,614.0,1832.0,6.0,23.8,0.0,2.2,20.0,63.9,1,6,1,0,0,,,,10.0,60.0,10.0,0.0,0.0
Q921513,3,398.0,369.33,3.0,3.33,1.0,1.0,3.0,4.67,0,1,1,0,0,,,,0.0,33.33,33.33,0.0,0.0
Q921767,1,701.0,701.0,6.0,6.0,1.0,1.0,42.0,42.0,0,0,0,0,0,,,,0.0,0.0,0.0,0.0,0.0
Q922203,4,394.0,618.75,0.5,0.75,0.5,0.5,14.0,13.0,2,2,1,0,0,,,,50.0,50.0,25.0,0.0,0.0
Q922448,1,169.0,169.0,1.0,1.0,0.0,0.0,6.0,6.0,0,1,1,0,0,,,,0.0,100.0,100.0,0.0,0.0
Q92275707,1,532.0,532.0,1.0,1.0,4.0,4.0,44.0,44.0,0,0,0,0,0,,,,0.0,0.0,0.0,0.0,0.0
Q922942,1,162.0,162.0,1.0,1.0,0.0,0.0,9.0,9.0,0,1,1,0,0,,,,0.0,100.0,100.0,0.0,0.0
Q9241,1,575.0,575.0,6.0,6.0,1.0,1.0,103.0,103.0,0,0,0,0,0,,,,0.0,0.0,0.0,0.0,0.0
Q92438,1,1487.0,1487.0,6.0,6.0,0.0,0.0,90.0,90.0,0,1,0,0,0,,,,0.0,100.0,0.0,0.0,0.0
Q92483361,1,353.0,353.0,1.0,1.0,0.0,0.0,30.0,30.0,0,1,0,0,0,,,,0.0,100.0,0.0,0.0,0.0
Q9249606,1,176.0,176.0,0.0,0.0,0.0,0.0,4.0,4.0,1,1,1,1,1,,,,100.0,100.0,100.0,100.0,100.0
Q9252000,1,315.0,315.0,1.0,1.0,2.0,2.0,9.0,9.0,0,0,0,0,0,,,,0.0,0.0,0.0,0.0,0.0
Q925381,8,405.0,600.5,1.5,3.25,1.5,3.12,8.5,12.0,3,2,2,2,2,,,,37.5,25.0,25.0,25.0,25.0
Q9259,7,327.0,558.0,1.0,2.86,1.0,2.57,17.0,17.43,3,2,2,2,2,World Heritage Site,Әлемдік мұра,всемирное наследие,42.86,28.57,28.57,28.57,28.57
Q9262,73,227.0,236.68,0.0,0.03,0.0,0.14,18.0,16.55,72,70,58,58,56,,,,98.63,95.89,79.45,79.45,76.71
Q926230,1,352.0,352.0,0.0,0.0,0.0,0.0,9.0,9.0,1,1,0,0,0,,,,100.0,100.0,0.0,0.0,0.0
Q9266,3,111.0,371.67,1.0,1.0,0.0,0.33,12.0,35.33,1,2,2,1,1,,,,33.33,66.67,66.67,33.33,33.33
Q92707903,1,173.0,173.0,2.0,2.0,0.0,0.0,9.0,9.0,0,1,1,0,0,,,,0.0,100.0,100.0,0.0,0.0
Q927083,1,1250.0,1250.0,29.0,29.0,0.0,0.0,38.0,38.0,0,1,0,0,0,,,,0.0,100.0,0.0,0.0,0.0
Q92755865,2,333.0,333.0,0.0,0.0,1.5,1.5,7.5,7.5,2,0,1,1,0,,,,100.0,0.0,50.0,50.0,0.0
Q9283096,1,229.0,229.0,0.0,0.0,0.0,0.0,11.0,11.0,1,1,1,1,1,,,,100.0,100.0,100.0,100.0,100.0
Q928667,5,464.0,585.0,5.0,4.0,3.0,2.4,17.0,22.4,1,0,1,0,0,,,,20.0,0.0,20.0,0.0,0.0
Q928830,18,366.5,342.17,1.0,1.61,0.0,0.5,15.5,16.06,8,12,3,3,1,metro station,Метро бекеті,станция метрополитена,44.44,66.67,16.67,16.67,5.56
Q929833,58,203.5,353.4,1.0,2.21,0.0,0.6,3.0,6.19,12,33,33,5,3,,,,20.69,56.9,56.9,8.62,5.17
Q929848,1,456.0,456.0,0.0,0.0,1.0,1.0,2.0,2.0,1,0,0,0,0,,,,100.0,0.0,0.0,0.0,0.0
Q930164,1,512.0,512.0,0.0,0.0,2.0,2.0,37.0,37.0,1,0,0,0,0,,,,100.0,0.0,0.0,0.0,0.0
Q930412,1,88.0,88.0,1.0,1.0,0.0,0.0,6.0,6.0,0,1,1,0,0,,,,0.0,100.0,100.0,0.0,0.0
Q930752,67,226.0,330.06,1.0,1.48,1.0,0.81,13.0,16.24,12,23,38,6,4,,,,17.91,34.33,56.72,8.96,5.97
Q930933,6,152.0,611.83,1.5,3.0,0.0,0.0,3.0,7.67,0,6,4,0,0,,,,0.0,100.0,66.67,0.0,0.0
Q931309,2,434.0,434.0,9.5,9.5,1.5,1.5,10.0,10.0,0,0,1,0,0,,,,0.0,0.0,50.0,0.0,0.0
Q931406,1,365.0,365.0,1.0,1.0,0.0,0.0,8.0,8.0,0,1,0,0,0,,,,0.0,100.0,0.0,0.0,0.0
Q931483,6,232.5,821.67,1.5,3.5,0.0,0.67,8.0,24.17,1,5,4,1,1,,,,16.67,83.33,66.67,16.67,16.67
Q931937,2,1502.5,1502.5,5.0,5.0,2.0,2.0,149.0,149.0,0,0,0,0,0,,,,0.0,0.0,0.0,0.0,0.0
Q9323634,1,124.0,124.0,1.0,1.0,1.0,1.0,9.0,9.0,0,0,1,0,0,,,,0.0,0.0,100.0,0.0,0.0
Q93249,1,591.0,591.0,0.0,0.0,0.0,0.0,32.0,32.0,1,1,0,0,0,,,,100.0,100.0,0.0,0.0,0.0
Q93267,3,86.0,184.67,1.0,0.67,1.0,1.0,14.0,14.0,1,1,2,1,0,,,,33.33,33.33,66.67,33.33,0.0
Q93288,8,138.5,262.12,1.0,1.38,0.0,0.25,5.5,9.75,2,7,5,1,1,,,,25.0,87.5,62.5,12.5,12.5
Q9332,4,131.5,131.5,2.0,1.75,0.0,0.0,10.5,10.5,0,4,4,0,0,,,,0.0,100.0,100.0,0.0,0.0
Q933394,15,294.0,391.07,0.0,0.47,1.0,0.87,7.0,12.93,10,6,1,1,1,,,,66.67,40.0,6.67,6.67,6.67
Q93342462,10,437.0,737.2,0.0,5.1,2.0,2.6,14.5,40.0,6,0,3,2,0,,,,60.0,0.0,30.0,20.0,0.0
Q93344,6,38.0,40.33,0.0,0.0,0.0,0.17,2.5,2.5,6,5,6,6,5,,,,100.0,83.33,100.0,100.0,83.33
Q93352,1,568.0,568.0,8.0,8.0,5.0,5.0,3.0,3.0,0,0,0,0,0,,,,0.0,0.0,0.0,0.0,0.0
Q9337488,2,413.0,413.0,0.5,0.5,0.5,0.5,43.5,43.5,1,1,1,0,0,,,,50.0,50.0,50.0,0.0,0.0
Q9339746,1,40.0,40.0,1.0,1.0,1.0,1.0,4.0,4.0,0,0,1,0,0,,,,0.0,0.0,100.0,0.0,0.0
Q93421670,1,75.0,75.0,0.0,0.0,0.0,0.0,8.0,8.0,1,1,1,1,1,,,,100.0,100.0,100.0,100.0,100.0
Q93429857,1,473.0,473.0,0.0,0.0,0.0,0.0,16.0,16.0,1,1,0,0,0,,,,100.0,100.0,0.0,0.0,0.0
Q93430594,1,75.0,75.0,1.0,1.0,0.0,0.0,4.0,4.0,0,1,1,0,0,,,,0.0,100.0,100.0,0.0,0.0
Q93465857,3,337.0,364.67,0.0,1.0,1.0,0.67,21.0,17.0,2,1,1,1,0,,,,66.67,33.33,33.33,33.33,0.0
Q93468132,1,95.0,95.0,0.0,0.0,0.0,0.0,26.0,26.0,1,1,1,1,1,,,,100.0,100.0,100.0,100.0,100.0
Q9346860,2,142.5,142.5,2.0,2.0,1.0,1.0,5.0,5.0,0,1,2,0,0,geological structure,geological structure,геологическая структура,0.0,50.0,100.0,0.0,0.0
Q934744,4,637.0,506.0,4.5,7.0,0.0,0.5,26.5,29.25,1,3,1,0,0,,,,25.0,75.0,25.0,0.0,0.0
Q9350511,1,37.0,37.0,1.0,1.0,1.0,1.0,3.0,3.0,0,0,1,0,0,,,,0.0,0.0,100.0,0.0,0.0
Q935277,1,397.0,397.0,0.0,0.0,1.0,1.0,3.0,3.0,1,0,0,0,0,,,,100.0,0.0,0.0,0.0,0.0
Q9356285,1,99.0,99.0,1.0,1.0,0.0,0.0,0.0,0.0,0,1,1,0,0,,,,0.0,100.0,100.0,0.0,0.0
Q9357058,10,126.5,511.9,1.0,5.5,0.5,1.8,4.0,17.9,0,5,6,0,0,,,,0.0,50.0,60.0,0.0,0.0
Q9357091,5,176.0,218.2,1.0,1.2,0.0,0.2,5.0,4.8,2,4,3,2,2,,,,40.0,80.0,60.0,40.0,40.0
Q935741,1,1604.0,1604.0,5.0,5.0,7.0,7.0,78.0,78.0,0,0,0,0,0,election commission,Сайлау комиссиясы,избирательная комиссия,0.0,0.0,0.0,0.0,0.0
Q9357527,3,763.0,733.0,4.0,4.67,0.0,0.67,23.0,20.67,1,2,0,0,0,,,,33.33,66.67,0.0,0.0,0.0
Q935773,1,720.0,720.0,0.0,0.0,4.0,4.0,0.0,0.0,1,0,0,0,0,,,,100.0,0.0,0.0,0.0,0.0
Q936292,1,125.0,125.0,1.0,1.0,0.0,0.0,2.0,2.0,0,1,1,0,0,,,,0.0,100.0,100.0,0.0,0.0
Q9363686,3,53.0,147.0,1.0,2.33,1.0,1.0,4.0,7.0,0,0,2,0,0,,,,0.0,0.0,66.67,0.0,0.0
Q9364781,1,69.0,69.0,1.0,1.0,0.0,0.0,3.0,3.0,0,1,1,0,0,,,,0.0,100.0,100.0,0.0,0.0
Q936518,8,713.0,857.88,1.0,6.88,1.0,2.38,27.5,31.88,3,1,1,0,0,,,,37.5,12.5,12.5,0.0,0.0
Q936648,1,699.0,699.0,15.0,15.0,2.0,2.0,35.0,35.0,0,0,0,0,0,diarchy,диархия,диархия,0.0,0.0,0.0,0.0,0.0
Q937076,1,54.0,54.0,1.0,1.0,0.0,0.0,4.0,4.0,0,1,1,0,0,,,,0.0,100.0,100.0,0.0,0.0
Q937228,27,115.0,278.78,1.0,0.89,0.0,0.56,6.0,9.3,4,17,23,1,0,,,,14.81,62.96,85.19,3.7,0.0
Q937378,2,164.0,164.0,1.0,1.0,0.5,0.5,1.5,1.5,0,1,2,0,0,,,,0.0,50.0,100.0,0.0,0.0
Q9378373,1,901.0,901.0,3.0,3.0,1.0,1.0,82.0,82.0,0,0,0,0,0,,,,0.0,0.0,0.0,0.0,0.0
Q9378718,1,37.0,37.0,1.0,1.0,0.0,0.0,8.0,8.0,0,1,1,0,0,,,,0.0,100.0,100.0,0.0,0.0
Q937876,40,116.0,119.45,0.0,0.0,0.0,0.02,25.5,26.65,40,39,40,40,39,,,,100.0,97.5,100.0,100.0,97.5
Q937946,1,286.0,286.0,3.0,3.0,2.0,2.0,18.0,18.0,0,0,0,0,0,,,,0.0,0.0,0.0,0.0,0.0
Q9380081,1,407.0,407.0,1.0,1.0,1.0,1.0,17.0,17.0,0,0,0,0,0,,,,0.0,0.0,0.0,0.0,0.0
Q938236,1,829.0,829.0,11.0,11.0,3.0,3.0,45.0,45.0,0,0,0,0,0,,,,0.0,0.0,0.0,0.0,0.0
Q9383952,1,292.0,292.0,2.0,2.0,1.0,1.0,9.0,9.0,0,0,0,0,0,,,,0.0,0.0,0.0,0.0,0.0
Q9384666,1,213.0,213.0,0.0,0.0,1.0,1.0,3.0,3.0,1,0,1,1,0,,,,100.0,0.0,100.0,100.0,0.0
Q9391358,1,148.0,148.0,0.0,0.0,1.0,1.0,15.0,15.0,1,0,1,1,0,,,,100.0,0.0,100.0,100.0,0.0
Q939616,1,2695.0,2695.0,3.0,3.0,1.0,1.0,42.0,42.0,0,0,0,0,0,,,,0.0,0.0,0.0,0.0,0.0
Q9397629,1,102.0,102.0,1.0,1.0,0.0,0.0,4.0,4.0,0,1,1,0,0,,,,0.0,100.0,100.0,0.0,0.0
Q9398093,9,264.0,253.67,2.0,2.0,2.0,2.0,7.0,8.44,0,0,4,0,0,,,,0.0,0.0,44.44,0.0,0.0
Q940343,2,368.0,368.0,0.5,0.5,0.5,0.5,40.0,40.0,1,1,1,1,0,,,,50.0,50.0,50.0,50.0,0.0
Q9415,6,160.0,155.67,1.5,1.5,0.5,0.5,3.0,3.5,1,3,6,1,1,,,,16.67,50.0,100.0,16.67,16.67
Q941501,6,272.0,267.5,1.5,1.67,0.5,0.67,23.0,22.67,1,3,3,1,0,,,,16.67,50.0,50.0,16.67,0.0
Q942348,1,197.0,197.0,1.0,1.0,1.0,1.0,3.0,3.0,0,0,1,0,0,,,,0.0,0.0,100.0,0.0,0.0
Q942353,4,118.5,126.0,1.0,1.0,0.0,0.25,2.5,2.75,1,3,4,1,1,,,,25.0,75.0,100.0,25.0,25.0
Q94255074,2,596.5,596.5,1.5,1.5,0.0,0.0,34.0,34.0,1,2,0,0,0,,,,50.0,100.0,0.0,0.0,0.0
Q9430,5,834.0,1809.2,1.0,14.0,2.0,7.4,72.0,143.4,1,0,0,0,0,,,,20.0,0.0,0.0,0.0,0.0
Q943260,2,81.5,81.5,1.0,1.0,0.5,0.5,5.5,5.5,0,1,2,0,0,,,,0.0,50.0,100.0,0.0,0.0
Q943687,1,458.0,458.0,4.0,4.0,1.0,1.0,51.0,51.0,0,0,0,0,0,,,,0.0,0.0,0.0,0.0,0.0
Q9443082,1,791.0,791.0,4.0,4.0,1.0,1.0,47.0,47.0,0,0,0,0,0,,,,0.0,0.0,0.0,0.0,0.0
Q944517,1,58.0,58.0,1.0,1.0,0.0,0.0,5.0,5.0,0,1,1,0,0,,,,0.0,100.0,100.0,0.0,0.0
Q944816,2,72.5,72.5,0.5,0.5,0.0,0.0,1.0,1.0,1,2,2,1,1,,,,50.0,100.0,100.0,50.0,50.0
Q94532151,1,388.0,388.0,5.0,5.0,3.0,3.0,28.0,28.0,0,0,0,0,0,,,,0.0,0.0,0.0,0.0,0.0
Q945434,1,380.0,380.0,1.0,1.0,1.0,1.0,11.0,11.0,0,0,0,0,0,,,,0.0,0.0,0.0,0.0,0.0
Q94579592,44,256.0,344.34,0.0,1.02,0.0,0.16,7.0,8.09,32,38,21,16,16,defunct association football club,defunct association football club,расформированный футбольный клуб,72.73,86.36,47.73,36.36,36.36
Q945895,1,624.0,624.0,0.0,0.0,1.0,1.0,23.0,23.0,1,0,0,0,0,,,,100.0,0.0,0.0,0.0,0.0
Q946499,2,1361.5,1361.5,4.0,4.0,16.5,16.5,57.5,57.5,1,0,1,1,0,,,,50.0,0.0,50.0,50.0,0.0
Q94696559,67,370.0,473.36,0.0,0.6,0.0,0.15,16.0,17.45,44,63,16,3,3,national futsal team,national futsal team,national futsal team,65.67,94.03,23.88,4.48,4.48
Q947662,2,349.0,349.0,1.0,1.0,1.0,1.0,12.0,12.0,1,0,0,0,0,,,,50.0,0.0,0.0,0.0,0.0
Q948437,8,115.5,152.5,0.5,1.25,0.0,0.5,6.0,7.12,4,6,6,3,1,,,,50.0,75.0,75.0,37.5,12.5
Q948571,2,1419.0,1419.0,12.5,12.5,0.0,0.0,18.5,18.5,0,2,0,0,0,organ of state,Авторитет,орган государственной власти,0.0,100.0,0.0,0.0,0.0
Q9492,1,68.0,68.0,1.0,1.0,0.0,0.0,2.0,2.0,0,1,1,0,0,,,,0.0,100.0,100.0,0.0,0.0
Q949344,1,283.0,283.0,0.0,0.0,0.0,0.0,29.0,29.0,1,1,0,0,0,,,,100.0,100.0,0.0,0.0,0.0
Q94944534,1,1432.0,1432.0,0.0,0.0,0.0,0.0,21.0,21.0,1,1,0,0,0,,,,100.0,100.0,0.0,0.0,0.0
Q949819,3,183.0,290.33,2.0,2.0,3.0,2.33,13.0,16.33,0,0,2,0,0,,,,0.0,0.0,66.67,0.0,0.0
Q94993988,48,483.0,688.46,3.0,6.19,0.0,1.21,29.0,47.98,5,33,6,0,0,commercial traffic aerodrome,commercial traffic aerodrome,коммерческий аэродром,10.42,68.75,12.5,0.0,0.0
Q94998068,1,84.0,84.0,1.0,1.0,0.0,0.0,7.0,7.0,0,1,1,0,0,,,,0.0,100.0,100.0,0.0,0.0
Q950431,1,106.0,106.0,0.0,0.0,0.0,0.0,16.0,16.0,1,1,1,1,1,,,,100.0,100.0,100.0,100.0,100.0
Q95074,3,153.0,564.33,1.0,1.0,0.0,0.33,5.0,10.0,1,2,2,1,1,,,,33.33,66.67,66.67,33.33,33.33
Q950799,2,93.0,93.0,1.5,1.5,0.0,0.0,1.5,1.5,0,2,2,0,0,,,,0.0,100.0,100.0,0.0,0.0
Q951293,1,347.0,347.0,0.0,0.0,0.0,0.0,0.0,0.0,1,1,0,0,0,,,,100.0,100.0,0.0,0.0,0.0
Q95155801,4,185.0,315.0,1.0,1.25,0.0,0.0,4.5,4.75,0,4,3,0,0,fact-checking organisation,fact-checking organisation,организация по проверке фактов,0.0,100.0,75.0,0.0,0.0
Q951964,4,332.5,351.25,3.0,3.25,0.5,0.5,14.0,15.0,0,2,1,0,0,,,,0.0,50.0,25.0,0.0,0.0
Q952037,2,3268.5,3268.5,77.0,77.0,4.0,4.0,158.5,158.5,0,0,0,0,0,political family,political family,семья политиков,0.0,0.0,0.0,0.0,0.0
Q953045,2,344.0,344.0,1.5,1.5,0.5,0.5,12.0,12.0,0,1,1,0,0,,,,0.0,50.0,50.0,0.0,0.0
Q953429,1,208.0,208.0,1.0,1.0,0.0,0.0,9.0,9.0,0,1,1,0,0,,,,0.0,100.0,100.0,0.0,0.0
Q953822,1,307.0,307.0,0.0,0.0,0.0,0.0,5.0,5.0,1,1,0,0,0,,,,100.0,100.0,0.0,0.0,0.0
Q954007,3,98.0,100.67,1.0,0.67,0.0,0.33,6.0,7.0,1,2,3,1,0,affinity,affinity,свойство́,33.33,66.67,100.0,33.33,0.0
Q954172,46,270.5,271.83,0.0,0.0,0.0,0.04,3.0,2.76,46,44,0,0,0,,,,100.0,95.65,0.0,0.0,0.0
Q9557810,6,207.5,286.83,1.0,1.17,0.5,0.5,10.0,11.5,1,3,4,0,0,,,,16.67,50.0,66.67,0.0,0.0
Q955824,5,194.0,365.6,1.0,1.4,1.0,0.6,16.0,26.6,1,2,3,1,0,,,,20.0,40.0,60.0,20.0,0.0
Q956165,1,403.0,403.0,4.0,4.0,1.0,1.0,15.0,15.0,0,0,0,0,0,,,,0.0,0.0,0.0,0.0,0.0
Q956214,8,330.0,430.25,0.0,0.38,0.5,0.88,5.0,7.0,5,4,1,1,1,,,,62.5,50.0,12.5,12.5,12.5
Q959962,3,139.0,129.33,0.0,0.33,1.0,0.67,6.0,8.0,2,1,3,2,1,,,,66.67,33.33,100.0,66.67,33.33
Q95997873,2,176.0,176.0,0.5,0.5,2.0,2.0,5.0,5.0,1,0,1,0,0,,,,50.0,0.0,50.0,0.0,0.0
Q960189,1,340.0,340.0,1.0,1.0,1.0,1.0,16.0,16.0,0,0,0,0,0,,,,0.0,0.0,0.0,0.0,0.0
Q96086516,1,428.0,428.0,4.0,4.0,1.0,1.0,12.0,12.0,0,0,0,0,0,,,,0.0,0.0,0.0,0.0,0.0
Q9609,9,186.0,264.11,1.0,1.0,0.0,0.22,10.0,15.22,4,7,6,4,4,,,,44.44,77.78,66.67,44.44,44.44
Q96116695,17,476.0,1065.76,1.0,6.12,0.0,1.65,5.0,43.41,1,11,7,1,1,,,,5.88,64.71,41.18,5.88,5.88
Q96239200,1,483.0,483.0,0.0,0.0,0.0,0.0,11.0,11.0,1,1,0,0,0,,,,100.0,100.0,0.0,0.0,0.0
Q96239483,1,34.0,34.0,1.0,1.0,0.0,0.0,2.0,2.0,0,1,1,0,0,,,,0.0,100.0,100.0,0.0,0.0
Q96247293,7,483.0,1201.57,1.0,7.14,0.0,0.86,6.0,13.14,2,4,3,1,0,,,,28.57,57.14,42.86,14.29,0.0
Q96251375,13,446.0,693.62,2.0,2.08,0.0,0.31,9.0,17.69,0,9,4,0,0,,,,0.0,69.23,30.77,0.0,0.0
Q96251598,13,145.0,385.69,1.0,2.23,0.0,1.08,2.0,12.62,1,8,8,1,1,,,,7.69,61.54,61.54,7.69,7.69
Q96253971,21,124.0,428.29,1.0,6.52,0.0,0.9,4.0,22.1,2,13,16,2,1,,,,9.52,61.9,76.19,9.52,4.76
Q96264607,10,204.5,529.4,1.0,1.4,0.0,0.2,5.5,14.7,0,8,6,0,0,,,,0.0,80.0,60.0,0.0,0.0
Q96273743,3,263.0,287.0,1.0,0.67,0.0,0.33,10.0,11.67,1,2,1,0,0,,,,33.33,66.67,33.33,0.0,0.0
Q96338860,4,257.0,225.5,1.0,1.0,1.5,1.75,15.5,14.25,1,0,2,0,0,,,,25.0,0.0,50.0,0.0,0.0
Q96352513,1,82.0,82.0,0.0,0.0,1.0,1.0,5.0,5.0,1,0,1,1,0,,,,100.0,0.0,100.0,100.0,0.0
Q96369982,1,927.0,927.0,34.0,34.0,0.0,0.0,35.0,35.0,0,1,0,0,0,,,,0.0,100.0,0.0,0.0,0.0
Q963760,2,2339.5,2339.5,5.0,5.0,0.5,0.5,17.5,17.5,1,1,1,1,1,,,,50.0,50.0,50.0,50.0,50.0
Q9639292,1,298.0,298.0,1.0,1.0,1.0,1.0,9.0,9.0,0,0,0,0,0,,,,0.0,0.0,0.0,0.0,0.0
Q96399905,2,250.5,250.5,0.0,0.0,0.5,0.5,40.0,40.0,2,1,1,1,0,,,,100.0,50.0,50.0,50.0,0.0
Q9644,1,55.0,55.0,1.0,1.0,2.0,2.0,3.0,3.0,0,0,1,0,0,,,,0.0,0.0,100.0,0.0,0.0
Q96474589,1,5900.0,5900.0,2.0,2.0,1.0,1.0,1029.0,1029.0,0,0,0,0,0,,,,0.0,0.0,0.0,0.0,0.0
Q96474603,1,5950.0,5950.0,1.0,1.0,1.0,1.0,1092.0,1092.0,0,0,0,0,0,,,,0.0,0.0,0.0,0.0,0.0
Q96474676,1,7662.0,7662.0,7.0,7.0,2.0,2.0,1288.0,1288.0,0,0,0,0,0,,,,0.0,0.0,0.0,0.0,0.0
Q96474678,1,9019.0,9019.0,19.0,19.0,0.0,0.0,896.0,896.0,0,1,0,0,0,,,,0.0,100.0,0.0,0.0,0.0
Q96474679,1,5332.0,5332.0,2.0,2.0,75.0,75.0,1092.0,1092.0,0,0,0,0,0,,,,0.0,0.0,0.0,0.0,0.0
Q96474684,1,6030.0,6030.0,0.0,0.0,0.0,0.0,1036.0,1036.0,1,1,0,0,0,,,,100.0,100.0,0.0,0.0,0.0
Q96474685,1,12108.0,12108.0,3.0,3.0,1.0,1.0,1081.0,1081.0,0,0,0,0,0,,,,0.0,0.0,0.0,0.0,0.0
Q96474687,2,9174.5,9174.5,45.5,45.5,1.0,1.0,1266.5,1266.5,0,0,0,0,0,,,,0.0,0.0,0.0,0.0,0.0
Q96474688,2,4271.5,4271.5,4.0,4.0,0.5,0.5,315.0,315.0,0,1,0,0,0,,,,0.0,50.0,0.0,0.0,0.0
Q96474691,1,6221.0,6221.0,1.0,1.0,1.0,1.0,1166.0,1166.0,0,0,0,0,0,,,,0.0,0.0,0.0,0.0,0.0
Q96474694,1,524.0,524.0,1.0,1.0,0.0,0.0,36.0,36.0,0,1,0,0,0,,,,0.0,100.0,0.0,0.0,0.0
Q96474696,1,8377.0,8377.0,3.0,3.0,0.0,0.0,175.0,175.0,0,1,0,0,0,,,,0.0,100.0,0.0,0.0,0.0
Q96474697,2,6167.0,6167.0,1.0,1.0,0.0,0.0,118.0,118.0,0,2,0,0,0,,,,0.0,100.0,0.0,0.0,0.0
Q96474698,1,11656.0,11656.0,26.0,26.0,0.0,0.0,1046.0,1046.0,0,1,0,0,0,,,,0.0,100.0,0.0,0.0,0.0
Q96474699,1,7198.0,7198.0,75.0,75.0,0.0,0.0,550.0,550.0,0,1,0,0,0,,,,0.0,100.0,0.0,0.0,0.0
Q96474700,1,6954.0,6954.0,4.0,4.0,47.0,47.0,876.0,876.0,0,0,0,0,0,,,,0.0,0.0,0.0,0.0,0.0
Q96474701,1,9590.0,9590.0,2.0,2.0,1.0,1.0,863.0,863.0,0,0,0,0,0,,,,0.0,0.0,0.0,0.0,0.0
Q96474704,1,2827.0,2827.0,10.0,10.0,0.0,0.0,203.0,203.0,0,1,0,0,0,,,,0.0,100.0,0.0,0.0,0.0
Q96474707,1,3152.0,3152.0,3.0,3.0,0.0,0.0,334.0,334.0,0,1,0,0,0,,,,0.0,100.0,0.0,0.0,0.0
Q96474709,1,5631.0,5631.0,16.0,16.0,0.0,0.0,655.0,655.0,0,1,0,0,0,,,,0.0,100.0,0.0,0.0,0.0
Q96474711,1,552.0,552.0,3.0,3.0,0.0,0.0,13.0,13.0,0,1,0,0,0,,,,0.0,100.0,0.0,0.0,0.0
Q96475360,1,65.0,65.0,1.0,1.0,0.0,0.0,1.0,1.0,0,1,1,0,0,,,,0.0,100.0,100.0,0.0,0.0
Q9655,4,306.5,329.0,2.0,2.5,0.0,0.5,12.5,15.25,1,3,2,1,1,,,,25.0,75.0,50.0,25.0,25.0
Q96634632,20,177.0,541.35,1.0,6.4,0.0,0.85,3.5,21.85,4,13,14,2,2,,,,20.0,65.0,70.0,10.0,10.0
Q967145,2,200.5,200.5,1.5,1.5,1.0,1.0,13.0,13.0,0,0,2,0,0,,,,0.0,0.0,100.0,0.0,0.0
Q96758092,8,257.5,256.62,1.0,1.38,0.0,0.62,6.0,8.88,1,5,4,0,0,,,,12.5,62.5,50.0,0.0,0.0
Q96796052,1,412.0,412.0,1.0,1.0,1.0,1.0,34.0,34.0,0,0,0,0,0,,,,0.0,0.0,0.0,0.0,0.0
Q967999,2,520.5,520.5,0.5,0.5,0.0,0.0,36.5,36.5,1,2,0,0,0,,,,50.0,100.0,0.0,0.0,0.0
Q968159,52,332.5,580.92,1.0,1.83,1.0,1.44,15.0,27.4,11,20,19,7,3,,,,21.15,38.46,36.54,13.46,5.77
Q96857311,1,281.0,281.0,1.0,1.0,0.0,0.0,6.0,6.0,0,1,0,0,0,,,,0.0,100.0,0.0,0.0,0.0
Q96888669,23,374.0,435.87,1.0,1.26,1.0,1.0,8.0,13.74,8,7,8,5,1,,,,34.78,30.43,34.78,21.74,4.35
Q9690,1,54.0,54.0,1.0,1.0,0.0,0.0,1.0,1.0,0,1,1,0,0,,,,0.0,100.0,100.0,0.0,0.0
Q96952903,1,89.0,89.0,1.0,1.0,1.0,1.0,4.0,4.0,0,0,1,0,0,,,,0.0,0.0,100.0,0.0,0.0
Q970200,1,65.0,65.0,0.0,0.0,2.0,2.0,2.0,2.0,1,0,1,1,0,,,,100.0,0.0,100.0,100.0,0.0
Q97033028,2,130.0,130.0,1.5,1.5,1.0,1.0,8.5,8.5,0,1,2,0,0,,,,0.0,50.0,100.0,0.0,0.0
Q97132326,1,80.0,80.0,1.0,1.0,0.0,0.0,13.0,13.0,0,1,1,0,0,,,,0.0,100.0,100.0,0.0,0.0
Q97272357,1,97.0,97.0,1.0,1.0,0.0,0.0,8.0,8.0,0,1,1,0,0,,,,0.0,100.0,100.0,0.0,0.0
Q973011,9,608.0,709.44,1.0,1.67,2.0,2.67,11.0,14.22,0,0,0,0,0,,,,0.0,0.0,0.0,0.0,0.0
Q97374157,2,369.0,369.0,1.0,1.0,0.5,0.5,7.5,7.5,0,1,0,0,0,,,,0.0,50.0,0.0,0.0,0.0
Q973861,4,401.5,333.0,0.0,0.25,0.0,0.25,40.5,42.0,3,3,1,1,0,,,,75.0,75.0,25.0,25.0,0.0
Q97408605,1,39.0,39.0,1.0,1.0,0.0,0.0,3.0,3.0,0,1,1,0,0,,,,0.0,100.0,100.0,0.0,0.0
Q97430452,1,4676.0,4676.0,3.0,3.0,3.0,3.0,185.0,185.0,0,0,0,0,0,,,,0.0,0.0,0.0,0.0,0.0
Q974968,1,159.0,159.0,1.0,1.0,0.0,0.0,5.0,5.0,0,1,1,0,0,,,,0.0,100.0,100.0,0.0,0.0
Q975166,2,388.5,388.5,0.5,0.5,0.5,0.5,38.0,38.0,1,1,1,1,0,,,,50.0,50.0,50.0,50.0,0.0
Q975413,1,78.0,78.0,1.0,1.0,0.0,0.0,3.0,3.0,0,1,1,0,0,,,,0.0,100.0,100.0,0.0,0.0
Q975783,1,196.0,196.0,0.0,0.0,0.0,0.0,7.0,7.0,1,1,1,1,1,,,,100.0,100.0,100.0,100.0,100.0
Q976327,1,2361.0,2361.0,0.0,0.0,0.0,0.0,1.0,1.0,1,1,0,0,0,,,,100.0,100.0,0.0,0.0,0.0
Q97660032,6,724.0,1002.5,6.0,8.5,0.0,1.33,16.0,35.5,1,4,0,0,0,,,,16.67,66.67,0.0,0.0,0.0
Q97662266,1,118.0,118.0,1.0,1.0,0.0,0.0,8.0,8.0,0,1,1,0,0,,,,0.0,100.0,100.0,0.0,0.0
Q976981,12,267.0,253.0,1.0,0.92,0.0,0.08,6.0,6.58,3,11,6,0,0,,,,25.0,91.67,50.0,0.0,0.0
Q977076,1,1470.0,1470.0,47.0,47.0,2.0,2.0,56.0,56.0,0,0,0,0,0,,,,0.0,0.0,0.0,0.0,0.0
Q977690,1,138.0,138.0,1.0,1.0,0.0,0.0,3.0,3.0,0,1,1,0,0,,,,0.0,100.0,100.0,0.0,0.0
Q9779,9,411.0,789.56,1.0,1.67,1.0,8.56,25.0,35.44,1,2,4,0,0,,,,11.11,22.22,44.44,0.0,0.0
Q9788,1,1721.0,1721.0,9.0,9.0,14.0,14.0,84.0,84.0,0,0,0,0,0,,,,0.0,0.0,0.0,0.0,0.0
Q97940470,1,741.0,741.0,11.0,11.0,2.0,2.0,11.0,11.0,0,0,0,0,0,,,,0.0,0.0,0.0,0.0,0.0
Q979507,8,37.5,83.75,1.0,1.38,0.5,0.5,2.5,3.88,0,4,8,0,0,,,,0.0,50.0,100.0,0.0,0.0
Q980357,3,222.0,192.33,0.0,0.33,0.0,0.33,4.0,13.0,2,2,3,2,1,,,,66.67,66.67,100.0,66.67,33.33
Q98038492,1,159.0,159.0,1.0,1.0,0.0,0.0,9.0,9.0,0,1,1,0,0,,,,0.0,100.0,100.0,0.0,0.0
Q98069877,1,250.0,250.0,1.0,1.0,0.0,0.0,15.0,15.0,0,1,0,0,0,,,,0.0,100.0,0.0,0.0,0.0
Q98108964,1,93.0,93.0,2.0,2.0,1.0,1.0,7.0,7.0,0,0,1,0,0,,,,0.0,0.0,100.0,0.0,0.0
Q98116669,1,1238.0,1238.0,1.0,1.0,1.0,1.0,42.0,42.0,0,0,0,0,0,,,,0.0,0.0,0.0,0.0,0.0
Q98119401,1,949.0,949.0,1.0,1.0,1.0,1.0,16.0,16.0,0,0,0,0,0,,,,0.0,0.0,0.0,0.0,0.0
Q9826,1,1233.0,1233.0,6.0,6.0,0.0,0.0,37.0,37.0,0,1,0,0,0,,,,0.0,100.0,0.0,0.0,0.0
Q98374631,4,751.0,800.5,4.5,4.25,3.0,3.0,23.5,22.75,1,0,1,0,0,transport by country or region,transport by country or region,транспорт в стране или регионе,25.0,0.0,25.0,0.0,0.0
Q98374854,3,1274.0,1085.0,2.0,2.0,9.0,8.33,39.0,59.0,1,0,0,0,0,tourism in a region,tourism in a region,туризм в регионе,33.33,0.0,0.0,0.0,0.0
Q98416814,1,182.0,182.0,0.0,0.0,0.0,0.0,17.0,17.0,1,1,1,1,1,,,,100.0,100.0,100.0,100.0,100.0
Q98416816,1,114.0,114.0,1.0,1.0,0.0,0.0,7.0,7.0,0,1,1,0,0,,,,0.0,100.0,100.0,0.0,0.0
Q98417505,1,451.0,451.0,2.0,2.0,1.0,1.0,51.0,51.0,0,0,0,0,0,,,,0.0,0.0,0.0,0.0,0.0
Q984179,1,145.0,145.0,3.0,3.0,0.0,0.0,11.0,11.0,0,1,1,0,0,,,,0.0,100.0,100.0,0.0,0.0
Q98426442,1,292.0,292.0,12.0,12.0,1.0,1.0,44.0,44.0,0,0,0,0,0,,,,0.0,0.0,0.0,0.0,0.0
Q98426739,1,157.0,157.0,0.0,0.0,0.0,0.0,12.0,12.0,1,1,1,1,1,,,,100.0,100.0,100.0,100.0,100.0
Q986008,7,196.0,398.43,2.0,4.0,0.0,0.43,13.0,13.14,1,4,4,1,0,,,,14.29,57.14,57.14,14.29,0.0
Q98607365,1,286.0,286.0,0.0,0.0,1.0,1.0,8.0,8.0,1,0,0,0,0,,,,100.0,0.0,0.0,0.0,0.0
Q986285,1,403.0,403.0,2.0,2.0,0.0,0.0,2.0,2.0,0,1,0,0,0,,,,0.0,100.0,0.0,0.0,0.0
Q98645843,1,4683.0,4683.0,106.0,106.0,2.0,2.0,310.0,310.0,0,0,0,0,0,,,,0.0,0.0,0.0,0.0,0.0
Q986539,1,925.0,925.0,1.0,1.0,0.0,0.0,62.0,62.0,0,1,0,0,0,,,,0.0,100.0,0.0,0.0,0.0
Q98658352,2,341.0,341.0,0.5,0.5,0.0,0.0,20.5,20.5,1,2,1,1,1,,,,50.0,100.0,50.0,50.0,50.0
Q98660409,1,1089.0,1089.0,33.0,33.0,0.0,0.0,8.0,8.0,0,1,0,0,0,,,,0.0,100.0,0.0,0.0,0.0
Q98675100,1,594.0,594.0,0.0,0.0,3.0,3.0,53.0,53.0,1,0,0,0,0,,,,100.0,0.0,0.0,0.0,0.0
Q98676607,1,47.0,47.0,1.0,1.0,1.0,1.0,3.0,3.0,0,0,1,0,0,,,,0.0,0.0,100.0,0.0,0.0
Q987057,1,93.0,93.0,1.0,1.0,1.0,1.0,5.0,5.0,0,0,1,0,0,,,,0.0,0.0,100.0,0.0,0.0
Q98734151,2,1213.5,1213.5,5.0,5.0,0.0,0.0,82.0,82.0,1,2,0,0,0,,,,50.0,100.0,0.0,0.0,0.0
Q987767,4,91.5,95.75,1.0,1.0,0.0,0.25,3.0,3.75,0,3,4,0,0,,,,0.0,75.0,100.0,0.0,0.0
Q988343,1,618.0,618.0,2.0,2.0,3.0,3.0,15.0,15.0,0,0,0,0,0,,,,0.0,0.0,0.0,0.0,0.0
Q989255,1,725.0,725.0,4.0,4.0,1.0,1.0,29.0,29.0,0,0,0,0,0,,,,0.0,0.0,0.0,0.0,0.0
Q98929991,1,46.0,46.0,1.0,1.0,0.0,0.0,3.0,3.0,0,1,1,0,0,,,,0.0,100.0,100.0,0.0,0.0
Q98961713,12,210.5,246.17,1.0,0.92,0.0,0.5,11.0,10.08,3,7,7,2,1,,,,25.0,58.33,58.33,16.67,8.33
Q98966309,6,575.0,577.0,1.5,3.83,2.0,5.17,24.0,36.0,1,2,2,0,0,,,,16.67,33.33,33.33,0.0,0.0
Q989946,1,88.0,88.0,1.0,1.0,1.0,1.0,3.0,3.0,0,0,1,0,0,shelter,shelter,укрытие,0.0,0.0,100.0,0.0,0.0
Q990488,24,307.0,307.12,1.0,0.79,0.0,0.38,8.0,7.38,5,15,0,0,0,,,,20.83,62.5,0.0,0.0,0.0
Q99245306,1,134.0,134.0,2.0,2.0,0.0,0.0,3.0,3.0,0,1,1,0,0,,,,0.0,100.0,100.0,0.0,0.0
Q99323582,1,291.0,291.0,2.0,2.0,0.0,0.0,3.0,3.0,0,1,0,0,0,,,,0.0,100.0,0.0,0.0,0.0
Q99397804,15,200.0,274.13,1.0,1.33,1.0,1.0,15.0,20.13,0,6,8,0,0,,,,0.0,40.0,53.33,0.0,0.0
Q99516640,1,408.0,408.0,0.0,0.0,2.0,2.0,5.0,5.0,1,0,0,0,0,,,,100.0,0.0,0.0,0.0,0.0
Q995268,2,863.5,863.5,4.0,4.0,5.0,5.0,26.0,26.0,1,1,1,1,1,,,,50.0,50.0,50.0,50.0,50.0
Q99527323,4,1030.0,1519.25,5.5,5.0,3.5,4.75,21.5,26.0,0,2,0,0,0,architecture of geographic location,architecture of geographic location,архитектура территории,0.0,50.0,0.0,0.0,0.0
Q99527517,3,509.0,909.33,8.0,6.67,9.0,12.33,31.0,26.33,0,1,1,0,0,,,,0.0,33.33,33.33,0.0,0.0
Q995347,1,173.0,173.0,0.0,0.0,0.0,0.0,1.0,1.0,1,1,1,1,1,,,,100.0,100.0,100.0,100.0,100.0
Q99536263,1,342.0,342.0,0.0,0.0,1.0,1.0,23.0,23.0,1,0,0,0,0,,,,100.0,0.0,0.0,0.0,0.0
Q99541706,4,352.5,325.0,2.0,2.5,0.5,0.5,26.0,23.25,0,2,1,0,0,,,,0.0,50.0,25.0,0.0,0.0
Q99547053,3,55.0,53.0,1.0,1.0,0.0,0.33,5.0,4.67,0,2,3,0,0,,,,0.0,66.67,100.0,0.0,0.0
Q99662445,1,96.0,96.0,1.0,1.0,1.0,1.0,6.0,6.0,0,0,1,0,0,,,,0.0,0.0,100.0,0.0,0.0
Q996839,1,561.0,561.0,0.0,0.0,2.0,2.0,26.0,26.0,1,0,0,0,0,,,,100.0,0.0,0.0,0.0,0.0
Q99734981,1,673.0,673.0,3.0,3.0,2.0,2.0,61.0,61.0,0,0,0,0,0,,,,0.0,0.0,0.0,0.0,0.0
Q99771237,1,539.0,539.0,0.0,0.0,0.0,0.0,13.0,13.0,1,1,0,0,0,,,,100.0,100.0,0.0,0.0,0.0
Q99869653,1,587.0,587.0,22.0,22.0,2.0,2.0,16.0,16.0,0,0,0,0,0,,,,0.0,0.0,0.0,0.0,0.0
Q999234,1,726.0,726.0,2.0,2.0,0.0,0.0,19.0,19.0,0,1,0,0,0,,,,0.0,100.0,0.0,0.0,0.0
